term,target_count,reference_count,target_per10k,reference_per10k,log_odds,z,g2
federal,580,264,105.16963136230939,17.881332972094285,1.7615004438492283,23.866957469355754,629.2615907346924
agencies,401,173,72.71210720049321,11.717691682470875,1.8104943051986986,20.045985815730305,451.5002438136194
sleep,289,112,52.40348873053002,7.586020048767272,1.9209162486549127,17.31610568666447,348.70612483044374
implementation,272,109,49.32093056991061,7.382823083175291,1.8858467704805388,16.708031845150042,321.4051881077751
cms,213,31,38.622640483054994,2.0997019777837984,2.8852543407640754,15.160239499487691,388.58398212326915
domain,203,35,36.80937097680828,2.3706312652397727,2.7229853399271056,14.971186325506192,352.1161228063651
evidence,259,152,46.96368021178988,10.295312923327012,1.5062286732814814,14.800039216586267,229.40129574243173
clinical,342,282,62.0138171136376,19.100514765646167,1.169445810248254,14.585020829030933,210.39310670338443
pathways,197,69,35.72140927306025,4.673530208615552,2.018067148552081,14.496746417295817,252.30683546553982
evaluation,216,104,39.16662133492901,7.044161473855324,1.7020895633518291,14.324035989047292,224.96412923982027
nih,227,122,41.1612177918004,8.263343267407206,1.5902752687989077,14.26224655487276,216.87704117516532
safety,221,115,40.07325608805237,7.789217014359252,1.6263035540840587,14.188995474427779,216.76342700241588
hrsa,179,25,32.457524161816174,1.6933080465998376,2.9150319203747026,13.867990351651612,330.2660249062575
priority,210,109,38.07865963118098,7.382823083175291,1.6280392741616447,13.842192566453388,206.3914275746076
regression,170,29,30.825581606194127,1.9642373340558115,2.7328576468932617,13.689230895702552,295.8711988718509
action,164,32,29.7376199024461,2.167434299647792,2.6001588440124337,13.528881547641785,272.9530379744178
measures,290,237,52.584815681154694,16.05256028176646,1.1778081595678032,13.48894634460848,180.43842339152258
subgroups,161,39,29.193639050572088,2.6415605526957466,2.382747432676685,13.435514892937354,246.68444921282202
motor,155,36,28.10567734682406,2.438363587103766,2.4236363973998314,13.19020206585697,241.61821830285163
medication,182,89,33.001505013690185,6.028176645895421,1.6870659607078213,13.090787125788339,187.35695553643237
metabolic,156,25,28.28700429744873,1.6933080465998376,2.791706598177446,13.06437131398925,276.7761516908206
defined,152,39,27.561696494950045,2.6415605526957466,2.327910957946542,13.03113250492358,227.25212563446803
guidance,151,43,27.380369544325376,2.9124898401517205,2.224055165625507,12.927112853292265,215.29070174281446
standards,149,53,27.01771564307603,3.5898130587916555,2.003622306502132,12.575169759418372,189.16401241309322
functional,157,79,28.4683312480734,5.350853427255486,1.6584821135942382,12.064772638719102,158.12082629066902
ahrq,173,10,31.369562458068142,0.677323218639935,3.7700617127236438,11.930333203522975,379.3025307355087
referral,126,27,22.84719577870859,1.8287726903278245,2.50415263275287,11.885390225146878,202.6793504927603
initiative,165,97,29.91894685307077,6.570035220807369,1.5030953442844712,11.796049423967471,145.91895905507465
indicated,124,33,22.484541877459247,2.2351666215117856,2.289205654711198,11.75517593553363,182.41342772195955
follow-up,122,27,22.121887976209905,1.8287726903278245,2.4726135110461858,11.697236661631752,193.8384302986733
communication,263,250,47.68898801428856,16.933080465998373,1.026884181258346,11.666939640227833,132.77405948847954
review,140,75,25.385773087453988,5.079924139799512,1.5945266844043209,11.195182551831426,134.1127925889696
fda,128,12,23.209849679957934,0.812787862367922,3.317492393224299,11.131340287215226,259.0595870727622
immune,159,104,28.830985149322746,7.044161473855324,1.3978717558709066,11.116190167243621,127.08528433396705
cdc,143,82,25.929753939328005,5.554050392847467,1.5259734326813987,11.078557927044239,129.29060175551223
reporting,104,24,18.858002864965822,1.625575724735844,2.4311770585089514,10.797990121845102,162.53732520518477
gastrointestinal,113,50,20.489945420587862,3.386616093199675,1.786568332730301,10.549762771974535,125.04909337088142
lead,175,141,31.732216359317487,9.550257382823084,1.1905944828257935,10.548897753779428,110.84463743876856
clinically,126,9,22.84719577870859,0.6095908967759415,3.588170578527695,10.540188864936281,267.71800643598016
participation,119,60,21.577907124335887,4.06393931183961,1.6556179724697895,10.495293419771281,119.66164362469927
validation,98,17,17.77004116121779,1.1514494716878896,2.716458531450221,10.396877550244072,169.65669476660258
seizures,106,44,19.220656766215164,2.980222162015714,1.850176333962108,10.347535251775907,122.44844512209178
planning,134,85,24.29781138370596,5.7572473584394475,1.4273577003805462,10.332260155713287,110.38466568509199
accountability,95,16,17.226060309343776,1.083717149823896,2.7430840129303427,10.222591194350814,166.0044057956626
supporting,105,50,19.03932981559049,3.386616093199675,1.711887658690924,10.003533451203952,110.25786042987531
coverage,108,55,19.583310667464506,3.7252777025196426,1.6451829005429461,9.971293669990002,107.75675858355153
acl,104,9,18.858002864965822,0.6095908967759415,3.3720454813975813,9.956773886471105,213.74920973137864
capacity,88,23,15.956771654971078,1.5578434028718504,2.306950156212597,9.906776703559258,130.50263485089073
function,158,131,28.64965819869807,8.872934164183148,1.161769948365034,9.860952757936655,96.51532466383905
status,94,37,17.044733358719107,2.5060959089677595,1.8983388435534971,9.841884629149273,112.33239742309037
agenda,91,11,16.500752506845092,0.7450555405039285,3.073194553849369,9.701213971848919,174.2054234027671
framework,86,28,15.594117753721735,1.896505012191818,2.0903968165282993,9.646800795836754,114.63764940153958
translational,91,10,16.500752506845092,0.677323218639935,3.1647272368281554,9.590492268038119,178.10876046623474
indicators,84,27,15.231463852472393,1.8287726903278245,2.102879379566315,9.546204058245486,112.73312841995235
therapeutic,87,33,15.775444704346405,2.2351666215117856,1.9371660817288534,9.520350421161002,106.3573478924858
care,301,388,54.57941213802608,26.280140883229475,0.7251921354604667,9.494478794566882,86.0327376976405
pain,129,5,23.391176630582603,0.3386616093199675,4.183072160932768,9.377974376155537,296.4276780203916
recognition,78,23,14.143502148724364,1.5578434028718504,2.1897645902925253,9.263050083364108,109.35674442678757
emergency,73,17,13.236867395601008,1.1514494716878896,2.4205392828397265,9.045720116924514,113.6724253966382
partners,78,29,14.143502148724364,1.9642373340558115,1.9556692168269523,9.042374799669576,96.50481227778457
mitochondrial,76,11,13.780848247475022,0.7450555405039285,2.8950567913462777,9.033398495527983,138.86307971093817
authority,109,5,19.764637618089175,0.3386616093199675,4.011053214435517,8.97635160271929,245.99263951609504
burden,72,18,13.055540444976337,1.219181793551883,2.3529519552159064,8.96956241614251,108.85992118364975
access,257,324,46.60102631054054,21.945272283933893,0.7460226681381963,8.965425705085783,77.26818860240442
assessment,138,121,25.023119186204646,8.195610945543214,1.105740856914462,8.909038253721649,78.26173476814343
autonomic,104,5,18.858002864965822,0.3386616093199675,3.9770709835652776,8.832843645747815,233.43024195507942
require,138,123,25.023119186204646,8.3310755892712,1.0896399792188287,8.809929670602674,76.50461409907342
caregivers,153,149,27.743023445574718,10.09211595773503,1.0015890008695427,8.727974588621047,74.42504118886072
biomarkers,148,141,26.836388692451358,9.550257382823084,1.0234160972231168,8.719333707184528,74.46395236957835
products,69,7,12.511559593102323,0.4741262530479545,3.228780669332691,8.282736180042447,137.415003587556
adaptive,80,47,14.506156049973708,3.1834191276076944,1.5035776781325394,8.205957239523713,70.78958301601645
context,73,37,13.236867395601008,2.5060959089677595,1.6504529579279437,8.203833513951553,73.10672347763523
navigation,61,20,11.060943988104952,1.35464643727987,2.081641740760281,8.118870369543606,81.0102501788933
contributors,59,17,10.698290086855609,1.1514494716878896,2.2113885382652994,8.068765980603503,83.64947064528695
measurement,71,37,12.874213494351665,2.5060959089677595,1.623157392469305,8.027346597517974,69.55701335955325
performance,56,13,10.154309234981596,0.8805201842319155,2.4236722376553006,7.921692674784121,87.3117636016383
eeg,58,19,10.516963136230938,1.2869141154158765,2.0837272176352313,7.915793001522953,77.06160352918516
baseline,71,5,12.874213494351665,0.3386616093199675,3.5984623019301303,7.894104702397824,151.1994385905394
established,87,63,15.775444704346405,4.26713627743159,1.2953780209717545,7.856131719569527,62.47360348702496
months,101,85,18.314022013091808,5.7572473584394475,1.1453186836540281,7.824929697523699,60.513189253066344
timing,55,10,9.972982284356924,0.677323218639935,2.6656967516044183,7.810278566562146,93.76980598713354
regulatory,54,8,9.791655333732253,0.541858574911948,2.8688143493350244,7.632902149947243,98.02466534963744
disruption,52,14,9.429001432482911,0.948252506095909,2.2787481319277436,7.602359822506141,76.09667356526941
remains,135,147,24.479138334330635,9.956651314007045,0.8901301731032536,7.482372022514453,54.46259564981236
set,61,32,11.060943988104952,2.167434299647792,1.6147672715572634,7.429057884871157,59.442653981217404
assay,52,7,9.429001432482911,0.4741262530479545,2.9670543454314275,7.418330352298981,96.88736986908796
measurable,52,6,9.429001432482911,0.406393931183961,3.117387375820951,7.291819861869132,100.6489922676345
task,52,22,9.429001432482911,1.490111081007857,1.8256174515766395,7.224147227670864,59.31995486032695
profiles,61,35,11.060943988104952,2.3706312652397727,1.5272352027184253,7.2213326359833525,55.122908379692824
profound,47,13,8.522366679359553,0.8805201842319155,2.2535643979058033,7.216234089028417,67.93330547178985
readiness,50,6,9.066347531233568,0.406393931183961,3.073821149792238,7.191170142081121,95.8854362732448
loss,62,37,11.242270938729623,2.5060959089677595,1.4880877181852368,7.182174762931873,54.08945580143348
trials,182,239,33.001505013690185,16.188024925494446,0.7043059839798289,7.180584784046109,49.797559939503344
aging,58,32,10.516963136230938,2.167434299647792,1.5658051213518247,7.132275590766024,54.21243234384033
design,79,63,14.324829099349035,4.26713627743159,1.199462372923775,7.12287317423593,50.680016737900374
precision,47,7,8.522366679359553,0.4741262530479545,2.8680142137765525,7.118270064669013,85.18976488483884
course,65,43,11.786251790603638,2.9124898401517205,1.3856280560188976,7.066592331348839,51.36524114017761
single,54,28,9.791655333732253,1.896505012191818,1.6255120520602357,7.0139473486545425,53.11532650494496
events,47,18,8.522366679359553,1.219181793551883,1.9245875145662765,6.987543149367379,57.122899356800986
workforce,105,107,19.03932981559049,7.247358439447304,0.9559249254578619,6.980433094198162,47.49249951158269
prospective,44,14,7.978385827485539,0.948252506095909,2.1129292188472615,6.913051178600985,59.36501267857638
stability,52,4,9.429001432482911,0.270929287455974,3.509686665154536,6.866421674208994,109.14067678109294
treated,43,13,7.797058876860867,0.8805201842319155,2.1632143940876905,6.864376701401796,59.54757963343852
crisis,60,3,10.879617037480282,0.2031969655919805,3.919079990731377,6.797221630009147,134.0376705555588
read,41,9,7.434404975611525,0.6095908967759415,2.479837802813396,6.776613285644934,65.3481041937118
nutrition,41,8,7.434404975611525,0.541858574911948,2.5925819050317633,6.764965311357279,68.23825949360445
category,44,17,7.978385827485539,1.1514494716878896,1.9072828013219967,6.760476832097478,53.18977385021908
feeding,85,2,15.412790803097064,0.135464643727987,4.648732973791989,6.749588969174319,203.58650708131842
cohort,73,60,13.236867395601008,4.06393931183961,1.1694141772835556,6.730381434645887,45.09285874279733
recognized,43,16,7.797058876860867,1.083717149823896,1.9577448065974519,6.707704835338102,53.176041341291324
monitoring,66,50,11.967578741228309,3.386616093199675,1.2492121973551562,6.697428889720321,45.0235362697898
outcomes,292,474,52.94746958240403,32.10512056353292,0.4952737136912102,6.688426507302449,43.08500423088921
idea,47,23,8.522366679359553,1.5578434028718504,1.679447817487266,6.650849364307028,48.35715271933241
inflammatory,43,5,7.797058876860867,0.3386616093199675,3.109901227025981,6.636537754770674,83.07914135571093
illness,41,14,7.434404975611525,0.948252506095909,2.039858780113411,6.6267196258604955,53.261208712659815
respite,38,9,6.890424123737511,0.6095908967759415,2.4036333237501744,6.5234179581257195,58.767404346557335
does,74,66,13.418194346225679,4.470333243023571,1.0877487447038572,6.454849066625462,40.986407036894526
claims,38,6,6.890424123737511,0.406393931183961,2.798532979594202,6.442774523496095,67.71932745246261
carry,37,8,6.7090971731128395,0.541858574911948,2.496172374088065,6.435235401703445,59.3150213634689
completed,44,22,7.978385827485539,1.490111081007857,1.6583214222387026,6.398847614502459,44.532465096259344
measured,40,16,7.253078024986854,1.083717149823896,1.883563852015027,6.397875431960803,47.32045224062239
hhs,49,30,8.885020580608895,2.031969655919805,1.4573151473069554,6.338782041697126,41.74930732366324
folate,66,2,11.967578741228309,0.135464643727987,4.408317137640674,6.338475004520923,155.10434234245398
executive,51,33,9.247674481858239,2.2351666215117856,1.4062170865797965,6.319963465517946,41.20317186237587
definition,41,19,7.434404975611525,1.2869141154158765,1.737641269543417,6.288459104238167,43.91547911520692
translation,50,32,9.066347531233568,2.167434299647792,1.4184026171589164,6.281067304928128,40.83308910824535
thresholds,40,4,7.253078024986854,0.270929287455974,3.256680744803379,6.274304513858215,79.90132996056649
clinicians,60,47,10.879617037480282,3.1834191276076944,1.2166540176586782,6.269817844428598,39.33972166264404
samhsa,39,4,7.071751074362182,0.270929287455974,3.195434537018648,6.263208676450547,77.49000503183272
phenotyping,37,5,6.7090971731128395,0.3386616093199675,2.960680263603117,6.262107262133504,68.86937705574042
validated,44,24,7.978385827485539,1.625575724735844,1.5776884581499804,6.232168864134477,41.52411565454445
practical,46,27,8.34103972873488,1.8287726903278245,1.5047228022274588,6.220928365399062,40.737857325053696
establish,50,33,9.066347531233568,2.2351666215117856,1.387223377480372,6.204744347963515,39.604684345858786
enrollment,34,7,6.165116321238826,0.4741262530479545,2.5420007807165517,6.166470069446021,55.51046072958617
distinguish,34,7,6.165116321238826,0.4741262530479545,2.543801482769914,6.164780774579976,55.51046072958617
meaningful,61,50,11.060943988104952,3.386616093199675,1.172131365598509,6.159768110938491,37.811667232324595
technical,41,21,7.434404975611525,1.4223787591438635,1.6338035769851462,6.137642968381308,40.72298061813864
hospitalization,35,5,6.346443271863497,0.3386616093199675,2.904666299923151,6.124353952362782,64.18119776523103
triggers,35,5,6.346443271863497,0.3386616093199675,2.90493769931086,6.124059314377282,64.18119776523103
records,56,43,10.154309234981596,2.9124898401517205,1.2361516696159942,6.123036663697373,37.60260665223714
primary,66,59,11.967578741228309,3.9962069899756165,1.0849591474685374,6.095704969786768,36.43814884510524
physiology,36,4,6.527770222488169,0.270929287455974,3.1494011117140106,6.043229833938633,70.28564932441601
rationale,41,3,7.434404975611525,0.2031969655919805,3.565069500902707,6.03378110355572,86.77467847424025
demands,36,15,6.527770222488169,1.0159848279599024,1.8449051086649906,6.023017262591936,41.483503591722666
endocrine,32,7,5.802462419989483,0.4741262530479545,2.485625876113425,5.984097655909459,51.07163424072674
stage,48,33,8.703693629984224,2.2351666215117856,1.3467781673386607,5.972953905537197,36.45594902171811
autoantibodies,32,6,5.802462419989483,0.406393931183961,2.637818154761711,5.961882150617032,53.996487740690114
participating,34,13,6.165116321238826,0.8805201842319155,1.9259558851325584,5.94407258214182,41.36410666325536
harmonized,39,3,7.071751074362182,0.2031969655919805,3.5180275114873734,5.934832770810255,81.85550758581971
speech,53,41,9.610328383107582,2.7770251964237334,1.2291205662053573,5.930791098378533,35.27584980193268
dod,31,7,5.621135469364812,0.4741262530479545,2.4276812872565,5.913405764730749,48.868748565638526
biologically,31,5,5.621135469364812,0.3386616093199675,2.78836044166931,5.817066903160324,54.89401356775858
elements,32,12,5.802462419989483,0.812787862367922,1.9454277804672948,5.783280018462171,39.3896638766997
sensory,74,77,13.418194346225679,5.215388783527499,0.9348805163024716,5.764353329452249,32.32194499933749
activation,42,27,7.615731926236196,1.8287726903278245,1.414152524777136,5.745184079153977,34.15045822553567
classification,31,11,5.621135469364812,0.7450555405039285,2.002102349214514,5.734263474299476,39.411115895454586
percentage,30,4,5.439808518740141,0.270929287455974,2.90610139687438,5.6997784381303145,56.03644031317003
dysregulation,29,6,5.258481568115469,0.406393931183961,2.5349582581195262,5.697227034223478,47.26196743699382
retention,29,6,5.258481568115469,0.406393931183961,2.539990337871415,5.6928762924689655,47.26196743699382
failure,34,3,6.165116321238826,0.2031969655919805,3.376222844570436,5.679178360387251,69.62526309727716
evaluated,33,15,5.983789370614154,1.0159848279599024,1.7538691011463952,5.669289882500251,35.83779207171847
annual,48,37,8.703693629984224,2.5060959089677595,1.2311624926018157,5.663924490318757,32.08353816580823
dol,33,3,5.983789370614154,0.2031969655919805,3.3193381528612598,5.653932565373336,67.19255361410667
acute,29,9,5.258481568115469,0.6095908967759415,2.1364258073384974,5.6250566485676785,39.63304727208069
phase,36,20,6.527770222488169,1.35464643727987,1.5575021202927992,5.607618284463138,33.452005190890404
endpoints,84,1,15.231463852472393,0.0677323218639935,5.275967609559649,5.596803709101805,208.51869286814744
coordinator,28,5,5.077154617490798,0.3386616093199675,2.671468734518899,5.577230602316238,48.02135947286749
doj,28,5,5.077154617490798,0.3386616093199675,2.6727495873758125,5.57608444913086,48.02135947286749
candidate,35,19,6.346443271863497,1.2869141154158765,1.581139406772615,5.5679682120397525,33.16247539007175
enzyme,29,4,5.258481568115469,0.270929287455974,2.9425766085737566,5.552720215295846,53.68651733687559
follows,41,28,7.434404975611525,1.896505012191818,1.3520046759180744,5.540868520454907,31.357905035077707
self-injury,27,6,4.8958276668661265,0.406393931183961,2.4697136849741677,5.497231115300521,42.8303556436996
define,40,27,7.253078024986854,1.8287726903278245,1.365062361185708,5.495526378158264,30.965943589096202
broad,55,50,9.972982284356924,3.386616093199675,1.0687104507431933,5.491490523800091,29.650208339659358
epilepsy,73,80,13.236867395601008,5.41858574911948,0.8831283047162568,5.468438230611064,29.110203042987166
dysfunction,32,16,5.802462419989483,1.083717149823896,1.6628650304242907,5.4502730998598485,32.38724734273406
mechanistic,28,10,5.077154617490798,0.677323218639935,1.999330356960619,5.442055006609336,35.465524640519675
statutory,37,2,6.7090971731128395,0.135464643727987,3.842142774673272,5.426704490449097,81.84969128261177
discovery,60,59,10.879617037480282,3.9962069899756165,0.990929995674664,5.4160585849223395,28.746584331949094
purpose,29,12,5.258481568115469,0.812787862367922,1.8479847124813906,5.415884000784904,33.56873805311078
depend,29,12,5.258481568115469,0.812787862367922,1.8521819876356886,5.412034630413927,33.56873805311078
documented,31,15,5.621135469364812,1.0159848279599024,1.6949403314209368,5.4105903854493675,32.16727859738686
presentation,70,76,12.692886543726994,5.147656461663506,0.8923499270950499,5.397473576946893,28.38865739488498
applicable,27,4,4.8958276668661265,0.270929287455974,2.8678537567618063,5.396896768421988,49.01233267481872
mobility,26,5,4.714500716241456,0.3386616093199675,2.602043174810241,5.387922402287461,43.492709593098
language,103,136,18.67667591434115,9.211595773503117,0.6991911147303718,5.379358878111126,27.814819655326843
harmonization,26,7,4.714500716241456,0.4741262530479545,2.2805817180213417,5.372995128555779,38.048336782634706
differential,29,3,5.258481568115469,0.2031969655919805,3.2217258573752794,5.369429760276493,57.51545915462434
protocols,43,33,7.797058876860867,2.2351666215117856,1.237274112015455,5.361654131670958,28.89188309316026
architecture,27,10,4.8958276668661265,0.677323218639935,1.9617237816666009,5.3184390931931125,33.48163060558285
make,80,95,14.506156049973708,6.434570577079382,0.803667929044102,5.315072642174634,27.33010548611304
placement,28,3,5.077154617490798,0.2031969655919805,3.1764616144791713,5.312806377148462,55.1113898534318
consistent,33,19,5.983789370614154,1.2869141154158765,1.5211517205421048,5.307997675633842,29.73003077328991
redox,67,1,12.14890569185298,0.0677323218639935,5.076791595776116,5.304742674213068,164.6956152011014
decline,26,9,4.714500716241456,0.6095908967759415,2.0256084668743393,5.268329320527174,33.520328446252975
standardized,55,53,9.972982284356924,3.5898130587916555,1.011009399408544,5.2650248200639105,27.194514016336036
medically,27,3,4.8958276668661265,0.2031969655919805,3.1269738013072574,5.25608182469282,52.714236993312014
creating,31,17,5.621135469364812,1.1514494716878896,1.571317724607665,5.223128928550724,29.124294297883083
signals,31,17,5.621135469364812,1.1514494716878896,1.5721245516967457,5.221873545478281,29.124294297883083
acf,26,10,4.714500716241456,0.677323218639935,1.9115972395485477,5.199684803082139,31.517766952406948
existing,123,178,22.303214926834574,12.056353291790842,0.6071709569309771,5.194860299109812,26.14579830974054
structured,24,5,4.351846814992112,0.3386616093199675,2.529610048040084,5.182133318661493,39.013812345762105
ssa,24,4,4.351846814992112,0.270929287455974,2.712204494490223,5.166457785125253,42.074715376878316
circadian,26,3,4.714500716241456,0.2031969655919805,3.117877314713578,5.1544313446855625,50.32449613381725
fatigue,26,3,4.714500716241456,0.2031969655919805,3.1188121784177056,5.153500219161261,50.32449613381725
separate,29,15,5.258481568115469,1.0159848279599024,1.6272061393285329,5.142972159097173,28.581041084929254
cycle,25,9,4.533173765616784,0.6095908967759415,1.9906402677930188,5.137259224427213,31.52069351001403
publish,31,2,5.621135469364812,0.135464643727987,3.6822585449213703,5.130999329680421,66.91175276899165
biology,84,106,15.231463852472393,7.179626117583311,0.7441321840133952,5.12150360274991,25.201068807402706
matter,33,21,5.983789370614154,1.4223787591438635,1.4231439037022904,5.115194989399471,27.099918258687705
secondary,39,30,7.071751074362182,2.031969655919805,1.2336613720710874,5.107130626123204,26.13224123338297
adoption,26,11,4.714500716241456,0.7450555405039285,1.8302300515421246,5.102692034367911,29.659977430163476
completion,24,8,4.351846814992112,0.541858574911948,2.0626398844408165,5.083735586935162,31.590893157049415
nonspeaking,25,3,4.533173765616784,0.2031969655919805,3.0810474997219615,5.07682646013856,47.9427181366224
decisions,32,20,5.802462419989483,1.35464643727987,1.4398464181310855,5.075171401276513,26.738762699533705
enterprise,23,5,4.17051986436744,0.3386616093199675,2.4909107354399342,5.073268494409799,36.79541315831378
distress,23,5,4.17051986436744,0.3386616093199675,2.4911601338168774,5.073079795300377,36.79541315831378
federally,23,7,4.17051986436744,0.4741262530479545,2.1517145827719997,5.020149734208873,31.744942396641232
melatonin,26,12,4.714500716241456,0.812787862367922,1.7433406527649513,5.009856968315292,27.930196722884595
coordinated,44,39,7.978385827485539,2.6415605526957466,1.0938619968189824,4.99057303550418,24.58252174926045
appropriations,27,2,4.8958276668661265,0.135464643727987,3.496735778206051,4.968527062868881,57.02905844115098
comparable,22,6,3.9891929137427695,0.406393931183961,2.260755246371211,4.944158892188402,32.005805149748554
actually,22,6,3.9891929137427695,0.406393931183961,2.2649865455224294,4.941224615778315,32.005805149748554
consultation,23,3,4.17051986436744,0.2031969655919805,2.9868151695749843,4.9264847667616385,43.20558375286384
disease,67,79,12.14890569185298,5.350853427255486,0.8115083580815226,4.917461942990692,23.220997882673537
consistently,26,13,4.714500716241456,0.8805201842319155,1.6624753089621613,4.912903773753191,26.314638465971438
one-carbon,27,2,4.8958276668661265,0.135464643727987,3.5552513515962705,4.90425429759848,57.02905844115098
timely,34,25,6.165116321238826,1.6933080465998376,1.2796735190083526,4.871632371184035,24.001010427407813
vulnerability,25,12,4.533173765616784,0.812787862367922,1.7047856407024167,4.86626784013514,26.097335759818396
responsibilities,27,15,4.8958276668661265,1.0159848279599024,1.5584019480263027,4.854397950501375,25.089003893167806
epileptiform,26,2,4.714500716241456,0.135464643727987,3.516832796574775,4.8465031405938355,54.57033839054647
enrichment,22,3,3.9891929137427695,0.2031969655919805,2.9497575184821123,4.834188715264784,40.851691668703985
transportation,33,24,5.983789370614154,1.625575724735844,1.2885213578554024,4.833567251738356,23.5833271355262
recovery,31,21,5.621135469364812,1.4223787591438635,1.3603186763814517,4.833234233265111,23.9100465106685
microbial,21,4,3.807865963118098,0.270929287455974,2.622999151591298,4.8316209594178625,35.24497073228642
discipline,22,8,3.9891929137427695,0.541858574911948,1.9769258155741447,4.815143381549867,27.576922461783326
distinct,28,17,5.077154617490798,1.1514494716878896,1.4694107531224994,4.79717658495141,24.043448658768526
register,25,2,4.533173765616784,0.135464643727987,3.467589255377309,4.79614006956834,52.1171166295252
neuroimmune,25,2,4.533173765616784,0.135464643727987,3.4798442482542784,4.783289738277653,52.1171166295252
receptor,23,10,4.17051986436744,0.677323218639935,1.8022307844000665,4.773813070703043,25.760580921407332
produce,25,13,4.533173765616784,0.8805201842319155,1.6232434694878703,4.766093504706484,24.53441515827961
references,20,5,3.626539012493427,0.3386616093199675,2.319845128630239,4.747411675067588,30.238866995458263
epsdt,20,4,3.626539012493427,0.270929287455974,2.561980402808513,4.731905457498504,32.99727184387905
signaling,28,18,5.077154617490798,1.219181793551883,1.4136243574824814,4.691093036631613,22.76697215035711
hcbs,32,24,5.802462419989483,1.625575724735844,1.2581214767009987,4.688484674979887,22.085126195831126
directly,34,27,6.165116321238826,1.8287726903278245,1.2026596515037387,4.684249161629787,21.924773505774432
indication,23,11,4.17051986436744,0.7450555405039285,1.7071882291918605,4.672841000007297,24.074336748885262
demonstration,25,14,4.533173765616784,0.948252506095909,1.5478602698859003,4.663006942861089,23.072855137505776
minimal,25,14,4.533173765616784,0.948252506095909,1.551110912684753,4.6581969899303655,23.072855137505776
posture,20,3,3.626539012493427,0.2031969655919805,2.855123292724249,4.649859282902161,36.17766230798311
mature,20,3,3.626539012493427,0.2031969655919805,2.8560199446499555,4.64913561659711,36.17766230798311
inconsistent,20,3,3.626539012493427,0.2031969655919805,2.8587164751516365,4.646958324474356,36.17766230798311
visible,20,3,3.626539012493427,0.2031969655919805,2.859166858830709,4.64659452146592,36.17766230798311
neurology,27,17,4.8958276668661265,1.1514494716878896,1.4344072229594493,4.644198767029642,22.401868314820767
appropriate,92,130,16.68207945746976,8.805201842319155,0.6305400206620888,4.642032226602486,20.891921748013942
recommendations,109,164,19.764637618089175,11.108100785694933,0.5698552648332651,4.635242045915404,20.66584494309896
supply,22,10,3.9891929137427695,0.677323218639935,1.7587049318240062,4.624010401060987,23.891861381145645
relevant,61,73,11.060943988104952,4.944459496071525,0.7960029810225304,4.607765074540154,20.51098436850657
speaking,23,12,4.17051986436744,0.812787862367922,1.6216787615782078,4.564923945018661,22.51133001477912
pragmatic,19,3,3.4452120618687556,0.2031969655919805,2.806628437901522,4.548710711196322,33.859663726231304
intended,22,11,3.9891929137427695,0.7450555405039285,1.660655939090903,4.520939924453086,22.266232548129672
autoimmune,22,11,3.9891929137427695,0.7450555405039285,1.662389437278419,4.519086187618355,22.266232548129672
interpretation,22,11,3.9891929137427695,0.7450555405039285,1.6637682563212692,4.517617529275896,22.266232548129672
constitute,21,2,3.807865963118098,0.135464643727987,3.3021898247349286,4.5150766374015365,42.36870527042426
sequencing,41,40,7.434404975611525,2.70929287455974,0.9985596997765924,4.503653898467085,19.88808300673967
cerebral,18,4,3.2638851112440843,0.270929287455974,2.466370531872517,4.4903248239899805,28.553570429133053
selected,18,3,3.2638851112440843,0.2031969655919805,2.704549834443146,4.47962741121036,31.55603653265874
residential,30,23,5.439808518740141,1.5578434028718504,1.2383626659818212,4.478925832393014,20.181179949539484
support,461,957,83.5917242379735,64.81983202384177,0.2523039861266625,4.476679979074135,19.497323414929497
deficiency,19,7,3.4452120618687556,0.4741262530479545,1.9652507795794412,4.465641914118563,23.63469326326979
obligation,20,2,3.626539012493427,0.135464643727987,3.249977606211469,4.441872095499864,39.95066498028324
susceptibility,31,25,5.621135469364812,1.6933080465998376,1.1878954860179531,4.430838505902203,19.612965951450416
wearable,20,9,3.626539012493427,0.6095908967759415,1.7676124263296842,4.419464214170659,21.874276578987676
counseling,18,6,3.2638851112440843,0.406393931183961,2.057033083256975,4.40592059969017,23.693169867787063
assistive,17,4,3.082558160619413,0.270929287455974,2.4012548300203687,4.368318753627276,26.361111573272723
stated,17,4,3.082558160619413,0.270929287455974,2.4084798776705743,4.363750434090067,26.361111573272723
documentation,17,4,3.082558160619413,0.270929287455974,2.4112113148351444,4.362021976629602,26.361111573272723
oral-motor,19,2,3.4452120618687556,0.135464643727987,3.2072632690538647,4.35397825524017,37.54172597693858
label,19,2,3.4452120618687556,0.135464643727987,3.2086785563299394,4.352746682702434,37.54172597693858
physiologic,19,2,3.4452120618687556,0.135464643727987,3.210096331195439,4.351512650897371,37.54172597693858
named,17,3,3.082558160619413,0.2031969655919805,2.6956565586282917,4.333938152736647,29.268303555640397
explicit,17,3,3.082558160619413,0.2031969655919805,2.6974007850594184,4.332712835013834,29.268303555640397
metabolism,27,20,4.8958276668661265,1.35464643727987,1.2723459750639092,4.324810091688729,18.901053691848492
apply,20,10,3.626539012493427,0.677323218639935,1.660951239361217,4.310140443215092,20.242029589208784
movement,20,10,3.626539012493427,0.677323218639935,1.661189296111921,4.309897495311654,20.242029589208784
changes,134,223,24.29781138370596,15.104307775670549,0.46892349802911504,4.307767464493286,18.042037422941533
osep,26,1,4.714500716241456,0.0677323218639935,4.101877924702926,4.296894868737049,59.79123317097835
use,174,309,31.55088940869281,20.929287455973988,0.4052713155775365,4.296600785815579,17.94690234221403
alignment,18,2,3.2638851112440843,0.135464643727987,3.1345559274660637,4.284920075330992,35.14282466220801
registry,28,22,5.077154617490798,1.490111081007857,1.2135004943373744,4.273229056944782,18.29127795966714
dependency,18,2,3.2638851112440843,0.135464643727987,3.156110327898613,4.2669248831087065,35.14282466220801
sensorimotor,27,1,4.8958276668661265,0.0677323218639935,4.225770712536484,4.242322059667899,62.32139698540929
ready,16,4,2.9012312099947417,0.270929287455974,2.3525447361228853,4.226364286907906,24.19109359636661
begin,29,24,5.258481568115469,1.625575724735844,1.161929322159276,4.224060541980807,17.756868583000248
hud,18,8,3.2638851112440843,0.541858574911948,1.7680321213623529,4.213369572415887,19.858241389324057
parallel,18,8,3.2638851112440843,0.541858574911948,1.7809197885022474,4.203112686432381,19.858241389324057
workup,26,1,4.714500716241456,0.0677323218639935,4.1910467995055285,4.198201612068616,59.79123317097835
specifies,17,2,3.082558160619413,0.135464643727987,3.0941631519471375,4.1812746751172085,32.755049976800436
coordination,74,105,13.418194346225679,7.111893795719317,0.6282734702064099,4.164346765390502,16.615768275434412
stratification,17,7,3.082558160619413,0.4741262530479545,1.8574277667509023,4.146650743626059,19.741192207488297
responsible,19,10,3.4452120618687556,0.677323218639935,1.6089820004661899,4.142808398848986,18.465849782995832
count,15,3,2.7199042593700704,0.2031969655919805,2.490148482746646,4.142490695719987,24.747953882909282
expectations,19,10,3.4452120618687556,0.677323218639935,1.6119921222453542,4.139468424866855,18.465849782995832
regulation,29,25,5.258481568115469,1.6933080465998376,1.1210429450376145,4.125142408557654,16.829520080198154
protection,25,19,4.533173765616784,1.2869141154158765,1.244591459906239,4.1177007727817,16.99094324443862
qualification,24,1,4.351846814992112,0.0677323218639935,4.109628207404682,4.113116961566099,54.73968690560264
missed,23,16,4.17051986436744,1.083717149823896,1.335288034230575,4.110234144535336,17.252078649310576
usable,24,1,4.351846814992112,0.0677323218639935,4.114074892499759,4.108388284542045,54.73968690560264
median,15,3,2.7199042593700704,0.2031969655919805,2.559087322071786,4.099582416245143,24.747953882909282
self-care,15,3,2.7199042593700704,0.2031969655919805,2.5607513187294924,4.098537971213521,24.747953882909282
approved,18,9,3.2638851112440843,0.6095908967759415,1.6632661790013117,4.086623749179274,18.21782663028791
alongside,16,2,2.9012312099947417,0.135464643727987,3.0343762039222906,4.085405262554113,30.379678481733016
postural,15,4,2.7199042593700704,0.270929287455974,2.289327309047163,4.082793625134496,22.046115418702932
central,26,21,4.714500716241456,1.4223787591438635,1.1862678598809469,4.054320385390383,16.41805781697
routine,21,14,3.807865963118098,0.948252506095909,1.3757567253209189,4.005620195052095,16.465431040765427
payment,21,1,3.807865963118098,0.0677323218639935,3.940311842160246,4.003786952503821,47.18820423025348
digestive,15,2,2.7199042593700704,0.135464643727987,2.9747987987195863,3.980317240387776,28.018220156585016
section,31,30,5.621135469364812,2.031969655919805,1.005805006506579,3.979994275529985,15.227687055492357
mucosal,15,2,2.7199042593700704,0.135464643727987,2.9768642290141045,3.978816749070468,28.018220156585016
reproducible,16,7,2.9012312099947417,0.4741262530479545,1.797460308111999,3.975185322712829,17.844372712318567
entry,18,10,3.2638851112440843,0.677323218639935,1.5585588553748124,3.962928100258628,16.726002595445202
heterogeneous,18,10,3.2638851112440843,0.677323218639935,1.5585588553748124,3.962928100258628,16.726002595445202
orthostatic,21,1,3.807865963118098,0.0677323218639935,3.985169658470908,3.959102889223205,47.18820423025348
rest,14,3,2.538577308745399,0.2031969655919805,2.503699169155034,3.9580641278472655,22.519927832528914
unexplained,14,3,2.538577308745399,0.2031969655919805,2.5053666949797293,3.957075143332134,22.519927832528914
built,20,13,3.626539012493427,0.8805201842319155,1.4026654058738606,3.946435436972922,16.085689774987408
pharmacologic,14,4,2.538577308745399,0.270929287455974,2.2058332363874875,3.9385427045544317,19.92925770603479
rise,14,4,2.538577308745399,0.270929287455974,2.213106864796723,3.934542824145335,19.92925770603479
recurrent,14,4,2.538577308745399,0.270929287455974,2.219337409638632,3.931119091710281,19.92925770603479
connect,15,6,2.7199042593700704,0.406393931183961,1.881082973042794,3.918434133601185,17.74516959023339
align,17,9,3.082558160619413,0.6095908967759415,1.599859270254166,3.915481737259063,16.443612998162145
rights,27,24,4.8958276668661265,1.625575724735844,1.0901472065505544,3.9105775720568547,15.025119840878435
retained,20,1,3.626539012493427,0.0677323218639935,3.9364461682319725,3.906127138259875,44.679223518519606
exclusion,14,2,2.538577308745399,0.135464643727987,2.896483466186657,3.878275772800844,25.67247910609241
tied,14,2,2.538577308745399,0.135464643727987,2.9059416553483395,3.8717899071626127,25.67247910609241
geriatric,14,2,2.538577308745399,0.135464643727987,2.907984097871328,3.8703873544702887,25.67247910609241
fmt,14,2,2.538577308745399,0.135464643727987,2.9086661544286816,3.8699188285272976,25.67247910609241
feasibility,16,8,2.9012312099947417,0.541858574911948,1.6601008428158632,3.8556959935577484,16.19362367136703
users,16,8,2.9012312099947417,0.541858574911948,1.6622843134905647,3.8537043850050305,16.19362367136703
governance,19,1,3.4452120618687556,0.0677323218639935,3.882282424491896,3.853122500607757,42.175010394016944
reliably,16,8,2.9012312099947417,0.541858574911948,1.6634813961389892,3.8526171554329967,16.19362367136703
principal,14,5,2.538577308745399,0.3386616093199675,1.9908493171080828,3.852402149880083,17.732762320259837
continuity,14,5,2.538577308745399,0.3386616093199675,1.998394195033713,3.848106594685213,17.732762320259837
adopt,14,5,2.538577308745399,0.3386616093199675,1.9985997985275628,3.8479898831000634,17.732762320259837
proceed,19,1,3.4452120618687556,0.0677323218639935,3.8881841522122604,3.847541821811591,42.175010394016944
delivered,26,23,4.714500716241456,1.5578434028718504,1.0956336444023904,3.8400921837686455,14.565891317043182
civil,13,3,2.357250358120728,0.2031969655919805,2.4109313117405993,3.825765114554375,20.317165650648096
autism-specific,22,17,3.9891929137427695,1.1514494716878896,1.229867324379267,3.8219148983849633,14.66215072058803
opm,13,3,2.357250358120728,0.2031969655919805,2.4330633795523404,3.8134578539780493,20.317165650648096
clarify,18,1,3.2638851112440843,0.0677323218639935,3.821011114831437,3.8008240211286566,39.67606737089715
project's,18,1,3.2638851112440843,0.0677323218639935,3.821011114831437,3.8008240211286566,39.67606737089715
match,15,7,2.7199042593700704,0.4741262530479545,1.7311095058408306,3.7959792989651038,15.985650785794968
resolution,15,7,2.7199042593700704,0.4741262530479545,1.7322044942799426,3.795131173974086,15.985650785794968
history,40,47,7.253078024986854,3.1834191276076944,0.8136540826244536,3.7942632143806128,13.960991796219453
multicenter,18,1,3.2638851112440843,0.0677323218639935,3.831247137031493,3.7914210869281812,39.67606737089715
later-life,18,1,3.2638851112440843,0.0677323218639935,3.835670252342739,3.7873576061718057,39.67606737089715
specialty,17,10,3.082558160619413,0.677323218639935,1.5006839378625294,3.779984008479664,15.025879981780387
committee's,17,10,3.082558160619413,0.677323218639935,1.5019327720937579,3.778245802795335,15.025879981780387
decision-making,13,4,2.357250358120728,0.270929287455974,2.141035570006471,3.770386934043874,17.844210524266195
timeline,13,4,2.357250358120728,0.270929287455974,2.1470914273477764,3.767188222183538,17.844210524266195
requiring,23,19,4.17051986436744,1.2869141154158765,1.164017227989107,3.7630766693371576,14.115816116989727
determination,13,2,2.357250358120728,0.135464643727987,2.8239845368367256,3.7602431414256006,23.344635416579933
transition,76,117,13.780848247475022,7.9246816580872395,0.54912444994119,3.757229293857294,13.414184288694635
oversight,13,2,2.357250358120728,0.135464643727987,2.831322263634272,3.7555138342507046,23.344635416579933
create,43,53,7.797058876860867,3.5898130587916555,0.766388224240961,3.7481974937529126,13.585507892714872
gao,14,6,2.538577308745399,0.406393931183961,1.8149175584157629,3.7360214394238813,15.833665395726573
title,13,5,2.357250358120728,0.3386616093199675,1.8826759026409121,3.6933117117235277,15.758883476203474
psychiatric,34,38,6.165116321238826,2.573828230831753,0.8635984807148747,3.674105141105373,13.075382503543779
unless,13,5,2.357250358120728,0.3386616093199675,1.9240875810939784,3.6690318802968056,15.758883476203474
driver,13,5,2.357250358120728,0.3386616093199675,1.9240875810939784,3.6690318802968056,15.758883476203474
reduction,15,8,2.7199042593700704,0.541858574911948,1.5956301808329858,3.66678937392436,14.421885683828949
coordinate,31,33,5.621135469364812,2.2351666215117856,0.9118699995583315,3.6615262714719092,13.019254880374646
resolved,12,3,2.175923407496056,0.2031969655919805,2.3535780361577743,3.6594648391654596,18.143320197274956
apraxia,16,1,2.9012312099947417,0.0677323218639935,3.721003009506962,3.656383018326734,34.696441042937835
delayed,21,17,3.807865963118098,1.1514494716878896,1.1838823675024592,3.6392517579543924,13.223230583221103
classified,15,1,2.7199042593700704,0.0677323218639935,3.5984773074736616,3.6339601699404955,32.21726771767759
gastroenterology,12,2,2.175923407496056,0.135464643727987,2.7541241024888237,3.6277155365364884,21.037357688439158
succession,12,2,2.175923407496056,0.135464643727987,2.7554505206694095,3.6269158112860955,21.037357688439158
public,132,238,23.935157482456617,16.120292603630453,0.39113026235843673,3.6257193585575136,12.707198091456604
broader,41,51,7.434404975611525,3.4543484150636687,0.7570527385259744,3.620978123397276,12.698167427383446
portfolio,65,98,11.786251790603638,6.637767542671363,0.5719779435629313,3.615412349684191,12.2462432656192
lend,12,4,2.175923407496056,0.270929287455974,2.0354839268448224,3.6083808655962843,15.795446578524707
exercise,14,7,2.538577308745399,0.4741262530479545,1.6611475688879356,3.6056911934784224,14.16942071244615
secretary,27,27,4.8958276668661265,1.8287726903278245,0.9738220553506203,3.603866766422302,12.593999166068354
metabolomics,14,7,2.538577308745399,0.4741262530479545,1.664453321332859,3.602882717313478,14.16942071244615
intervals,12,4,2.175923407496056,0.270929287455974,2.0643037950825,3.593465927015054,15.795446578524707
reliability,12,4,2.175923407496056,0.270929287455974,2.066162166768091,3.592512129124677,15.795446578524707
portal,12,4,2.175923407496056,0.270929287455974,2.0672272183773917,3.5919659007208304,15.795446578524707
metabolites,15,1,2.7199042593700704,0.0677323218639935,3.6521767969613332,3.5895140190341235,32.21726771767759
adverse,20,16,3.626539012493427,1.083717149823896,1.1953277589421445,3.576706516999635,12.780315989326166
shared,46,61,8.34103972873488,4.131671633703603,0.6932701353780812,3.5604017326099653,12.293448121584465
impaired,13,6,2.357250358120728,0.406393931183961,1.7398628415521404,3.5444465060832817,13.965098361442298
dementia,14,1,2.538577308745399,0.0677323218639935,3.5478105478674085,3.5420111719514495,29.746445159553343
payer,13,6,2.357250358120728,0.406393931183961,1.7438672361691765,3.5416065850512743,13.965098361442298
non-genetic,13,6,2.357250358120728,0.406393931183961,1.744011062710916,3.5415050144987,13.965098361442298
speech-language,14,1,2.538577308745399,0.0677323218639935,3.5717966073914926,3.522964095878794,29.746445159553343
rely,21,18,3.807865963118098,1.219181793551883,1.1272844219650757,3.5168637329018106,12.28087821357057
binding,14,1,2.538577308745399,0.0677323218639935,3.5818708243448274,3.5149542726395637,29.746445159553343
glutathione,14,1,2.538577308745399,0.0677323218639935,3.5818708243448274,3.5149542726395637,29.746445159553343
text,17,12,3.082558160619413,0.812787862367922,1.3188703638050523,3.514696797185826,12.553526947641718
comprehension,14,1,2.538577308745399,0.0677323218639935,3.5847709194685695,3.5126474098962444,29.746445159553343
incidence,13,1,2.357250358120728,0.0677323218639935,3.406354777390039,3.5101583682420285,27.285169195273234
distinction,14,1,2.538577308745399,0.0677323218639935,3.5891394139268105,3.5091716489855695,29.746445159553343
management,24,23,4.351846814992112,1.5578434028718504,1.015692154577529,3.5082689093001207,11.967460184939629
operating,11,2,1.9945964568713848,0.135464643727987,2.65825646854484,3.495647094867778,18.753961197426705
conventional,11,3,1.9945964568713848,0.2031969655919805,2.265583147806467,3.4933229731087003,16.002902574874277
incomplete,11,3,1.9945964568713848,0.2031969655919805,2.267131823511818,3.492563998251017,16.002902574874277
financing,11,2,1.9945964568713848,0.135464643727987,2.6673025098927994,3.4905981405838578,18.753961197426705
excitability,11,2,1.9945964568713848,0.135464643727987,2.669909065355558,3.4891410690150493,18.753961197426705
fiscal,12,5,2.175923407496056,0.3386616093199675,1.8334509685869875,3.4833354021111096,13.827834530574219
simply,12,5,2.175923407496056,0.3386616093199675,1.8450412071943774,3.4764153034911733,13.827834530574219
daytime,12,5,2.175923407496056,0.3386616093199675,1.845414592626513,3.4761943469548817,13.827834530574219
parts,14,8,2.538577308745399,0.541858574911948,1.5295482737628312,3.464041423952998,12.696596032072987
separately,14,8,2.538577308745399,0.541858574911948,1.5303174827568125,3.463145291044872,12.696596032072987
proposed,20,17,3.626539012493427,1.1514494716878896,1.1353026494480138,3.452010566925887,11.826946911637808
constipation,13,1,2.357250358120728,0.0677323218639935,3.4838163048512225,3.4516700799064295,27.285169195273234
pilot,18,14,3.2638851112440843,0.948252506095909,1.2221462525937525,3.4501219329005046,11.903373967044375
irritability,16,11,2.9012312099947417,0.7450555405039285,1.3463240877109222,3.447470250072379,12.15198300723937
independent,33,39,5.983789370614154,2.6415605526957466,0.8087597516560159,3.439820616172811,11.384149615353692
capable,13,1,2.357250358120728,0.0677323218639935,3.5122583031960364,3.430081931057272,27.285169195273234
substantial,29,32,5.258481568115469,2.167434299647792,0.8760511930942165,3.428661555047952,11.419940336110148
fragmented,13,1,2.357250358120728,0.0677323218639935,3.5151554036224546,3.4278798801587276,27.285169195273234
microbiome,33,39,5.983789370614154,2.6415605526957466,0.8075340031815417,3.421842296846225,11.384149615353692
span,13,7,2.357250358120728,0.4741262530479545,1.5817623161735757,3.4080780258951946,12.400895386551104
digital,13,7,2.357250358120728,0.4741262530479545,1.585481273871503,3.404433537148382,12.400895386551104
informed,19,16,3.4452120618687556,1.083717149823896,1.1442249051335542,3.3859224666363685,11.374450687180339
real-world,27,29,4.8958276668661265,1.9642373340558115,0.9027082290782289,3.3840517259502167,11.162410813466948
sustained,15,10,2.7199042593700704,0.677323218639935,1.376828329023093,3.382898672329024,11.761022171975299
response,81,134,14.687483000598379,9.07613112977513,0.47404666656951466,3.380457706791506,11.152411402528607
appendix,10,3,1.8132695062467135,0.2031969655919805,2.068750839004613,3.3591967832998484,13.901575535526433
organizing,12,1,2.175923407496056,0.0677323218639935,3.4338207965157572,3.340885612279211,24.83491259852068
identifiable,10,2,1.8132695062467135,0.135464643727987,2.575410195788752,3.338765125425824,16.498635921939524
polypharmacy,12,1,2.175923407496056,0.0677323218639935,3.438146589311616,3.3377612809504376,24.83491259852068
attributed,12,6,2.175923407496056,0.406393931183961,1.662292700825411,3.3372371519060997,12.145217753525273
trajectory,49,70,8.885020580608895,4.7412625304795455,0.6195103219625677,3.337033416805603,10.799299756328818
supervision,12,6,2.175923407496056,0.406393931183961,1.6628243343222806,3.336818831439149,12.145217753525273
problems,51,74,9.247674481858239,5.012191817935519,0.6041785351018101,3.331435615154716,10.760004899051918
scientific,81,135,14.687483000598379,9.143863451639122,0.4663511081195981,3.3291796452981233,10.844393472302038
sequence,20,18,3.626539012493427,1.219181793551883,1.0785970294565264,3.3280742543396644,10.937232197361649
immediate,14,9,2.538577308745399,0.6095908967759415,1.4131811139615316,3.3170821007865854,11.383486075178554
evaluate,43,59,7.797058876860867,3.9962069899756165,0.6608932115548001,3.314132320471196,10.553052106334
shape,10,3,1.8132695062467135,0.2031969655919805,2.1705334310186313,3.3113776579586074,13.901575535526433
timeliness,10,3,1.8132695062467135,0.2031969655919805,2.172770326411902,3.310342558237093,13.901575535526433
specimen,16,12,2.9012312099947417,0.812787862367922,1.2603989607178576,3.306445382855826,11.042563097915563
characterized,21,20,3.807865963118098,1.35464643727987,1.0222853012630955,3.2808319720371957,10.57124140563942
minimally,24,25,4.351846814992112,1.6933080465998376,0.9332223782914788,3.2762502915334957,10.463559447324844
initiation,11,5,1.9945964568713848,0.3386616093199675,1.7567137976453786,3.2705297108948574,11.945930690572823
uncertainty,11,5,1.9945964568713848,0.3386616093199675,1.7581060826724375,3.2696437051668563,11.945930690572823
nichd,13,8,2.357250358120728,0.541858574911948,1.4516373618792304,3.2578923680442142,11.023344827335952
consent,13,8,2.357250358120728,0.541858574911948,1.4571932038853408,3.250087180469293,11.023344827335952
methylation,17,14,3.082558160619413,0.948252506095909,1.166870906363629,3.2417577629479815,10.47488064890534
nocturnal,11,1,1.9945964568713848,0.0677323218639935,3.3541602828319395,3.239973367018628,22.39751787136889
settled,11,1,1.9945964568713848,0.0677323218639935,3.3541602828319395,3.239973367018628,22.39751787136889
medication-related,11,1,1.9945964568713848,0.0677323218639935,3.3541602828319395,3.239973367018628,22.39751787136889
component,34,43,6.165116321238826,2.9124898401517205,0.7406966889903757,3.239466926038283,10.149822001359372
pediatrics,54,82,9.791655333732253,5.554050392847467,0.5608387391764067,3.2190969596128935,9.951686474525317
authorized,10,1,1.8132695062467135,0.0677323218639935,3.136388619542485,3.2123223106720933,19.97533249014162
roughly,10,4,1.8132695062467135,0.270929287455974,1.883466417376093,3.197978313664498,11.830113060155597
rehabilitation,16,13,2.9012312099947417,0.8805201842319155,1.1749032703157258,3.1973495102291087,10.028559530505413
ninds,9,2,1.6319425556220422,0.135464643727987,2.437575124431259,3.1883510418433034,14.276785214566527
internal,12,7,2.175923407496056,0.4741262530479545,1.5091475150158224,3.1846237971316764,10.686326588406173
resolve,9,2,1.6319425556220422,0.135464643727987,2.4665319265377104,3.1748048506859483,14.276785214566527
treasury,9,2,1.6319425556220422,0.135464643727987,2.4708681456626156,3.172769541145422,14.276785214566527
detailed,21,21,3.807865963118098,1.4223787591438635,0.973753713494407,3.172392376446848,9.795332684719828
physiological,16,13,2.9012312099947417,0.8805201842319155,1.179737987241472,3.1720623094903746,10.028559530505413
multisite,10,1,1.8132695062467135,0.0677323218639935,3.221447305635664,3.1587470630280303,19.97533249014162
selection,10,1,1.8132695062467135,0.0677323218639935,3.231019646189825,3.1526685937214065,19.97533249014162
comorbidities,10,1,1.8132695062467135,0.0677323218639935,3.236540758016748,3.149158355615258,19.97533249014162
prompt,10,1,1.8132695062467135,0.0677323218639935,3.253332938284238,3.1384630655414543,19.97533249014162
etiological,10,1,1.8132695062467135,0.0677323218639935,3.2604332524958917,3.1339322200879858,19.97533249014162
accommodations,30,37,5.439808518740141,2.5060959089677595,0.76526078731548,3.123717057162329,9.4653996312904
operate,11,6,1.9945964568713848,0.406393931183961,1.575677717165279,3.116570369637202,10.381028913636113
repeated,11,6,1.9945964568713848,0.406393931183961,1.577008190084353,3.1153536254863847,10.381028913636113
stressors,11,6,1.9945964568713848,0.406393931183961,1.5772507456050722,3.115132341265064,10.381028913636113
approval,9,3,1.6319425556220422,0.2031969655919805,2.0662040211141566,3.111096888977613,11.846584933893531
tolerance,9,3,1.6319425556220422,0.2031969655919805,2.066913940772162,3.110781615423302,11.846584933893531
requirements,24,27,4.351846814992112,1.8287726903278245,0.8572350262709056,3.0720706087694514,9.116690250920712
actionable,10,5,1.8132695062467135,0.3386616093199675,1.6632745572245415,3.0456880748910455,10.121014794604392
budgetary,10,5,1.8132695062467135,0.3386616093199675,1.6639145841287668,3.0452296426114893,10.121014794604392
systems,115,216,20.852599321837204,14.630181522622596,0.34931065364977787,3.0411010315694296,9.053716353750069
employment,86,153,15.594117753721735,10.363045245191005,0.40640146732753646,3.0402070307269398,8.799157051743876
maternal,42,61,7.615731926236196,4.131671633703603,0.6050396216851883,3.0362358632863065,8.836867248366051
tracking,30,38,5.439808518740141,2.573828230831753,0.738965281078551,3.0358550712773504,8.924563632168017
causation,12,8,2.175923407496056,0.541858574911948,1.3776013429957512,3.0242419678543677,9.408817737580238
instability,9,1,1.6319425556220422,0.0677323218639935,3.1468462661312486,3.022408043985326,17.571412331104003
formal,14,11,2.538577308745399,0.7450555405039285,1.21310699154321,3.022046261103843,9.14563897983357
extend,14,11,2.538577308745399,0.7450555405039285,1.2133863306383716,3.0209456596831634,9.14563897983357
feasible,14,11,2.538577308745399,0.7450555405039285,1.2136663262306016,3.019844737058554,9.14563897983357
interpreted,9,1,1.6319425556220422,0.0677323218639935,3.1538449033246145,3.0182731378811014,17.571412331104003
patterns,47,71,8.522366679359553,4.808994852343538,0.5649221837778571,3.0179950376969003,8.802082378958751
gait,9,1,1.6319425556220422,0.0677323218639935,3.156661665195802,3.016607447653082,17.571412331104003
person-level,9,1,1.6319425556220422,0.0677323218639935,3.156661665195802,3.016607447653082,17.571412331104003
tachycardia,9,1,1.6319425556220422,0.0677323218639935,3.156661665195802,3.016607447653082,17.571412331104003
capture,19,19,3.4452120618687556,1.2869141154158765,0.9737301588657834,3.009394207854445,8.862443857603656
organized,19,19,3.4452120618687556,1.2869141154158765,0.973730140951016,3.009266880396417,8.862443857603656
complaints,8,2,1.4506156049973709,0.135464643727987,2.3473511430885132,2.990485152960634,12.095546798183305
foundational,8,2,1.4506156049973709,0.135464643727987,2.350921488605792,2.9889635105195294,12.095546798183305
prioritization,8,2,1.4506156049973709,0.135464643727987,2.3515186285217045,2.9887089593264666,12.095546798183305
sudden,8,2,1.4506156049973709,0.135464643727987,2.35391317439756,2.987688035811909,12.095546798183305
disturbances,23,26,4.17051986436744,1.761040368463831,0.851805389416751,2.983723058416494,8.657461727085458
track,28,35,5.077154617490798,2.3706312652397727,0.7526541918612288,2.982209773900281,8.579217271419438
sufficient,17,16,3.082558160619413,1.083717149823896,1.0340669799665037,2.9754585951058456,8.711378758454437
judgment,9,4,1.6319425556220422,0.270929287455974,1.779012672097604,2.9728134911992496,9.929120694662029
autism-relevant,9,4,1.6319425556220422,0.270929287455974,1.7805639446295825,2.971949799211612,9.929120694662029
shortages,11,7,1.9945964568713848,0.4741262530479545,1.4228173055408142,2.952678282528987,9.033306086229237
privacy,21,23,3.807865963118098,1.5578434028718504,0.8830735077175946,2.9307548757237987,8.383240989884857
covering,8,1,1.4506156049973709,0.0677323218639935,2.990650496810032,2.912114061613224,15.189839240866508
figures,8,3,1.4506156049973709,0.2031969655919805,1.914865919401663,2.9046721698661524,9.847415969174925
dbp,8,3,1.4506156049973709,0.2031969655919805,1.9254658484393872,2.8998553869650103,9.847415969174925
permit,8,1,1.4506156049973709,0.0677323218639935,3.0144869093216293,2.899331816288194,15.189839240866508
imitation,8,1,1.4506156049973709,0.0677323218639935,3.0171816162280614,2.897882537060526,15.189839240866508
safer,8,1,1.4506156049973709,0.0677323218639935,3.0280556110296573,2.89202556983463,15.189839240866508
competence,8,3,1.4506156049973709,0.2031969655919805,1.9467933737419099,2.8903248747074843,9.847415969174925
carried,8,3,1.4506156049973709,0.2031969655919805,1.9474557578634197,2.8900321242322935,9.847415969174925
imbalance,8,3,1.4506156049973709,0.2031969655919805,1.9481191147273975,2.889739131688779,9.847415969174925
arousal,8,3,1.4506156049973709,0.2031969655919805,1.95011504471751,2.888858692830685,9.847415969174925
meant,8,3,1.4506156049973709,0.2031969655919805,1.95011504471751,2.888858692830685,9.847415969174925
preventable,8,1,1.4506156049973709,0.0677323218639935,3.0349304175582947,2.8883155281910087,15.189839240866508
restore,8,1,1.4506156049973709,0.0677323218639935,3.0349304175582947,2.8883155281910087,15.189839240866508
discharges,8,1,1.4506156049973709,0.0677323218639935,3.0363127390845506,2.8875688854866732,15.189839240866508
autism's,8,1,1.4506156049973709,0.0677323218639935,3.0376975324321744,2.8868206859629413,15.189839240866508
waking,8,1,1.4506156049973709,0.0677323218639935,3.0376975324321744,2.8868206859629413,15.189839240866508
avoidance,8,1,1.4506156049973709,0.0677323218639935,3.0376975324321744,2.8868206859629413,15.189839240866508
uneven,8,1,1.4506156049973709,0.0677323218639935,3.039084805568459,2.886070924417926,15.189839240866508
substitute,8,1,1.4506156049973709,0.0677323218639935,3.039084805568459,2.886070924417926,15.189839240866508
neurophysiologic,8,1,1.4506156049973709,0.0677323218639935,3.0404745664987995,2.8853195956258624,15.189839240866508
tolerability,8,1,1.4506156049973709,0.0677323218639935,3.0404745664987995,2.8853195956258624,15.189839240866508
exertion,8,1,1.4506156049973709,0.0677323218639935,3.0404745664987995,2.8853195956258624,15.189839240866508
gxe,8,1,1.4506156049973709,0.0677323218639935,3.0404745664987995,2.8853195956258624,15.189839240866508
generate,10,6,1.8132695062467135,0.406393931183961,1.4801046686523556,2.8796222768663857,8.681194525299333
distance,10,6,1.8132695062467135,0.406393931183961,1.4814842106302617,2.8780579038135,8.681194525299333
duplicative,10,6,1.8132695062467135,0.406393931183961,1.4816971297281807,2.8778171818446863,8.681194525299333
incentives,10,6,1.8132695062467135,0.406393931183961,1.4819102313341617,2.8775764467195946,8.681194525299333
microglial,10,6,1.8132695062467135,0.406393931183961,1.4826575276687368,2.876733769977195,8.681194525299333
diagnostic,117,225,21.215253223086545,15.239772419398538,0.32546245881043934,2.868643166692212,8.106271186038583
advise,12,9,2.175923407496056,0.6095908967759415,1.2600140235822348,2.8643049404424876,8.281922323436667
devices,17,17,3.082558160619413,1.1514494716878896,0.9737083610244603,2.8502676182985827,7.929555030487478
integration,36,52,6.527770222488169,3.522080736927662,0.609550346354248,2.825304972418435,7.693076688362968
account,26,33,4.714500716241456,2.2351666215117856,0.7371433144546451,2.8218825384180843,7.699410304116313
testing,44,68,7.978385827485539,4.605797886751558,0.5419132214382598,2.8125476650877417,7.670125763506061
infectious,9,5,1.6319425556220422,0.3386616093199675,1.557438800515131,2.802845370046717,8.363001297722601
positioned,9,5,1.6319425556220422,0.3386616093199675,1.559143202952157,2.8013700830258843,8.363001297722601
expenditures,7,2,1.2692886543726996,0.135464643727987,2.167882137176104,2.7995861566418387,9.964628853017395
assessed,11,8,1.9945964568713848,0.541858574911948,1.285536199602685,2.796609960338629,7.8611090451754
return,13,11,2.357250358120728,0.7450555405039285,1.1398763739564455,2.789612050724194,7.733669598423045
pathology,13,11,2.357250358120728,0.7450555405039285,1.140010579739391,2.7888034774402404,7.733669598423045
employers,7,2,1.2692886543726996,0.135464643727987,2.1971729519948724,2.788155137174579,9.964628853017395
retain,7,2,1.2692886543726996,0.135464643727987,2.211027374423926,2.782766234047248,9.964628853017395
solely,7,2,1.2692886543726996,0.135464643727987,2.2127136577471607,2.782110943990251,9.964628853017395
hiring,7,2,1.2692886543726996,0.135464643727987,2.214970095789086,2.7812342796559837,9.964628853017395
circumstances,7,2,1.2692886543726996,0.135464643727987,2.216668503692775,2.780574556318798,9.964628853017395
staffing,7,2,1.2692886543726996,0.135464643727987,2.217235802877113,2.780354222119927,9.964628853017395
adherence,7,2,1.2692886543726996,0.135464643727987,2.2178036853163903,2.780133673895518,9.964628853017395
automatically,7,2,1.2692886543726996,0.135464643727987,2.218372152002244,2.779912911154141,9.964628853017395
sponsors,7,2,1.2692886543726996,0.135464643727987,2.218941203928738,2.7796919334030066,9.964628853017395
epileptic,7,2,1.2692886543726996,0.135464643727987,2.21951084209236,2.779470740147952,9.964628853017395
intellectually,7,2,1.2692886543726996,0.135464643727987,2.221223284007431,2.778805862396934,9.964628853017395
adapted,16,16,2.9012312099947417,1.083717149823896,0.9736969519645893,2.763332235376474,7.463110616929393
statement,20,23,3.626539012493427,1.5578434028718504,0.8353272447906885,2.74567618214803,7.28381254992947
medicaid,53,88,9.610328383107582,5.960444324031428,0.47361702802772054,2.7438721488412496,7.197929897042151
generating,7,1,1.2692886543726996,0.0677323218639935,2.9031088789724073,2.738974772455451,12.836239553046205
temperature,7,1,1.2692886543726996,0.0677323218639935,2.9058235123000156,2.737657592814599,12.836239553046205
pass,7,1,1.2692886543726996,0.0677323218639935,2.9058235123000156,2.737657592814599,12.836239553046205
burnout,7,1,1.2692886543726996,0.0677323218639935,2.9058235123000156,2.737657592814599,12.836239553046205
framed,7,1,1.2692886543726996,0.0677323218639935,2.9071845380457475,2.736996875065951,12.836239553046205
logic,7,1,1.2692886543726996,0.0677323218639935,2.908548047214232,2.7363347321331775,12.836239553046205
blocking,7,1,1.2692886543726996,0.0677323218639935,2.908548047214232,2.7363347321331775,12.836239553046205
shift,14,13,2.538577308745399,0.8805201842319155,1.0473479204670824,2.727369328891224,7.318783357257601
customized,8,4,1.4506156049973709,0.270929287455974,1.6582086752525385,2.72734851180759,8.096811835683514
perform,8,4,1.4506156049973709,0.270929287455974,1.6603805961348446,2.725942120289035,8.096811835683514
advancement,14,13,2.538577308745399,0.8805201842319155,1.0474443478855022,2.725830123381667,7.318783357257601
reproductive,8,4,1.4506156049973709,0.270929287455974,1.6605787538711567,2.7258141930814412,8.096811835683514
resilience,17,18,3.082558160619413,1.219181793551883,0.9168053960300337,2.7171001306177773,7.206614289384067
agreement,12,10,2.175923407496056,0.677323218639935,1.1538324098454122,2.7110199269661317,7.28243453078948
confirmed,12,10,2.175923407496056,0.677323218639935,1.154544712973335,2.7072853928680267,7.28243453078948
commitment,12,10,2.175923407496056,0.677323218639935,1.1550227319298845,2.7047931697126475,7.28243453078948
authorization,10,7,1.8132695062467135,0.4741262530479545,1.3275767187589889,2.704792735524324,7.451186698004692
excluded,10,7,1.8132695062467135,0.4741262530479545,1.3284649978899985,2.703070827556924,7.451186698004692
conditions,211,449,38.259986581805656,30.411812516933082,0.22454806694896057,2.7018057073946564,7.347331037395897
reflect,34,50,6.165116321238826,3.386616093199675,0.5911611719739529,2.6704739273441507,6.9011734746601086
assigned,16,17,2.9012312099947417,1.1514494716878896,0.9148796232825305,2.6667336187956985,6.741902228468534
deliverable,78,0,14.143502148724364,0.0,7.366775355772279,2.6628665804673064,203.13187696556722
electrical,7,3,1.2692886543726996,0.2031969655919805,1.8136022459795154,2.642181317033292,7.916832697863287
speech-generating,7,3,1.2692886543726996,0.2031969655919805,1.8157229527026164,2.6411871538258156,7.916832697863287
publicly,13,12,2.357250358120728,0.812787862367922,1.0531370793628767,2.6402703351884793,6.855304107968237
suspected,13,12,2.357250358120728,0.812787862367922,1.0531778650225156,2.639692656190849,6.855304107968237
translate,13,12,2.357250358120728,0.812787862367922,1.0533414288794454,2.6373807037515515,6.855304107968237
competitive,11,9,1.9945964568713848,0.6095908967759415,1.1707991161956528,2.6283701696158075,6.834255339421054
rural,20,24,3.626539012493427,1.625575724735844,0.7926236685761969,2.6269260272965957,6.686962941635331
balance,11,9,1.9945964568713848,0.6095908967759415,1.171335794521264,2.625954759929171,6.834255339421054
weight,11,9,1.9945964568713848,0.6095908967759415,1.1718754157229299,2.6235374322517724,6.834255339421054
caregiving,9,6,1.6319425556220422,0.406393931183961,1.3766061842559072,2.62044518315913,7.056613303185177
strain,9,6,1.6319425556220422,0.406393931183961,1.3769610246011652,2.619905321440887,7.056613303185177
build,30,43,5.439808518740141,2.9124898401517205,0.6165587615812473,2.602389123921207,6.551086453424368
nidcd,6,1,1.087961703748028,0.0677323218639935,2.709720375691436,2.5838596593174645,10.518678844219579
statute,6,1,1.087961703748028,0.0677323218639935,2.7286419497648815,2.5758698861022893,10.518678844219579
proposes,6,1,1.087961703748028,0.0677323218639935,2.7402437273156135,2.5709510029119578,10.518678844219579
ncbddd,6,1,1.087961703748028,0.0677323218639935,2.7428479492236466,2.569844786621524,10.518678844219579
diarrhea,6,1,1.087961703748028,0.0677323218639935,2.7441536581178276,2.5692898620362823,10.518678844219579
route,6,1,1.087961703748028,0.0677323218639935,2.748085269769774,2.5676177699373532,10.518678844219579
prolonged,6,1,1.087961703748028,0.0677323218639935,2.7520387737456176,2.565934607313467,10.518678844219579
disclosure,6,1,1.087961703748028,0.0677323218639935,2.7520387737456176,2.565934607313467,10.518678844219579
aggregate,6,1,1.087961703748028,0.0677323218639935,2.7533615103538054,2.5653710721220286,10.518678844219579
convert,6,1,1.087961703748028,0.0677323218639935,2.75468671127382,2.5648062889149563,10.518678844219579
stratified,6,1,1.087961703748028,0.0677323218639935,2.75468671127382,2.5648062889149563,10.518678844219579
risen,6,1,1.087961703748028,0.0677323218639935,2.7560143845655958,2.5642402531454014,10.518678844219579
pots,6,1,1.087961703748028,0.0677323218639935,2.7560143845655958,2.5642402531454014,10.518678844219579
recurring,6,1,1.087961703748028,0.0677323218639935,2.7560143845655958,2.5642402531454014,10.518678844219579
merely,6,1,1.087961703748028,0.0677323218639935,2.7560143845655958,2.5642402531454014,10.518678844219579
condition-specific,6,1,1.087961703748028,0.0677323218639935,2.7560143845655958,2.5642402531454014,10.518678844219579
pharmacogenomic,6,1,1.087961703748028,0.0677323218639935,2.7560143845655958,2.5642402531454014,10.518678844219579
day,12,11,2.175923407496056,0.7450555405039285,1.0598702356872085,2.550866012925448,6.39234099040371
common,67,121,12.14890569185298,8.195610945543214,0.3869315494096641,2.550807832106061,6.4011934641200625
workplace,12,11,2.175923407496056,0.7450555405039285,1.05993027074231,2.550119211973138,6.39234099040371
tax,6,2,1.087961703748028,0.135464643727987,2.063151255196713,2.5412332306770984,7.897723289262354
supplementation,8,5,1.4506156049973709,0.3386616093199675,1.4360043595728467,2.5410943703566065,6.684690674883426
governing,6,2,1.087961703748028,0.135464643727987,2.0652712182645825,2.540463762028848,7.897723289262354
cognition,15,16,2.7199042593700704,1.083717149823896,0.9096151777928299,2.5403119645237116,6.2774138065342395
entitlement,6,2,1.087961703748028,0.135464643727987,2.0663345989785746,2.540078105137678,7.897723289262354
preclinical,6,2,1.087961703748028,0.135464643727987,2.0668671425747185,2.5398850446933214,7.897723289262354
causality,6,2,1.087961703748028,0.135464643727987,2.067400256315489,2.5396918290630786,7.897723289262354
neurotransmission,6,2,1.087961703748028,0.135464643727987,2.0679339411928357,2.539498457855464,7.897723289262354
insomnia,8,5,1.4506156049973709,0.3386616093199675,1.4405019117833824,2.5358725245982576,6.684690674883426
aggression,19,23,3.4452120618687556,1.5578434028718504,0.783707101616236,2.535078085863718,6.237909997046103
geography,8,5,1.4506156049973709,0.3386616093199675,1.4414601433182046,2.5347723943203233,6.684690674883426
pointing,8,5,1.4506156049973709,0.3386616093199675,1.441580204014409,2.5346348585116085,6.684690674883426
modules,10,8,1.8132695062467135,0.541858574911948,1.19407415167065,2.5330282769150285,6.390157994663083
wait,10,8,1.8132695062467135,0.541858574911948,1.195461755430756,2.527894901044369,6.390157994663083
methodological,10,8,1.8132695062467135,0.541858574911948,1.1959014928403953,2.5262797690362997,6.390157994663083
suicidality,10,8,1.8132695062467135,0.541858574911948,1.1959014928403953,2.5262797690362997,6.390157994663083
individualized,21,27,3.807865963118098,1.8287726903278245,0.7248706807905245,2.503930183656608,6.038201770651122
supported,75,140,13.59952129685035,9.482525060959091,0.355416824036638,2.496520307413398,6.096818139885645
second,17,20,3.082558160619413,1.35464643727987,0.8137387219877219,2.4866330802348346,5.918517321680088
mechanisms,88,169,15.956771654971078,11.4467623950149,0.32549631764669407,2.4849682842701495,6.143895841617017
methods,91,176,16.500752506845092,11.920888648062856,0.3193105426319969,2.483741656220942,6.104183958377305
covered,24,33,4.351846814992112,2.2351666215117856,0.6579490307990676,2.463264338271455,5.8580383656530355
complex,51,88,9.247674481858239,5.960444324031428,0.4313741313231727,2.4587069969207307,5.951227608925841
missing,11,10,1.9945964568713848,0.677323218639935,1.068446502097201,2.4519474726974155,5.930041667931871
overlapping,7,4,1.2692886543726996,0.270929287455974,1.529962716866585,2.448867703369491,6.348298016036494
replace,7,4,1.2692886543726996,0.270929287455974,1.5311626042326303,2.4478821926535823,6.348298016036494
criteria,35,55,6.346443271863497,3.7252777025196426,0.5263772154078836,2.4476694274065665,5.776999831428057
consolidated,57,0,10.335636185606267,0.0,7.170888604284273,2.443375952244665,148.4425254748376
written,9,7,1.6319425556220422,0.4741262530479545,1.2222074253178175,2.4388476904553116,5.951686983522188
transfer,9,7,1.6319425556220422,0.4741262530479545,1.223366496984184,2.435370188028771,5.951686983522188
metrics,9,7,1.6319425556220422,0.4741262530479545,1.2234677998842756,2.4350676120078036,5.951686983522188
job,19,24,3.4452120618687556,1.625575724735844,0.7429012836465763,2.4342303202336284,5.68757621006916
dysautonomia,9,7,1.6319425556220422,0.4741262530479545,1.2241282892260106,2.433100147769393,5.951686983522188
accountable,64,0,11.604924839978967,0.0,7.358469815271385,2.4190867802155904,166.6723093050808
treat,21,28,3.807865963118098,1.896505012191818,0.6880674233900912,2.3922786090517345,5.538149711450876
absence,12,12,2.175923407496056,0.812787862367922,0.9736521246311405,2.391364914038477,5.597332962697045
stabilization,62,0,11.242270938729623,0.0,7.356993210091161,2.3822264358741996,161.46379963929704
iep,5,1,0.9066347531233567,0.0677323218639935,2.536859806316624,2.374711284838738,8.249317960969762
automated,5,1,0.9066347531233567,0.0677323218639935,2.541698803242266,2.372967015154204,8.249317960969762
ends,5,1,0.9066347531233567,0.0677323218639935,2.5564337432457,2.367643014505679,8.249317960969762
concentrated,5,1,0.9066347531233567,0.0677323218639935,2.5564337432457,2.367643014505679,8.249317960969762
abdominal,5,1,0.9066347531233567,0.0677323218639935,2.5589219674727985,2.3667420754291353,8.249317960969762
congressional,5,1,0.9066347531233567,0.0677323218639935,2.5589219674727985,2.3667420754291353,8.249317960969762
compile,5,1,0.9066347531233567,0.0677323218639935,2.5664433926209718,2.3640153324074857,8.249317960969762
magnitude,5,1,0.9066347531233567,0.0677323218639935,2.5677053211476437,2.3635573455358045,8.249317960969762
generalization,5,1,0.9066347531233567,0.0677323218639935,2.570236412492809,2.3626383111252705,8.249317960969762
cure,6,3,1.087961703748028,0.2031969655919805,1.6582451941094085,2.361874777182425,6.0726088767626365
cutoff,5,1,0.9066347531233567,0.0677323218639935,2.5727772025302613,2.361715169387377,8.249317960969762
dispute,5,1,0.9066347531233567,0.0677323218639935,2.5727772025302613,2.361715169387377,8.249317960969762
defining,6,3,1.087961703748028,0.2031969655919805,1.6587705252446696,2.3615796546945504,6.0726088767626365
developmental-behavioral,6,3,1.087961703748028,0.2031969655919805,1.6590335050397673,2.3614320654128824,6.0726088767626365
operations,6,3,1.087961703748028,0.2031969655919805,1.6590335050397673,2.3614320654128824,6.0726088767626365
stabilize,5,1,0.9066347531233567,0.0677323218639935,2.574051254565891,2.3612520482823336,8.249317960969762
permeability,5,1,0.9066347531233567,0.0677323218639935,2.574051254565891,2.3612520482823336,8.249317960969762
uniformly,5,1,0.9066347531233567,0.0677323218639935,2.574051254565891,2.3612520482823336,8.249317960969762
population-wide,5,1,0.9066347531233567,0.0677323218639935,2.574051254565891,2.3612520482823336,8.249317960969762
uniform,5,1,0.9066347531233567,0.0677323218639935,2.574051254565891,2.3612520482823336,8.249317960969762
anesthesia,5,1,0.9066347531233567,0.0677323218639935,2.574051254565891,2.3612520482823336,8.249317960969762
dsp,5,1,0.9066347531233567,0.0677323218639935,2.574051254565891,2.3612520482823336,8.249317960969762
tele-mentoring,5,1,0.9066347531233567,0.0677323218639935,2.574051254565891,2.3612520482823336,8.249317960969762
meaning,6,3,1.087961703748028,0.2031969655919805,1.6595600943844158,2.361136830576357,6.0726088767626365
chemokine,5,1,0.9066347531233567,0.0677323218639935,2.5753277553606164,2.360787888319538,8.249317960969762
sleep-onset,5,1,0.9066347531233567,0.0677323218639935,2.5753277553606164,2.360787888319538,8.249317960969762
flexibility,6,3,1.087961703748028,0.2031969655919805,1.6611449192552215,2.3602506730127524,6.0726088767626365
rising,6,3,1.087961703748028,0.2031969655919805,1.6616748868206876,2.3599551350698444,6.0726088767626365
benchmark,6,3,1.087961703748028,0.2031969655919805,1.6619401891537073,2.35980733739985,6.0726088767626365
incremental,6,3,1.087961703748028,0.2031969655919805,1.6619401891537073,2.35980733739985,6.0726088767626365
interim,6,3,1.087961703748028,0.2031969655919805,1.6632698969289894,2.3590680604315057,6.0726088767626365
prospectively,6,3,1.087961703748028,0.2031969655919805,1.6638032765285775,2.358772214188375,6.0726088767626365
innate,6,3,1.087961703748028,0.2031969655919805,1.6640702880741127,2.358624261875157,6.0726088767626365
harmonize,6,3,1.087961703748028,0.2031969655919805,1.664337514474667,2.3584762900453637,6.0726088767626365
electrophysiology,6,3,1.087961703748028,0.2031969655919805,1.664337514474667,2.3584762900453637,6.0726088767626365
csf,6,3,1.087961703748028,0.2031969655919805,1.664337514474667,2.3584762900453637,6.0726088767626365
apprenticeship,10,9,1.8132695062467135,0.6095908967759415,1.0781778844665624,2.3557896874304363,5.468616098680824
aac,29,44,5.258481568115469,2.980222162015714,0.559489789469251,2.3470115661669912,5.358402998085257
stress,31,48,5.621135469364812,3.251151449471688,0.5390688366375658,2.346780723304434,5.371001394582802
epidemiology,17,21,3.082558160619413,1.4223787591438635,0.7634884444443593,2.3464545801347603,5.345324463277471
significance,8,6,1.4506156049973709,0.406393931183961,1.2589661323670196,2.340939195914887,5.521281548957782
positions,8,6,1.4506156049973709,0.406393931183961,1.2598294857825074,2.3389120534945946,5.521281548957782
distinguishing,8,6,1.4506156049973709,0.406393931183961,1.2602965518802165,2.3378199858937885,5.521281548957782
diet,19,25,3.4452120618687556,1.6933080465998376,0.7009368563363454,2.310302054067149,5.17408406452317
observation,21,29,3.807865963118098,1.9642373340558115,0.6532647683724893,2.2884747743910068,5.0687222557877405
modify,5,2,0.9066347531233567,0.135464643727987,1.8807728973422524,2.2621846541142783,5.915056530077798
attributable,5,2,0.9066347531233567,0.135464643727987,1.8817229153840067,2.261834580250213,5.915056530077798
reasonable,5,2,0.9066347531233567,0.135464643727987,1.882675060779702,2.261484148657938,5.915056530077798
pressure,5,2,0.9066347531233567,0.135464643727987,1.8841072842675963,2.2609578260599865,5.915056530077798
turnover,5,2,0.9066347531233567,0.135464643727987,1.8850647813219101,2.260606491186678,5.915056530077798
respiratory,5,2,0.9066347531233567,0.135464643727987,1.8850647813219101,2.260606491186678,5.915056530077798
transparent,5,2,0.9066347531233567,0.135464643727987,1.8850647813219101,2.260606491186678,5.915056530077798
confined,5,2,0.9066347531233567,0.135464643727987,1.8860244324492772,2.2602547913810436,5.915056530077798
realworld,5,2,0.9066347531233567,0.135464643727987,1.8860244324492772,2.2602547913810436,5.915056530077798
caregiver-reported,5,2,0.9066347531233567,0.135464643727987,1.8865050682014495,2.2600788039762887,5.915056530077798
charter,5,2,0.9066347531233567,0.135464643727987,1.8865050682014495,2.2600788039762887,5.915056530077798
institutional,9,8,1.6319425556220422,0.541858574911948,1.0900558189364506,2.256374572131559,5.008373280292809
scores,7,5,1.2692886543726996,0.3386616093199675,1.299966862534303,2.2555155589619966,5.103036960976498
milestones,12,13,2.175923407496056,0.8805201842319155,0.8944133571607136,2.245658910032194,4.885827577982324
specified,7,5,1.2692886543726996,0.3386616093199675,1.3059787320315515,2.244619881315145,5.103036960976498
sustain,7,5,1.2692886543726996,0.3386616093199675,1.3076986995728568,2.241569290265949,5.103036960976498
cross-agency,7,5,1.2692886543726996,0.3386616093199675,1.3078807949262625,2.2412480177962055,5.103036960976498
strengthen,17,22,3.082558160619413,1.490111081007857,0.7185395477738101,2.23709351414434,4.814768070658486
contents,13,15,2.357250358120728,1.0159848279599024,0.8321557727728379,2.20856384293999,4.70372412843909
characterization,13,15,2.357250358120728,1.0159848279599024,0.8314057141807325,2.2007152841840694,4.70372412843909
aim,10,10,1.8132695062467135,0.677323218639935,0.9736313514723633,2.1977626343172383,4.664444135580871
map,10,10,1.8132695062467135,0.677323218639935,0.9736299365174528,2.1839515593379195,4.664444135580871
recurrence,10,10,1.8132695062467135,0.677323218639935,0.9736298111419153,2.182723582372763,4.664444135580871
contributing,22,32,3.9891929137427695,2.167434299647792,0.6016470017863247,2.180415945450878,4.60920071461967
materials,24,36,4.351846814992112,2.438363587103766,0.5718442919571745,2.1802248261134,4.592734852909823
recommends,15,19,2.7199042593700704,1.2869141154158765,0.7410211518810463,2.1629604739642647,4.462281816084008
dietary,8,7,1.4506156049973709,0.4741262530479545,1.1044887181830525,2.1557646222404903,4.549787504062422
transition-age,6,4,1.087961703748028,0.270929287455974,1.3703708779351587,2.1473363987192764,4.704408868790119
coaching,8,7,1.4506156049973709,0.4741262530479545,1.1060583814474967,2.1459153840719596,4.549787504062422
travel,8,7,1.4506156049973709,0.4741262530479545,1.1063141771101002,2.144328510240891,4.549787504062422
integrate,15,19,2.7199042593700704,1.2869141154158765,0.738555567042356,2.144233890620349,4.462281816084008
inflammation,8,7,1.4506156049973709,0.4741262530479545,1.1063426600215518,2.1441521229142833,4.549787504062422
weakness,8,7,1.4506156049973709,0.4741262530479545,1.106656783168141,2.1422109632525848,4.549787504062422
suited,8,7,1.4506156049973709,0.4741262530479545,1.106656783168141,2.1422109632525848,4.549787504062422
connected,6,4,1.087961703748028,0.270929287455974,1.3763888416126253,2.139742478023684,4.704408868790119
microbiota,6,4,1.087961703748028,0.270929287455974,1.3763888416126253,2.139742478023684,4.704408868790119
night,6,4,1.087961703748028,0.270929287455974,1.376787752355014,2.139246683334769,4.704408868790119
fail,6,4,1.087961703748028,0.270929287455974,1.3769209006691234,2.139081403768778,4.704408868790119
chosen,6,4,1.087961703748028,0.270929287455974,1.3771874649412172,2.138750822631422,4.704408868790119
housing,75,148,13.59952129685035,10.024383635871038,0.3002195819642921,2.1290517941721063,4.465741290388397
rsa,12,0,2.175923407496056,0.0,5.31471157870055,2.101240840118837,31.25105799470265
produced,12,14,2.175923407496056,0.948252506095909,0.8207286730956689,2.0947658412438575,4.248299082408558
supplements,21,31,3.807865963118098,2.0997019777837984,0.5873723829918802,2.0871511873692548,4.215281210809424
linkage,27,43,4.8958276668661265,2.9124898401517205,0.5107631061825959,2.085912547276852,4.259414340008014
platform,20,29,3.626539012493427,1.9642373340558115,0.6039136779574097,2.0830081774707385,4.227727308644917
launch,22,33,3.9891929137427695,2.2351666215117856,0.5708517487505569,2.0811223134614463,4.210006948500686
cdmrp,33,0,5.983789370614154,0.0,6.858279808697582,2.078461720843897,85.94040948543228
real,9,9,1.6319425556220422,0.6095908967759415,0.9736187801830916,2.0718361455959458,4.197999722022784
cytokine,9,9,1.6319425556220422,0.6095908967759415,0.9736187264520417,2.07128149790055,4.197999722022784
oxidative,9,9,1.6319425556220422,0.6095908967759415,0.9736186906313442,2.0709116503105087,4.197999722022784
warranted,9,9,1.6319425556220422,0.6095908967759415,0.9736186010796146,2.0699867424683545,4.197999722022784
required,32,54,5.802462419989483,3.657545380655649,0.4556538603563407,2.053555207122338,4.083822861984162
impairment,32,54,5.802462419989483,3.657545380655649,0.45506809099385315,2.0496559769483107,4.083822861984162
odep,5,3,0.9066347531233567,0.2031969655919805,1.474075437011635,2.0409494571014046,4.340597262649666
synthesis,5,3,0.9066347531233567,0.2031969655919805,1.4784529948069203,2.037380707708802,4.340597262649666
alzheimer's,5,3,0.9066347531233567,0.2031969655919805,1.4797181283602328,2.036360326092066,4.340597262649666
errors,5,3,0.9066347531233567,0.2031969655919805,1.4799296138806017,2.0361902302647157,4.340597262649666
frame,5,3,0.9066347531233567,0.2031969655919805,1.4805651550275627,2.0356798873538704,4.340597262649666
flexible,5,3,0.9066347531233567,0.2031969655919805,1.4814150827688355,2.0349993004520326,4.340597262649666
persistent,5,3,0.9066347531233567,0.2031969655919805,1.4814150827688355,2.0349993004520326,4.340597262649666
rarely,5,3,0.9066347531233567,0.2031969655919805,1.4814150827688355,2.0349993004520326,4.340597262649666
axis,5,3,0.9066347531233567,0.2031969655919805,1.481628019780187,2.0348291305043937,4.340597262649666
integrity,5,3,0.9066347531233567,0.2031969655919805,1.481628019780187,2.0348291305043937,4.340597262649666
safeguards,5,3,0.9066347531233567,0.2031969655919805,1.481841139299597,2.0346589512485864,4.340597262649666
paired,5,3,0.9066347531233567,0.2031969655919805,1.4820544415666372,2.034488762674898,4.340597262649666
predictable,5,3,0.9066347531233567,0.2031969655919805,1.4824815953040265,2.034148357534811,4.340597262649666
moves,5,3,0.9066347531233567,0.2031969655919805,1.4824815953040265,2.034148357534811,4.340597262649666
safely,7,6,1.2692886543726996,0.406393931183961,1.126988154241726,2.030775834987928,4.093626071190187
precisely,7,6,1.2692886543726996,0.406393931183961,1.127178748590815,2.0298480524503435,4.093626071190187
assume,7,6,1.2692886543726996,0.406393931183961,1.1272551194072147,2.02947683051797,4.093626071190187
iii,10,11,1.8132695062467135,0.7450555405039285,0.8792443853618046,2.0222461699545957,3.960565137945961
work,111,235,20.127291519338517,15.917095638038472,0.23011795481003894,2.007930323036547,4.030451633052685
output,17,0,3.082558160619413,0.0,6.0073952662409855,1.9993712286731997,44.27233215916209
present,34,59,6.165116321238826,3.9962069899756165,0.4267497270912015,1.9903070136258816,3.8750125180453097
convene,11,13,1.9945964568713848,0.8805201842319155,0.8076513559828395,1.9779017197577358,3.7947165384512305
fit,8,8,1.4506156049973709,0.541858574911948,0.9736086629001885,1.9646406742109397,3.7315553084646966
initiated,12,15,2.175923407496056,1.0159848279599024,0.7529659075230377,1.9552073678289752,3.676807402036898
continuum,8,8,1.4506156049973709,0.541858574911948,0.9736075345747448,1.9523211076333826,3.7315553084646966
regulated,8,8,1.4506156049973709,0.541858574911948,0.9736075345747448,1.9523211076333826,3.7315553084646966
true,12,15,2.175923407496056,1.0159848279599024,0.751693750528954,1.946214591525271,3.676807402036898
consequences,12,15,2.175923407496056,1.0159848279599024,0.75148029299773,1.9447122701952768,3.676807402036898
assistance,23,37,4.17051986436744,2.5060959089677595,0.5092173359073389,1.9418757978597365,3.503970365796114
approximately,26,43,4.714500716241456,2.9124898401517205,0.4777607314728014,1.9381047900170838,3.5836249724878897
dashboard,42,0,7.615731926236196,0.0,7.403811102242025,1.927182638699211,109.37870298145927
workplans,42,0,7.615731926236196,0.0,7.403811102242025,1.927182638699211,109.37870298145927
limited,61,120,11.060943988104952,8.12787862367922,0.30162267250331176,1.9253915572918592,3.7016455337288967
congress,22,35,3.9891929137427695,2.3706312652397727,0.517966813765744,1.922861034804693,3.4832346442169886
investigation,27,45,4.8958276668661265,3.0479544838797077,0.46551599534337296,1.9176916332619738,3.614797824100677
distributed,6,5,1.087961703748028,0.3386616093199675,1.1536796245509588,1.9171508370781545,3.64121726539474
systematically,6,5,1.087961703748028,0.3386616093199675,1.1544709936311062,1.9142176265479598,3.64121726539474
receptive,6,5,1.087961703748028,0.3386616093199675,1.154523999778652,1.91402193766286,3.64121726539474
acquired,6,5,1.087961703748028,0.3386616093199675,1.15463010564617,1.9136305067577386,3.64121726539474
suitable,6,5,1.087961703748028,0.3386616093199675,1.1551625136286088,1.9116722885761723,3.64121726539474
intentional,6,5,1.087961703748028,0.3386616093199675,1.1552159272983644,1.9114763691684211,3.64121726539474
savings,6,5,1.087961703748028,0.3386616093199675,1.1552159272983644,1.9114763691684211,3.64121726539474
flags,6,5,1.087961703748028,0.3386616093199675,1.1552693725109382,1.9112804320023684,3.64121726539474
point,24,39,4.351846814992112,2.6415605526957466,0.4919035772475402,1.9039197523396385,3.5278865322192576
advanced,15,21,2.7199042593700704,1.4223787591438635,0.6391617946113062,1.8964872390778669,3.492251703014057
operational,38,0,6.890424123737511,0.0,7.327881236187212,1.8844546442851737,98.96168364989173
compact,39,0,7.071751074362182,0.0,7.403757580563496,1.8570662335115302,101.56593848278361
clarification,10,12,1.8132695062467135,0.812787862367922,0.7919654361811386,1.8530822144605341,3.3434814708176654
comparative-effectiveness,38,0,6.890424123737511,0.0,7.403739740641314,1.8330986676157328,98.96168364989173
napti,38,0,6.890424123737511,0.0,7.403739740641314,1.8330986676157328,98.96168364989173
arise,7,7,1.2692886543726996,0.4741262530479545,0.9735965578883494,1.8281469904478338,3.265110894906609
cooccurring,7,7,1.2692886543726996,0.4741262530479545,0.9735963250652997,1.8254217207491739,3.265110894906609
biomarker-defined,37,0,6.7090971731128395,0.0,7.403721901037777,1.8088137846102332,96.35742881699984
analytic,12,16,2.175923407496056,1.083717149823896,0.6877496659510332,1.8067871068266763,3.16465697797193
longitudinal,45,86,8.15971277811021,5.824979680303441,0.3309195639453426,1.8063334010181522,3.2280618862796935
integrated,20,32,3.626539012493427,2.167434299647792,0.5093149258151852,1.798424245687312,3.10504433970282
producing,5,4,0.9066347531233567,0.270929287455974,1.1940113936870436,1.7910273340300784,3.1950789973315414
composition,5,4,0.9066347531233567,0.270929287455974,1.1948023452143417,1.788954324285694,3.1950789973315414
boundaries,5,4,0.9066347531233567,0.270929287455974,1.1950407437557402,1.7883320324152883,3.1950789973315414
clarity,5,4,0.9066347531233567,0.270929287455974,1.1953594125423077,1.7875020304126124,3.1950789973315414
completeness,5,4,0.9066347531233567,0.270929287455974,1.1955190926606196,1.787086909561876,3.1950789973315414
refinement,5,4,0.9066347531233567,0.270929287455974,1.1957590464078667,1.7864640783992476,3.1950789973315414
population-level,5,4,0.9066347531233567,0.270929287455974,1.1957590464078667,1.7864640783992476,3.1950789973315414
neuroinflammation,5,4,0.9066347531233567,0.270929287455974,1.1959995219531976,1.785841067293181,3.1950789973315414
eligibility,15,22,2.7199042593700704,1.490111081007857,0.5945147070586216,1.7849588168601052,3.0683936024694827
synaptic,14,20,2.538577308745399,1.35464643727987,0.6192641355239505,1.7831256958810615,3.0855142160939426
limitations,15,22,2.7199042593700704,1.490111081007857,0.5932337214252854,1.777970279501697,3.0683936024694827
theory,8,9,1.4506156049973709,0.6095908967759415,0.8566203366277261,1.768973543280283,3.038896750306903
benefits,67,138,12.14890569185298,9.347060417231104,0.25998251847983767,1.7584449632086312,3.0012162598123915
remained,9,11,1.6319425556220422,0.7450555405039285,0.7765578121805206,1.7437464973905896,2.895302279449239
implementation-ready,34,0,6.165116321238826,0.0,7.403668384138921,1.7339210389675426,88.54466431832418
stable,9,11,1.6319425556220422,0.7450555405039285,0.7747784838102785,1.7318520021143466,2.895302279449239
laboratory,9,11,1.6319425556220422,0.7450555405039285,0.774167443802094,1.727799729022835,2.895302279449239
recruitment,10,13,1.8132695062467135,0.8805201842319155,0.714122547662539,1.7073728287371326,2.802317487836608
analyzed,6,6,1.087961703748028,0.406393931183961,0.9735864590122674,1.7059410225984828,2.7986664813485227
largely,10,13,1.8132695062467135,0.8805201842319155,0.7135007619793079,1.7038014144427323,2.802317487836608
actual,6,6,1.087961703748028,0.406393931183961,0.973586065012908,1.7009953665702175,2.7986664813485227
vocational,19,31,3.4452120618687556,2.0997019777837984,0.49056638490157933,1.6958216709730805,2.7525565586204657
complete,19,31,3.4452120618687556,2.0997019777837984,0.49050226193951385,1.695478930846285,2.7525565586204657
unnecessary,6,6,1.087961703748028,0.406393931183961,0.9735852949242414,1.6912871231225823,2.7986664813485227
arrangements,6,6,1.087961703748028,0.406393931183961,0.973585187470114,1.6899280529808018,2.7986664813485227
sequenced,6,6,1.087961703748028,0.406393931183961,0.9735851516520775,1.6894747867821847,2.7986664813485227
interface,6,6,1.087961703748028,0.406393931183961,0.9735851337430592,1.6892481080995303,2.7986664813485227
praxis,32,0,5.802462419989483,0.0,7.403632707799369,1.6821423859557554,83.3361546525404
rcdc,20,0,3.626539012493427,0.0,6.7630159280560225,1.6732527084134028,52.08509665783775
emerging,32,59,5.802462419989483,3.9962069899756165,0.3658410117712858,1.672432476227696,2.7681604979839687
economic,15,23,2.7199042593700704,1.5578434028718504,0.5506375964487145,1.6683636234616475,2.6814152868177406
ocr,25,0,4.533173765616784,0.0,7.096603890862413,1.6615267243667657,65.1063708222972
tier,31,0,5.621135469364812,0.0,7.403614870107463,1.6556463100430625,80.73189981964852
instruction,7,8,1.2692886543726996,0.541858574911948,0.8420206989204395,1.6390927990045283,2.580310974076516
durability,28,0,5.077154617490798,0.0,7.3019515449065855,1.6327710509622781,72.91913532097286
coding,7,8,1.2692886543726996,0.541858574911948,0.8412311864691357,1.6326394644840652,2.580310974076516
treatable,26,0,4.714500716241456,0.0,7.227945289687703,1.6161121156928586,67.71062565518908
estimates,40,78,7.253078024986854,5.283121105391493,0.3123507444247009,1.6150818619219132,2.558262861136333
substance,8,10,1.4506156049973709,0.677323218639935,0.7557751766576075,1.6129781250076745,2.451204934691269
chip,8,10,1.4506156049973709,0.677323218639935,0.7535189104721045,1.599770517405219,2.451204934691269
quality,127,286,23.028522729333258,19.37144405310214,0.16924594157236061,1.5957268098195654,2.5700823720050217
reported,48,97,8.703693629984224,6.570035220807369,0.27823451607487026,1.5871384671503685,2.4541689355379575
prior,18,30,3.2638851112440843,2.031969655919805,0.46828344871081207,1.5798659579648735,2.4098652160671197
tracked,9,0,1.6319425556220422,0.0,5.778416460439548,1.5689506890886147,23.438293496026986
reduced,17,28,3.082558160619413,1.896505012191818,0.47897381789685234,1.565145635069083,2.379206828923543
dose,9,12,1.6319425556220422,0.812787862367922,0.6874788439562725,1.563422347007094,2.3734927334789475
combine,9,12,1.6319425556220422,0.812787862367922,0.6873899930546852,1.5629711379968982,2.3734927334789475
avoid,9,12,1.6319425556220422,0.812787862367922,0.6873010866211686,1.562519824409479,2.3734927334789475
served,5,5,0.9066347531233567,0.3386616093199675,0.9735752858431077,1.5596200617947735,2.3322220677904353
tribal,8,0,1.4506156049973709,0.0,5.619479516681475,1.5575234586802416,20.8340386631351
injury,10,14,1.8132695062467135,0.948252506095909,0.6404224809105639,1.554671202696257,2.3281678020093706
accuracy,10,14,1.8132695062467135,0.948252506095909,0.6396509839562441,1.5509383641171184,2.3281678020093706
dollars,13,20,2.357250358120728,1.35464643727987,0.5485851687463477,1.5508430014320946,2.2993540650860567
recognizing,10,14,1.8132695062467135,0.948252506095909,0.6390585800982684,1.5480793107539168,2.3281678020093706
reimbursement,10,14,1.8132695062467135,0.948252506095909,0.6386014404508682,1.545877357579346,2.3281678020093706
publishing,5,5,0.9066347531233567,0.3386616093199675,0.9735742471439597,1.5453139915273368,2.3322220677904353
corrections,5,5,0.9066347531233567,0.3386616093199675,0.9735741576010408,1.5440745067047703,2.3322220677904353
express,5,5,0.9066347531233567,0.3386616093199675,0.973574050149562,1.5425858108804227,2.3322220677904353
biochemical,5,5,0.9066347531233567,0.3386616093199675,0.9735740143324083,1.5420892597182607,2.3322220677904353
window,15,24,2.7199042593700704,1.625575724735844,0.5057124264008834,1.5401419858150038,2.3287832547771217
independently,12,18,2.175923407496056,1.219181793551883,0.5713087209587755,1.539317924632202,2.2963674264549114
rule,13,20,2.357250358120728,1.35464643727987,0.5458571820673406,1.5379101510989952,2.2993540650860567
recorded,13,0,2.357250358120728,0.0,6.415621824960354,1.5223944099006408,33.85531282759454
stand-alone,24,0,4.351846814992112,0.0,7.285908661309027,1.5204245413679354,62.5021159894053
features,39,77,7.071751074362182,5.215388783527499,0.2976400102430983,1.5197755275725509,2.314786833447261
funds,22,40,3.9891929137427695,2.70929287455974,0.3947433021674378,1.5140311824495487,2.036298971150206
durable,23,0,4.17051986436744,0.0,7.243410116521262,1.511496539361485,59.897861156513414
postsecondary,6,7,1.087961703748028,0.4741262530479545,0.8249207040408972,1.5100827133558306,2.124149541204279
maturity,19,0,3.4452120618687556,0.0,6.981392856457634,1.5093864094096197,49.48084182494586
surveillance,82,180,14.86880995122305,12.19181793551883,0.19665986485174436,1.4864007036151148,2.162893721209816
enacted,6,7,1.087961703748028,0.4741262530479545,0.8206872455585312,1.4812407405636545,2.124149541204279
managed,6,7,1.087961703748028,0.4741262530479545,0.8206493741379095,1.480987637426261,2.124149541204279
matched,6,7,1.087961703748028,0.4741262530479545,0.8206114839322467,1.4807344938676552,2.124149541204279
organizes,6,7,1.087961703748028,0.4741262530479545,0.8204217506373368,1.479468169106826,2.124149541204279
stronger,6,7,1.087961703748028,0.4741262530479545,0.8203076843408486,1.4787078880066784,2.124149541204279
ascertainment,6,7,1.087961703748028,0.4741262530479545,0.8201171954244035,1.4774399408179315,2.124149541204279
transparency,15,0,2.7199042593700704,0.0,6.7117944855515965,1.4753458796768981,39.06382249337831
intolerance,23,0,4.17051986436744,0.0,7.320230874215051,1.4699661235005446,59.897861156513414
education,105,238,19.03932981559049,16.120292603630453,0.17014721610812078,1.468265044791962,1.9734209901387096
processing,17,29,3.082558160619413,1.9642373340558115,0.44445478624706425,1.4623881556805718,2.078306303565629
abstract,8,0,1.4506156049973709,0.0,5.85109183652726,1.4443551054105739,20.8340386631351
intellectual,65,140,11.786251790603638,9.482525060959091,0.21491549922902298,1.4413095072319846,2.0416585151006252
jurisdictions,11,0,1.9945964568713848,0.0,6.338492917000119,1.4379386625857737,28.646803161810762
according,14,23,2.538577308745399,1.5578434028718504,0.4828471583401015,1.43327627918581,1.9778822536195024
speech-motor,23,0,4.17051986436744,0.0,7.403472180039614,1.4260746712748624,59.897861156513414
onset,14,23,2.538577308745399,1.5578434028718504,0.4808529101034509,1.4242374580672443,1.9778822536195024
altered,14,23,2.538577308745399,1.5578434028718504,0.48071937265509845,1.4236337593940913,1.9778822536195024
offered,8,11,1.4506156049973709,0.7450555405039285,0.6579727001959341,1.4225953710145989,1.9526794552176767
relevance,8,11,1.4506156049973709,0.7450555405039285,0.6578102678727777,1.4218663907177542,1.9526794552176767
neurologic,20,0,3.626539012493427,0.0,7.221419776722569,1.4206965016692885,52.08509665783775
understood,8,11,1.4506156049973709,0.7450555405039285,0.657376290238842,1.4199210383590761,1.9526794552176767
principles,14,23,2.538577308745399,1.5578434028718504,0.4797378390762166,1.4192023751576357,1.9778822536195024
explanation,16,0,2.9012312099947417,0.0,6.918847440151728,1.4162679448088138,41.6680773262702
handwriting,17,0,3.082558160619413,0.0,7.0184616971132865,1.4089341932972272,44.27233215916209
subset,12,19,2.175923407496056,1.2869141154158765,0.5167850052844134,1.4059521210514865,1.931079875073963
ratio,11,17,1.9945964568713848,1.1514494716878896,0.5411665957554881,1.4034775370233061,1.9175314408765152
lifelong,10,15,1.8132695062467135,1.0159848279599024,0.5706468221910193,1.4023848334069926,1.9136395220457638
yield,11,17,1.9945964568713848,1.1514494716878896,0.5402436068834682,1.3994994781598735,1.9175314408765152
morbidity,6,0,1.087961703748028,0.0,5.515149517787906,1.3946918878486987,15.625528997351324
equipment,14,0,2.538577308745399,0.0,6.785654461112232,1.3887454335492728,36.45956766048643
effects,77,170,13.962175198099693,11.514494716878895,0.18873622677933444,1.3812712273425627,1.9195988950276508
establishes,18,0,3.2638851112440843,0.0,7.158708647726936,1.3786200114891003,46.87658699205397
barriers,57,122,10.335636185606267,8.263343267407206,0.2186525060027451,1.3691409927440372,1.8903393864302949
prescribing,21,0,3.807865963118098,0.0,7.403436510707624,1.362654966182143,54.689351490729635
universal,17,30,3.082558160619413,2.031969655919805,0.4088714834965099,1.351117295562787,1.8029032832366854
neurodevelopmental,29,57,5.258481568115469,3.8607423462476294,0.3048595216665486,1.3445085546460325,1.7690211362565282
occupational,15,26,2.7199042593700704,1.761040368463831,0.43107170175181686,1.3395652338768207,1.7176749093639394
neural-circuit,20,0,3.626539012493427,0.0,7.403418676519313,1.329811877500287,52.08509665783775
alpha,17,0,3.082558160619413,0.0,7.192435655211231,1.323568495262267,44.27233215916209
abnormal,15,26,2.7199042593700704,1.761040368463831,0.42691702998244097,1.3211173475850588,1.7176749093639394
affecting,5,6,0.9066347531233567,0.406393931183961,0.7932174024170493,1.317173094692971,1.6717407354088327
applying,5,6,0.9066347531233567,0.406393931183961,0.7925825765960486,1.313784422021917,1.6717407354088327
explicitly,5,6,0.9066347531233567,0.406393931183961,0.7921035105397589,1.3112376827724472,1.6717407354088327
complexity,14,24,2.538577308745399,1.625575724735844,0.4374804838300914,1.3046837916788594,1.6778878769532728
mental-health,19,0,3.4452120618687556,0.0,7.4034008426494395,1.2961371664950747,49.48084182494586
evidentiary,19,0,3.4452120618687556,0.0,7.4034008426494395,1.2961371664950747,49.48084182494586
motor-access,19,0,3.4452120618687556,0.0,7.4034008426494395,1.2961371664950747,49.48084182494586
toolkit,6,8,1.087961703748028,0.541858574911948,0.6905920528724323,1.2895933092448155,1.582328488985965
scientifically,16,0,2.9012312099947417,0.0,7.180607078700847,1.2895310992127336,41.6680773262702
plan's,6,8,1.087961703748028,0.541858574911948,0.688557933812934,1.2810769358468064,1.582328488985965
competency,6,8,1.087961703748028,0.541858574911948,0.6876961322671136,1.2774919690751663,1.582328488985965
informative,6,8,1.087961703748028,0.541858574911948,0.6875630817244911,1.2769397181446467,1.582328488985965
structure,30,60,5.439808518740141,4.06393931183961,0.2844398817192646,1.276241119987311,1.6417928680491656
fta,9,0,1.6319425556220422,0.0,6.425078573900064,1.2625463978063773,23.438293496026986
intensity,7,10,1.2692886543726996,0.677323218639935,0.6196499368333921,1.2624691470047797,1.5427571080469713
leucovorin,18,0,3.2638851112440843,0.0,7.403383009097997,1.2615642398713132,46.87658699205397
ndr,18,0,3.2638851112440843,0.0,7.403383009097997,1.2615642398713132,46.87658699205397
deterioration,18,0,3.2638851112440843,0.0,7.403383009097997,1.2615642398713132,46.87658699205397
continuous,7,10,1.2692886543726996,0.677323218639935,0.6188297170325736,1.259279534483432,1.5427571080469713
duration,8,12,1.4506156049973709,0.812787862367922,0.5708571803145173,1.2551642329725516,1.5309116176366109
applied,21,40,3.807865963118098,2.70929287455974,0.33560032523830063,1.252354305402347,1.5341708913235639
confirmatory,17,0,3.082558160619413,0.0,7.346301668781237,1.2517781709539684,44.27233215916209
careful,9,14,1.6319425556220422,0.948252506095909,0.53354020522257,1.2514841290705643,1.5361034252490233
interacting,8,12,1.4506156049973709,0.812787862367922,0.5697247712196294,1.2508231910739427,1.5309116176366109
concerns,56,122,10.154309234981596,8.263343267407206,0.20062471015728178,1.2482905742606865,1.5868039697443486
anxiety,37,77,6.7090971731128395,5.215388783527499,0.24664804622407388,1.2388475703431145,1.5360724079553076
nonspeakers,17,0,3.082558160619413,0.0,7.403365175864973,1.2260171125932728,44.27233215916209
post-meal,17,0,3.082558160619413,0.0,7.403365175864973,1.2260171125932728,44.27233215916209
communication-access,17,0,3.082558160619413,0.0,7.403365175864973,1.2260171125932728,44.27233215916209
civil-rights,17,0,3.082558160619413,0.0,7.403365175864973,1.2260171125932728,44.27233215916209
decompensation,17,0,3.082558160619413,0.0,7.403365175864973,1.2260171125932728,44.27233215916209
motility,17,0,3.082558160619413,0.0,7.403365175864973,1.2260171125932728,44.27233215916209
avoidable,17,0,3.082558160619413,0.0,7.403365175864973,1.2260171125932728,44.27233215916209
case,15,27,2.7199042593700704,1.8287726903278245,0.392257411199342,1.2255522417827462,1.4552855333369257
growth,26,52,4.714500716241456,3.522080736927662,0.2889869955667148,1.2117381471874835,1.4228871523092845
off-label,13,0,2.357250358120728,0.0,7.0784917993186784,1.2058289703997593,33.85531282759454
credible,15,0,2.7199042593700704,0.0,7.278381471677319,1.2051903153172603,39.06382249337831
plausible,16,0,2.9012312099947417,0.0,7.4033473429503545,1.1894084418282742,41.6680773262702
high-support,16,0,2.9012312099947417,0.0,7.4033473429503545,1.1894084418282742,41.6680773262702
governs,13,0,2.357250358120728,0.0,7.135526173205713,1.1813701860182138,33.85531282759454
preserve,15,0,2.7199042593700704,0.0,7.33889854713696,1.1789910293861179,39.06382249337831
justify,14,0,2.538577308745399,0.0,7.270010749990215,1.1678527282729467,36.45956766048643
expected,12,21,2.175923407496056,1.4223787591438635,0.41991314832802296,1.1672204413105485,1.3196052782363266
respond,12,21,2.175923407496056,1.4223787591438635,0.41838397769369173,1.1612069310301651,1.3196052782363266
recognize,17,32,3.082558160619413,2.167434299647792,0.3457717370205309,1.1569486815694006,1.3232001144059042
escalation,15,0,2.7199042593700704,0.0,7.40332951035413,1.151636997781262,39.06382249337831
adhd,10,17,1.8132695062467135,1.1514494716878896,0.45120593174413237,1.1419015579635075,1.2395442718790362
primarily,4,5,0.7253078024986854,0.3386616093199675,0.755851776079135,1.1409703772791346,1.2256024673456345
overshadowing,14,0,2.538577308745399,0.0,7.334434045495735,1.1408543435499532,36.45956766048643
supplemental,4,5,0.7253078024986854,0.3386616093199675,0.7553893778306318,1.1390445715634854,1.2256024673456345
teaching,4,5,0.7253078024986854,0.3386616093199675,0.7535984400887017,1.13163574793096,1.2256024673456345
completing,4,5,0.7253078024986854,0.3386616093199675,0.7535984400887017,1.13163574793096,1.2256024673456345
respective,4,5,0.7253078024986854,0.3386616093199675,0.7525730567083642,1.1274293286472807,1.2256024673456345
parameters,4,5,0.7253078024986854,0.3386616093199675,0.7524937835101362,1.127105189998972,1.2256024673456345
compliance,4,5,0.7253078024986854,0.3386616093199675,0.7524144532104167,1.1267809699337419,1.2256024673456345
gives,4,5,0.7253078024986854,0.3386616093199675,0.7522556210584863,1.1261322853246802,1.2256024673456345
gestures,4,5,0.7253078024986854,0.3386616093199675,0.7521761190820424,1.1258078206667725,1.2256024673456345
wider,4,5,0.7253078024986854,0.3386616093199675,0.7517777477021728,1.124184271556144,1.2256024673456345
heritability,4,5,0.7253078024986854,0.3386616093199675,0.7517777477021728,1.124184271556144,1.2256024673456345
routinely,4,5,0.7253078024986854,0.3386616093199675,0.7517777477021728,1.124184271556144,1.2256024673456345
precede,4,5,0.7253078024986854,0.3386616093199675,0.7516179959504221,1.123534278791678,1.2256024673456345
stratify,4,5,0.7253078024986854,0.3386616093199675,0.7515380334235751,1.1232091593680293,1.2256024673456345
assumption,4,5,0.7253078024986854,0.3386616093199675,0.7515380334235751,1.1232091593680293,1.2256024673456345
grouping,4,5,0.7253078024986854,0.3386616093199675,0.7514580130454664,1.1228839578399294,1.2256024673456345
inclusive,9,15,1.6319425556220422,1.0159848279599024,0.4696240764244397,1.1220183807110282,1.2049326080335598
carnitine,4,5,0.7253078024986854,0.3386616093199675,0.7511373517575564,1.1215823295278715,1.2256024673456345
ssi,5,7,0.9066347531233567,0.4741262530479545,0.6464236100892329,1.120190430611575,1.1640839010046853
specialists,9,15,1.6319425556220422,1.0159848279599024,0.468854287706467,1.119253670485959,1.2049326080335598
functional-trajectory,14,0,2.538577308745399,0.0,7.403311678076289,1.1125843607765085,36.45956766048643
ihs,7,11,1.2692886543726996,0.7450555405039285,0.5310336800023254,1.1107596264665283,1.1553999662856116
warrant,9,15,1.6319425556220422,1.0159848279599024,0.465111403561675,1.1058819080208004,1.2049326080335598
therapists,5,7,0.9066347531233567,0.4741262530479545,0.6415526478583633,1.1032726475995596,1.1640839010046853
performed,5,7,0.9066347531233567,0.4741262530479545,0.6408319276662695,1.100795651733117,1.1640839010046853
drive,5,7,0.9066347531233567,0.4741262530479545,0.6401080438609021,1.0983144803956397,1.1640839010046853
enroll,8,13,1.4506156049973709,0.8805201842319155,0.4913834593990529,1.097565971091316,1.1759621774064124
probability,5,7,0.9066347531233567,0.4741262530479545,0.6396540006054909,1.096761619676347,1.1640839010046853
distinguished,5,7,0.9066347531233567,0.4741262530479545,0.6396540006054909,1.096761619676347,1.1640839010046853
peripheral,5,7,0.9066347531233567,0.4741262530479545,0.6393809753713793,1.0958291149472983,1.1640839010046853
red,6,9,1.087961703748028,0.6095908967759415,0.5731526951314123,1.09468710363889,1.1481837132274557
trauma,5,7,0.9066347531233567,0.4741262530479545,0.6388335712731621,1.0939623271900702,1.1640839010046853
modalities,8,13,1.4506156049973709,0.8805201842319155,0.4903083142057696,1.0938527103298201,1.1759621774064124
person's,7,11,1.2692886543726996,0.7450555405039285,0.5259894951700641,1.0935890675488071,1.1553999662856116
limiting,5,7,0.9066347531233567,0.4741262530479545,0.6386507009376103,1.0933395366193008,1.1640839010046853
production,5,7,0.9066347531233567,0.4741262530479545,0.6386507009376103,1.0933395366193008,1.1640839010046853
repeatedly,5,7,0.9066347531233567,0.4741262530479545,0.638284354795589,1.0920931617246248,1.1640839010046853
regardless,6,9,1.087961703748028,0.6095908967759415,0.5719234424192354,1.0905781343103573,1.1481837132274557
initiate,7,11,1.2692886543726996,0.7450555405039285,0.5248342704774522,1.0896892796213113,1.1553999662856116
duty,6,9,1.087961703748028,0.6095908967759415,0.5714825686202953,1.0891081594559007,1.1481837132274557
leaving,6,9,1.087961703748028,0.6095908967759415,0.5712175733912801,1.0882255444442008,1.1481837132274557
ethnically,6,9,1.087961703748028,0.6095908967759415,0.571040713233522,1.087636871494745,1.1481837132274557
door,11,0,1.9945964568713848,0.0,7.162536043363842,1.0761642784372498,28.646803161810762
transport,11,0,1.9945964568713848,0.0,7.162536043363842,1.0761642784372498,28.646803161810762
allergic,13,0,2.357250358120728,0.0,7.403293846116819,1.0721105339581216,33.85531282759454
refusal,13,0,2.357250358120728,0.0,7.403293846116819,1.0721105339581216,33.85531282759454
flares,13,0,2.357250358120728,0.0,7.403293846116819,1.0721105339581216,33.85531282759454
post-infectious,13,0,2.357250358120728,0.0,7.403293846116819,1.0721105339581216,33.85531282759454
malabsorption,13,0,2.357250358120728,0.0,7.403293846116819,1.0721105339581216,33.85531282759454
repurposed,13,0,2.357250358120728,0.0,7.403293846116819,1.0721105339581216,33.85531282759454
destabilization,13,0,2.357250358120728,0.0,7.403293846116819,1.0721105339581216,33.85531282759454
motor-planning,13,0,2.357250358120728,0.0,7.403293846116819,1.0721105339581216,33.85531282759454
near-term,13,0,2.357250358120728,0.0,7.403293846116819,1.0721105339581216,33.85531282759454
hydration,13,0,2.357250358120728,0.0,7.403293846116819,1.0721105339581216,33.85531282759454
directed,13,24,2.357250358120728,1.625575724735844,0.3667986094778861,1.0713305772257642,1.1173337123668121
exist,21,42,3.807865963118098,2.844757518287727,0.2848218066960202,1.069591178982503,1.149255007634415
scale,17,33,3.082558160619413,2.2351666215117856,0.31606151413130945,1.0639653345340645,1.1164683669438888
text-based,12,0,2.175923407496056,0.0,7.323367747915709,1.060464969869952,31.25105799470265
sites,28,59,5.077154617490798,3.9962069899756165,0.24016117213050592,1.0564438187307206,1.0559134972144602
quarterly,6,0,1.087961703748028,0.0,6.3646684978599275,1.0524605509855718,15.625528997351324
reflux,11,0,1.9945964568713848,0.0,7.236497398005,1.047802736494481,28.646803161810762
proportion,9,16,1.6319425556220422,1.083717149823896,0.42305922286875663,1.0403746992443856,0.9238366028375937
expansion,16,31,2.9012312099947417,2.0997019777837984,0.31772077757709916,1.0370846015082584,1.062375945362172
formulation,10,0,1.8132695062467135,0.0,7.1413599803969365,1.0339292598920031,26.042548328918876
run,6,0,1.087961703748028,0.0,6.425024994181232,1.0308562205311984,15.625528997351324
supported-living,12,0,2.175923407496056,0.0,7.403276014475711,1.0300480018772096,31.25105799470265
repurposing,12,0,2.175923407496056,0.0,7.403276014475711,1.0300480018772096,31.25105799470265
autism-competent,12,0,2.175923407496056,0.0,7.403276014475711,1.0300480018772096,31.25105799470265
investigational,12,0,2.175923407496056,0.0,7.403276014475711,1.0300480018772096,31.25105799470265
unresolved,12,0,2.175923407496056,0.0,7.403276014475711,1.0300480018772096,31.25105799470265
ordinary,12,0,2.175923407496056,0.0,7.403276014475711,1.0300480018772096,31.25105799470265
catatonia-like,12,0,2.175923407496056,0.0,7.403276014475711,1.0300480018772096,31.25105799470265
narrow,8,0,1.4506156049973709,0.0,6.844798169420729,1.0280308795761073,20.8340386631351
gates,11,0,1.9945964568713848,0.0,7.316393466671379,1.0178852943724201,28.646803161810762
subclinical,11,0,1.9945964568713848,0.0,7.316393466671379,1.0178852943724201,28.646803161810762
agency's,6,0,1.087961703748028,0.0,6.489295317922718,1.0082406510202413,15.625528997351324
stop,7,0,1.2692886543726996,0.0,6.711651692901269,1.0078316641625975,18.229783830243214
prevent,18,36,3.2638851112440843,2.438363587103766,0.2868533423677029,0.9990222303956189,0.9850757208294993
causal,15,29,2.7199042593700704,1.9642373340558115,0.3169868730226142,0.9989725583558364,1.0083696651265592
establishing,10,18,1.8132695062467135,1.219181793551883,0.3901371152029185,0.9932685614539091,0.9701903555579516
treatment-responsive,11,0,1.9945964568713848,0.0,7.403258183152955,0.9861935039637851,28.646803161810762
stooling,11,0,1.9945964568713848,0.0,7.403258183152955,0.9861935039637851,28.646803161810762
pubertal,11,0,1.9945964568713848,0.0,7.403258183152955,0.9861935039637851,28.646803161810762
episodic,11,0,1.9945964568713848,0.0,7.403258183152955,0.9861935039637851,28.646803161810762
dosing,7,0,1.2692886543726996,0.0,6.78552953657818,0.9819732348525073,18.229783830243214
narrower,6,0,1.087961703748028,0.0,6.631859550914024,0.9594971201060511,15.625528997351324
labeling,9,0,1.6319425556220422,0.0,7.202910283544746,0.9593336887024662,23.438293496026986
destinations,7,0,1.2692886543726996,0.0,6.8653420628118464,0.9546556022193755,18.229783830243214
comments,8,14,1.4506156049973709,0.948252506095909,0.42019878200902205,0.9539739262338445,0.879736852157547
captured,8,14,1.4506156049973709,0.948252506095909,0.41926648825232427,0.950976505049505,0.879736852157547
limit,8,14,1.4506156049973709,0.948252506095909,0.4191815745770828,0.9507037943048467,0.879736852157547
entire,8,14,1.4506156049973709,0.948252506095909,0.418756605864667,0.9493396948189982,0.879736852157547
fixed,8,0,1.4506156049973709,0.0,7.0853557758649846,0.9435612217030861,20.8340386631351
overload,8,0,1.4506156049973709,0.0,7.0853557758649846,0.9435612217030861,20.8340386631351
motor-minimized,10,0,1.8132695062467135,0.0,7.403240352148535,0.9402963470446345,26.042548328918876
deprescribing,10,0,1.8132695062467135,0.0,7.403240352148535,0.9402963470446345,26.042548328918876
diet-responsive,10,0,1.8132695062467135,0.0,7.403240352148535,0.9402963470446345,26.042548328918876
adverse-event,10,0,1.8132695062467135,0.0,7.403240352148535,0.9402963470446345,26.042548328918876
denial,10,0,1.8132695062467135,0.0,7.403240352148535,0.9402963470446345,26.042548328918876
unclassified,10,0,1.8132695062467135,0.0,7.403240352148535,0.9402963470446345,26.042548328918876
plain-language,10,0,1.8132695062467135,0.0,7.403240352148535,0.9402963470446345,26.042548328918876
eeoc,10,0,1.8132695062467135,0.0,7.403240352148535,0.9402963470446345,26.042548328918876
immune-mediated,10,0,1.8132695062467135,0.0,7.403240352148535,0.9402963470446345,26.042548328918876
disseminate,7,12,1.2692886543726996,0.812787862367922,0.4406512551189312,0.9322976987143375,0.8389439384766364
narrative,9,0,1.6319425556220422,0.0,7.298041250635109,0.9268520760781181,23.438293496026986
omb,9,0,1.6319425556220422,0.0,7.298041250635109,0.9268520760781181,23.438293496026986
immunodeficiency,9,0,1.6319425556220422,0.0,7.298041250635109,0.9268520760781181,23.438293496026986
categorical,7,0,1.2692886543726996,0.0,6.952123205374162,0.9256726907266869,18.229783830243214
cumulative,7,12,1.2692886543726996,0.812787862367922,0.438196094976659,0.9247770263318015,0.8389439384766364
overlap,12,23,2.175923407496056,1.5578434028718504,0.327021991506685,0.921576178688556,0.847088184934143
document,15,30,2.7199042593700704,2.031969655919805,0.28768434527646924,0.9152687319108699,0.8208964340245828
fetal,6,10,1.087961703748028,0.677323218639935,0.4684833108335429,0.9128002278946928,0.8032884053557066
middle,6,10,1.087961703748028,0.677323218639935,0.46806185191981164,0.9115670424846357,0.8032884053557066
nia,5,0,0.9066347531233567,0.0,6.529938504987083,0.9075183672752852,13.021274164459438
integrating,6,10,1.087961703748028,0.677323218639935,0.4657309312469007,0.9047687299720347,0.8032884053557066
diffusion,6,10,1.087961703748028,0.677323218639935,0.4654113767150285,0.9038396078368963,0.8032884053557066
heart,5,8,0.9066347531233567,0.541858574911948,0.5101212784193176,0.9015867663922035,0.776261084925705
reached,4,6,0.7253078024986854,0.406393931183961,0.5756157528528156,0.9005873702748218,0.7654558088183054
actively,5,8,0.9066347531233567,0.541858574911948,0.5090588037257167,0.8986067524475311,0.776261084925705
immunology,7,0,1.2692886543726996,0.0,7.047203097739322,0.8947674929984566,18.229783830243214
workflow,7,0,1.2692886543726996,0.0,7.047203097739322,0.8947674929984566,18.229783830243214
occurred,5,8,0.9066347531233567,0.541858574911948,0.5075153358667617,0.8942921254110969,0.776261084925705
standard-of-care,9,0,1.6319425556220422,0.0,7.403222521462441,0.8920412911747343,23.438293496026986
folate-transport,9,0,1.6319425556220422,0.0,7.403222521462441,0.8920412911747343,23.438293496026986
whole-of-plan,9,0,1.6319425556220422,0.0,7.403222521462441,0.8920412911747343,23.438293496026986
inflammasome,9,0,1.6319425556220422,0.0,7.403222521462441,0.8920412911747343,23.438293496026986
access-attainment,9,0,1.6319425556220422,0.0,7.403222521462441,0.8920412911747343,23.438293496026986
sweating,9,0,1.6319425556220422,0.0,7.403222521462441,0.8920412911747343,23.438293496026986
taxonomy,9,0,1.6319425556220422,0.0,7.403222521462441,0.8920412911747343,23.438293496026986
sleep-potentiated,9,0,1.6319425556220422,0.0,7.403222521462441,0.8920412911747343,23.438293496026986
stress-responsive,9,0,1.6319425556220422,0.0,7.403222521462441,0.8920412911747343,23.438293496026986
prespecified,9,0,1.6319425556220422,0.0,7.403222521462441,0.8920412911747343,23.438293496026986
nlrp,9,0,1.6319425556220422,0.0,7.403222521462441,0.8920412911747343,23.438293496026986
durability-qualified,9,0,1.6319425556220422,0.0,7.403222521462441,0.8920412911747343,23.438293496026986
feedback,4,6,0.7253078024986854,0.406393931183961,0.572347612700483,0.8916279801779976,0.7654558088183054
pooled,5,8,0.9066347531233567,0.541858574911948,0.5064406512062902,0.8912980013994826,0.776261084925705
formats,4,6,0.7253078024986854,0.406393931183961,0.5722157555219205,0.8912683626149485,0.7654558088183054
partial,4,6,0.7253078024986854,0.406393931183961,0.5722157555219205,0.8912683626149485,0.7654558088183054
confidence,5,8,0.9066347531233567,0.541858574911948,0.5062011469426437,0.8906318510740145,0.776261084925705
relation,4,6,0.7253078024986854,0.406393931183961,0.5718196566077705,0.8901889329224713,0.7654558088183054
maximum,4,6,0.7253078024986854,0.406393931183961,0.5716874475466263,0.8898289304709306,0.7654558088183054
appeared,4,6,0.7253078024986854,0.406393931183961,0.5715551502918252,0.8894688316323891,0.7654558088183054
characterizing,4,6,0.7253078024986854,0.406393931183961,0.5714227647539207,0.8891086363407609,0.7654558088183054
tags,5,8,0.9066347531233567,0.541858574911948,0.5051202768087126,0.8876306094131762,0.776261084925705
complications,4,6,0.7253078024986854,0.406393931183961,0.5704935865223177,0.8865845630471096,0.7654558088183054
autistic,203,503,36.80937097680828,34.06935789758873,0.07325821441096014,0.8852414981282996,0.8558407096070368
preceding,4,6,0.7253078024986854,0.406393931183961,0.5695600471137592,0.8840557375100775,0.7654558088183054
pathogenic,5,0,0.9066347531233567,0.0,6.616627901898765,0.8805583933369717,13.021274164459438
choice,17,35,3.082558160619413,2.3706312652397727,0.25827785633473255,0.8785150325347016,0.7638440305732628
managed-care,8,0,1.4506156049973709,0.0,7.285623301374768,0.8777831376360784,20.8340386631351
handling,8,0,1.4506156049973709,0.0,7.285623301374768,0.8777831376360784,20.8340386631351
fasting,8,0,1.4506156049973709,0.0,7.285623301374768,0.8777831376360784,20.8340386631351
successive,8,0,1.4506156049973709,0.0,7.285623301374768,0.8777831376360784,20.8340386631351
directive,6,0,1.087961703748028,0.0,6.893418359184924,0.875074704662912,15.625528997351324
life,134,327,24.29781138370596,22.148469249525874,0.08854063705139659,0.8674375327212356,0.8046751685066411
preserving,7,0,1.2692886543726996,0.0,7.152333272921716,0.8616129205513791,18.229783830243214
translated,10,19,1.8132695062467135,1.2869141154158765,0.3341549475024461,0.8571616954395089,0.7405610131226679
authorizing,5,0,0.9066347531233567,0.0,6.711615997932116,0.8517686889818873,13.021274164459438
worsening,5,0,0.9066347531233567,0.0,6.711615997932116,0.8517686889818873,13.021274164459438
connections,16,33,2.9012312099947417,2.2351666215117856,0.2558518645930423,0.8440799022516495,0.709710275786847
thyroid,6,0,1.087961703748028,0.0,6.998510245229774,0.8429375146793814,15.625528997351324
visual-motor,8,0,1.4506156049973709,0.0,7.403204691094663,0.841022569209702,20.8340386631351
eses,8,0,1.4506156049973709,0.0,7.403204691094663,0.841022569209702,20.8340386631351
menstrual,8,0,1.4506156049973709,0.0,7.403204691094663,0.841022569209702,20.8340386631351
limited-communication,8,0,1.4506156049973709,0.0,7.403204691094663,0.841022569209702,20.8340386631351
assistive-technology,8,0,1.4506156049973709,0.0,7.403204691094663,0.841022569209702,20.8340386631351
framing,8,0,1.4506156049973709,0.0,7.403204691094663,0.841022569209702,20.8340386631351
discovery-to-validation,8,0,1.4506156049973709,0.0,7.403204691094663,0.841022569209702,20.8340386631351
sudep,8,0,1.4506156049973709,0.0,7.403204691094663,0.841022569209702,20.8340386631351
cross-domain,8,0,1.4506156049973709,0.0,7.403204691094663,0.841022569209702,20.8340386631351
seizure-related,8,0,1.4506156049973709,0.0,7.403204691094663,0.841022569209702,20.8340386631351
valid,9,17,1.6319425556220422,1.1514494716878896,0.3413548940225084,0.8308604429676727,0.6878007582748853
portion,7,13,1.2692886543726996,0.8805201842319155,0.3795352524184583,0.8284890718787891,0.5840362066356652
encephalopathy,7,0,1.2692886543726996,0.0,7.269885915041961,0.8257824036548507,18.229783830243214
discontinuation,7,0,1.2692886543726996,0.0,7.269885915041961,0.8257824036548507,18.229783830243214
specifications,5,0,0.9066347531233567,0.0,6.816654326059133,0.8208364401560221,13.021274164459438
concrete,5,0,0.9066347531233567,0.0,6.816654326059133,0.8208364401560221,13.021274164459438
refer,7,13,1.2692886543726996,0.8805201842319155,0.37648520444731304,0.819487305359878,0.5840362066356652
placental,6,0,1.087961703748028,0.0,7.116024579101548,0.8081817441801828,15.625528997351324
noncompliance,6,0,1.087961703748028,0.0,7.116024579101548,0.8081817441801828,15.625528997351324
administrative,15,31,2.7199042593700704,2.0997019777837984,0.25271926903855046,0.806802324033765,0.6556541176123387
obtain,8,15,1.4506156049973709,1.0159848279599024,0.35046305977203396,0.8044967964334439,0.6355499739276005
upstream,5,0,0.9066347531233567,0.0,6.93411507035799,0.7873534566516484,13.021274164459438
imply,5,0,0.9066347531233567,0.0,6.93411507035799,0.7873534566516484,13.021274164459438
default,5,0,0.9066347531233567,0.0,6.93411507035799,0.7873534566516484,13.021274164459438
distinguishes,7,0,1.2692886543726996,0.0,7.403186861045187,0.7867026824142634,18.229783830243214
presentation-driven,7,0,1.2692886543726996,0.0,7.403186861045187,0.7867026824142634,18.229783830243214
owner,7,0,1.2692886543726996,0.0,7.403186861045187,0.7867026824142634,18.229783830243214
neuroendocrine,7,0,1.2692886543726996,0.0,7.403186861045187,0.7867026824142634,18.229783830243214
dyspraxia,7,0,1.2692886543726996,0.0,7.403186861045187,0.7867026824142634,18.229783830243214
communication-adapted,7,0,1.2692886543726996,0.0,7.403186861045187,0.7867026824142634,18.229783830243214
deferred,7,0,1.2692886543726996,0.0,7.403186861045187,0.7867026824142634,18.229783830243214
family-facing,7,0,1.2692886543726996,0.0,7.403186861045187,0.7867026824142634,18.229783830243214
day-to-work,7,0,1.2692886543726996,0.0,7.403186861045187,0.7867026824142634,18.229783830243214
transsulfuration,7,0,1.2692886543726996,0.0,7.403186861045187,0.7867026824142634,18.229783830243214
purinergic,7,0,1.2692886543726996,0.0,7.403186861045187,0.7867026824142634,18.229783830243214
trial-design,7,0,1.2692886543726996,0.0,7.403186861045187,0.7867026824142634,18.229783830243214
fine-motor,7,0,1.2692886543726996,0.0,7.403186861045187,0.7867026824142634,18.229783830243214
primary-care,7,0,1.2692886543726996,0.0,7.403186861045187,0.7867026824142634,18.229783830243214
unstratified,7,0,1.2692886543726996,0.0,7.403186861045187,0.7867026824142634,18.229783830243214
aging-network,7,0,1.2692886543726996,0.0,7.403186861045187,0.7867026824142634,18.229783830243214
scorecard,7,0,1.2692886543726996,0.0,7.403186861045187,0.7867026824142634,18.229783830243214
disciplined,7,0,1.2692886543726996,0.0,7.403186861045187,0.7867026824142634,18.229783830243214
biomarker-informed,7,0,1.2692886543726996,0.0,7.403186861045187,0.7867026824142634,18.229783830243214
stool,7,0,1.2692886543726996,0.0,7.403186861045187,0.7867026824142634,18.229783830243214
levers,7,0,1.2692886543726996,0.0,7.403186861045187,0.7867026824142634,18.229783830243214
syncope,7,0,1.2692886543726996,0.0,7.403186861045187,0.7867026824142634,18.229783830243214
dehydration,7,0,1.2692886543726996,0.0,7.403186861045187,0.7867026824142634,18.229783830243214
costing,7,0,1.2692886543726996,0.0,7.403186861045187,0.7867026824142634,18.229783830243214
csws,7,0,1.2692886543726996,0.0,7.403186861045187,0.7867026824142634,18.229783830243214
biochemically,7,0,1.2692886543726996,0.0,7.403186861045187,0.7867026824142634,18.229783830243214
caregiver-succession,7,0,1.2692886543726996,0.0,7.403186861045187,0.7867026824142634,18.229783830243214
describes,7,13,1.2692886543726996,0.8805201842319155,0.363645645648182,0.7821784662118778,0.5840362066356652
answer,11,22,1.9945964568713848,1.490111081007857,0.28443527513092626,0.7728414906198935,0.6019907182846977
wrong,6,0,1.087961703748028,0.0,7.249287197731034,0.7702452940858898,15.625528997351324
adequacy,6,0,1.087961703748028,0.0,7.249287197731034,0.7702452940858898,15.625528997351324
credibility,6,0,1.087961703748028,0.0,7.249287197731034,0.7702452940858898,15.625528997351324
restless,6,0,1.087961703748028,0.0,7.249287197731034,0.7702452940858898,15.625528997351324
reserve,6,0,1.087961703748028,0.0,7.249287197731034,0.7702452940858898,15.625528997351324
hypothesis,7,13,1.2692886543726996,0.8805201842319155,0.3586434352455701,0.7678928596489192,0.5840362066356652
target,39,90,7.071751074362182,6.095908967759415,0.1447151018778925,0.7589501686143738,0.5879344765706298
delays,21,46,3.807865963118098,3.115686805743701,0.19839229806040137,0.7584831508454513,0.5652932873958072
major,28,63,5.077154617490798,4.26713627743159,0.16978197705062836,0.7515061918657403,0.5721663131274761
consequential,5,0,0.9066347531233567,0.0,7.067324067731329,0.7507708331825589,13.021274164459438
authoritative,5,0,0.9066347531233567,0.0,7.067324067731329,0.7507708331825589,13.021274164459438
harder,5,0,0.9066347531233567,0.0,7.067324067731329,0.7507708331825589,13.021274164459438
incidental,5,0,0.9066347531233567,0.0,7.067324067731329,0.7507708331825589,13.021274164459438
naming,5,0,0.9066347531233567,0.0,7.067324067731329,0.7507708331825589,13.021274164459438
equitable,6,11,1.087961703748028,0.7450555405039285,0.3743120047307009,0.7422658893379382,0.5336462637065766
reach,13,27,2.357250358120728,1.8287726903278245,0.24913185355547718,0.7418321844159352,0.5478447351748379
procedures,10,20,1.8132695062467135,1.35464643727987,0.28506891685676017,0.7389115437639477,0.5472642893497164
qualified,6,11,1.087961703748028,0.7450555405039285,0.37203117850824086,0.7361790792882686,0.5336462637065766
mtt,6,0,1.087961703748028,0.0,7.4031690313140075,0.7283434017878712,15.625528997351324
microbiome-directed,6,0,1.087961703748028,0.0,7.4031690313140075,0.7283434017878712,15.625528997351324
appropriation-dependent,6,0,1.087961703748028,0.0,7.4031690313140075,0.7283434017878712,15.625528997351324
mismatch,6,0,1.087961703748028,0.0,7.4031690313140075,0.7283434017878712,15.625528997351324
motor-output,6,0,1.087961703748028,0.0,7.4031690313140075,0.7283434017878712,15.625528997351324
concurrence,6,0,1.087961703748028,0.0,7.4031690313140075,0.7283434017878712,15.625528997351324
birth-cohort,6,0,1.087961703748028,0.0,7.4031690313140075,0.7283434017878712,15.625528997351324
cofactor,6,0,1.087961703748028,0.0,7.4031690313140075,0.7283434017878712,15.625528997351324
cognitive-change,6,0,1.087961703748028,0.0,7.4031690313140075,0.7283434017878712,15.625528997351324
domain-directed,6,0,1.087961703748028,0.0,7.4031690313140075,0.7283434017878712,15.625528997351324
immune-directed,6,0,1.087961703748028,0.0,7.4031690313140075,0.7283434017878712,15.625528997351324
attestations,6,0,1.087961703748028,0.0,7.4031690313140075,0.7283434017878712,15.625528997351324
phased,6,0,1.087961703748028,0.0,7.4031690313140075,0.7283434017878712,15.625528997351324
competing,6,0,1.087961703748028,0.0,7.4031690313140075,0.7283434017878712,15.625528997351324
clinical-utility,6,0,1.087961703748028,0.0,7.4031690313140075,0.7283434017878712,15.625528997351324
parent-directed,6,0,1.087961703748028,0.0,7.4031690313140075,0.7283434017878712,15.625528997351324
palliative,6,0,1.087961703748028,0.0,7.4031690313140075,0.7283434017878712,15.625528997351324
cofactor-support,6,0,1.087961703748028,0.0,7.4031690313140075,0.7283434017878712,15.625528997351324
mechanism-directed,6,0,1.087961703748028,0.0,7.4031690313140075,0.7283434017878712,15.625528997351324
purinergic-signaling,6,0,1.087961703748028,0.0,7.4031690313140075,0.7283434017878712,15.625528997351324
irs,6,0,1.087961703748028,0.0,7.4031690313140075,0.7283434017878712,15.625528997351324
presyncope,6,0,1.087961703748028,0.0,7.4031690313140075,0.7283434017878712,15.625528997351324
communication-diverse,6,0,1.087961703748028,0.0,7.4031690313140075,0.7283434017878712,15.625528997351324
epilepticus,6,0,1.087961703748028,0.0,7.4031690313140075,0.7283434017878712,15.625528997351324
quality-measure,6,0,1.087961703748028,0.0,7.4031690313140075,0.7283434017878712,15.625528997351324
evidence-building,6,0,1.087961703748028,0.0,7.4031690313140075,0.7283434017878712,15.625528997351324
autism-adapted,6,0,1.087961703748028,0.0,7.4031690313140075,0.7283434017878712,15.625528997351324
collapse,6,0,1.087961703748028,0.0,7.4031690313140075,0.7283434017878712,15.625528997351324
adrc,6,0,1.087961703748028,0.0,7.4031690313140075,0.7283434017878712,15.625528997351324
kpi,6,0,1.087961703748028,0.0,7.4031690313140075,0.7283434017878712,15.625528997351324
contains,5,9,0.9066347531233567,0.6095908967759415,0.39743921497279544,0.7205291435209745,0.4850951777789758
changed,5,9,0.9066347531233567,0.6095908967759415,0.3935529865033516,0.7108292391471283,0.4850951777789758
unreliable,5,0,0.9066347531233567,0.0,7.221152248346739,0.7103219349134411,13.021274164459438
coherent,5,0,0.9066347531233567,0.0,7.221152248346739,0.7103219349134411,13.021274164459438
clarifying,5,0,0.9066347531233567,0.0,7.221152248346739,0.7103219349134411,13.021274164459438
programming,5,9,0.9066347531233567,0.6095908967759415,0.39271320289636336,0.7087432271090665,0.4850951777789758
variability,15,32,2.7199042593700704,2.167434299647792,0.22054834290482894,0.7073942224427324,0.5114574378729948
treating,15,32,2.7199042593700704,2.167434299647792,0.21992620688246411,0.7050545584243098,0.5114574378729948
billion,9,18,1.6319425556220422,1.219181793551883,0.2861957836532376,0.7044314355976958,0.4925378604147497
racially,5,9,0.9066347531233567,0.6095908967759415,0.39017878768738967,0.7024692530768557,0.4850951777789758
autonomy,5,9,0.9066347531233567,0.6095908967759415,0.38876093011893964,0.6989733226887311,0.4850951777789758
search,4,7,0.7253078024986854,0.4741262530479545,0.4294039530816409,0.6957356472525688,0.4398684260787735
optional,4,7,0.7253078024986854,0.4741262530479545,0.4222806977150384,0.6793266979514856,0.4398684260787735
sustainable,4,7,0.7253078024986854,0.4741262530479545,0.42059664196087354,0.6754839080611867,0.4398684260787735
equal,3,5,0.543980851874014,0.3386616093199675,0.48177945729125327,0.6734245371823595,0.4016442026778533
comparison,16,35,2.9012312099947417,2.3706312652397727,0.2007643739603715,0.6703678274552479,0.4363068060302595
encounter,4,7,0.7253078024986854,0.4741262530479545,0.4182211635292514,0.6700867981947544,0.4398684260787735
inquiry,4,7,0.7253078024986854,0.4741262530479545,0.41668298696284545,0.6666065538314442,0.4398684260787735
neuropsychiatric,4,7,0.7253078024986854,0.4741262530479545,0.41633998248575566,0.6658320257137018,0.4398684260787735
presenting,4,7,0.7253078024986854,0.4741262530479545,0.41633998248575566,0.6658320257137018,0.4398684260787735
determine,51,122,9.247674481858239,8.263343267407206,0.11030152353595657,0.6656990286984309,0.44840718858024076
illustrates,3,5,0.543980851874014,0.3386616093199675,0.4779616347261424,0.6653042094126106,0.4016442026778533
predefined,5,0,0.9066347531233567,0.0,7.403151201901107,0.6648819166773848,13.021274164459438
life-stage,5,0,0.9066347531233567,0.0,7.403151201901107,0.6648819166773848,13.021274164459438
mistaken,5,0,0.9066347531233567,0.0,7.403151201901107,0.6648819166773848,13.021274164459438
accompaniment,5,0,0.9066347531233567,0.0,7.403151201901107,0.6648819166773848,13.021274164459438
diagnostic-access,5,0,0.9066347531233567,0.0,7.403151201901107,0.6648819166773848,13.021274164459438
load,5,0,0.9066347531233567,0.0,7.403151201901107,0.6648819166773848,13.021274164459438
precision-trial,5,0,0.9066347531233567,0.0,7.403151201901107,0.6648819166773848,13.021274164459438
misread,5,0,0.9066347531233567,0.0,7.403151201901107,0.6648819166773848,13.021274164459438
low-yield,5,0,0.9066347531233567,0.0,7.403151201901107,0.6648819166773848,13.021274164459438
post-illness,5,0,0.9066347531233567,0.0,7.403151201901107,0.6648819166773848,13.021274164459438
closed-loop,5,0,0.9066347531233567,0.0,7.403151201901107,0.6648819166773848,13.021274164459438
router,5,0,0.9066347531233567,0.0,7.403151201901107,0.6648819166773848,13.021274164459438
rescue-medication,5,0,0.9066347531233567,0.0,7.403151201901107,0.6648819166773848,13.021274164459438
implementation-to-validation,5,0,0.9066347531233567,0.0,7.403151201901107,0.6648819166773848,13.021274164459438
aging-in-autism,5,0,0.9066347531233567,0.0,7.403151201901107,0.6648819166773848,13.021274164459438
implementation-burden,5,0,0.9066347531233567,0.0,7.403151201901107,0.6648819166773848,13.021274164459438
school-choice,5,0,0.9066347531233567,0.0,7.403151201901107,0.6648819166773848,13.021274164459438
serial,5,0,0.9066347531233567,0.0,7.403151201901107,0.6648819166773848,13.021274164459438
attribution,5,0,0.9066347531233567,0.0,7.403151201901107,0.6648819166773848,13.021274164459438
justified,5,0,0.9066347531233567,0.0,7.403151201901107,0.6648819166773848,13.021274164459438
ethically,5,0,0.9066347531233567,0.0,7.403151201901107,0.6648819166773848,13.021274164459438
pupillometry,5,0,0.9066347531233567,0.0,7.403151201901107,0.6648819166773848,13.021274164459438
subgroup-specific,5,0,0.9066347531233567,0.0,7.403151201901107,0.6648819166773848,13.021274164459438
sit,5,0,0.9066347531233567,0.0,7.403151201901107,0.6648819166773848,13.021274164459438
subgroup-stratified,5,0,0.9066347531233567,0.0,7.403151201901107,0.6648819166773848,13.021274164459438
public-health,5,0,0.9066347531233567,0.0,7.403151201901107,0.6648819166773848,13.021274164459438
technology-assisted,5,0,0.9066347531233567,0.0,7.403151201901107,0.6648819166773848,13.021274164459438
tuchman,5,0,0.9066347531233567,0.0,7.403151201901107,0.6648819166773848,13.021274164459438
substitution,5,0,0.9066347531233567,0.0,7.403151201901107,0.6648819166773848,13.021274164459438
interpretability,5,0,0.9066347531233567,0.0,7.403151201901107,0.6648819166773848,13.021274164459438
interoceptive,5,0,0.9066347531233567,0.0,7.403151201901107,0.6648819166773848,13.021274164459438
standalone,5,0,0.9066347531233567,0.0,7.403151201901107,0.6648819166773848,13.021274164459438
categorically,5,0,0.9066347531233567,0.0,7.403151201901107,0.6648819166773848,13.021274164459438
cdes,5,0,0.9066347531233567,0.0,7.403151201901107,0.6648819166773848,13.021274164459438
modernization,5,0,0.9066347531233567,0.0,7.403151201901107,0.6648819166773848,13.021274164459438
extracellular,5,0,0.9066347531233567,0.0,7.403151201901107,0.6648819166773848,13.021274164459438
dysmotility,5,0,0.9066347531233567,0.0,7.403151201901107,0.6648819166773848,13.021274164459438
compel,5,0,0.9066347531233567,0.0,7.403151201901107,0.6648819166773848,13.021274164459438
infrastructure,82,201,14.86880995122305,13.614196694662693,0.08648009005180768,0.6643560321674611,0.44692070625036173
explain,8,16,1.4506156049973709,1.083717149823896,0.2846214644857916,0.6596229997800385,0.4378114314797772
territories,3,5,0.543980851874014,0.3386616093199675,0.4738769778287928,0.6566981943280037,0.4016442026778533
daily,18,40,3.2638851112440843,2.70929287455974,0.18452438002550053,0.6548102864458637,0.4200694982853932
person,39,92,7.071751074362182,6.231373611487402,0.1237119814942158,0.6513500850550987,0.43075024656797556
contrast,3,5,0.543980851874014,0.3386616093199675,0.470559434480629,0.6497696445565463,0.4016442026778533
entitled,3,5,0.543980851874014,0.3386616093199675,0.46825241190218314,0.6449834063975315,0.4016442026778533
units,3,5,0.543980851874014,0.3386616093199675,0.4674081279143696,0.6432382962237199,0.4016442026778533
draws,3,5,0.543980851874014,0.3386616093199675,0.46698490463427333,0.6423648045256692,0.4016442026778533
undiagnosed,3,5,0.543980851874014,0.3386616093199675,0.4663487127993271,0.6410533931344617,0.4016442026778533
connecting,3,5,0.543980851874014,0.3386616093199675,0.4663487127993271,0.6410533931344617,0.4016442026778533
takes,3,5,0.543980851874014,0.3386616093199675,0.46613628606272073,0.6406159424295744,0.4016442026778533
liability,3,5,0.543980851874014,0.3386616093199675,0.4657108869754989,0.6397405698318526,0.4016442026778533
monitored,3,5,0.543980851874014,0.3386616093199675,0.4657108869754989,0.6397405698318526,0.4016442026778533
accompanying,3,5,0.543980851874014,0.3386616093199675,0.46549791414787123,0.6393026476629733,0.4016442026778533
poorly,3,5,0.543980851874014,0.3386616093199675,0.46549791414787123,0.6393026476629733,0.4016442026778533
powered,3,5,0.543980851874014,0.3386616093199675,0.4650714207288704,0.6384263308937248,0.4016442026778533
hours,7,14,1.2692886543726996,0.948252506095909,0.29252845366223035,0.6383934050293384,0.38308500254480116
reliance,3,5,0.543980851874014,0.3386616093199675,0.4648578996579289,0.637987936016226,0.4016442026778533
unfold,3,5,0.543980851874014,0.3386616093199675,0.46464419535893775,0.6375493832917604,0.4016442026778533
reduce,38,90,6.890424123737511,6.095908967759415,0.11949579296221291,0.6212948021396969,0.39427214666103083
consistency,7,14,1.2692886543726996,0.948252506095909,0.28532861034353907,0.6189224676935179,0.38308500254480116
regressive,7,14,1.2692886543726996,0.948252506095909,0.2840751792133567,0.615557405923834,0.38308500254480116
agents,7,14,1.2692886543726996,0.948252506095909,0.28384677281700554,0.6149449886411311,0.38308500254480116
clear,17,38,3.082558160619413,2.573828230831753,0.17321727808407772,0.5954415615206238,0.37305913113422795
responses,6,12,1.087961703748028,0.812787862367922,0.29282041938267334,0.5917755267145212,0.3283585736098331
control,32,76,5.802462419989483,5.147656461663506,0.12277836353020977,0.5886053867065134,0.3175261172682964
light,6,12,1.087961703748028,0.812787862367922,0.2913905911307122,0.5881758338102565,0.3283585736098331
followed,8,17,1.4506156049973709,1.1514494716878896,0.24515753228792825,0.583439173324613,0.2817969339154591
occurrence,6,12,1.087961703748028,0.812787862367922,0.2848119619258167,0.571728033024827,0.3283585736098331
incorporated,6,12,1.087961703748028,0.812787862367922,0.28401365643786747,0.5697447889798137,0.3283585736098331
preventive,5,10,0.9066347531233567,0.677323218639935,0.3019725937994533,0.5614460048018133,0.2736321446748582
scope,11,24,1.9945964568713848,1.625575724735844,0.20157986531569172,0.5571180155054576,0.30739798556088793
medical,116,292,21.033926272461876,19.7778379842861,0.059135719548875976,0.5420420288393917,0.3119556115625386
committed,5,10,0.9066347531233567,0.677323218639935,0.28758645688417417,0.5282274637896429,0.2736321446748582
literature,15,34,2.7199042593700704,2.302898943375779,0.16216905039368967,0.5258845732199002,0.28191728430552176
invested,5,10,0.9066347531233567,0.677323218639935,0.2858424156574415,0.5242564734132067,0.2736321446748582
gaze,5,10,0.9066347531233567,0.677323218639935,0.28440860465976137,0.5210007697352345,0.2736321446748582
quality-of-life,5,10,0.9066347531233567,0.677323218639935,0.283289115954636,0.5184643620309178,0.2736321446748582
harms,4,8,0.7253078024986854,0.541858574911948,0.30714660109308944,0.5130451905341831,0.2189057157398886
shows,7,15,1.2692886543726996,1.0159848279599024,0.230583442359233,0.5113907708692383,0.22983854590771036
issued,7,15,1.2692886543726996,1.0159848279599024,0.2220782866982134,0.48923313251787065,0.22983854590771036
analyses,24,57,4.351846814992112,3.8607423462476294,0.1178177222624166,0.4874103897886925,0.23814458795122206
legal,14,32,2.538577308745399,2.167434299647792,0.15465338506809623,0.48541773201961713,0.23816788489080132
substantially,7,15,1.2692886543726996,1.0159848279599024,0.2181116050690921,0.47900159509671014,0.22983854590771036
elevated,7,15,1.2692886543726996,1.0159848279599024,0.2170221627192639,0.4762027906652575,0.22983854590771036
descriptive,4,8,0.7253078024986854,0.541858574911948,0.2881743886306758,0.4736625514269701,0.2189057157398886
correlation,4,8,0.7253078024986854,0.541858574911948,0.2855994063014986,0.46841695543398376,0.2189057157398886
prediction,4,8,0.7253078024986854,0.541858574911948,0.2855994063014986,0.46841695543398376,0.2189057157398886
moved,4,8,0.7253078024986854,0.541858574911948,0.28520146980955374,0.46760837912165565,0.2189057157398886
prioritize,4,8,0.7253078024986854,0.541858574911948,0.28480305469789613,0.46679938501423984,0.2189057157398886
standing,4,8,0.7253078024986854,0.541858574911948,0.2846036673798409,0.46639473113423446,0.2189057157398886
want,4,8,0.7253078024986854,0.541858574911948,0.2844041600707641,0.4659899726215818,0.2189057157398886
attempts,4,8,0.7253078024986854,0.541858574911948,0.2840047850300884,0.46518014145271835,0.2189057157398886
described,23,55,4.17051986436744,3.7252777025196426,0.11117758435939695,0.45076320190242264,0.2034751610787251
syndromic,9,20,1.6319425556220422,1.35464643727987,0.1789664267652924,0.4471955716238068,0.2100347491426966
biospecimens,13,30,2.357250358120728,2.031969655919805,0.14150461912177903,0.42747006055827386,0.1959781588568692
disabled,6,13,1.087961703748028,0.8805201842319155,0.20923115214343113,0.42685619951857373,0.17876265154095083
prepared,3,6,0.543980851874014,0.406393931183961,0.29718661227922105,0.42626562403516194,0.16417928680491656
contained,3,6,0.543980851874014,0.406393931183961,0.29564738996331386,0.42350477187851826,0.16417928680491656
sources,24,58,4.351846814992112,3.928474668111623,0.1019614356933971,0.4233236397270654,0.17527408670071543
determining,6,13,1.087961703748028,0.8805201842319155,0.20767073776300116,0.42315991635414507,0.17876265154095083
end,8,18,1.4506156049973709,1.219181793551883,0.1771438247569801,0.421461783544439,0.1634760894649887
schedule,3,6,0.543980851874014,0.406393931183961,0.2904637032223949,0.4142612518094401,0.16417928680491656
release,3,6,0.543980851874014,0.406393931183961,0.28994080289722035,0.41333343274829887,0.16417928680491656
strengthened,3,6,0.543980851874014,0.406393931183961,0.28704992218269787,0.4082190634329205,0.16417928680491656
secure,3,6,0.543980851874014,0.406393931183961,0.28678585480609264,0.4077531636356851,0.16417928680491656
episodes,3,6,0.543980851874014,0.406393931183961,0.2859923848001067,0.4063545033768745,0.16417928680491656
prescribed,3,6,0.543980851874014,0.406393931183961,0.2857274712959441,0.40588796258474275,0.16417928680491656
apparent,3,6,0.543980851874014,0.406393931183961,0.2857274712959441,0.40588796258474275,0.16417928680491656
facing,3,6,0.543980851874014,0.406393931183961,0.28546234560118755,0.4054212612309295,0.16417928680491656
viewed,3,6,0.543980851874014,0.406393931183961,0.283867120592566,0.40261767427705164,0.16417928680491656
downstream,3,6,0.543980851874014,0.406393931183961,0.2830666219972997,0.401213703023667,0.16417928680491656
screen,10,23,1.8132695062467135,1.5578434028718504,0.1505542358092118,0.4003783198413094,0.15738603159053755
utilization,20,48,3.626539012493427,3.251151449471688,0.1056966604789169,0.39929688970451327,0.16599528269146813
line,18,43,3.2638851112440843,2.9124898401517205,0.11032475760089433,0.39512714506304486,0.16203582177547338
linked,20,48,3.626539012493427,3.251151449471688,0.10463085970159458,0.3949701024250562,0.16599528269146813
expressed,10,23,1.8132695062467135,1.5578434028718504,0.14688549481183522,0.3895661064045002,0.15738603159053755
longer,10,23,1.8132695062467135,1.5578434028718504,0.14670564815239295,0.38903758536012323,0.15738603159053755
direct,25,61,4.533173765616784,4.131671633703603,0.0894557811704706,0.37879813273595764,0.15051501651268362
addressed,21,51,3.807865963118098,3.4543484150636687,0.09555888992405137,0.37098450539720784,0.13928072288768645
inpatient,5,11,0.9066347531233567,0.7450555405039285,0.19223488207723527,0.3583643650439466,0.12907151065738187
heterogeneity,32,79,5.802462419989483,5.350853427255486,0.07438929489576118,0.35613360900072105,0.14779435974658606
protect,7,16,1.2692886543726996,1.083717149823896,0.15786771617786144,0.3512177391272444,0.11908394244540066
microglia,5,11,0.9066347531233567,0.7450555405039285,0.1885853245946283,0.35058214740546695,0.12907151065738187
independence,13,31,2.357250358120728,2.0997019777837984,0.11490900744614407,0.3503608322435178,0.12064240495197254
conclusion,7,16,1.2692886543726996,1.083717149823896,0.15736244651122355,0.3499622280885588,0.11908394244540066
comparative,13,31,2.357250358120728,2.0997019777837984,0.11476825155206427,0.3498962691654392,0.12064240495197254
step,13,31,2.357250358120728,2.0997019777837984,0.11208456127689281,0.3410567456780627,0.12064240495197254
communicate,7,16,1.2692886543726996,1.083717149823896,0.1535517723749642,0.340523752042684,0.11908394244540066
nutritional,9,21,1.6319425556220422,1.4223787591438635,0.13366051089431963,0.33729989505315583,0.11677973375897177
office,25,63,4.533173765616784,4.26713627743159,0.07369029050933396,0.3170634463553153,0.06489132595278235
medicare,10,24,1.8132695062467135,1.625575724735844,0.11514558333288782,0.30967928125994415,0.08299764134573406
cellular,16,39,2.9012312099947417,2.6415605526957466,0.08959789400699236,0.3032897320870898,0.09842827381707231
guide,10,24,1.8132695062467135,1.625575724735844,0.1098675492957053,0.29436744355194294,0.08299764134573406
instead,4,9,0.7253078024986854,0.6095908967759415,0.17256761410796706,0.2893225942833331,0.08173804473249435
reality,4,9,0.7253078024986854,0.6095908967759415,0.1719110658535108,0.2880795572547063,0.08173804473249435
precise,4,9,0.7253078024986854,0.6095908967759415,0.1677264600152828,0.28018581034492557,0.08173804473249435
request,8,19,1.4506156049973709,1.2869141154158765,0.1166407798369935,0.2783658806826727,0.0793815293170741
dignity,4,9,0.7253078024986854,0.6095908967759415,0.1659507192141536,0.27685112547791274,0.08173804473249435
vary,17,42,3.082558160619413,2.844757518287727,0.07737627658588764,0.2707347056355817,0.07710413405266969
test,32,81,5.802462419989483,5.486318070983473,0.05518841337185876,0.2662047956567375,0.07141099505346116
cancer,5,12,0.9066347531233567,0.812787862367922,0.12995659668432502,0.2498051590972535,0.04149882067286703
enforcement,11,27,1.9945964568713848,1.8287726903278245,0.08523074252165053,0.23989333912708696,0.058155966864841036
peer,14,35,2.538577308745399,2.3706312652397727,0.07314951810051973,0.23388685555958297,0.046388580840537985
sensitivity,11,27,1.9945964568713848,1.8287726903278245,0.08224210116243391,0.2309957123372725,0.058155966864841036
expertise,9,22,1.6319425556220422,1.490111081007857,0.08780417191189116,0.22317045826418558,0.05211982169734397
adequately,9,22,1.6319425556220422,1.490111081007857,0.0844605390169697,0.21416727463089397,0.05211982169734397
accounted,2,5,0.3626539012493427,0.3386616093199675,0.16388050717863223,0.21144596291481144,0.006626940120077973
volume,3,7,0.543980851874014,0.4741262530479545,0.1398418668837902,0.20467083036247471,0.03892657791965726
suicide,12,30,2.175923407496056,2.031969655919805,0.06706508866595584,0.19768713996136247,0.039761640720460845
competent,5,12,0.9066347531233567,0.812787862367922,0.10460401761391225,0.19743438823340595,0.04149882067286703
eating,3,7,0.543980851874014,0.4741262530479545,0.13415016276086789,0.19552533081240583,0.03892657791965726
equally,3,7,0.543980851874014,0.4741262530479545,0.13384832095802857,0.1950424536336172,0.03892657791965726
spanning,3,7,0.543980851874014,0.4741262530479545,0.1332439477995031,0.1940762364677555,0.03892657791965726
waitlists,3,7,0.543980851874014,0.4741262530479545,0.13263865339323822,0.19310940152996453,0.03892657791965726
respondents,3,7,0.543980851874014,0.4741262530479545,0.13172897958769347,0.19165798897539524,0.03892657791965726
bear,3,7,0.543980851874014,0.4741262530479545,0.1314252919530592,0.1911738749997942,0.03892657791965726
finance,3,7,0.543980851874014,0.4741262530479545,0.13081722045826538,0.19020518173441706,0.03892657791965726
suicidal,3,7,0.543980851874014,0.4741262530479545,0.13081722045826538,0.19020518173441706,0.03892657791965726
emotional,10,25,1.8132695062467135,1.6933080465998376,0.06890651810319426,0.1856557252992513,0.03313470060038415
systematic,10,25,1.8132695062467135,1.6933080465998376,0.06663611248702495,0.17925538789088602,0.03313470060038415
consideration,17,43,3.082558160619413,2.9124898401517205,0.05114258606588251,0.17919836890937324,0.03891536502488191
reliable,10,25,1.8132695062467135,1.6933080465998376,0.06282494674000283,0.16855683688816425,0.03313470060038415
abuse,6,15,1.087961703748028,1.0159848279599024,0.07758552501359617,0.16290563362837102,0.019880820360230422
kinds,8,20,1.4506156049973709,1.35464643727987,0.06575550984593725,0.1581156336416608,0.026507760480311893
developmental,126,333,22.84719577870859,22.554863180709834,0.01619734441132703,0.15637399466361038,0.015129855237017598
therapy,46,120,8.34103972873488,8.12787862367922,0.026868483359431927,0.15621665455544062,0.022199672059945552
beneficiaries,4,10,0.7253078024986854,0.677323218639935,0.08785262342295042,0.15170410136920112,0.013253880240155946
validity,8,20,1.4506156049973709,1.35464643727987,0.06253555112589737,0.1500374923859205,0.026507760480311893
duplication,18,46,3.2638851112440843,3.115686805743701,0.04058382410603656,0.14650565806498111,0.02774601694975498
open,6,15,1.087961703748028,1.0159848279599024,0.06571360730471554,0.13684113311297713,0.019880820360230422
differ,9,23,1.6319425556220422,1.5578434028718504,0.044875049083712426,0.11488619816298848,0.01387300847487749
taken,9,23,1.6319425556220422,1.5578434028718504,0.04466117314700746,0.11432190166626685,0.01387300847487749
seclusion,4,10,0.7253078024986854,0.677323218639935,0.06348772424084181,0.10777933205067726,0.013253880240155946
attainment,4,10,0.7253078024986854,0.677323218639935,0.06277052776272107,0.10650883116885004,0.013253880240155946
uptake,4,10,0.7253078024986854,0.677323218639935,0.06253119389156403,0.10608513618296875,0.013253880240155946
insufficient,7,18,1.2692886543726996,1.219181793551883,0.04403794835047137,0.09987892528045968,0.008127410177146577
outpatient,2,5,0.3626539012493427,0.3386616093199675,0.07665488221632089,0.09286529808644647,0.006626940120077973
supportive,5,13,0.9066347531233567,0.8805201842319155,0.045195490322251786,0.08748533013787554,0.0030712363162177236
strongest,2,5,0.3626539012493427,0.3386616093199675,0.06729013857151145,0.08098958759768965,0.006626940120077973
implicate,2,5,0.3626539012493427,0.3386616093199675,0.0663421687032617,0.07979604351660795,0.006626940120077973
odds,2,5,0.3626539012493427,0.3386616093199675,0.0658673893131052,0.07919886132019235,0.006626940120077973
historical,2,5,0.3626539012493427,0.3386616093199675,0.06491623690863868,0.07800367534455911,0.006626940120077973
audience,2,5,0.3626539012493427,0.3386616093199675,0.06491623690863868,0.07800367534455911,0.006626940120077973
employment-related,2,5,0.3626539012493427,0.3386616093199675,0.0644398620024429,0.07740567105609622,0.006626940120077973
self-reported,2,5,0.3626539012493427,0.3386616093199675,0.0639629533617434,0.07680739222724274,0.006626940120077973
transcriptomic,2,5,0.3626539012493427,0.3386616093199675,0.0634855100346865,0.07620883860269126,0.006626940120077973
urine,2,5,0.3626539012493427,0.3386616093199675,0.06300753106703283,0.0756100099268512,0.006626940120077973
quantify,2,5,0.3626539012493427,0.3386616093199675,0.06300753106703283,0.0756100099268512,0.006626940120077973
weighted,2,5,0.3626539012493427,0.3386616093199675,0.06300753106703283,0.0756100099268512,0.006626940120077973
confounding,2,5,0.3626539012493427,0.3386616093199675,0.06252901550216272,0.07501090594386459,0.006626940120077973
misdiagnosis,2,5,0.3626539012493427,0.3386616093199675,0.06204996238105309,0.07441152639758748,0.006626940120077973
fuller,2,5,0.3626539012493427,0.3386616093199675,0.06204996238105309,0.07441152639758748,0.006626940120077973
disproportionate,2,5,0.3626539012493427,0.3386616093199675,0.06204996238105309,0.07441152639758748,0.006626940120077973
open-label,2,5,0.3626539012493427,0.3386616093199675,0.06204996238105309,0.07441152639758748,0.006626940120077973
organoids,2,5,0.3626539012493427,0.3386616093199675,0.060609568054022844,0.07261173181350172,0.006626940120077973
controlled,24,63,4.351846814992112,4.26713627743159,0.016826167305405093,0.07054163366789519,0.00669580861902741
broadly,5,13,0.9066347531233567,0.8805201842319155,0.03055767406116594,0.05856331707990445,0.0030712363162177236
designed,25,66,4.533173765616784,4.470333243023571,0.01196442712520085,0.051261723094005125,0.003525818923426849
expressive,5,13,0.9066347531233567,0.8805201842319155,0.02667423670638769,0.050986359161126496,0.0030712363162177236
miss,5,13,0.9066347531233567,0.8805201842319155,0.022362591544908383,0.04262043540213951,0.0030712363162177236
accessible,17,45,3.082558160619413,3.0479544838797077,0.01042042290520051,0.036857384597262226,0.0015698215799894166
tested,11,29,1.9945964568713848,1.9642373340558115,0.012788760668927424,0.03632580489989688,0.0018717577489484882
free,3,8,0.543980851874014,0.541858574911948,0.021696059226449904,0.03267543502510126,3.331924538749545e-05
corresponding,3,8,0.543980851874014,0.541858574911948,0.021064466850479135,0.031710701845837075,3.331924538749545e-05
fall,6,16,1.087961703748028,1.083717149823896,0.01180469949004248,0.024975772669849683,6.66384907749909e-05
serving,3,8,0.543980851874014,0.541858574911948,0.013735858420190539,0.020576340439153303,3.331924538749545e-05
medicine,21,56,3.807865963118098,3.793010024383636,0.0022071900743725337,0.008680576602096993,0.00023323471772490612
family-centered,3,8,0.543980851874014,0.541858574911948,0.005303811175373596,0.007900348934660606,3.331924538749545e-05
share,21,56,3.807865963118098,3.793010024383636,0.0017358793317390209,0.006824830234214701,0.00023323471772490612
responders,3,8,0.543980851874014,0.541858574911948,0.003006311107480286,0.004471215292782715,3.331924538749545e-05
restrictive,3,8,0.543980851874014,0.541858574911948,0.003006311107480286,0.004471215292782715,3.331924538749545e-05
introduced,3,8,0.543980851874014,0.541858574911948,0.002018068565631026,0.0029994466532157235,3.331924538749545e-05
leave,3,8,0.543980851874014,0.541858574911948,0.0003661699586405831,0.0005436376320694194,3.331924538749545e-05
neurodevelopment,6,16,1.087961703748028,1.083717149823896,-0.0002963018115700322,-0.0006218481899979428,6.66384907749909e-05
amino,3,8,0.543980851874014,0.541858574911948,-0.000627878311890484,-0.0009315681004339188,3.331924538749545e-05
responsibly,3,8,0.543980851874014,0.541858574911948,-0.001956685950791126,-0.0029005206401726616,3.331924538749545e-05
interpret,3,8,0.543980851874014,0.541858574911948,-0.0029558591929781386,-0.004378746550132554,3.331924538749545e-05
pursued,3,8,0.543980851874014,0.541858574911948,-0.0032894075295644143,-0.004871776858183596,3.331924538749545e-05
accessibility,10,27,1.8132695062467135,1.8287726903278245,-0.010071262228306566,-0.02738030033715475,0.0005295958224377645
remote,10,27,1.8132695062467135,1.8287726903278245,-0.01337085019233264,-0.03627144865537507,0.0005295958224377645
augmentative,4,11,0.7253078024986854,0.7450555405039285,-0.02540589891352596,-0.04387527035960077,0.002125520990310492
strategies,64,172,11.604924839978967,11.649959360606882,-0.006603941244604172,-0.045357106736189416,0.0007001266873880585
isolation,7,19,1.2692886543726996,1.2869141154158765,-0.0203713137350654,-0.04621515531094317,0.0009749034389003319
infection,14,38,2.538577308745399,2.573828230831753,-0.014421706965968895,-0.046451776795397505,0.0019498068778006639
national,108,293,19.583310667464506,19.845570306150094,-0.005321319576834682,-0.047874722837648265,0.013993946740560759
restraint,4,11,0.7253078024986854,0.7450555405039285,-0.031195427093452466,-0.05366945905449547,0.002125520990310492
awards,5,14,0.9066347531233567,0.948252506095909,-0.02788378587466056,-0.05451336527482882,0.007473550386671579
abnormalities,14,38,2.538577308745399,2.573828230831753,-0.01799810998878293,-0.05783453564762575,0.0019498068778006639
accommodate,4,11,0.7253078024986854,0.7450555405039285,-0.03373534115501897,-0.057942819444048416,0.002125520990310492
converge,4,11,0.7253078024986854,0.7450555405039285,-0.03373534115501897,-0.057942819444048416,0.002125520990310492
trained,8,22,1.4506156049973709,1.490111081007857,-0.0267857442457764,-0.06535984843279578,0.004251041980620984
compare,8,22,1.4506156049973709,1.490111081007857,-0.028167838204002038,-0.06866999913114077,0.004251041980620984
using,55,149,9.972982284356924,10.09211595773503,-0.011232384080273938,-0.07175206730563084,0.005675000923252127
modifications,8,22,1.4506156049973709,1.490111081007857,-0.029806559536867283,-0.07258699998228081,0.004251041980620984
variables,8,22,1.4506156049973709,1.490111081007857,-0.03005918568638677,-0.07319009754218649,0.004251041980620984
series,5,14,0.9066347531233567,0.948252506095909,-0.0411781337814805,-0.07980761765402264,0.007473550386671579
waivers,9,25,1.6319425556220422,1.6933080465998376,-0.030990858824209155,-0.08061945718069113,0.009069030239516218
expanded,15,41,2.7199042593700704,2.7770251964237334,-0.024287500356338754,-0.08089585068695093,0.004759053006344549
waiting,5,14,0.9066347531233567,0.948252506095909,-0.04440972413613764,-0.0858899909110778,0.007473550386671579
phenotypes,42,114,7.615731926236196,7.721484692495259,-0.018366633182997916,-0.10219924151051306,0.0058494206334112064
options,23,63,4.17051986436744,4.26713627743159,-0.02643623300147624,-0.10906227638899951,0.008868742060862078
million,33,93,5.983789370614154,6.299105933351395,-0.02159002221106654,-0.1094354680427279,0.06475588720936765
antibodies,2,6,0.3626539012493427,0.406393931183961,-0.09026470622864302,-0.11300422956262011,0.019817169318727068
following,15,42,2.7199042593700704,2.844757518287727,-0.035251291323255884,-0.11879391086995132,0.022420651160018013
ultimately,6,17,1.087961703748028,1.1514494716878896,-0.05794090287234077,-0.12280563052859078,0.014393542660113723
resulting,10,28,1.8132695062467135,1.896505012191818,-0.045631561375284235,-0.1247099584247578,0.014947100773343158
shank,2,6,0.3626539012493427,0.406393931183961,-0.1009201166346525,-0.1254938534513914,0.019817169318727068
sets,6,17,1.087961703748028,1.1514494716878896,-0.0593080670555608,-0.1255924835049598,0.014393542660113723
asked,2,6,0.3626539012493427,0.406393931183961,-0.10246142066833563,-0.1272864570205464,0.019817169318727068
contributed,3,9,0.543980851874014,0.6095908967759415,-0.083125132185911,-0.1280348441711272,0.02972575397809063
memory,2,6,0.3626539012493427,0.406393931183961,-0.10711452384251174,-0.1326769185482205,0.019817169318727068
displays,2,6,0.3626539012493427,0.406393931183961,-0.1102411685057465,-0.13628114447811537,0.019817169318727068
arc,2,6,0.3626539012493427,0.406393931183961,-0.1102411685057465,-0.13628114447811537,0.019817169318727068
updating,2,6,0.3626539012493427,0.406393931183961,-0.11076420488963912,-0.1368826750156803,0.019817169318727068
enhancement,2,6,0.3626539012493427,0.406393931183961,-0.11076420488963912,-0.1368826750156803,0.019817169318727068
relative,7,20,1.2692886543726996,1.35464643727987,-0.06037539566236916,-0.13889500166417534,0.022192153063085862
touch,2,6,0.3626539012493427,0.406393931183961,-0.11286189644223121,-0.1392911635723972,0.019817169318727068
school-age,2,6,0.3626539012493427,0.406393931183961,-0.11338771060934327,-0.13989387810301676,0.019817169318727068
force,4,12,0.7253078024986854,0.812787862367922,-0.07885919147813425,-0.1406371692981088,0.039634338637454136
simple,2,6,0.3626539012493427,0.406393931183961,-0.11444101519562189,-0.14110001914002973,0.019817169318727068
psychologists,2,6,0.3626539012493427,0.406393931183961,-0.11444101519562189,-0.14110001914002973,0.019817169318727068
disseminated,2,6,0.3626539012493427,0.406393931183961,-0.11496850754341814,-0.14170344596251802,0.019817169318727068
intersection,2,6,0.3626539012493427,0.406393931183961,-0.11602517718763217,-0.1429110130058287,0.019817169318727068
encompassing,2,6,0.3626539012493427,0.406393931183961,-0.11655435642689937,-0.14351515354285094,0.019817169318727068
species,2,6,0.3626539012493427,0.406393931183961,-0.11867672560986264,-0.1459340994831396,0.019817169318727068
clinics,7,20,1.2692886543726996,1.35464643727987,-0.06372538505438108,-0.14628572292394232,0.022192153063085862
premise,2,6,0.3626539012493427,0.406393931183961,-0.11920873586715786,-0.14653943270706854,0.019817169318727068
communicated,2,6,0.3626539012493427,0.406393931183961,-0.12027446483661741,-0.14775081634887735,0.019817169318727068
unlikely,2,6,0.3626539012493427,0.406393931183961,-0.12027446483661741,-0.14775081634887735,0.019817169318727068
unanswered,2,6,0.3626539012493427,0.406393931183961,-0.1208081855302332,-0.1483568670831809,0.019817169318727068
leadership,4,12,0.7253078024986854,0.812787862367922,-0.09026825339275035,-0.15981839424618696,0.039634338637454136
consists,3,9,0.543980851874014,0.6095908967759415,-0.10815662744869492,-0.16396880330522715,0.02972575397809063
anticipated,3,9,0.543980851874014,0.6095908967759415,-0.1158511275871632,-0.17478630242693632,0.02972575397809063
driven,3,9,0.543980851874014,0.6095908967759415,-0.11690969216319758,-0.17626626052822553,0.02972575397809063
doing,3,9,0.543980851874014,0.6095908967759415,-0.11903360790797457,-0.1792296808359664,0.02972575397809063
person-centered,8,23,1.4506156049973709,1.5578434028718504,-0.07379963829974834,-0.1808045705872815,0.03053155151185083
easier,3,9,0.543980851874014,0.6095908967759415,-0.12045460408686637,-0.18120789498229983,0.02972575397809063
targeted,31,86,5.621135469364812,5.824979680303441,-0.03899675175128969,-0.18710646645030232,0.029074760570313885
neuroscience,9,26,1.6319425556220422,1.761040368463831,-0.07565314723879979,-0.1970816666440751,0.03922743649254268
acid,9,26,1.6319425556220422,1.761040368463831,-0.07760520943786808,-0.20191474552275512,0.03922743649254268
pursue,4,12,0.7253078024986854,0.812787862367922,-0.11788428048487454,-0.20510634897717653,0.039634338637454136
adaptation,4,12,0.7253078024986854,0.812787862367922,-0.11814979772834988,-0.20553410297997302,0.039634338637454136
representing,5,15,0.9066347531233567,1.0159848279599024,-0.10546116691799767,-0.20675876035620114,0.04954292329681764
progression,5,15,0.9066347531233567,1.0159848279599024,-0.1182583033459732,-0.22998983017079458,0.04954292329681764
biologic,5,15,0.9066347531233567,1.0159848279599024,-0.11910910810884978,-0.23152098992051112,0.04954292329681764
initial,11,32,1.9945964568713848,2.167434299647792,-0.08093348208456419,-0.23354385608266343,0.057292685902423646
advancing,6,18,1.087961703748028,1.219181793551883,-0.11112175452996453,-0.23780086255534527,0.05945150795618126
safe,11,32,1.9945964568713848,2.167434299647792,-0.08413293234911201,-0.24228158806895095,0.057292685902423646
frequently,11,32,1.9945964568713848,2.167434299647792,-0.0856458989275044,-0.24640104427312598,0.057292685902423646
implications,12,35,2.175923407496056,2.3706312652397727,-0.0825563017450257,-0.24905524276405197,0.06654793483744226
adapt,6,18,1.087961703748028,1.219181793551883,-0.11815431228146522,-0.2517364571084239,0.05945150795618126
involving,7,21,1.2692886543726996,1.4223787591438635,-0.1124974627174371,-0.2598097232007331,0.06936009261554488
lived,7,21,1.2692886543726996,1.4223787591438635,-0.11732252161136003,-0.27013349811036746,0.06936009261554488
evaluating,8,24,1.4506156049973709,1.625575724735844,-0.1097313688310706,-0.27139107102115484,0.07926867727490827
decades,12,35,2.175923407496056,2.3706312652397727,-0.09043912030874424,-0.2714710479920341,0.06654793483744226
activities,100,278,18.132695062467135,18.829585478190193,-0.032595581939658835,-0.28253647784444974,0.10521601825559035
increasingly,8,24,1.4506156049973709,1.625575724735844,-0.11855739581571356,-0.29159901756058676,0.07926867727490827
defense,6,19,1.087961703748028,1.2869141154158765,-0.13573661600136866,-0.29771921126336587,0.132320348216316
emphasize,9,27,1.6319425556220422,1.8287726903278245,-0.11668765552132854,-0.3047672932493928,0.08917726193427167
electronic,2,7,0.3626539012493427,0.4741262530479545,-0.24134816155050487,-0.3078532038906503,0.11724620308785827
drug,21,61,3.807865963118098,4.131671633703603,-0.07756737736183439,-0.3095830916920096,0.1054252301846943
charged,2,7,0.3626539012493427,0.4741262530479545,-0.24839524480783126,-0.31551462582862394,0.11724620308785827
manual,2,7,0.3626539012493427,0.4741262530479545,-0.24948755806284595,-0.3166962154424029,0.11724620308785827
los,2,7,0.3626539012493427,0.4741262530479545,-0.2516787702038972,-0.3190617278987347,0.11724620308785827
referred,3,10,0.543980851874014,0.677323218639935,-0.20758758637842867,-0.31971753516987694,0.11523982562508306
preparation,2,7,0.3626539012493427,0.4741262530479545,-0.2538788118077768,-0.32143035533403636,0.11724620308785827
jobs,2,7,0.3626539012493427,0.4741262530479545,-0.25608774170742343,-0.32380210252193575,0.11724620308785827
calls,3,10,0.543980851874014,0.677323218639935,-0.21230453062832666,-0.32605296791418814,0.11523982562508306
officials,3,10,0.543980851874014,0.677323218639935,-0.21230453062832666,-0.32605296791418814,0.11523982562508306
niehs,4,13,0.7253078024986854,0.8805201842319155,-0.18566080022318943,-0.32857487468141505,0.11892175439303232
positively,2,7,0.3626539012493427,0.4741262530479545,-0.2610906403894333,-0.3291499647344334,0.11724620308785827
generated,2,7,0.3626539012493427,0.4741262530479545,-0.26164934394196493,-0.32974515036192426,0.11724620308785827
path,2,7,0.3626539012493427,0.4741262530479545,-0.26164934394196493,-0.32974515036192426,0.11724620308785827
body,11,33,1.9945964568713848,2.2351666215117856,-0.11426906195311659,-0.33045144767224044,0.10899443125298469
oral,3,10,0.543980851874014,0.677323218639935,-0.2166960691869413,-0.33191814884497844,0.11523982562508306
complementary,5,16,0.9066347531233567,1.083717149823896,-0.1678925747164488,-0.3320770963107649,0.1250028625853674
lose,2,7,0.3626539012493427,0.4741262530479545,-0.2655762451537491,-0.3339169419952623,0.11724620308785827
state-level,2,7,0.3626539012493427,0.4741262530479545,-0.2655762451537491,-0.3339169419952623,0.11724620308785827
direction,4,13,0.7253078024986854,0.8805201842319155,-0.1897189967191899,-0.334928593142581,0.11892175439303232
mention,2,7,0.3626539012493427,0.4741262530479545,-0.26726781461296234,-0.33570779888260616,0.11724620308785827
unable,3,10,0.543980851874014,0.677323218639935,-0.21964397648810063,-0.33583741538443024,0.11523982562508306
disrupted,2,7,0.3626539012493427,0.4741262530479545,-0.26783282646258755,-0.3363051445213878,0.11724620308785827
describing,4,13,0.7253078024986854,0.8805201842319155,-0.19080651626056877,-0.33662582416392006,0.11892175439303232
simultaneously,3,10,0.543980851874014,0.677323218639935,-0.22075364736711123,-0.3373090312062825,0.11523982562508306
marks,2,7,0.3626539012493427,0.4741262530479545,-0.27009867681750777,-0.33869649565648147,0.11724620308785827
prognosis,2,7,0.3626539012493427,0.4741262530479545,-0.2706665950735019,-0.33929482593277216,0.11724620308785827
marked,3,10,0.543980851874014,0.677323218639935,-0.22260822754653908,-0.3397640199978881,0.11523982562508306
ideation,2,7,0.3626539012493427,0.4741262530479545,-0.271235097576076,-0.339893353344405,0.11724620308785827
donor,3,10,0.543980851874014,0.677323218639935,-0.2237240657559294,-0.3412383922836819,0.11523982562508306
exceeds,2,7,0.3626539012493427,0.4741262530479545,-0.2729441205160068,-0.3416901190785601,0.11724620308785827
streams,2,7,0.3626539012493427,0.4741262530479545,-0.2735149699698045,-0.34228943571778103,0.11724620308785827
reproducibility,3,10,0.543980851874014,0.677323218639935,-0.22558897179634663,-0.3436979808351928,0.11523982562508306
proven,4,13,0.7253078024986854,0.8805201842319155,-0.19765503402847884,-0.34726134707132184,0.11892175439303232
close,5,16,0.9066347531233567,1.083717149823896,-0.1801831139889405,-0.35371613174724487,0.1250028625853674
fact,6,19,1.087961703748028,1.2869141154158765,-0.16752055493538442,-0.36028884568894526,0.132320348216316
food,8,25,1.4506156049973709,1.6933080465998376,-0.14693048502649297,-0.36598193184092154,0.14885308928433627
later,16,48,2.9012312099947417,3.251151449471688,-0.11112131343778309,-0.3883309704881456,0.15853735454981654
markers,20,59,3.626539012493427,3.9962069899756165,-0.10116788039329982,-0.3927634918404269,0.14296516253575176
input,16,48,2.9012312099947417,3.251151449471688,-0.11539544357327536,-0.40218623733125675,0.15853735454981654
cost,45,129,8.15971277811021,8.73746952045516,-0.07010685437482334,-0.4074281628276564,0.15784883299053654
total,23,70,4.17051986436744,4.7412625304795455,-0.09691509227496287,-0.41415846342939727,0.2909044530775988
findings,93,262,16.863406408094434,17.745868328366296,-0.05331561081399272,-0.4442800580267288,0.18000999008759333
individual's,5,17,0.9066347531233567,1.1514494716878896,-0.23854705212067984,-0.47218165677910334,0.23027018834756152
receiving,11,35,1.9945964568713848,2.3706312652397727,-0.16101612740581217,-0.47241761408838073,0.25709559234644885
lost,5,17,0.9066347531233567,1.1514494716878896,-0.2412327788303088,-0.47673302279567487,0.23027018834756152
uses,3,11,0.543980851874014,0.7450555405039285,-0.3072861282297925,-0.4768824977845637,0.24709033498701816
inadequate,4,14,0.7253078024986854,0.948252506095909,-0.2721002006788371,-0.4819719115719969,0.23449240617571654
look,3,11,0.543980851874014,0.7450555405039285,-0.3126197147526302,-0.48365319214143343,0.24709033498701816
atp,4,14,0.7253078024986854,0.948252506095909,-0.27352626645104117,-0.48409035490899116,0.23449240617571654
adopted,3,11,0.543980851874014,0.7450555405039285,-0.3176176617246096,-0.4899577324948037,0.24709033498701816
prognostic,0,5,0.0,0.3386616093199675,-5.456058802009608,-0.4900122575982372,3.173891514529903
identif,0,5,0.0,0.3386616093199675,-5.456058802009608,-0.4900122575982372,3.173891514529903
spectroscopy,0,5,0.0,0.3386616093199675,-5.456058802009608,-0.4900122575982372,3.173891514529903
simmer,0,5,0.0,0.3386616093199675,-5.456058802009608,-0.4900122575982372,3.173891514529903
hyman,0,5,0.0,0.3386616093199675,-5.456058802009608,-0.4900122575982372,3.173891514529903
screen-positive,0,5,0.0,0.3386616093199675,-5.456058802009608,-0.4900122575982372,3.173891514529903
rtms,0,5,0.0,0.3386616093199675,-5.456058802009608,-0.4900122575982372,3.173891514529903
reaven,0,5,0.0,0.3386616093199675,-5.456058802009608,-0.4900122575982372,3.173891514529903
ional,0,5,0.0,0.3386616093199675,-5.456058802009608,-0.4900122575982372,3.173891514529903
hat,0,5,0.0,0.3386616093199675,-5.456058802009608,-0.4900122575982372,3.173891514529903
developme,0,5,0.0,0.3386616093199675,-5.456058802009608,-0.4900122575982372,3.173891514529903
develo,0,5,0.0,0.3386616093199675,-5.456058802009608,-0.4900122575982372,3.173891514529903
ect,0,5,0.0,0.3386616093199675,-5.456058802009608,-0.4900122575982372,3.173891514529903
ntal,0,5,0.0,0.3386616093199675,-5.456058802009608,-0.4900122575982372,3.173891514529903
nrgr,0,5,0.0,0.3386616093199675,-5.456058802009608,-0.4900122575982372,3.173891514529903
groundwork,0,5,0.0,0.3386616093199675,-5.456058802009608,-0.4900122575982372,3.173891514529903
nibs,0,5,0.0,0.3386616093199675,-5.456058802009608,-0.4900122575982372,3.173891514529903
neuroanatomical,0,5,0.0,0.3386616093199675,-5.456058802009608,-0.4900122575982372,3.173891514529903
extraordinary,0,5,0.0,0.3386616093199675,-5.456058802009608,-0.4900122575982372,3.173891514529903
gets,0,5,0.0,0.3386616093199675,-5.456058802009608,-0.4900122575982372,3.173891514529903
mechanism-based,0,5,0.0,0.3386616093199675,-5.456058802009608,-0.4900122575982372,3.173891514529903
mcvicar,0,5,0.0,0.3386616093199675,-5.456058802009608,-0.4900122575982372,3.173891514529903
attracting,0,5,0.0,0.3386616093199675,-5.456058802009608,-0.4900122575982372,3.173891514529903
louisville,0,5,0.0,0.3386616093199675,-5.456058802009608,-0.4900122575982372,3.173891514529903
tudies,0,5,0.0,0.3386616093199675,-5.456058802009608,-0.4900122575982372,3.173891514529903
gap,17,52,3.082558160619413,3.522080736927662,-0.1362447705878278,-0.4901876625417725,0.23270670623107348
late,2,8,0.3626539012493427,0.541858574911948,-0.39195377315810553,-0.5016919547357694,0.27868761826786304
qualify,2,8,0.3626539012493427,0.541858574911948,-0.39195377315810553,-0.5016919547357694,0.27868761826786304
cortex,2,8,0.3626539012493427,0.541858574911948,-0.39195377315810553,-0.5016919547357694,0.27868761826786304
residence,2,8,0.3626539012493427,0.541858574911948,-0.3984254607777675,-0.5081004208527153,0.27868761826786304
fmr,2,8,0.3626539012493427,0.541858574911948,-0.40020275380428494,-0.5098514540312836,0.27868761826786304
reasons,11,35,1.9945964568713848,2.3706312652397727,-0.17548044990986078,-0.5103078468198751,0.25709559234644885
expensive,2,8,0.3626539012493427,0.541858574911948,-0.4019853627095742,-0.511603888205587,0.27868761826786304
immunological,2,8,0.3626539012493427,0.541858574911948,-0.4043704899576088,-0.513942646069233,0.27868761826786304
translating,2,8,0.3626539012493427,0.541858574911948,-0.40496826330616287,-0.5145277245775961,0.27868761826786304
existence,2,8,0.3626539012493427,0.541858574911948,-0.4061656068702195,-0.5156983483775763,0.27868761826786304
stan,0,5,0.0,0.3386616093199675,-5.274059812640294,-0.5187926029148013,3.173891514529903
coury,0,5,0.0,0.3386616093199675,-5.274059812640294,-0.5187926029148013,3.173891514529903
oregon,0,5,0.0,0.3386616093199675,-5.274059812640294,-0.5187926029148013,3.173891514529903
ting,0,5,0.0,0.3386616093199675,-5.274059812640294,-0.5187926029148013,3.173891514529903
ive,0,5,0.0,0.3386616093199675,-5.274059812640294,-0.5187926029148013,3.173891514529903
debts,0,5,0.0,0.3386616093199675,-5.274059812640294,-0.5187926029148013,3.173891514529903
definitively,0,5,0.0,0.3386616093199675,-5.274059812640294,-0.5187926029148013,3.173891514529903
capitalizing,0,5,0.0,0.3386616093199675,-5.274059812640294,-0.5187926029148013,3.173891514529903
ultrasound,0,5,0.0,0.3386616093199675,-5.274059812640294,-0.5187926029148013,3.173891514529903
streamlined,0,5,0.0,0.3386616093199675,-5.274059812640294,-0.5187926029148013,3.173891514529903
preempt,0,5,0.0,0.3386616093199675,-5.274059812640294,-0.5187926029148013,3.173891514529903
pertinent,0,5,0.0,0.3386616093199675,-5.274059812640294,-0.5187926029148013,3.173891514529903
vaccinated,0,5,0.0,0.3386616093199675,-5.274059812640294,-0.5187926029148013,3.173891514529903
ith,0,5,0.0,0.3386616093199675,-5.274059812640294,-0.5187926029148013,3.173891514529903
enrich,0,5,0.0,0.3386616093199675,-5.274059812640294,-0.5187926029148013,3.173891514529903
non-government,0,5,0.0,0.3386616093199675,-5.274059812640294,-0.5187926029148013,3.173891514529903
alarming,0,5,0.0,0.3386616093199675,-5.274059812640294,-0.5187926029148013,3.173891514529903
merged,0,5,0.0,0.3386616093199675,-5.274059812640294,-0.5187926029148013,3.173891514529903
mining,0,5,0.0,0.3386616093199675,-5.274059812640294,-0.5187926029148013,3.173891514529903
mitigating,0,5,0.0,0.3386616093199675,-5.274059812640294,-0.5187926029148013,3.173891514529903
tailoring,0,5,0.0,0.3386616093199675,-5.274059812640294,-0.5187926029148013,3.173891514529903
ons,0,5,0.0,0.3386616093199675,-5.274059812640294,-0.5187926029148013,3.173891514529903
normative,0,5,0.0,0.3386616093199675,-5.274059812640294,-0.5187926029148013,3.173891514529903
ers,0,5,0.0,0.3386616093199675,-5.274059812640294,-0.5187926029148013,3.173891514529903
ate,0,5,0.0,0.3386616093199675,-5.274059812640294,-0.5187926029148013,3.173891514529903
behalf,1,5,0.18132695062467136,0.3386616093199675,-0.54324875991826,-0.5216569913669653,0.3714118410261342
addm,25,76,4.533173765616784,5.147656461663506,-0.12083906910639985,-0.5298831033041457,0.31043640814966533
basic,16,50,2.9012312099947417,3.386616093199675,-0.15180824089370315,-0.5331564710024912,0.29770617856867254
description,3,12,0.543980851874014,0.812787862367922,-0.3303618929135137,-0.5365461773030926,0.41803142740179466
opposing,0,6,0.0,0.406393931183961,-5.45606551201714,-0.5367821940295089,3.8086698174358835
proteomics,0,6,0.0,0.406393931183961,-5.45606551201714,-0.5367821940295089,3.8086698174358835
accumulating,0,6,0.0,0.406393931183961,-5.45606551201714,-0.5367821940295089,3.8086698174358835
non-invasive,0,6,0.0,0.406393931183961,-5.45606551201714,-0.5367821940295089,3.8086698174358835
tremendously,0,6,0.0,0.406393931183961,-5.45606551201714,-0.5367821940295089,3.8086698174358835
accrues,0,6,0.0,0.406393931183961,-5.45606551201714,-0.5367821940295089,3.8086698174358835
maximal,0,6,0.0,0.406393931183961,-5.45606551201714,-0.5367821940295089,3.8086698174358835
compounding,0,6,0.0,0.406393931183961,-5.45606551201714,-0.5367821940295089,3.8086698174358835
urgently,0,6,0.0,0.406393931183961,-5.45606551201714,-0.5367821940295089,3.8086698174358835
nee,0,6,0.0,0.406393931183961,-5.45606551201714,-0.5367821940295089,3.8086698174358835
hollander,0,6,0.0,0.406393931183961,-5.45606551201714,-0.5367821940295089,3.8086698174358835
cbpr,0,6,0.0,0.406393931183961,-5.45606551201714,-0.5367821940295089,3.8086698174358835
ventures,0,6,0.0,0.406393931183961,-5.45606551201714,-0.5367821940295089,3.8086698174358835
neuroplasticity,0,6,0.0,0.406393931183961,-5.45606551201714,-0.5367821940295089,3.8086698174358835
rbrink,0,6,0.0,0.406393931183961,-5.45606551201714,-0.5367821940295089,3.8086698174358835
illuminated,0,6,0.0,0.406393931183961,-5.45606551201714,-0.5367821940295089,3.8086698174358835
ther,0,6,0.0,0.406393931183961,-5.45606551201714,-0.5367821940295089,3.8086698174358835
icd,0,6,0.0,0.406393931183961,-5.45606551201714,-0.5367821940295089,3.8086698174358835
worked,1,5,0.18132695062467136,0.3386616093199675,-0.5766295722616785,-0.543658996333775,0.3714118410261342
june,1,5,0.18132695062467136,0.3386616093199675,-0.5766295722616785,-0.543658996333775,0.3714118410261342
stored,0,5,0.0,0.3386616093199675,-5.120231596209935,-0.5439287210736597,3.173891514529903
merging,0,5,0.0,0.3386616093199675,-5.120231596209935,-0.5439287210736597,3.173891514529903
concerted,0,5,0.0,0.3386616093199675,-5.120231596209935,-0.5439287210736597,3.173891514529903
baton,0,5,0.0,0.3386616093199675,-5.120231596209935,-0.5439287210736597,3.173891514529903
lisa,0,5,0.0,0.3386616093199675,-5.120231596209935,-0.5439287210736597,3.173891514529903
rouge,0,5,0.0,0.3386616093199675,-5.120231596209935,-0.5439287210736597,3.173891514529903
overrepresented,0,5,0.0,0.3386616093199675,-5.120231596209935,-0.5439287210736597,3.173891514529903
communi,0,5,0.0,0.3386616093199675,-5.120231596209935,-0.5439287210736597,3.173891514529903
underdiagnosed,0,5,0.0,0.3386616093199675,-5.120231596209935,-0.5439287210736597,3.173891514529903
multi-disciplinary,0,5,0.0,0.3386616093199675,-5.120231596209935,-0.5439287210736597,3.173891514529903
excel,0,5,0.0,0.3386616093199675,-5.120231596209935,-0.5439287210736597,3.173891514529903
hampered,0,5,0.0,0.3386616093199675,-5.120231596209935,-0.5439287210736597,3.173891514529903
discovering,0,5,0.0,0.3386616093199675,-5.120231596209935,-0.5439287210736597,3.173891514529903
kumar,0,5,0.0,0.3386616093199675,-5.120231596209935,-0.5439287210736597,3.173891514529903
neurogenetics,0,5,0.0,0.3386616093199675,-5.120231596209935,-0.5439287210736597,3.173891514529903
mazurek,0,5,0.0,0.3386616093199675,-5.120231596209935,-0.5439287210736597,3.173891514529903
car,0,5,0.0,0.3386616093199675,-5.120231596209935,-0.5439287210736597,3.173891514529903
autis,0,5,0.0,0.3386616093199675,-5.120231596209935,-0.5439287210736597,3.173891514529903
brugha,0,5,0.0,0.3386616093199675,-5.120231596209935,-0.5439287210736597,3.173891514529903
congressionally,1,5,0.18132695062467136,0.3386616093199675,-0.5801831372831625,-0.5459471740017019,0.3714118410261342
experiencing,1,5,0.18132695062467136,0.3386616093199675,-0.5849515995610233,-0.5490015251245444,0.3714118410261342
reading,1,5,0.18132695062467136,0.3386616093199675,-0.5861491847884714,-0.5497657248966192,0.3714118410261342
utah,1,5,0.18132695062467136,0.3386616093199675,-0.5873489716539027,-0.5505301683475183,0.3714118410261342
objects,1,5,0.18132695062467136,0.3386616093199675,-0.5897551781018517,-0.5520597840067445,0.3714118410261342
adjustments,1,5,0.18132695062467136,0.3386616093199675,-0.5921702748319948,-0.5535903674888227,0.3714118410261342
underpinnings,1,5,0.18132695062467136,0.3386616093199675,-0.5958097128226267,-0.555888047067494,0.3714118410261342
helped,1,5,0.18132695062467136,0.3386616093199675,-0.5970273654424911,-0.5566544190192929,0.3714118410261342
aware,1,5,0.18132695062467136,0.3386616093199675,-0.5982472833528796,-0.5574210293326644,0.3714118410261342
individually,1,5,0.18132695062467136,0.3386616093199675,-0.5994694737914443,-0.5581878773881281,0.3714118410261342
hypothesized,1,5,0.18132695062467136,0.3386616093199675,-0.5994694737914443,-0.5581878773881281,0.3714118410261342
earlier,18,56,3.2638851112440843,3.793010024383636,-0.15036772066028536,-0.5587972613927481,0.31531080717041693
cbt,1,5,0.18132695062467136,0.3386616093199675,-0.6019207013728316,-0.5597222842179008,0.3714118410261342
intend,1,5,0.18132695062467136,0.3386616093199675,-0.6031497531606984,-0.5604898417235927,0.3714118410261342
latest,1,5,0.18132695062467136,0.3386616093199675,-0.6031497531606984,-0.5604898417235927,0.3714118410261342
active,10,33,1.8132695062467135,2.2351666215117856,-0.2001164113956051,-0.5612193748202063,0.3482232918384849
evolved,0,6,0.0,0.406393931183961,-5.302183642618781,-0.5633632504426848,3.8086698174358835
costeffectiveness,0,6,0.0,0.406393931183961,-5.302183642618781,-0.5633632504426848,3.8086698174358835
congregate,0,6,0.0,0.406393931183961,-5.302183642618781,-0.5633632504426848,3.8086698174358835
stahmer,0,6,0.0,0.406393931183961,-5.302183642618781,-0.5633632504426848,3.8086698174358835
omics,0,6,0.0,0.406393931183961,-5.302183642618781,-0.5633632504426848,3.8086698174358835
suggestion,0,6,0.0,0.406393931183961,-5.302183642618781,-0.5633632504426848,3.8086698174358835
comfortably,0,6,0.0,0.406393931183961,-5.302183642618781,-0.5633632504426848,3.8086698174358835
saliva,0,6,0.0,0.406393931183961,-5.302183642618781,-0.5633632504426848,3.8086698174358835
preferentially,0,6,0.0,0.406393931183961,-5.302183642618781,-0.5633632504426848,3.8086698174358835
ted,0,6,0.0,0.406393931183961,-5.302183642618781,-0.5633632504426848,3.8086698174358835
clusters,1,5,0.18132695062467136,0.3386616093199675,-0.6093296880776524,-0.5643311442432803,0.3714118410261342
motion,1,5,0.18132695062467136,0.3386616093199675,-0.6093296880776524,-0.5643311442432803,0.3714118410261342
raising,1,5,0.18132695062467136,0.3386616093199675,-0.6105726626077583,-0.5651001031132515,0.3714118410261342
origin,1,5,0.18132695062467136,0.3386616093199675,-0.6105726626077583,-0.5651001031132515,0.3714118410261342
visualize,0,5,0.0,0.3386616093199675,-4.987022563021647,-0.5662654013603121,3.173891514529903
dearth,0,5,0.0,0.3386616093199675,-4.987022563021647,-0.5662654013603121,3.173891514529903
primate,0,5,0.0,0.3386616093199675,-4.987022563021647,-0.5662654013603121,3.173891514529903
uncovered,0,5,0.0,0.3386616093199675,-4.987022563021647,-0.5662654013603121,3.173891514529903
utero,0,5,0.0,0.3386616093199675,-4.987022563021647,-0.5662654013603121,3.173891514529903
exiting,0,5,0.0,0.3386616093199675,-4.987022563021647,-0.5662654013603121,3.173891514529903
spoke,0,5,0.0,0.3386616093199675,-4.987022563021647,-0.5662654013603121,3.173891514529903
discussing,0,5,0.0,0.3386616093199675,-4.987022563021647,-0.5662654013603121,3.173891514529903
exceeded,0,5,0.0,0.3386616093199675,-4.987022563021647,-0.5662654013603121,3.173891514529903
altogether,0,5,0.0,0.3386616093199675,-4.987022563021647,-0.5662654013603121,3.173891514529903
immigrant,0,5,0.0,0.3386616093199675,-4.987022563021647,-0.5662654013603121,3.173891514529903
prominent,1,5,0.18132695062467136,0.3386616093199675,-0.6180800605466263,-0.5697186875927251,0.3714118410261342
longitudinally,1,5,0.18132695062467136,0.3386616093199675,-0.6193396239761491,-0.5704892503207979,0.3714118410261342
selective,1,5,0.18132695062467136,0.3386616093199675,-0.6206015883182161,-0.5712600393198952,0.3714118410261342
recommending,1,5,0.18132695062467136,0.3386616093199675,-0.6218659614519222,-0.572031053857214,0.3714118410261342
aripiprazole,1,5,0.18132695062467136,0.3386616093199675,-0.6218659614519222,-0.572031053857214,0.3714118410261342
electrophysiological,1,5,0.18132695062467136,0.3386616093199675,-0.6231327512941718,-0.5728022931931847,0.3714118410261342
visits,5,18,0.9066347531233567,1.219181793551883,-0.28614844845715126,-0.5731455211225189,0.3623120926291321
analytical,1,5,0.18132695062467136,0.3386616093199675,-0.6244019657999207,-0.57357375658142,0.3714118410261342
linguistically,1,5,0.18132695062467136,0.3386616093199675,-0.6244019657999207,-0.57357375658142,0.3714118410261342
contracting,1,5,0.18132695062467136,0.3386616093199675,-0.6244019657999207,-0.57357375658142,0.3714118410261342
accelerated,1,5,0.18132695062467136,0.3386616093199675,-0.6244019657999207,-0.57357375658142,0.3714118410261342
nih-supported,1,5,0.18132695062467136,0.3386616093199675,-0.6244019657999207,-0.57357375658142,0.3714118410261342
completely,1,5,0.18132695062467136,0.3386616093199675,-0.6256736129624088,-0.5743454432686528,0.3714118410261342
geographic,7,24,1.2692886543726996,1.625575724735844,-0.24493649558705854,-0.5748704982247356,0.3465823653834619
posed,1,5,0.18132695062467136,0.3386616093199675,-0.6269477008134245,-0.5751173524947009,0.3714118410261342
essentially,1,5,0.18132695062467136,0.3386616093199675,-0.6269477008134245,-0.5751173524947009,0.3714118410261342
fluid,1,5,0.18132695062467136,0.3386616093199675,-0.6269477008134245,-0.5751173524947009,0.3714118410261342
psychiatrists,1,5,0.18132695062467136,0.3386616093199675,-0.6282242374235398,-0.5758894834924013,0.3714118410261342
narrowly,1,5,0.18132695062467136,0.3386616093199675,-0.6282242374235398,-0.5758894834924013,0.3714118410261342
knowledge,33,99,5.983789370614154,6.705499864535356,-0.11537299620349817,-0.5775054100734706,0.32698329375899604
distancing,0,7,0.0,0.4741262530479545,-5.456072222070082,-0.5797917482178065,4.4434481203418645
biobanking,0,7,0.0,0.4741262530479545,-5.456072222070082,-0.5797917482178065,4.4434481203418645
well-trained,0,7,0.0,0.4741262530479545,-5.456072222070082,-0.5797917482178065,4.4434481203418645
locales,0,7,0.0,0.4741262530479545,-5.456072222070082,-0.5797917482178065,4.4434481203418645
normalize,0,7,0.0,0.4741262530479545,-5.456072222070082,-0.5797917482178065,4.4434481203418645
urge,0,7,0.0,0.4741262530479545,-5.456072222070082,-0.5797917482178065,4.4434481203418645
sebat,0,7,0.0,0.4741262530479545,-5.456072222070082,-0.5797917482178065,4.4434481203418645
edcs,0,7,0.0,0.4741262530479545,-5.456072222070082,-0.5797917482178065,4.4434481203418645
storing,0,7,0.0,0.4741262530479545,-5.456072222070082,-0.5797917482178065,4.4434481203418645
mtor,0,7,0.0,0.4741262530479545,-5.456072222070082,-0.5797917482178065,4.4434481203418645
ips,0,7,0.0,0.4741262530479545,-5.456072222070082,-0.5797917482178065,4.4434481203418645
redcap,0,7,0.0,0.4741262530479545,-5.456072222070082,-0.5797917482178065,4.4434481203418645
autism-related,12,39,2.175923407496056,2.6415605526957466,-0.1897494422220909,-0.58020643497953,0.3567652631790965
chronic,4,15,0.7253078024986854,1.0159848279599024,-0.3216375424869682,-0.5804421706572007,0.3818735888579452
add,5,18,0.9066347531233567,1.219181793551883,-0.2913411775607866,-0.5817702705526869,0.3623120926291321
generally,4,15,0.7253078024986854,1.0159848279599024,-0.3236207941238618,-0.5833488256337167,0.3818735888579452
poor,6,21,1.087961703748028,1.4223787591438635,-0.26898689644711204,-0.5846163686626833,0.3517386092635748
preference,6,21,1.087961703748028,1.4223787591438635,-0.26993186745421127,-0.5863427539938205,0.3517386092635748
consumer-focused,0,5,0.0,0.3386616093199675,-4.869561782907837,-0.5863747181254981,3.173891514529903
hands-on,0,5,0.0,0.3386616093199675,-4.869561782907837,-0.5863747181254981,3.173891514529903
ehrs,0,5,0.0,0.3386616093199675,-4.869561782907837,-0.5863747181254981,3.173891514529903
avonte's,0,5,0.0,0.3386616093199675,-4.869561782907837,-0.5863747181254981,3.173891514529903
tive,0,5,0.0,0.3386616093199675,-4.869561782907837,-0.5863747181254981,3.173891514529903
shortly,0,5,0.0,0.3386616093199675,-4.869561782907837,-0.5863747181254981,3.173891514529903
willingness,0,5,0.0,0.3386616093199675,-4.869561782907837,-0.5863747181254981,3.173891514529903
differentiate,0,5,0.0,0.3386616093199675,-4.869561782907837,-0.5863747181254981,3.173891514529903
integral,0,6,0.0,0.406393931183961,-5.1689209881739036,-0.5870451307911827,3.8086698174358835
freezer,0,6,0.0,0.406393931183961,-5.1689209881739036,-0.5870451307911827,3.8086698174358835
teamwork,0,6,0.0,0.406393931183961,-5.1689209881739036,-0.5870451307911827,3.8086698174358835
census,0,6,0.0,0.406393931183961,-5.1689209881739036,-0.5870451307911827,3.8086698174358835
said,0,6,0.0,0.406393931183961,-5.1689209881739036,-0.5870451307911827,3.8086698174358835
unaware,0,6,0.0,0.406393931183961,-5.1689209881739036,-0.5870451307911827,3.8086698174358835
analogous,0,6,0.0,0.406393931183961,-5.1689209881739036,-0.5870451307911827,3.8086698174358835
intersectional,0,6,0.0,0.406393931183961,-5.1689209881739036,-0.5870451307911827,3.8086698174358835
realm,0,6,0.0,0.406393931183961,-5.1689209881739036,-0.5870451307911827,3.8086698174358835
realistic,0,6,0.0,0.406393931183961,-5.1689209881739036,-0.5870451307911827,3.8086698174358835
wiring,0,6,0.0,0.406393931183961,-5.1689209881739036,-0.5870451307911827,3.8086698174358835
truly,0,6,0.0,0.406393931183961,-5.1689209881739036,-0.5870451307911827,3.8086698174358835
ruled,0,6,0.0,0.406393931183961,-5.1689209881739036,-0.5870451307911827,3.8086698174358835
sons,0,6,0.0,0.406393931183961,-5.1689209881739036,-0.5870451307911827,3.8086698174358835
utility,9,30,1.6319425556220422,2.031969655919805,-0.22263517677538225,-0.5885597883752681,0.3457194768752645
urgent,8,27,1.4506156049973709,1.8287726903278245,-0.2364164054035811,-0.5895969809678613,0.3449439684487614
replication,9,30,1.6319425556220422,2.031969655919805,-0.22362701369769233,-0.5908298544191689,0.3457194768752645
papers,4,15,0.7253078024986854,1.0159848279599024,-0.3307605687974071,-0.5937545479917474,0.3818735888579452
power,5,18,0.9066347531233567,1.219181793551883,-0.2988767289474783,-0.5941888821455618,0.3623120926291321
adequate,11,36,1.9945964568713848,2.438363587103766,-0.20525876390143338,-0.5982840558887331,0.3520070760846341
generation,4,15,0.7253078024986854,1.0159848279599024,-0.3345087239983773,-0.5991808671005628,0.3818735888579452
unmet,13,42,2.357250358120728,2.844757518287727,-0.1890518043255387,-0.5993563787580721,0.3622824038768315
determined,3,12,0.543980851874014,0.812787862367922,-0.3820976092869266,-0.602373792725478,0.41803142740179466
prevention,28,86,5.077154617490798,5.824979680303441,-0.12956314926074342,-0.602585195776143,0.40801066235698435
comparing,3,12,0.543980851874014,0.812787862367922,-0.3836342120879497,-0.6042657764838186,0.41803142740179466
monozygotic,0,7,0.0,0.4741262530479545,-5.322771240251027,-0.6046107023199462,4.4434481203418645
exciting,0,7,0.0,0.4741262530479545,-5.322771240251027,-0.6046107023199462,4.4434481203418645
big,0,7,0.0,0.4741262530479545,-5.322771240251027,-0.6046107023199462,4.4434481203418645
regress,0,7,0.0,0.4741262530479545,-5.322771240251027,-0.6046107023199462,4.4434481203418645
emphasizing,0,5,0.0,0.3386616093199675,-4.764523418965867,-0.6046638942761968,3.173891514529903
coupled,0,5,0.0,0.3386616093199675,-4.764523418965867,-0.6046638942761968,3.173891514529903
resnik,0,5,0.0,0.3386616093199675,-4.764523418965867,-0.6046638942761968,3.173891514529903
removal,0,5,0.0,0.3386616093199675,-4.764523418965867,-0.6046638942761968,3.173891514529903
submicroscopic,0,5,0.0,0.3386616093199675,-4.764523418965867,-0.6046638942761968,3.173891514529903
anatomy,0,5,0.0,0.3386616093199675,-4.764523418965867,-0.6046638942761968,3.173891514529903
forming,0,5,0.0,0.3386616093199675,-4.764523418965867,-0.6046638942761968,3.173891514529903
donna,0,5,0.0,0.3386616093199675,-4.764523418965867,-0.6046638942761968,3.173891514529903
dsps,0,5,0.0,0.3386616093199675,-4.764523418965867,-0.6046638942761968,3.173891514529903
malow,0,6,0.0,0.406393931183961,-5.051406618486737,-0.6084180763362432,3.8086698174358835
non-human,0,6,0.0,0.406393931183961,-5.051406618486737,-0.6084180763362432,3.8086698174358835
sars-cov,0,6,0.0,0.406393931183961,-5.051406618486737,-0.6084180763362432,3.8086698174358835
multifaceted,0,6,0.0,0.406393931183961,-5.051406618486737,-0.6084180763362432,3.8086698174358835
toxicants,0,6,0.0,0.406393931183961,-5.051406618486737,-0.6084180763362432,3.8086698174358835
maintained,3,12,0.543980851874014,0.812787862367922,-0.3921576440729879,-0.6146959304725795,0.41803142740179466
cross-disciplinary,0,8,0.0,0.541858574911948,-5.456078932168436,-0.6198242130010223,5.078226423247845
donate,0,8,0.0,0.541858574911948,-5.456078932168436,-0.6198242130010223,5.078226423247845
pointed,0,8,0.0,0.541858574911948,-5.456078932168436,-0.6198242130010223,5.078226423247845
ation,0,8,0.0,0.541858574911948,-5.456078932168436,-0.6198242130010223,5.078226423247845
ent,0,8,0.0,0.541858574911948,-5.456078932168436,-0.6198242130010223,5.078226423247845
biobehavioral,0,8,0.0,0.541858574911948,-5.456078932168436,-0.6198242130010223,5.078226423247845
mainly,0,5,0.0,0.3386616093199675,-4.66953528711756,-0.6214341430435548,3.173891514529903
reward,0,5,0.0,0.3386616093199675,-4.66953528711756,-0.6214341430435548,3.173891514529903
on-the-job,0,5,0.0,0.3386616093199675,-4.66953528711756,-0.6214341430435548,3.173891514529903
hemispheres,0,5,0.0,0.3386616093199675,-4.66953528711756,-0.6214341430435548,3.173891514529903
pittsburgh,0,5,0.0,0.3386616093199675,-4.66953528711756,-0.6214341430435548,3.173891514529903
curry,0,5,0.0,0.3386616093199675,-4.66953528711756,-0.6214341430435548,3.173891514529903
pollutants,0,5,0.0,0.3386616093199675,-4.66953528711756,-0.6214341430435548,3.173891514529903
ronyak,0,5,0.0,0.3386616093199675,-4.66953528711756,-0.6214341430435548,3.173891514529903
fcc,0,7,0.0,0.4741262530479545,-5.2052185623149505,-0.627051816022601,4.4434481203418645
yoga,0,7,0.0,0.4741262530479545,-5.2052185623149505,-0.627051816022601,4.4434481203418645
tailor,0,7,0.0,0.4741262530479545,-5.2052185623149505,-0.627051816022601,4.4434481203418645
phenomenon,0,7,0.0,0.4741262530479545,-5.2052185623149505,-0.627051816022601,4.4434481203418645
public-private,3,12,0.543980851874014,0.812787862367922,-0.4023911693363029,-0.6270753657506871,0.41803142740179466
pipeline,3,12,0.543980851874014,0.812787862367922,-0.4023911693363029,-0.6270753657506871,0.41803142740179466
daughters,0,6,0.0,0.406393931183961,-4.946314696626496,-0.6279025364176563,3.8086698174358835
lag,0,6,0.0,0.406393931183961,-4.946314696626496,-0.6279025364176563,3.8086698174358835
send,0,6,0.0,0.406393931183961,-4.946314696626496,-0.6279025364176563,3.8086698174358835
blueprint,0,6,0.0,0.406393931183961,-4.946314696626496,-0.6279025364176563,3.8086698174358835
anderson,0,6,0.0,0.406393931183961,-4.946314696626496,-0.6279025364176563,3.8086698174358835
wood,0,6,0.0,0.406393931183961,-4.946314696626496,-0.6279025364176563,3.8086698174358835
placed,3,12,0.543980851874014,0.812787862367922,-0.4031856937630032,-0.628030002535787,0.41803142740179466
exposome,3,12,0.543980851874014,0.812787862367922,-0.4059748834265289,-0.6313738993736825,0.41803142740179466
district,2,9,0.3626539012493427,0.6095908967759415,-0.4833788289797152,-0.6347422553069373,0.4904495046651791
campus,0,5,0.0,0.3386616093199675,-4.582845854390923,-0.6369151538065498,3.173891514529903
sustaining,0,5,0.0,0.3386616093199675,-4.582845854390923,-0.6369151538065498,3.173891514529903
nancy,0,5,0.0,0.3386616093199675,-4.582845854390923,-0.6369151538065498,3.173891514529903
first-time,0,5,0.0,0.3386616093199675,-4.582845854390923,-0.6369151538065498,3.173891514529903
coping,0,5,0.0,0.3386616093199675,-4.582845854390923,-0.6369151538065498,3.173891514529903
anatomical,0,5,0.0,0.3386616093199675,-4.582845854390923,-0.6369151538065498,3.173891514529903
facilitated,0,5,0.0,0.3386616093199675,-4.582845854390923,-0.6369151538065498,3.173891514529903
virtually,0,5,0.0,0.3386616093199675,-4.582845854390923,-0.6369151538065498,3.173891514529903
sperm,0,5,0.0,0.3386616093199675,-4.582845854390923,-0.6369151538065498,3.173891514529903
prt,0,5,0.0,0.3386616093199675,-4.582845854390923,-0.6369151538065498,3.173891514529903
spending,2,9,0.3626539012493427,0.6095908967759415,-0.4898247301011782,-0.6409014766025865,0.4904495046651791
september,2,9,0.3626539012493427,0.6095908967759415,-0.49159432793110014,-0.6425837703494728,0.4904495046651791
disparate,0,8,0.0,0.541858574911948,-5.338497506632272,-0.6431904173181475,5.078226423247845
ineffective,0,8,0.0,0.541858574911948,-5.338497506632272,-0.6431904173181475,5.078226423247845
exposomics,0,8,0.0,0.541858574911948,-5.338497506632272,-0.6431904173181475,5.078226423247845
ideally,0,8,0.0,0.541858574911948,-5.338497506632272,-0.6431904173181475,5.078226423247845
apps,0,8,0.0,0.541858574911948,-5.338497506632272,-0.6431904173181475,5.078226423247845
banking,0,8,0.0,0.541858574911948,-5.338497506632272,-0.6431904173181475,5.078226423247845
identify,95,274,17.226060309343776,18.55865619073422,-0.07637378265409733,-0.6453564573744633,0.39635252382411323
asd-relevant,0,6,0.0,0.406393931183961,-4.85127303848688,-0.6458097087654198,3.8086698174358835
join,0,6,0.0,0.406393931183961,-4.85127303848688,-0.6458097087654198,3.8086698174358835
listen,0,7,0.0,0.4741262530479545,-5.1000883513167246,-0.6475467224212953,4.4434481203418645
remarkable,0,7,0.0,0.4741262530479545,-5.1000883513167246,-0.6475467224212953,4.4434481203418645
arena,0,7,0.0,0.4741262530479545,-5.1000883513167246,-0.6475467224212953,4.4434481203418645
pathogenesis,0,7,0.0,0.4741262530479545,-5.1000883513167246,-0.6475467224212953,4.4434481203418645
ebps,0,7,0.0,0.4741262530479545,-5.1000883513167246,-0.6475467224212953,4.4434481203418645
frequency,2,9,0.3626539012493427,0.6095908967759415,-0.49991931783154975,-0.6504486155179845,0.4904495046651791
marcus,0,5,0.0,0.3386616093199675,-4.503124987354106,-0.6512864697371616,3.173891514529903
pierce,0,5,0.0,0.3386616093199675,-4.503124987354106,-0.6512864697371616,3.173891514529903
devel,0,5,0.0,0.3386616093199675,-4.503124987354106,-0.6512864697371616,3.173891514529903
invertebrate,0,5,0.0,0.3386616093199675,-4.503124987354106,-0.6512864697371616,3.173891514529903
lay-friendly,0,5,0.0,0.3386616093199675,-4.503124987354106,-0.6512864697371616,3.173891514529903
lifestyle,0,5,0.0,0.3386616093199675,-4.503124987354106,-0.6512864697371616,3.173891514529903
offspring,2,9,0.3626539012493427,0.6095908967759415,-0.5023183444613757,-0.6526999775613033,0.4904495046651791
atlanta,2,9,0.3626539012493427,0.6095908967759415,-0.5023183444613757,-0.6526999775613033,0.4904495046651791
phases,2,9,0.3626539012493427,0.6095908967759415,-0.5065388168856799,-0.6566444011640751,0.4904495046651791
fpe,0,9,0.0,0.6095908967759415,-5.4560856423122015,-0.6574236647646601,5.713004726153825
hardships,0,9,0.0,0.6095908967759415,-5.4560856423122015,-0.6574236647646601,5.713004726153825
underscores,0,6,0.0,0.406393931183961,-4.764530111067819,-0.6623770395609411,3.8086698174358835
smart,0,6,0.0,0.406393931183961,-4.764530111067819,-0.6623770395609411,3.8086698174358835
british,0,6,0.0,0.406393931183961,-4.764530111067819,-0.6623770395609411,3.8086698174358835
pursuit,0,6,0.0,0.406393931183961,-4.764530111067819,-0.6623770395609411,3.8086698174358835
inspire,0,6,0.0,0.406393931183961,-4.764530111067819,-0.6623770395609411,3.8086698174358835
calling,0,6,0.0,0.406393931183961,-4.764530111067819,-0.6623770395609411,3.8086698174358835
attend,0,6,0.0,0.406393931183961,-4.764530111067819,-0.6623770395609411,3.8086698174358835
technological,2,9,0.3626539012493427,0.6095908967759415,-0.5144527011936564,-0.6639850217324376,0.4904495046651791
occurring,2,9,0.3626539012493427,0.6095908967759415,-0.5150655936022996,-0.6645505033553308,0.4904495046651791
preservation,0,8,0.0,0.541858574911948,-5.233338560448999,-0.6645604493390875,5.078226423247845
comprehensively,0,5,0.0,0.3386616093199675,-4.429338752277509,-0.6646913522111764,3.173891514529903
transcranial,0,5,0.0,0.3386616093199675,-4.429338752277509,-0.6646913522111764,3.173891514529903
insel,0,5,0.0,0.3386616093199675,-4.429338752277509,-0.6646913522111764,3.173891514529903
self-direction,0,7,0.0,0.4741262530479545,-5.005008423135729,-0.6664150615990753,4.4434481203418645
estimating,0,7,0.0,0.4741262530479545,-5.005008423135729,-0.6664150615990753,4.4434481203418645
accidents,0,7,0.0,0.4741262530479545,-5.005008423135729,-0.6664150615990753,4.4434481203418645
momentum,0,7,0.0,0.4741262530479545,-5.005008423135729,-0.6664150615990753,4.4434481203418645
unintentional,0,7,0.0,0.4741262530479545,-5.005008423135729,-0.6664150615990753,4.4434481203418645
problematic,0,7,0.0,0.4741262530479545,-5.005008423135729,-0.6664150615990753,4.4434481203418645
ideal,0,7,0.0,0.4741262530479545,-5.005008423135729,-0.6664150615990753,4.4434481203418645
poorer,2,9,0.3626539012493427,0.6095908967759415,-0.5199902416774833,-0.6690785469748025,0.4904495046651791
prove,2,9,0.3626539012493427,0.6095908967759415,-0.5230877151057207,-0.6719123461490686,0.4904495046651791
interdisciplinary,5,19,0.9066347531233567,1.2869141154158765,-0.33362656157479975,-0.6745319785804663,0.5185383956374192
validate,10,34,1.8132695062467135,2.302898943375779,-0.24181864152701849,-0.6756134872253906,0.46054037669512304
presented,8,28,1.4506156049973709,1.896505012191818,-0.2692813820358264,-0.675682771052202,0.4689848123514331
practice-level,0,5,0.0,0.3386616093199675,-4.360667514374711,-0.6772461134979455,3.173891514529903
somewhat,0,5,0.0,0.3386616093199675,-4.360667514374711,-0.6772461134979455,3.173891514529903
normally,0,5,0.0,0.3386616093199675,-4.360667514374711,-0.6772461134979455,3.173891514529903
non-verbal,0,5,0.0,0.3386616093199675,-4.360667514374711,-0.6772461134979455,3.173891514529903
believed,0,5,0.0,0.3386616093199675,-4.360667514374711,-0.6772461134979455,3.173891514529903
die,0,5,0.0,0.3386616093199675,-4.360667514374711,-0.6772461134979455,3.173891514529903
sum,0,5,0.0,0.3386616093199675,-4.360667514374711,-0.6772461134979455,3.173891514529903
ireland,0,6,0.0,0.406393931183961,-4.684755780909411,-0.67779024053114,3.8086698174358835
inflation,0,6,0.0,0.406393931183961,-4.684755780909411,-0.67779024053114,3.8086698174358835
norwegian,0,6,0.0,0.406393931183961,-4.684755780909411,-0.67779024053114,3.8086698174358835
reinforcement,0,6,0.0,0.406393931183961,-4.684755780909411,-0.67779024053114,3.8086698174358835
accompany,0,6,0.0,0.406393931183961,-4.684755780909411,-0.67779024053114,3.8086698174358835
conflicting,0,6,0.0,0.406393931183961,-4.684755780909411,-0.67779024053114,3.8086698174358835
influencing,0,6,0.0,0.406393931183961,-4.684755780909411,-0.67779024053114,3.8086698174358835
portland,0,9,0.0,0.6095908967759415,-5.35090433566816,-0.6795654644974554,5.713004726153825
students,18,59,3.2638851112440843,3.9962069899756165,-0.17936075404940333,-0.6801343292276797,0.5852735631763606
self-determined,0,7,0.0,0.4741262530479545,-4.918227244757579,-0.6839008383324112,4.4434481203418645
researc,0,7,0.0,0.4741262530479545,-4.918227244757579,-0.6839008383324112,4.4434481203418645
pathophysiology,0,7,0.0,0.4741262530479545,-4.918227244757579,-0.6839008383324112,4.4434481203418645
accelerating,0,8,0.0,0.541858574911948,-5.138229909489942,-0.6842612628295002,5.078226423247845
buie,0,8,0.0,0.541858574911948,-5.138229909489942,-0.6842612628295002,5.078226423247845
incorporation,0,8,0.0,0.541858574911948,-5.138229909489942,-0.6842612628295002,5.078226423247845
silencing,0,8,0.0,0.541858574911948,-5.138229909489942,-0.6842612628295002,5.078226423247845
unprecedented,0,8,0.0,0.541858574911948,-5.138229909489942,-0.6842612628295002,5.078226423247845
postnatal,6,22,1.087961703748028,1.490111081007857,-0.31398102632876324,-0.6864308101145371,0.4941806699740363
placebo,0,5,0.0,0.3386616093199675,-4.2964505233948795,-0.6890465981860597,3.173891514529903
under-resourced,0,5,0.0,0.3386616093199675,-4.2964505233948795,-0.6890465981860597,3.173891514529903
hall,0,5,0.0,0.3386616093199675,-4.2964505233948795,-0.6890465981860597,3.173891514529903
rice,0,5,0.0,0.3386616093199675,-4.2964505233948795,-0.6890465981860597,3.173891514529903
minnesota,0,5,0.0,0.3386616093199675,-4.2964505233948795,-0.6890465981860597,3.173891514529903
gestational,0,5,0.0,0.3386616093199675,-4.2964505233948795,-0.6890465981860597,3.173891514529903
expenses,0,5,0.0,0.3386616093199675,-4.2964505233948795,-0.6890465981860597,3.173891514529903
mglur,0,5,0.0,0.3386616093199675,-4.2964505233948795,-0.6890465981860597,3.173891514529903
geographical,0,5,0.0,0.3386616093199675,-4.2964505233948795,-0.6890465981860597,3.173891514529903
powerful,0,5,0.0,0.3386616093199675,-4.2964505233948795,-0.6890465981860597,3.173891514529903
educators,5,19,0.9066347531233567,1.2869141154158765,-0.3432374654777508,-0.6901181112375586,0.5185383956374192
environ,0,6,0.0,0.406393931183961,-4.6109161142540405,-0.6921975745526976,3.8086698174358835
cincinnati,0,6,0.0,0.406393931183961,-4.6109161142540405,-0.6921975745526976,3.8086698174358835
high-throughput,0,6,0.0,0.406393931183961,-4.6109161142540405,-0.6921975745526976,3.8086698174358835
insurers,0,6,0.0,0.406393931183961,-4.6109161142540405,-0.6921975745526976,3.8086698174358835
invited,0,6,0.0,0.406393931183961,-4.6109161142540405,-0.6921975745526976,3.8086698174358835
well-characterized,0,10,0.0,0.677323218639935,-5.456092352501381,-0.6929862417213444,6.347783029059806
addendum,0,10,0.0,0.677323218639935,-5.456092352501381,-0.6929862417213444,6.347783029059806
nvac,0,10,0.0,0.677323218639935,-5.456092352501381,-0.6929862417213444,6.347783029059806
restricted,5,19,0.9066347531233567,1.2869141154158765,-0.3476384289781489,-0.6971941388178545,0.5185383956374192
plasticity,0,9,0.0,0.6095908967759415,-5.255773332761082,-0.7000004470165938,5.713004726153825
knapp,0,9,0.0,0.6095908967759415,-5.255773332761082,-0.7000004470165938,5.713004726153825
krieger,0,9,0.0,0.6095908967759415,-5.255773332761082,-0.7000004470165938,5.713004726153825
complement,0,5,0.0,0.3386616093199675,-4.2361473283762585,-0.7001728056911682,3.173891514529903
gestation,0,5,0.0,0.3386616093199675,-4.2361473283762585,-0.7001728056911682,3.173891514529903
containing,0,5,0.0,0.3386616093199675,-4.2361473283762585,-0.7001728056911682,3.173891514529903
disasters,0,5,0.0,0.3386616093199675,-4.2361473283762585,-0.7001728056911682,3.173891514529903
gen,0,5,0.0,0.3386616093199675,-4.2361473283762585,-0.7001728056911682,3.173891514529903
preemption,0,7,0.0,0.4741262530479545,-4.838414682708079,-0.7001949799090641,4.4434481203418645
fashion,0,7,0.0,0.4741262530479545,-4.838414682708079,-0.7001949799090641,4.4434481203418645
comfortable,0,7,0.0,0.4741262530479545,-4.838414682708079,-0.7001949799090641,4.4434481203418645
agreed,0,7,0.0,0.4741262530479545,-4.838414682708079,-0.7001949799090641,4.4434481203418645
mandates,4,16,0.7253078024986854,1.083717149823896,-0.38701824109602256,-0.7025462692679225,0.5573752365357261
capabilities,5,19,0.9066347531233567,1.2869141154158765,-0.3511366700279819,-0.7027915631460988,0.5185383956374192
elopement,5,19,0.9066347531233567,1.2869141154158765,-0.3520731106307391,-0.7042858628868721,0.5185383956374192
progressed,0,6,0.0,0.406393931183961,-4.542191476287304,-0.7057194759594453,3.8086698174358835
tensor,0,6,0.0,0.406393931183961,-4.542191476287304,-0.7057194759594453,3.8086698174358835
siegel,0,6,0.0,0.406393931183961,-4.542191476287304,-0.7057194759594453,3.8086698174358835
feel,0,6,0.0,0.406393931183961,-4.542191476287304,-0.7057194759594453,3.8086698174358835
urgency,5,19,0.9066347531233567,1.2869141154158765,-0.3544208430875475,-0.7080246591656674,0.5185383956374192
pelphrey,0,5,0.0,0.3386616093199675,-4.179310238040628,-0.710692263409811,3.173891514529903
ball,0,5,0.0,0.3386616093199675,-4.179310238040628,-0.710692263409811,3.173891514529903
in-depth,0,5,0.0,0.3386616093199675,-4.179310238040628,-0.710692263409811,3.173891514529903
instructional,0,5,0.0,0.3386616093199675,-4.179310238040628,-0.710692263409811,3.173891514529903
promise,4,16,0.7253078024986854,1.083717149823896,-0.39343605619598776,-0.7115888582310009,0.5573752365357261
report,65,195,11.786251790603638,13.207802763478732,-0.10052269382268886,-0.7128422139919237,0.6440580028585288
tremendous,0,10,0.0,0.677323218639935,-5.360943460464394,-0.7140778476690957,6.347783029059806
properties,0,7,0.0,0.4741262530479545,-4.764536803215329,-0.7154499778984709,4.4434481203418645
visualization,0,7,0.0,0.4741262530479545,-4.764536803215329,-0.7154499778984709,4.4434481203418645
classify,0,7,0.0,0.4741262530479545,-4.764536803215329,-0.7154499778984709,4.4434481203418645
emotion,1,6,0.18132695062467136,0.406393931183961,-0.7429689569428941,-0.715908812332605,0.6712961942900462
controlling,0,6,0.0,0.406393931183961,-4.477921116730418,-0.718455234401436,3.8086698174358835
transmission,0,9,0.0,0.6095908967759415,-5.168941100563677,-0.718983310781525,5.713004726153825
unfortunately,0,8,0.0,0.541858574911948,-4.971578760694955,-0.7195997391041208,5.078226423247845
extra,0,8,0.0,0.541858574911948,-4.971578760694955,-0.7195997391041208,5.078226423247845
alleviate,0,5,0.0,0.3386616093199675,-4.12556423704754,-0.7206625378266802,3.173891514529903
carter,0,5,0.0,0.3386616093199675,-4.12556423704754,-0.7206625378266802,3.173891514529903
everyday,0,5,0.0,0.3386616093199675,-4.12556423704754,-0.7206625378266802,3.173891514529903
understudied,0,11,0.0,0.7450555405039285,-5.456099062735971,-0.7268109958528434,6.982561331965787
palmer,0,11,0.0,0.7450555405039285,-5.456099062735971,-0.7268109958528434,6.982561331965787
poses,0,11,0.0,0.7450555405039285,-5.456099062735971,-0.7268109958528434,6.982561331965787
urban,3,13,0.543980851874014,0.8805201842319155,-0.45663965980914867,-0.7274925107877382,0.6224003507890239
worldwide,1,6,0.18132695062467136,0.406393931183961,-0.7663483062480587,-0.7292992897769524,0.6712961942900462
parkinson's,0,7,0.0,0.4741262530479545,-4.695773971450656,-0.7297897516725799,4.4434481203418645
asc,0,7,0.0,0.4741262530479545,-4.695773971450656,-0.7297897516725799,4.4434481203418645
dual,0,7,0.0,0.4741262530479545,-4.695773971450656,-0.7297897516725799,4.4434481203418645
rich,0,7,0.0,0.4741262530479545,-4.695773971450656,-0.7297897516725799,4.4434481203418645
appearing,1,6,0.18132695062467136,0.406393931183961,-0.7676007143048462,-0.7300048302003799,0.6712961942900462
index,1,6,0.18132695062467136,0.406393931183961,-0.7676007143048462,-0.7300048302003799,0.6712961942900462
vertically,0,5,0.0,0.3386616093199675,-4.074592059776341,-0.7301331369884024,3.173891514529903
iteration,0,5,0.0,0.3386616093199675,-4.074592059776341,-0.7301331369884024,3.173891514529903
machine,0,5,0.0,0.3386616093199675,-4.074592059776341,-0.7301331369884024,3.173891514529903
reclassified,0,5,0.0,0.3386616093199675,-4.074592059776341,-0.7301331369884024,3.173891514529903
appointed,0,6,0.0,0.406393931183961,-4.417564584593709,-0.7304877635463873,3.8086698174358835
accepted,0,6,0.0,0.406393931183961,-4.417564584593709,-0.7304877635463873,3.8086698174358835
density,0,6,0.0,0.406393931183961,-4.417564584593709,-0.7304877635463873,3.8086698174358835
liaison,0,6,0.0,0.406393931183961,-4.417564584593709,-0.7304877635463873,3.8086698174358835
jose,0,6,0.0,0.406393931183961,-4.417564584593709,-0.7304877635463873,3.8086698174358835
hormone,1,6,0.18132695062467136,0.406393931183961,-0.7701122556404307,-0.7314161221242695,0.6712961942900462
english,1,6,0.18132695062467136,0.406393931183961,-0.7701122556404307,-0.7314161221242695,0.6712961942900462
rtt,0,10,0.0,0.677323218639935,-5.2740933452267775,-0.7336881998767536,6.347783029059806
marbles,0,8,0.0,0.541858574911948,-4.897672195596861,-0.7355890021138478,5.078226423247845
communitybased,0,8,0.0,0.541858574911948,-4.897672195596861,-0.7355890021138478,5.078226423247845
infusion,0,8,0.0,0.541858574911948,-4.897672195596861,-0.7355890021138478,5.078226423247845
preconception,0,8,0.0,0.541858574911948,-4.897672195596861,-0.7355890021138478,5.078226423247845
properly,0,9,0.0,0.6095908967759415,-5.089077505588843,-0.7367134868155522,5.713004726153825
co-director,0,9,0.0,0.6095908967759415,-5.089077505588843,-0.7367134868155522,5.713004726153825
trust,1,6,0.18132695062467136,0.406393931183961,-0.7802491282746882,-0.7370639465889166,0.6712961942900462
intelligence,1,6,0.18132695062467136,0.406393931183961,-0.7815265602888459,-0.7377702054352008,0.6712961942900462
collectively,1,6,0.18132695062467136,0.406393931183961,-0.7828063105345695,-0.738476522946675,0.6712961942900462
requested,1,6,0.18132695062467136,0.406393931183961,-0.7828063105345695,-0.738476522946675,0.6712961942900462
july,3,13,0.543980851874014,0.8805201842319155,-0.46609108228034657,-0.7386294910839866,0.6224003507890239
stanford,0,5,0.0,0.3386616093199675,-4.026122909628668,-0.7391469744667746,3.173891514529903
robert,0,5,0.0,0.3386616093199675,-4.026122909628668,-0.7391469744667746,3.173891514529903
kasari,0,5,0.0,0.3386616093199675,-4.026122909628668,-0.7391469744667746,3.173891514529903
oversees,0,5,0.0,0.3386616093199675,-4.026122909628668,-0.7391469744667746,3.173891514529903
evolving,0,5,0.0,0.3386616093199675,-4.026122909628668,-0.7391469744667746,3.173891514529903
harmful,0,5,0.0,0.3386616093199675,-4.026122909628668,-0.7391469744667746,3.173891514529903
pecs,1,6,0.18132695062467136,0.406393931183961,-0.7853727952237559,-0.7398893293936452,0.6712961942900462
mapping,1,6,0.18132695062467136,0.406393931183961,-0.787948641694042,-0.7413023567077355,0.6712961942900462
mindfulness,0,6,0.0,0.406393931183961,-4.360674188571078,-0.7418870821806296,3.8086698174358835
alternate,1,6,0.18132695062467136,0.406393931183961,-0.7892400942969324,-0.7420089502732133,0.6712961942900462
wetherby,0,7,0.0,0.4741262530479545,-4.631465437121026,-0.7433165034456836,4.4434481203418645
speakers,0,7,0.0,0.4741262530479545,-4.631465437121026,-0.7433165034456836,4.4434481203418645
bringing,0,7,0.0,0.4741262530479545,-4.631465437121026,-0.7433165034456836,4.4434481203418645
extension,1,6,0.18132695062467136,0.406393931183961,-0.7931286601822443,-0.7441290364092132,0.6712961942900462
developer,1,6,0.18132695062467136,0.406393931183961,-0.7931286601822443,-0.7441290364092132,0.6712961942900462
contact,3,13,0.543980851874014,0.8805201842319155,-0.47127176510479707,-0.7446790865000145,0.6224003507890239
imperative,0,11,0.0,0.7450555405039285,-5.369234310436802,-0.7469888916622066,6.982561331965787
king,1,6,0.18132695062467136,0.406393931183961,-0.7996574225231576,-0.7476634591067577,0.6712961942900462
possibly,1,6,0.18132695062467136,0.406393931183961,-0.7996574225231576,-0.7476634591067577,0.6712961942900462
america,0,5,0.0,0.3386616093199675,-3.9799238049871057,-0.7477415116431634,3.173891514529903
space,0,5,0.0,0.3386616093199675,-3.9799238049871057,-0.7477415116431634,3.173891514529903
suffer,1,6,0.18132695062467136,0.406393931183961,-0.8009704175314543,-0.7483704744795628,0.6712961942900462
severe,12,41,2.175923407496056,2.7770251964237334,-0.24417619547062053,-0.7488546858625714,0.5766946419882002
neonatal,1,6,0.18132695062467136,0.406393931183961,-0.8036037128212428,-0.7497846260603683,0.6712961942900462
spread,1,6,0.18132695062467136,0.406393931183961,-0.8036037128212428,-0.7497846260603683,0.6712961942900462
ocd,1,6,0.18132695062467136,0.406393931183961,-0.8036037128212428,-0.7497846260603683,0.6712961942900462
refined,1,6,0.18132695062467136,0.406393931183961,-0.8036037128212428,-0.7497846260603683,0.6712961942900462
labeled,3,13,0.543980851874014,0.8805201842319155,-0.47609276491643904,-0.750273932465299,0.6224003507890239
ones,1,6,0.18132695062467136,0.406393931183961,-0.804924028954801,-0.7504917597299169,0.6712961942900462
recruiting,1,6,0.18132695062467136,0.406393931183961,-0.804924028954801,-0.7504917597299169,0.6712961942900462
impair,1,6,0.18132695062467136,0.406393931183961,-0.804924028954801,-0.7504917597299169,0.6712961942900462
aces,0,8,0.0,0.541858574911948,-4.828880690601691,-0.750637271605101,5.078226423247845
iom,0,8,0.0,0.541858574911948,-4.828880690601691,-0.750637271605101,5.078226423247845
craig,0,8,0.0,0.541858574911948,-4.828880690601691,-0.750637271605101,5.078226423247845
permanente,0,8,0.0,0.541858574911948,-4.828880690601691,-0.750637271605101,5.078226423247845
trios,1,6,0.18132695062467136,0.406393931183961,-0.8062468013788209,-0.7511989302786337,0.6712961942900462
enormous,1,6,0.18132695062467136,0.406393931183961,-0.8062468013788209,-0.7511989302786337,0.6712961942900462
lifetime,3,13,0.543980851874014,0.8805201842319155,-0.4773038993780805,-0.7516742309401405,0.6224003507890239
possess,1,6,0.18132695062467136,0.406393931183961,-0.8075720381146656,-0.7519061364152623,0.6712961942900462
query,1,6,0.18132695062467136,0.406393931183961,-0.8088997472222701,-0.7526133768396218,0.6712961942900462
gained,0,6,0.0,0.406393931183961,-4.3068749132942195,-0.7527129065785392,3.8086698174358835
sib,0,6,0.0,0.406393931183961,-4.3068749132942195,-0.7527129065785392,3.8086698174358835
lord,0,6,0.0,0.406393931183961,-4.3068749132942195,-0.7527129065785392,3.8086698174358835
maine,0,6,0.0,0.406393931183961,-4.3068749132942195,-0.7527129065785392,3.8086698174358835
near,0,6,0.0,0.406393931183961,-4.3068749132942195,-0.7527129065785392,3.8086698174358835
productive,0,9,0.0,0.6095908967759415,-5.015148614051796,-0.7533503612381037,5.713004726153825
financial,14,47,2.538577308745399,3.1834191276076944,-0.22815817708965014,-0.7536111163135751,0.5750162578962987
way,9,32,1.6319425556220422,2.167434299647792,-0.2825411301923513,-0.7543524705621175,0.5954298904995841
symptoms,114,330,20.671272371212535,22.351666215117856,-0.08158211472758836,-0.7547730791964216,0.5240776467252903
depending,3,13,0.543980851874014,0.8805201842319155,-0.48013910764576373,-0.7549440580263453,0.6224003507890239
false,0,5,0.0,0.3386616093199675,-3.9357928504472888,-0.7559496601874185,3.173891514529903
gray,0,7,0.0,0.4741262530479545,-4.571070749222526,-0.7561156105995247,4.4434481203418645
mobile,3,13,0.543980851874014,0.8805201842319155,-0.48176505700380545,-0.7568140774968936,0.6224003507890239
boxes,0,12,0.0,0.812787862367922,-5.456105773015976,-0.7591302605139756,7.617339634871767
parent-report,0,12,0.0,0.812787862367922,-5.456105773015976,-0.7591302605139756,7.617339634871767
in-service,0,6,0.0,0.406393931183961,-4.25584949311467,-0.763016615198669,3.8086698174358835
cnvs,0,6,0.0,0.406393931183961,-4.25584949311467,-0.763016615198669,3.8086698174358835
jones,0,5,0.0,0.3386616093199675,-3.893553941163235,-0.7638005031561867,3.173891514529903
francis,0,5,0.0,0.3386616093199675,-3.893553941163235,-0.7638005031561867,3.173891514529903
regularly,0,5,0.0,0.3386616093199675,-3.893553941163235,-0.7638005031561867,3.173891514529903
brought,0,8,0.0,0.541858574911948,-4.764543495408391,-0.7648492727711345,5.078226423247845
placebo-controlled,0,8,0.0,0.541858574911948,-4.764543495408391,-0.7648492727711345,5.078226423247845
crime,0,7,0.0,0.4741262530479545,-4.514142216434829,-0.7682591980660717,4.4434481203418645
diego,0,7,0.0,0.4741262530479545,-4.514142216434829,-0.7682591980660717,4.4434481203418645
strides,0,9,0.0,0.6095908967759415,-4.94633479111098,-0.7690235353693133,5.713004726153825
pose,0,9,0.0,0.6095908967759415,-4.94633479111098,-0.7690235353693133,5.713004726153825
sarah,0,9,0.0,0.6095908967759415,-4.94633479111098,-0.7690235353693133,5.713004726153825
intense,0,9,0.0,0.6095908967759415,-4.94633479111098,-0.7690235353693133,5.713004726153825
par,0,9,0.0,0.6095908967759415,-4.94633479111098,-0.7690235353693133,5.713004726153825
web,2,10,0.3626539012493427,0.677323218639935,-0.5778269259403555,-0.769948205009274,0.7428236820522685
mentoring,0,5,0.0,0.3386616093199675,-3.853052548947433,-0.7713198770899014,3.173891514529903
tepper,0,5,0.0,0.3386616093199675,-3.853052548947433,-0.7713198770899014,3.173891514529903
usually,0,6,0.0,0.406393931183961,-4.207327131406274,-0.7728427610135403,3.8086698174358835
interestingly,0,6,0.0,0.406393931183961,-4.207327131406274,-0.7728427610135403,3.8086698174358835
melissa,0,6,0.0,0.406393931183961,-4.207327131406274,-0.7728427610135403,3.8086698174358835
usage,0,6,0.0,0.406393931183961,-4.207327131406274,-0.7728427610135403,3.8086698174358835
francisco,0,8,0.0,0.541858574911948,-4.704120159005042,-0.7783125171148083,5.078226423247845
decided,0,8,0.0,0.541858574911948,-4.704120159005042,-0.7783125171148083,5.078226423247845
electroencephalography,0,8,0.0,0.541858574911948,-4.704120159005042,-0.7783125171148083,5.078226423247845
wit,0,12,0.0,0.812787862367922,-5.3761974706379405,-0.7785037273783778,7.617339634871767
frederick,0,5,0.0,0.3386616093199675,-3.8141523353342333,-0.7785308463076749,3.173891514529903
dimensions,0,5,0.0,0.3386616093199675,-3.8141523353342333,-0.7785308463076749,3.173891514529903
founder,0,5,0.0,0.3386616093199675,-3.8141523353342333,-0.7785308463076749,3.173891514529903
preparing,0,5,0.0,0.3386616093199675,-3.8141523353342333,-0.7785308463076749,3.173891514529903
school-based,2,10,0.3626539012493427,0.677323218639935,-0.5873641030728134,-0.7785872882001548,0.7428236820522685
extent,6,23,1.087961703748028,1.5578434028718504,-0.3541646621011072,-0.7797598644339426,0.6561193884509327
forth,0,7,0.0,0.4741262530479545,-4.460304823375418,-0.7798087994135323,4.4434481203418645
synapses,0,7,0.0,0.4741262530479545,-4.460304823375418,-0.7798087994135323,4.4434481203418645
unemployment,0,7,0.0,0.4741262530479545,-4.460304823375418,-0.7798087994135323,4.4434481203418645
highest,5,20,0.9066347531233567,1.35464643727987,-0.3841903073728723,-0.780994311680044,0.6967190456696577
summarizes,0,6,0.0,0.406393931183961,-4.1610748465238725,-0.7822302518990332,3.8086698174358835
peer-mediated,0,6,0.0,0.406393931183961,-4.1610748465238725,-0.7822302518990332,3.8086698174358835
felt,0,6,0.0,0.406393931183961,-4.1610748465238725,-0.7822302518990332,3.8086698174358835
adi-r,0,11,0.0,0.7450555405039285,-5.215376815494075,-0.7836054427432407,6.982561331965787
argue,0,11,0.0,0.7450555405039285,-5.215376815494075,-0.7836054427432407,6.982561331965787
distribute,0,9,0.0,0.6095908967759415,-4.8819752864604915,-0.7838399598980997,5.713004726153825
collins,0,5,0.0,0.3386616093199675,-3.77673240419295,-0.7854540926808068,3.173891514529903
guid,0,13,0.0,0.8805201842319155,-5.456112483341396,-0.7901287979969794,8.252117937777747
ameliorate,0,7,0.0,0.4741262530479545,-4.409241304381636,-0.7908173741586303,4.4434481203418645
evidencebased,0,7,0.0,0.4741262530479545,-4.409241304381636,-0.7908173741586303,4.4434481203418645
amaral,0,7,0.0,0.4741262530479545,-4.409241304381636,-0.7908173741586303,4.4434481203418645
rigor,0,7,0.0,0.4741262530479545,-4.409241304381636,-0.7908173741586303,4.4434481203418645
disproportionately,0,7,0.0,0.4741262530479545,-4.409241304381636,-0.7908173741586303,4.4434481203418645
pre-service,0,7,0.0,0.4741262530479545,-4.409241304381636,-0.7908173741586303,4.4434481203418645
utilizing,0,7,0.0,0.4741262530479545,-4.409241304381636,-0.7908173741586303,4.4434481203418645
bipolar,0,7,0.0,0.4741262530479545,-4.409241304381636,-0.7908173741586303,4.4434481203418645
laid,0,8,0.0,0.541858574911948,-4.647162990063308,-0.7911009539135181,5.078226423247845
one-third,0,8,0.0,0.541858574911948,-4.647162990063308,-0.7911009539135181,5.078226423247845
personalization,0,8,0.0,0.541858574911948,-4.647162990063308,-0.7911009539135181,5.078226423247845
identity,0,8,0.0,0.541858574911948,-4.647162990063308,-0.7911009539135181,5.078226423247845
commission,0,8,0.0,0.541858574911948,-4.647162990063308,-0.7911009539135181,5.078226423247845
perceived,0,8,0.0,0.541858574911948,-4.647162990063308,-0.7911009539135181,5.078226423247845
cord,0,6,0.0,0.406393931183961,-4.116890743035373,-0.7912132834984311,3.8086698174358835
bases,0,12,0.0,0.812787862367922,-5.302223885712548,-0.796721996320553,7.617339634871767
unmarked,0,12,0.0,0.812787862367922,-5.302223885712548,-0.796721996320553,7.617339634871767
robertson,0,9,0.0,0.6095908967759415,-4.82152964908356,-0.7978890287892202,5.713004726153825
conception,0,9,0.0,0.6095908967759415,-4.82152964908356,-0.7978890287892202,5.713004726153825
school-aged,0,5,0.0,0.3386616093199675,-3.705913926061477,-0.7985101156827786,3.173891514529903
nonprofit,0,5,0.0,0.3386616093199675,-3.705913926061477,-0.7985101156827786,3.173891514529903
koroshetz,0,5,0.0,0.3386616093199675,-3.705913926061477,-0.7985101156827786,3.173891514529903
notably,0,5,0.0,0.3386616093199675,-3.705913926061477,-0.7985101156827786,3.173891514529903
eye,5,20,0.9066347531233567,1.35464643727987,-0.3956193161475561,-0.7990056983721823,0.6967190456696577
school,57,173,10.335636185606267,11.717691682470875,-0.12097207827341094,-0.7999925874272722,0.6894260022726204
sufficiently,0,11,0.0,0.7450555405039285,-5.146530504213798,-0.8003431287416126,6.982561331965787
ganz,0,11,0.0,0.7450555405039285,-5.146530504213798,-0.8003431287416126,6.982561331965787
ndbis,0,10,0.0,0.677323218639935,-4.987056059797553,-0.8008255894463949,6.347783029059806
low-resource,0,7,0.0,0.4741262530479545,-4.360680862813142,-0.8013308609958216,4.4434481203418645
caring,0,7,0.0,0.4741262530479545,-4.360680862813142,-0.8013308609958216,4.4434481203418645
scalable,0,7,0.0,0.4741262530479545,-4.360680862813142,-0.8013308609958216,4.4434481203418645
sacramento,0,7,0.0,0.4741262530479545,-4.360680862813142,-0.8013308609958216,4.4434481203418645
subsequently,2,10,0.3626539012493427,0.677323218639935,-0.6149571389205217,-0.8030012352474841,0.7428236820522685
dramatically,0,8,0.0,0.541858574911948,-4.593296973192679,-0.8032776908379783,5.078226423247845
validating,0,8,0.0,0.541858574911948,-4.593296973192679,-0.8032776908379783,5.078226423247845
preterm,0,8,0.0,0.541858574911948,-4.593296973192679,-0.8032776908379783,5.078226423247845
reaching,2,10,0.3626539012493427,0.677323218639935,-0.616210752200594,-0.8040901805991532,0.7428236820522685
fever,5,20,0.9066347531233567,1.35464643727987,-0.3989255710916897,-0.8041691789609314,0.6967190456696577
mandated,0,5,0.0,0.3386616093199675,-3.6723324635262973,-0.8046749922722585,3.173891514529903
replicate,2,10,0.3626539012493427,0.677323218639935,-0.6180956396372412,-0.8057242029965564,0.7428236820522685
reflecting,2,10,0.3626539012493427,0.677323218639935,-0.6180956396372412,-0.8057242029965564,0.7428236820522685
obtaining,2,10,0.3626539012493427,0.677323218639935,-0.6180956396372412,-0.8057242029965564,0.7428236820522685
leveraging,2,10,0.3626539012493427,0.677323218639935,-0.6199859114924298,-0.8073589475888118,0.7428236820522685
soon,0,6,0.0,0.406393931183961,-4.034044237403929,-0.8080835202550339,3.8086698174358835
improvement,32,101,5.802462419989483,6.840964508263343,-0.16288946408836846,-0.809442827677269,0.6773373201748489
maps,2,10,0.3626539012493427,0.677323218639935,-0.6225146955527396,-0.809539724448131,0.7428236820522685
pairs,0,5,0.0,0.3386616093199675,-3.6398626274080765,-0.8106167633569493,3.173891514529903
walter,0,5,0.0,0.3386616093199675,-3.6398626274080765,-0.8106167633569493,3.173891514529903
self-report,2,10,0.3626539012493427,0.677323218639935,-0.623782714636814,-0.8106305894139617,0.7428236820522685
dti,0,9,0.0,0.6095908967759415,-4.764550187647011,-0.8112463005113859,5.713004726153825
pronounced,0,9,0.0,0.6095908967759415,-4.764550187647011,-0.8112463005113859,5.713004726153825
tms,0,9,0.0,0.6095908967759415,-4.764550187647011,-0.8112463005113859,5.713004726153825
qualitative,0,7,0.0,0.4741262530479545,-4.314390517010608,-0.8113893904087117,4.4434481203418645
polygenic,2,10,0.3626539012493427,0.677323218639935,-0.6256892994940344,-0.8122674795536783,0.7428236820522685
appropriately,5,20,0.9066347531233567,1.35464643727987,-0.40463646918054685,-0.8130388148000558,0.6967190456696577
nda,0,12,0.0,0.812787862367922,-5.233365383391613,-0.8139211737062533,7.617339634871767
earli,0,10,0.0,0.677323218639935,-4.926592569782281,-0.8153986745329933,6.347783029059806
glutamate,0,10,0.0,0.677323218639935,-4.926592569782281,-0.8153986745329933,6.347783029059806
mitigation,0,10,0.0,0.677323218639935,-4.926592569782281,-0.8153986745329933,6.347783029059806
announced,0,6,0.0,0.406393931183961,-3.995090968552544,-0.8160215803003257,3.8086698174358835
poverty,0,6,0.0,0.406393931183961,-3.995090968552544,-0.8160215803003257,3.8086698174358835
thomas,0,6,0.0,0.406393931183961,-3.995090968552544,-0.8160215803003257,3.8086698174358835
delivery,23,75,4.17051986436744,5.079924139799512,-0.19263587387825076,-0.8160343558916215,0.7085590182173194
amenable,0,11,0.0,0.7450555405039285,-5.082138521800907,-0.8161892105689024,6.982561331965787
mhs,0,5,0.0,0.3386616093199675,-3.6084338134280713,-0.8163481137333729,3.173891514529903
interchangeably,0,7,0.0,0.4741262530479545,-4.270168371527792,-0.8210282432280709,4.4434481203418645
post-mortem,0,7,0.0,0.4741262530479545,-4.270168371527792,-0.8210282432280709,4.4434481203418645
copied,0,5,0.0,0.3386616093199675,-3.5779819367911774,-0.8218806567827929,3.173891514529903
neurodiversity,0,5,0.0,0.3386616093199675,-3.5779819367911774,-0.8218806567827929,3.173891514529903
reproduced,0,5,0.0,0.3386616093199675,-3.5779819367911774,-0.8218806567827929,3.173891514529903
availability,16,54,2.9012312099947417,3.657545380655649,-0.23295435881847837,-0.8233269479207175,0.6898879368975228
mode,0,9,0.0,0.6095908967759415,-4.710661886755494,-0.8239762711735925,5.713004726153825
unnecessarily,0,9,0.0,0.6095908967759415,-4.710661886755494,-0.8239762711735925,5.713004726153825
opposed,0,9,0.0,0.6095908967759415,-4.710661886755494,-0.8239762711735925,5.713004726153825
specialized,4,17,0.7253078024986854,1.1514494716878896,-0.4527868756410971,-0.824254593814161,0.7579166834559223
considerably,0,8,0.0,0.541858574911948,-4.493615802004465,-0.8260061908581964,5.078226423247845
formation,0,8,0.0,0.541858574911948,-4.493615802004465,-0.8260061908581964,5.078226423247845
immunization,0,8,0.0,0.541858574911948,-4.493615802004465,-0.8260061908581964,5.078226423247845
awarded,1,7,0.18132695062467136,0.4741262530479545,-0.8168984706528324,-0.8290863101726188,1.0193803731307638
inhibitors,0,10,0.0,0.677323218639935,-4.869595261778452,-0.8292647802698053,6.347783029059806
leveraged,0,10,0.0,0.677323218639935,-4.869595261778452,-0.8292647802698053,6.347783029059806
useful,15,51,2.7199042593700704,3.4543484150636687,-0.2426300931684926,-0.8298413875716305,0.6908105650426881
spoken,4,17,0.7253078024986854,1.1514494716878896,-0.4569834344739352,-0.8299380809359045,0.7579166834559223
capitalize,0,12,0.0,0.812787862367922,-5.1689612133626,-0.8302136464659848,7.617339634871767
performing,0,7,0.0,0.4741262530479545,-4.227838321476886,-0.8302786169381039,4.4434481203418645
recreational,0,6,0.0,0.406393931183961,-3.921517670490134,-0.8310115174344248,3.8086698174358835
virus,0,6,0.0,0.406393931183961,-3.921517670490134,-0.8310115174344248,3.8086698174358835
weiss,0,11,0.0,0.7450555405039285,-5.02166041723345,-0.8312362895904015,6.982561331965787
m-chat-r,0,9,0.0,0.6095908967759415,-4.659547480733519,-0.8361344776341686,5.713004726153825
navigators,0,8,0.0,0.541858574911948,-4.447296869371252,-0.8366462822586976,5.078226423247845
pre,0,8,0.0,0.541858574911948,-4.447296869371252,-0.8366462822586976,5.078226423247845
specificity,4,17,0.7253078024986854,1.1514494716878896,-0.4630286983221019,-0.8380736823112639,0.7579166834559223
laura,0,6,0.0,0.406393931183961,-3.886693580544721,-0.8381003039833778,3.8086698174358835
pool,0,6,0.0,0.406393931183961,-3.886693580544721,-0.8381003039833778,3.8086698174358835
breakthroughs,0,6,0.0,0.406393931183961,-3.886693580544721,-0.8381003039833778,3.8086698174358835
responding,0,10,0.0,0.677323218639935,-4.815689120387615,-0.8424896447862996,6.347783029059806
florida,0,6,0.0,0.406393931183961,-3.8530591873326046,-0.8449400472046349,3.8086698174358835
harvard,0,11,0.0,0.7450555405039285,-4.964648499173077,-0.8455626660312822,6.982561331965787
desire,0,12,0.0,0.812787862367922,-5.1084709246021145,-0.8456934068076755,7.617339634871767
inequities,0,8,0.0,0.541858574911948,-4.403046149368654,-0.846853551739503,5.078226423247845
doubling,0,8,0.0,0.541858574911948,-4.403046149368654,-0.846853551739503,5.078226423247845
daniels,0,5,0.0,0.3386616093199675,-3.438500716397069,-0.8469064833924422,3.173891514529903
socialization,0,5,0.0,0.3386616093199675,-3.438500716397069,-0.8469064833924422,3.173891514529903
ceo,0,7,0.0,0.4741262530479545,-4.1482545844755485,-0.8477218992854942,4.4434481203418645
birnbaum,0,7,0.0,0.4741262530479545,-4.1482545844755485,-0.8477218992854942,4.4434481203418645
genome-wide,0,7,0.0,0.4741262530479545,-4.1482545844755485,-0.8477218992854942,4.4434481203418645
fellowship,0,7,0.0,0.4741262530479545,-4.1482545844755485,-0.8477218992854942,4.4434481203418645
perception,0,7,0.0,0.4741262530479545,-4.1482545844755485,-0.8477218992854942,4.4434481203418645
at-risk,0,7,0.0,0.4741262530479545,-4.1482545844755485,-0.8477218992854942,4.4434481203418645
elucidate,0,9,0.0,0.6095908967759415,-4.610936172927934,-0.8477691174213041,5.713004726153825
screener,0,9,0.0,0.6095908967759415,-4.610936172927934,-0.8477691174213041,5.713004726153825
inherent,0,15,0.0,1.0159848279599024,-5.456125904128481,-0.848736564671229,9.52167454358971
dedicated,3,14,0.543980851874014,0.948252506095909,-0.5295645061402681,-0.849677060870536,0.8556860026839441
widely,8,30,1.4506156049973709,2.031969655919805,-0.3359857938400044,-0.8503984225129331,0.7637471777158904
start,2,11,0.3626539012493427,0.7450555405039285,-0.6176649741328859,-0.8542057515902991,1.028672427553539
mild,0,10,0.0,0.677323218639935,-4.764556879931186,-0.8551298854470082,6.347783029059806
kaiser,0,10,0.0,0.677323218639935,-4.764556879931186,-0.8551298854470082,6.347783029059806
collective,0,10,0.0,0.677323218639935,-4.764556879931186,-0.8551298854470082,6.347783029059806
matthew,0,8,0.0,0.541858574911948,-4.360687537100905,-0.8566600355383575,5.078226423247845
postdoctoral,0,8,0.0,0.541858574911948,-4.360687537100905,-0.8566600355383575,5.078226423247845
collaborate,0,6,0.0,0.406393931183961,-3.789054769067837,-0.8579290567907282,3.8086698174358835
establishment,0,9,0.0,0.6095908967759415,-4.564594981666604,-0.8589223138862516,5.713004726153825
sponsored,0,9,0.0,0.6095908967759415,-4.564594981666604,-0.8589223138862516,5.713004726153825
indirect,0,9,0.0,0.6095908967759415,-4.564594981666604,-0.8589223138862516,5.713004726153825
navigating,0,9,0.0,0.6095908967759415,-4.564594981666604,-0.8589223138862516,5.713004726153825
internet,0,13,0.0,0.8805201842319155,-5.188344667156379,-0.8589914122354705,8.252117937777747
interplay,0,13,0.0,0.8805201842319155,-5.188344667156379,-0.8589914122354705,8.252117937777747
biomaterials,0,12,0.0,0.812787862367922,-5.051446825770361,-0.8604399438692398,7.617339634871767
generalizability,0,12,0.0,0.812787862367922,-5.051446825770361,-0.8604399438692398,7.617339634871767
crosscutting,0,12,0.0,0.812787862367922,-5.051446825770361,-0.8604399438692398,7.617339634871767
screened,1,7,0.18132695062467136,0.4741262530479545,-0.8764131728310396,-0.8620257571908955,1.0193803731307638
business,0,7,0.0,0.4741262530479545,-4.074605372403726,-0.8639080007181226,4.4434481203418645
father,0,6,0.0,0.406393931183961,-3.75855005488652,-0.8641036516256883,3.8086698174358835
colored,0,6,0.0,0.406393931183961,-3.75855005488652,-0.8641036516256883,3.8086698174358835
yale,0,5,0.0,0.3386616093199675,-3.3396933253032373,-0.8642425551724333,3.173891514529903
michael,0,8,0.0,0.541858574911948,-4.320066504330754,-0.8660942189549407,5.078226423247845
simplex,0,8,0.0,0.541858574911948,-4.320066504330754,-0.8660942189549407,5.078226423247845
inherited,3,14,0.543980851874014,0.948252506095909,-0.5461469452598777,-0.8683112203863786,0.8556860026839441
merge,0,9,0.0,0.6095908967759415,-4.520322011490492,-0.8696311166583319,5.713004726153825
probiotics,0,9,0.0,0.6095908967759415,-4.520322011490492,-0.8696311166583319,5.713004726153825
chromosome,0,6,0.0,0.406393931183961,-3.7289639649723743,-0.8700801277072131,3.8086698174358835
neuropathology,1,7,0.18132695062467136,0.4741262530479545,-0.8923988898561603,-0.8704142453129055,1.0193803731307638
sophisticated,0,14,0.0,0.948252506095909,-5.26230874871373,-0.8713023834025941,8.886896240683729
appreciation,0,14,0.0,0.948252506095909,-5.26230874871373,-0.8713023834025941,8.886896240683729
drexel,0,7,0.0,0.4741262530479545,-4.0397433537224146,-0.8715785864248334,4.4434481203418645
singer,0,7,0.0,0.4741262530479545,-4.0397433537224146,-0.8715785864248334,4.4434481203418645
renewed,0,7,0.0,0.4741262530479545,-4.0397433537224146,-0.8715785864248334,4.4434481203418645
paid,3,14,0.543980851874014,0.948252506095909,-0.5494332712177226,-0.8719584001159617,0.8556860026839441
communicating,0,11,0.0,0.7450555405039285,-4.859580910691337,-0.8723114911248931,6.982561331965787
lgbtqia,0,11,0.0,0.7450555405039285,-4.859580910691337,-0.8723114911248931,6.982561331965787
possibility,3,14,0.543980851874014,0.948252506095909,-0.5510827658715272,-0.873783353810115,0.8556860026839441
attitudes,0,8,0.0,0.541858574911948,-4.281046712542871,-0.8751815528866209,5.078226423247845
curricula,0,8,0.0,0.541858574911948,-4.281046712542871,-0.8751815528866209,5.078226423247845
heightened,3,14,0.543980851874014,0.948252506095909,-0.5527365063573217,-0.8756092139080842,0.8556860026839441
disruptive,0,6,0.0,0.406393931183961,-3.7002432301227817,-0.8758687212376295,3.8086698174358835
flat,0,5,0.0,0.3386616093199675,-3.27165643682544,-0.8759441926324537,3.173891514529903
toxins,0,7,0.0,0.4741262530479545,-4.006071050601527,-0.8789900051628918,4.4434481203418645
nimh,16,55,2.9012312099947417,3.7252777025196426,-0.24786827376729548,-0.8796280524842885,0.8098309334771532
privately,0,9,0.0,0.6095908967759415,-4.477941157499009,-0.8799283017262023,5.713004726153825
wellness,1,7,0.18132695062467136,0.4741262530479545,-0.9125650786031922,-0.8807270210639062,1.0193803731307638
copyright,0,6,0.0,0.406393931183961,-3.672339084005859,-0.8814788785825429,3.8086698174358835
nashville,0,8,0.0,0.541858574911948,-4.243507265556943,-0.8839448785924668,5.078226423247845
obtained,1,7,0.18132695062467136,0.4741262530479545,-0.9189821028388785,-0.8839463807664802,1.0193803731307638
observed,12,43,2.175923407496056,2.9124898401517205,-0.2858289418693527,-0.8842623579168934,0.8408441886464031
shifted,0,11,0.0,0.7450555405039285,-4.81093717793099,-0.8848415357250015,6.982561331965787
collaboratively,0,11,0.0,0.7450555405039285,-4.81093717793099,-0.8848415357250015,6.982561331965787
incidents,0,11,0.0,0.7450555405039285,-4.81093717793099,-0.8848415357250015,6.982561331965787
facilitating,0,7,0.0,0.4741262530479545,-3.973510423782267,-0.8861572263918559,4.4434481203418645
driving,1,7,0.18132695062467136,0.4741262530479545,-0.9267568978363023,-0.8878070750544897,1.0193803731307638
easy,0,13,0.0,0.8805201842319155,-5.077367024935464,-0.8885815306488457,8.252117937777747
struggle,0,13,0.0,0.8805201842319155,-5.077367024935464,-0.8885815306488457,8.252117937777747
equipped,1,7,0.18132695062467136,0.4741262530479545,-0.9293667683389959,-0.8890933079521331,1.0193803731307638
adjunct,0,9,0.0,0.6095908967759415,-4.437297891450086,-0.8898430178397537,5.713004726153825
decreasing,0,9,0.0,0.6095908967759415,-4.437297891450086,-0.8898430178397537,5.713004726153825
evident,0,10,0.0,0.677323218639935,-4.625277943743054,-0.890004398678441,6.347783029059806
correlates,0,10,0.0,0.677323218639935,-4.625277943743054,-0.890004398678441,6.347783029059806
formed,0,6,0.0,0.406393931183961,-3.6188051110652886,-0.8921981945170127,3.8086698174358835
room,0,6,0.0,0.406393931183961,-3.6188051110652886,-0.8921981945170127,3.8086698174358835
sfari,0,8,0.0,0.541858574911948,-4.2073404620307215,-0.8924047797385845,5.078226423247845
refine,1,7,0.18132695062467136,0.4741262530479545,-0.9372520023020137,-0.8929498445937473,1.0193803731307638
started,0,7,0.0,0.4741262530479545,-3.9419908689444405,-0.893093923440718,4.4434481203418645
software,1,7,0.18132695062467136,0.4741262530479545,-0.9385743964484252,-0.8935922694427019,1.0193803731307638
mixed,1,7,0.18132695062467136,0.4741262530479545,-0.9385743964484252,-0.8935922694427019,1.0193803731307638
health-related,1,7,0.18132695062467136,0.4741262530479545,-0.9398991499148277,-0.894234595532344,1.0193803731307638
self-directed,1,7,0.18132695062467136,0.4741262530479545,-0.9398991499148277,-0.894234595532344,1.0193803731307638
vast,1,7,0.18132695062467136,0.4741262530479545,-0.9398991499148277,-0.894234595532344,1.0193803731307638
delivering,1,7,0.18132695062467136,0.4741262530479545,-0.9412262701864602,-0.8948768212989199,1.0193803731307638
going,1,7,0.18132695062467136,0.4741262530479545,-0.9412262701864602,-0.8948768212989199,1.0193803731307638
enter,1,7,0.18132695062467136,0.4741262530479545,-0.942555764783668,-0.8955189451692447,1.0193803731307638
yielded,1,7,0.18132695062467136,0.4741262530479545,-0.942555764783668,-0.8955189451692447,1.0193803731307638
combination,13,46,2.357250358120728,3.115686805743701,-0.27956332897706027,-0.8956385914880681,0.8293881513914529
immediately,1,7,0.18132695062467136,0.4741262530479545,-0.9438876412621262,-0.8961609655606436,1.0193803731307638
undertaken,1,7,0.18132695062467136,0.4741262530479545,-0.9452219072130532,-0.8968028808808801,1.0193803731307638
coming,0,11,0.0,0.7450555405039285,-4.76456357226092,-0.8968690499382865,6.982561331965787
columbia,0,6,0.0,0.406393931183961,-3.5930961422177887,-0.8973229729406145,3.8086698174358835
intake,1,7,0.18132695062467136,0.4741262530479545,-0.9465585702634431,-0.8974446895281021,1.0193803731307638
organizational,1,7,0.18132695062467136,0.4741262530479545,-0.9465585702634431,-0.8974446895281021,1.0193803731307638
maintenance,1,7,0.18132695062467136,0.4741262530479545,-0.9478976380762845,-0.8980863898907702,1.0193803731307638
informatics,0,15,0.0,1.0159848279599024,-5.274126878949316,-0.8985865733533777,9.52167454358971
orientation,1,7,0.18132695062467136,0.4741262530479545,-0.949239118350782,-0.8987279803475902,1.0193803731307638
deployment,1,7,0.18132695062467136,0.4741262530479545,-0.9505830188225968,-0.8993694592674567,1.0193803731307638
changing,0,9,0.0,0.6095908967759415,-4.39825587482358,-0.8994013136341396,5.713004726153825
alison,0,7,0.0,0.4741262530479545,-3.911448301251532,-0.8998126217291568,4.4434481203418645
house,0,7,0.0,0.4741262530479545,-3.911448301251532,-0.8998126217291568,4.4434481203418645
linda,0,7,0.0,0.4741262530479545,-3.911448301251532,-0.8998126217291568,4.4434481203418645
tract,1,7,0.18132695062467136,0.4741262530479545,-0.951929347264068,-0.9000108250093816,1.0193803731307638
twice,0,8,0.0,0.541858574911948,-4.172449942528051,-0.9005798762908181,5.078226423247845
extremely,0,8,0.0,0.541858574911948,-4.172449942528051,-0.9005798762908181,5.078226423247845
deep,1,7,0.18132695062467136,0.4741262530479545,-0.9532781114844457,-0.9006520759224261,1.0193803731307638
ease,1,7,0.18132695062467136,0.4741262530479545,-0.9532781114844457,-0.9006520759224261,1.0193803731307638
clues,0,10,0.0,0.677323218639935,-4.582879279545647,-0.900740618131067,6.347783029059806
microarray,0,10,0.0,0.677323218639935,-4.582879279545647,-0.900740618131067,6.347783029059806
traditionally,0,12,0.0,0.812787862367922,-4.897698982729617,-0.9009137851859278,7.617339634871767
misdiagnosed,0,12,0.0,0.812787862367922,-4.897698982729617,-0.9009137851859278,7.617339634871767
welfare,0,6,0.0,0.406393931183961,-3.568044780767039,-0.9023006711180972,3.8086698174358835
differently,5,21,0.9066347531233567,1.4223787591438635,-0.44557833094306964,-0.9035259650209381,0.8949200570927358
neuropeptide,1,7,0.18132695062467136,0.4741262530479545,-0.9600587452070339,-0.9038565495665968,1.0193803731307638
overlooked,1,7,0.18132695062467136,0.4741262530479545,-0.9600587452070339,-0.9038565495665968,1.0193803731307638
act,50,157,9.066347531233568,10.63397453264698,-0.14501427711922066,-0.9073480135555165,0.9908382111538909
began,2,11,0.3626539012493427,0.7450555405039285,-0.6784818454535237,-0.9079629542426277,1.028672427553539
nhis,0,8,0.0,0.541858574911948,-4.138749150841107,-0.9084870715072629,5.078226423247845
images,0,9,0.0,0.6095908967759415,-4.360694211434366,-0.908626571164618,5.713004726153825
list,6,25,1.087961703748028,1.6933080465998376,-0.40207992848093,-0.9105910818471117,1.0326847660684688
grants,14,51,2.538577308745399,3.4543484150636687,-0.2664627531540349,-0.9109448436228677,1.1027357893670908
severely,0,10,0.0,0.677323218639935,-4.542218209340216,-0.9110852879862762,6.347783029059806
ranging,0,6,0.0,0.406393931183961,-3.5197872967493424,-0.9118404932699772,3.8086698174358835
police,0,7,0.0,0.4741262530479545,-3.853065825763755,-0.9126411309912468,4.4434481203418645
caddre,0,12,0.0,0.812787862367922,-4.851313209960352,-0.9133204116307838,7.617339634871767
transition-aged,0,5,0.0,0.3386616093199675,-3.039082476866282,-0.9140720079180236,3.173891514529903
neurobiobank,0,14,0.0,0.948252506095909,-5.10013526924431,-0.9157777816784538,8.886896240683729
brainnet,0,14,0.0,0.948252506095909,-5.10013526924431,-0.9157777816784538,8.886896240683729
modified,10,37,1.8132695062467135,2.5060959089677595,-0.3244846263450025,-0.9159338204325986,0.8750983712481837
non-profit,0,8,0.0,0.541858574911948,-4.1061600477031845,-0.9161417608075215,5.078226423247845
jasper,0,6,0.0,0.406393931183961,-3.4965230330329327,-0.9164144089906415,3.8086698174358835
submitted,0,6,0.0,0.406393931183961,-3.4965230330329327,-0.9164144089906415,3.8086698174358835
satisfaction,0,9,0.0,0.6095908967759415,-4.324505199935391,-0.9175398652726101,5.713004726153825
nationwide,0,7,0.0,0.4741262530479545,-3.825123882406425,-0.9187713154147221,4.4434481203418645
massachusetts,0,5,0.0,0.3386616093199675,-3.0052306911896043,-0.9193302071086946,3.173891514529903
rcts,0,10,0.0,0.677323218639935,-4.503158394603528,-0.9210649915293836,6.347783029059806
companies,0,10,0.0,0.677323218639935,-4.503158394603528,-0.9210649915293836,6.347783029059806
born,0,5,0.0,0.3386616093199675,-2.988740617198049,-0.9218606138845158,3.173891514529903
trends,13,47,2.357250358120728,3.1834191276076944,-0.2842962760719825,-0.9219294161132231,0.971103452268995
strongly,0,8,0.0,0.541858574911948,-4.074612028786177,-0.9235580094261987,5.078226423247845
service-provision,0,8,0.0,0.541858574911948,-4.074612028786177,-0.9235580094261987,5.078226423247845
reconstituted,0,8,0.0,0.541858574911948,-4.074612028786177,-0.9235580094261987,5.078226423247845
paul,0,8,0.0,0.541858574911948,-4.074612028786177,-0.9235580094261987,5.078226423247845
closely,0,6,0.0,0.406393931183961,-3.4515929137683283,-0.9251969741125866,3.8086698174358835
ultimate,0,12,0.0,0.812787862367922,-4.806995672231613,-0.9252544514159554,7.617339634871767
philadelphia,0,9,0.0,0.6095908967759415,-4.289592480885693,-0.9261602636316847,5.713004726153825
sociodemographic,0,9,0.0,0.6095908967759415,-4.289592480885693,-0.9261602636316847,5.713004726153825
predictors,2,11,0.3626539012493427,0.7450555405039285,-0.7021454944931023,-0.9277611417460288,1.028672427553539
spirit,0,13,0.0,0.8805201842319155,-4.931135424768987,-0.9284528209238979,8.252117937777747
shattuck,0,13,0.0,0.8805201842319155,-4.931135424768987,-0.9284528209238979,8.252117937777747
productivity,2,11,0.3626539012493427,0.7450555405039285,-0.7034139642938602,-0.9288051963698225,1.028672427553539
susceptible,0,14,0.0,0.948252506095909,-5.051460228562123,-0.9293838263500668,8.886896240683729
interactions,36,115,6.527770222488169,7.789217014359252,-0.17628291824377573,-0.9296763967385537,0.8819211925760442
accomplish,0,10,0.0,0.677323218639935,-4.4655789391473775,-0.9307035945257256,6.347783029059806
cortical,0,10,0.0,0.677323218639935,-4.4655789391473775,-0.9307035945257256,6.347783029059806
teach,0,8,0.0,0.541858574911948,-4.044041009245673,-0.9307487043322984,5.078226423247845
naturalistic,2,11,0.3626539012493427,0.7450555405039285,-0.7065954506525873,-0.9314161850289331,1.028672427553539
fulfilled,0,9,0.0,0.6095908967759415,-4.25586949807265,-0.9345050789457099,5.713004726153825
elderly,0,7,0.0,0.4741262530479545,-3.7457676612161244,-0.9361323823151231,4.4434481203418645
thousands,0,7,0.0,0.4741262530479545,-3.7457676612161244,-0.9361323823151231,4.4434481203418645
parent-mediated,0,7,0.0,0.4741262530479545,-3.7457676612161244,-0.9361323823151231,4.4434481203418645
allowed,0,7,0.0,0.4741262530479545,-3.7457676612161244,-0.9361323823151231,4.4434481203418645
hand,2,11,0.3626539012493427,0.7450555405039285,-0.7142917395100454,-0.9376874139309814,1.028672427553539
compounds,2,11,0.3626539012493427,0.7450555405039285,-0.7168764363463911,-0.9397793079145916,1.028672427553539
kevin,0,11,0.0,0.7450555405039285,-4.598094913139969,-0.9406605430230294,6.982561331965787
modest,0,11,0.0,0.7450555405039285,-4.598094913139969,-0.9406605430230294,6.982561331965787
moving,4,18,0.7253078024986854,1.219181793551883,-0.516624960764311,-0.9418610562401168,0.9808990093303582
south,0,9,0.0,0.6095908967759415,-4.22325821222476,-0.9425900822485906,5.713004726153825
maintain,7,28,1.2692886543726996,1.896505012191818,-0.3949308869306787,-0.9441305396271987,0.9754066639375232
spent,0,8,0.0,0.541858574911948,-3.985601666725879,-0.9444998551520899,5.078226423247845
chapel,0,8,0.0,0.541858574911948,-3.985601666725879,-0.9444998551520899,5.078226423247845
joint,3,15,0.543980851874014,1.0159848279599024,-0.5814020693230582,-0.9469791798447419,1.1142355230784031
interact,7,28,1.2692886543726996,1.896505012191818,-0.397287888528556,-0.9484922617394965,0.9754066639375232
assisted,0,9,0.0,0.6095908967759415,-4.191688019009124,-0.950429684349661,5.713004726153825
nih-funded,0,11,0.0,0.7450555405039285,-4.560500887994767,-0.9506731337929086,6.982561331965787
harris,0,11,0.0,0.7450555405039285,-4.560500887994767,-0.9506731337929086,6.982561331965787
managing,0,8,0.0,0.541858574911948,-3.957631308168361,-0.951081282571546,5.078226423247845
folic,0,8,0.0,0.541858574911948,-3.957631308168361,-0.951081282571546,5.078226423247845
david,0,8,0.0,0.541858574911948,-3.957631308168361,-0.951081282571546,5.078226423247845
chromosomal,0,13,0.0,0.8805201842319155,-4.844371886968373,-0.9525573808493553,8.252117937777747
disadvantaged,0,13,0.0,0.8805201842319155,-4.844371886968373,-0.9525573808493553,8.252117937777747
widespread,0,13,0.0,0.8805201842319155,-4.844371886968373,-0.9525573808493553,8.252117937777747
reverse,0,16,0.0,1.083717149823896,-5.184702803439958,-0.9540417500092631,10.15645284649569
today,0,14,0.0,0.948252506095909,-4.9607186575658915,-0.9550526107139646,8.886896240683729
m-chat,0,7,0.0,0.4741262530479545,-3.6490437743862536,-0.9571555123932585,4.4434481203418645
ment,0,10,0.0,0.677323218639935,-4.360700885813527,-0.9577779684273046,6.347783029059806
echo,0,9,0.0,0.6095908967759415,-4.161094833576541,-0.9580370910154133,5.713004726153825
totaled,0,6,0.0,0.406393931183961,-3.2716630035881273,-0.959550712816094,3.8086698174358835
angeles,0,7,0.0,0.4741262530479545,-3.626282771187226,-0.9620741823093863,4.4434481203418645
virginia,0,8,0.0,0.541858574911948,-3.90396500311231,-0.963702491967065,5.078226423247845
toxicology,0,9,0.0,0.6095908967759415,-4.131420311807627,-0.9654244363592343,5.713004726153825
rna,0,10,0.0,0.677323218639935,-4.328071832040896,-0.9662480949897589,6.347783029059806
scott,0,10,0.0,0.677323218639935,-4.328071832040896,-0.9662480949897589,6.347783029059806
serotonin,0,10,0.0,0.677323218639935,-4.328071832040896,-0.9662480949897589,6.347783029059806
experiments,0,14,0.0,0.948252506095909,-4.918274126875449,-0.9671910603752124,8.886896240683729
carefully,0,14,0.0,0.948252506095909,-4.918274126875449,-0.9671910603752124,8.886896240683729
emergence,0,12,0.0,0.812787862367922,-4.647189741386189,-0.968902413498436,7.617339634871767
ing,0,12,0.0,0.812787862367922,-4.647189741386189,-0.968902413498436,7.617339634871767
impacted,0,11,0.0,0.7450555405039285,-4.48933446547429,-0.9697387311761555,6.982561331965787
lessons,0,11,0.0,0.7450555405039285,-4.48933446547429,-0.9697387311761555,6.982561331965787
grown,0,11,0.0,0.7450555405039285,-4.48933446547429,-0.9697387311761555,6.982561331965787
scholar,0,8,0.0,0.541858574911948,-3.878189914546322,-0.9697589372882023,5.078226423247845
baby,0,8,0.0,0.541858574911948,-3.878189914546322,-0.9697589372882023,5.078226423247845
graduate,0,7,0.0,0.4741262530479545,-3.5822878820454847,-0.9715446350464013,4.4434481203418645
represented,5,22,0.9066347531233567,1.490111081007857,-0.4724705413474144,-0.9727733169560535,1.1114531362641396
manage,3,15,0.543980851874014,1.0159848279599024,-0.6056455704523867,-0.973506510093954,1.1142355230784031
fraternal,0,10,0.0,0.677323218639935,-4.296483876928386,-0.9744666090299914,6.347783029059806
varied,3,15,0.543980851874014,1.0159848279599024,-0.607294106984817,-0.9752808553713685,1.1142355230784031
forum,0,8,0.0,0.541858574911948,-3.853072464240883,-0.9756560893189017,5.078226423247845
fostering,0,8,0.0,0.541858574911948,-3.853072464240883,-0.9756560893189017,5.078226423247845
lastly,0,9,0.0,0.6095908967759415,-4.074618685214469,-0.9795827972046229,5.713004726153825
consumers,0,9,0.0,0.6095908967759415,-4.074618685214469,-0.9795827972046229,5.713004726153825
affairs,0,7,0.0,0.4741262530479545,-3.5401849323850616,-0.9805570373875816,4.4434481203418645
african,0,7,0.0,0.4741262530479545,-3.5401849323850616,-0.9805570373875816,4.4434481203418645
overarching,0,8,0.0,0.541858574911948,-3.828580169187031,-0.9814009155008985,5.078226423247845
unaffected,0,10,0.0,0.677323218639935,-4.265872935623724,-0.982447001426284,6.347783029059806
diseases,0,7,0.0,0.4741262530479545,-3.5197938993695406,-0.9849021467313432,4.4434481203418645
demonstrating,3,15,0.543980851874014,1.0159848279599024,-0.6164354750850336,-0.98505250153838,1.1142355230784031
passed,0,13,0.0,0.8805201842319155,-4.726960494929793,-0.9856703680198837,8.252117937777747
utilized,0,13,0.0,0.8805201842319155,-4.726960494929793,-0.9856703680198837,8.252117937777747
preliminary,3,15,0.543980851874014,1.0159848279599024,-0.617691885303298,-0.9863866540944889,1.1142355230784031
normal,3,15,0.543980851874014,1.0159848279599024,-0.6181112195380862,-0.9868314591137102,1.1142355230784031
concordance,0,12,0.0,0.812787862367922,-4.575999029003416,-0.9886324279562485,7.617339634871767
adding,0,12,0.0,0.812787862367922,-4.575999029003416,-0.9886324279562485,7.617339634871767
neurobiological,0,18,0.0,1.219181793551883,-5.255833690289775,-0.989961494468237,11.42600945230765
hypotheses,3,15,0.543980851874014,1.0159848279599024,-0.6227415093094013,-0.9917271864685362,1.1142355230784031
engaged,0,8,0.0,0.541858574911948,-3.7813526349081297,-0.992459207504453,5.078226423247845
considering,0,8,0.0,0.541858574911948,-3.7813526349081297,-0.992459207504453,5.078226423247845
latino,0,8,0.0,0.541858574911948,-3.7813526349081297,-0.992459207504453,5.078226423247845
workgroup,0,9,0.0,0.6095908967759415,-4.020908123913701,-0.9929844213294422,5.713004726153825
in-person,0,9,0.0,0.6095908967759415,-4.020908123913701,-0.9929844213294422,5.713004726153825
branch,0,9,0.0,0.6095908967759415,-4.020908123913701,-0.9929844213294422,5.713004726153825
avenues,3,15,0.543980851874014,1.0159848279599024,-0.6261294231407142,-0.9952909987458793,1.1142355230784031
cardiovascular,0,7,0.0,0.4741262530479545,-3.461054928977914,-0.9973388154652852,4.4434481203418645
pennsylvania,0,7,0.0,0.4741262530479545,-3.461054928977914,-0.9973388154652852,4.4434481203418645
breadth,0,12,0.0,0.812787862367922,-4.542231576140445,-0.9980468651173363,7.617339634871767
north,0,6,0.0,0.406393931183961,-3.0448483504264576,-1.0003288039652145,3.8086698174358835
aap,0,14,0.0,0.948252506095909,-4.800836262935151,-1.0011938471697055,8.886896240683729
administered,1,8,0.18132695062467136,0.541858574911948,-1.0140966890511933,-1.0026440598713644,1.4035035309651582
preschool,0,6,0.0,0.406393931183961,-3.0305139542327666,-1.0027856458847633,3.8086698174358835
legislation,0,8,0.0,0.541858574911948,-3.736290615165238,-1.0029810741800145,5.078226423247845
indian,2,12,0.3626539012493427,0.812787862367922,-0.7321839674068169,-1.0035225847052425,1.3425923885800923
underlie,0,15,0.0,1.0159848279599024,-4.907261674732164,-1.0044149888102933,9.52167454358971
exploration,0,11,0.0,0.7450555405039285,-4.360707560238389,-1.0045275453817737,6.982561331965787
creation,0,11,0.0,0.7450555405039285,-4.360707560238389,-1.0045275453817737,6.982561331965787
optimal,0,11,0.0,0.7450555405039285,-4.360707560238389,-1.0045275453817737,6.982561331965787
pay,0,10,0.0,0.677323218639935,-4.179343555763516,-1.005078650073838,6.347783029059806
teens,0,7,0.0,0.4741262530479545,-3.4237706408833244,-1.0051651693227583,4.4434481203418645
block,0,7,0.0,0.4741262530479545,-3.4237706408833244,-1.0051651693227583,4.4434481203418645
obesity,1,8,0.18132695062467136,0.541858574911948,-1.0216614671592001,-1.0061654563624316,1.4035035309651582
sought,1,8,0.18132695062467136,0.541858574911948,-1.0254722689452418,-1.0079239210164816,1.4035035309651582
outlined,0,8,0.0,0.541858574911948,-3.7145118255123375,-1.0080540503180717,5.078226423247845
ies,0,8,0.0,0.541858574911948,-3.7145118255123375,-1.0080540503180717,5.078226423247845
alter,5,22,0.9066347531233567,1.490111081007857,-0.49774291966717144,-1.010478209825881,1.1114531362641396
voice,0,14,0.0,0.948252506095909,-4.7645836495234715,-1.0118090102454702,8.886896240683729
prefer,0,10,0.0,0.677323218639935,-4.152105195660585,-1.012221273014967,6.347783029059806
affect,27,90,4.8958276668661265,6.095908967759415,-0.22081961110225645,-1.012254497463252,1.0371584306257464
standardization,5,22,0.9066347531233567,1.490111081007857,-0.49921843465943105,-1.012643260005341,1.1114531362641396
homelessness,1,8,0.18132695062467136,0.541858574911948,-1.042209495600078,-1.015525541793389,1.4035035309651582
makers,0,15,0.0,1.0159848279599024,-4.869628741787281,-1.015644769492387,9.52167454358971
encouraging,0,15,0.0,1.0159848279599024,-4.869628741787281,-1.015644769492387,9.52167454358971
atlas,0,15,0.0,1.0159848279599024,-4.869628741787281,-1.015644769492387,9.52167454358971
residents,0,12,0.0,0.812787862367922,-4.47796119867847,-1.0160582311215478,7.617339634871767
smith,1,8,0.18132695062467136,0.541858574911948,-1.0461245654235505,-1.017275273022946,1.4035035309651582
denver,0,8,0.0,0.541858574911948,-3.6723523251033328,-1.0178478056389684,5.078226423247845
administrator,0,8,0.0,0.541858574911948,-3.6723523251033328,-1.0178478056389684,5.078226423247845
fiwa,0,6,0.0,0.406393931183961,-2.9229277494939225,-1.0206792198893542,3.8086698174358835
receipt,1,8,0.18132695062467136,0.541858574911948,-1.0553382982915114,-1.021350985692801,1.4035035309651582
questionnaire,0,8,0.0,0.541858574911948,-3.651933034876551,-1.0225772643138544,5.078226423247845
regular,0,8,0.0,0.541858574911948,-3.651933034876551,-1.0225772643138544,5.078226423247845
james,0,9,0.0,0.6095908967759415,-3.8981852616275887,-1.02360511089739,5.713004726153825
arts,0,6,0.0,0.406393931183961,-2.8978128002211907,-1.024707161707719,3.8086698174358835
teachers,2,12,0.3626539012493427,0.812787862367922,-0.7582834865984047,-1.0249312496435146,1.3425923885800923
adapting,1,8,0.18132695062467136,0.541858574911948,-1.0646639706676897,-1.0254164253462608,1.4035035309651582
fellow,0,10,0.0,0.677323218639935,-4.099782612958334,-1.0259601308615167,6.347783029059806
taylor,0,10,0.0,0.677323218639935,-4.099782612958334,-1.0259601308615167,6.347783029059806
pharmaceutical,0,15,0.0,1.0159848279599024,-4.833368481118066,-1.026525728616831,9.52167454358971
non-autistic,0,8,0.0,0.541858574911948,-3.6319302845370327,-1.0272004954480043,5.078226423247845
manifest,0,16,0.0,1.083717149823896,-4.933992725257619,-1.0291617336660142,10.15645284649569
december,0,7,0.0,0.4741262530479545,-3.303475326832922,-1.029993673396213,4.4434481203418645
victimization,0,17,0.0,1.1514494716878896,-5.032109645589777,-1.030137151722604,10.79123114940167
advantage,0,17,0.0,1.1514494716878896,-5.032109645589777,-1.030137151722604,10.79123114940167
interfere,1,8,0.18132695062467136,0.541858574911948,-1.0768225804534488,-1.0306273307201785,1.4035035309651582
prevalent,1,8,0.18132695062467136,0.541858574911948,-1.0781854455539222,-1.0312051502408242,1.4035035309651582
park,0,8,0.0,0.541858574911948,-3.6123275742368914,-1.031721263634153,5.078226423247845
encompasses,4,19,0.7253078024986854,1.2869141154158765,-0.5599639094049422,-1.0317659685403857,1.224109251324161
pesticides,1,8,0.18132695062467136,0.541858574911948,-1.0795507200807037,-1.03178272877464,1.4035035309651582
influenced,1,8,0.18132695062467136,0.541858574911948,-1.0822885281332972,-1.0329371551128603,1.4035035309651582
brief,2,12,0.3626539012493427,0.812787862367922,-0.7688772395135057,-1.0334100211037909,1.3425923885800923
helping,2,12,0.3626539012493427,0.812787862367922,-0.7713933165137945,-1.0354060935584264,1.3425923885800923
apartment,1,8,0.18132695062467136,0.541858574911948,-1.0891757546599656,-1.03581886658053,1.4035035309651582
de-identified,1,8,0.18132695062467136,0.541858574911948,-1.0891757546599656,-1.03581886658053,1.4035035309651582
psychological,0,8,0.0,0.541858574911948,-3.5931093654098554,-1.0361431331198165,5.078226423247845
base,12,45,2.175923407496056,3.0479544838797077,-0.3338917783995061,-1.036302214841447,1.14562076657384
stigma,0,15,0.0,1.0159848279599024,-4.798384533274632,-1.0370788751257465,9.52167454358971
trainees,2,12,0.3626539012493427,0.812787862367922,-0.7739184355836901,-1.0374025477252673,1.3425923885800923
starting,0,6,0.0,0.406393931183961,-2.8147573527941727,-1.0375825932058953,3.8086698174358835
culture,0,16,0.0,1.083717149823896,-4.897725770590734,-1.0402913226077717,10.15645284649569
participatory,0,19,0.0,1.2869141154158765,-5.182225090823215,-1.0404446857565468,12.060787755213632
bring,0,12,0.0,0.812787862367922,-4.3887511206999275,-1.0412420943756626,7.617339634871767
enabled,0,14,0.0,0.948252506095909,-4.66314596809525,-1.0417895682466927,8.886896240683729
sense,0,18,0.0,1.219181793551883,-5.08913782730869,-1.0418825541062757,11.42600945230765
fmri,0,11,0.0,0.7450555405039285,-4.2203595140257555,-1.042874731180966,6.982561331965787
easily,0,13,0.0,0.8805201842319155,-4.527032672483092,-1.0432257607818582,8.252117937777747
optimize,0,13,0.0,0.8805201842319155,-4.527032672483092,-1.0432257607818582,8.252117937777747
left,2,12,0.3626539012493427,0.812787862367922,-0.7815486171006487,-1.0433940770377717,1.3425923885800923
policymakers,0,10,0.0,0.677323218639935,-4.026156173635609,-1.0453203122896126,6.347783029059806
gather,0,10,0.0,0.677323218639935,-4.026156173635609,-1.0453203122896126,6.347783029059806
relating,0,9,0.0,0.6095908967759415,-3.809950079167816,-1.0455666597540316,5.713004726153825
gathering,0,15,0.0,1.0159848279599024,-4.76459034203544,-1.047323297011325,9.52167454358971
exome,0,15,0.0,1.0159848279599024,-4.76459034203544,-1.047323297011325,9.52167454358971
reauthorization,0,8,0.0,0.541858574911948,-3.537619290212856,-1.0488482764635954,5.078226423247845
exhibit,0,12,0.0,0.812787862367922,-4.360714234708949,-1.0491964085486647,7.617339634871767
john,0,9,0.0,0.6095908967759415,-3.789074666593896,-1.050749730112751,5.713004726153825
infancy,0,14,0.0,0.948252506095909,-4.631512247619433,-1.0512189049336462,8.886896240683729
october,0,8,0.0,0.541858574911948,-3.502300602376211,-1.0568814144863066,5.078226423247845
asd-specific,0,11,0.0,0.7450555405039285,-4.169358291048216,-1.056884185803798,6.982561331965787
educate,0,12,0.0,0.812787862367922,-4.333449233540579,-1.0569481429686005,7.617339634871767
bioinformatics,0,15,0.0,1.0159848279599024,-4.731907868120066,-1.057276393836153,9.52167454358971
hill,0,10,0.0,0.677323218639935,-3.9799570510887268,-1.05747502040793,6.347783029059806
pace,2,12,0.3626539012493427,0.812787862367922,-0.8023081883130736,-1.059385105577004,1.3425923885800923
native,0,7,0.0,0.4741262530479545,-3.1539427741635553,-1.0597475915420083,4.4434481203418645
sound,2,12,0.3626539012493427,0.812787862367922,-0.8036260740458232,-1.0603850926828247,1.3425923885800923
summarized,2,12,0.3626539012493427,0.812787862367922,-0.8036260740458232,-1.0603850926828247,1.3425923885800923
obstacles,2,12,0.3626539012493427,0.812787862367922,-0.8036260740458232,-1.0603850926828247,1.3425923885800923
rehabilitative,0,8,0.0,0.541858574911948,-3.485108497233691,-1.0607751648646846,5.078226423247845
staff,5,23,0.9066347531233567,1.5578434028718504,-0.5124147468930023,-1.0617471427616227,1.3448356185674637
post-secondary,0,11,0.0,0.7450555405039285,-4.144811682171593,-1.063637358309485,6.982561331965787
maximizing,0,15,0.0,1.0159848279599024,-4.70026650718671,-1.0669540746288373,9.52167454358971
tion,0,13,0.0,0.8805201842319155,-4.440392525096179,-1.0685636085181516,8.252117937777747
stroke,0,9,0.0,0.6095908967759415,-3.7097436286934116,-1.0703831097910848,5.713004726153825
co-founder,0,12,0.0,0.812787862367922,-4.281073392245961,-1.071880798408999,7.617339634871767
final,3,16,0.543980851874014,1.083717149823896,-0.6613960666847625,-1.0736032504846418,1.3950489805282755
fxs,0,13,0.0,0.8805201842319155,-4.413117263481663,-1.0765828808865672,8.252117937777747
facial,0,11,0.0,0.7450555405039285,-4.097475576658457,-1.0766754801555865,6.982561331965787
store,0,12,0.0,0.812787862367922,-4.255889503442351,-1.079078590127933,7.617339634871767
concluded,0,12,0.0,0.812787862367922,-4.255889503442351,-1.079078590127933,7.617339634871767
eligible,1,9,0.18132695062467136,0.6095908967759415,-1.0344264395588159,-1.0818926018200465,1.81560009121675
journal,0,6,0.0,0.406393931183961,-2.466611035572276,-1.082413746654001,3.8086698174358835
neurological,5,23,0.9066347531233567,1.5578434028718504,-0.5277977377749625,-1.0843564579400735,1.3448356185674637
self-advocates,0,10,0.0,0.677323218639935,-3.8731281693007045,-1.0855598089478824,6.347783029059806
previously,8,33,1.4506156049973709,2.2351666215117856,-0.4228678525465046,-1.0856690729718623,1.3093769129442956
investigated,3,16,0.543980851874014,1.083717149823896,-0.6755906988593665,-1.0882874585461244,1.3950489805282755
overcome,0,16,0.0,1.083717149823896,-4.733926014745812,-1.0913179338683268,10.15645284649569
discuss,0,12,0.0,0.812787862367922,-4.207367123828858,-1.0929751032987605,7.617339634871767
fundamental,0,14,0.0,0.948252506095909,-4.486904928692031,-1.094760855296455,8.886896240683729
quickly,3,16,0.543980851874014,1.083717149823896,-0.6823749390963112,-1.0952106478916321,1.3950489805282755
computer,0,8,0.0,0.541858574911948,-3.3280379889297826,-1.095754974299467,5.078226423247845
head,1,9,0.18132695062467136,0.6095908967759415,-1.0643157692165044,-1.0960580159628315,1.81560009121675
uspstf,0,6,0.0,0.406393931183961,-1.700877829095262,-1.0966132959708796,3.8086698174358835
genotypes,3,16,0.543980851874014,1.083717149823896,-0.6857926448262255,-1.0986752514860152,1.3950489805282755
johnson,0,12,0.0,0.812787862367922,-4.183970491803526,-1.0996875604263527,7.617339634871767
emerge,3,16,0.543980851874014,1.083717149823896,-0.6875079591970525,-1.1004082923308862,1.3950489805282755
categorized,1,9,0.18132695062467136,0.6095908967759415,-1.0773199003923892,-1.1020154266384545,1.81560009121675
participate,11,43,1.9945964568713848,2.9124898401517205,-0.3683032745849175,-1.1035581581385665,1.3488991090368243
inclusion,20,71,3.626539012493427,4.808994852343538,-0.2770211563718199,-1.1049799854769495,1.3077594601221332
interests,0,13,0.0,0.8805201842319155,-4.310957806680458,-1.106777787854307,8.252117937777747
analyzing,0,11,0.0,0.7450555405039285,-3.9882041673749935,-1.1068171690817472,6.982561331965787
articles,0,6,0.0,0.406393931183961,-1.8847529159562608,-1.1076130967271052,3.8086698174358835
participated,0,8,0.0,0.541858574911948,-3.2716761372530687,-1.1079981725874122,5.078226423247845
sexual,0,18,0.0,1.219181793551883,-4.8820355544670555,-1.1085307866664165,11.42600945230765
eunice,0,10,0.0,0.677323218639935,-3.77676556076794,-1.1108095823909543,6.347783029059806
mice,1,9,0.18132695062467136,0.6095908967759415,-1.1003102835504883,-1.1122484776609303,1.81560009121675
variants,12,46,2.175923407496056,3.115686805743701,-0.35868257341908993,-1.1139458243068963,1.3122387769018653
crucial,0,17,0.0,1.1514494716878896,-4.764603727196059,-1.1149639239120368,10.79123114940167
shriver,0,10,0.0,0.677323218639935,-3.758576573076475,-1.1155608880882597,6.347783029059806
kingdom,0,9,0.0,0.6095908967759415,-3.5198071047487005,-1.1167782524195835,5.713004726153825
diagnosing,0,16,0.0,1.083717149823896,-4.647216493438581,-1.118798578952037,10.15645284649569
rct,0,15,0.0,1.0159848279599024,-4.529060032631596,-1.119977652074948,9.52167454358971
stimulation,0,20,0.0,1.35464643727987,-5.018791188388526,-1.1218404220351483,12.695566058119612
detected,0,20,0.0,1.35464643727987,-5.018791188388526,-1.1218404220351483,12.695566058119612
notable,0,17,0.0,1.1514494716878896,-4.735710908439119,-1.1243288076802949,10.79123114940167
manager,1,9,0.18132695062467136,0.6095908967759415,-1.1432272337300553,-1.1303513374033463,1.81560009121675
fibroblasts,0,20,0.0,1.35464643727987,-4.987123056761929,-1.1325536244052892,12.695566058119612
employed,0,14,0.0,0.948252506095909,-4.3607275837871775,-1.1332651134068714,8.886896240683729
importantly,0,14,0.0,0.948252506095909,-4.3607275837871775,-1.1332651134068714,8.886896240683729
men,0,10,0.0,0.677323218639935,-3.6890126618926455,-1.1336738623421618,6.347783029059806
video,2,13,0.3626539012493427,0.8805201842319155,-0.8317460180631766,-1.134076387832338,1.6803935867349566
paternal,0,13,0.0,0.8805201842319155,-4.21836183619812,-1.1343277880337421,8.252117937777747
diagnose,0,15,0.0,1.0159848279599024,-4.477981240268816,-1.135992721176156,9.52167454358971
details,0,7,0.0,0.4741262530479545,-2.7161349462617803,-1.1361813988485956,4.4434481203418645
expanding,4,20,0.7253078024986854,1.35464643727987,-0.6156147373560987,-1.1364425721918427,1.485647364104537
familial,0,12,0.0,0.812787862367922,-4.054153125494425,-1.1370313532597622,7.617339634871767
took,1,9,0.18132695062467136,0.6095908967759415,-1.1616058032217147,-1.1377152150778116,1.81560009121675
gene-environment,6,27,1.087961703748028,1.8287726903278245,-0.5092143793050603,-1.141684788361051,1.4713485139955376
canada,0,7,0.0,0.4741262530479545,-2.6731995399735986,-1.1425182716199842,4.4434481203418645
circuitry,0,20,0.0,1.35464643727987,-4.956431958289805,-1.142989953661159,12.695566058119612
emphasized,0,22,0.0,1.490111081007857,-5.113887688448012,-1.1432263631085091,13.965122663931574
cognitive,32,108,5.802462419989483,7.315090761311298,-0.2281316630082575,-1.1436036235873295,1.3797758737950456
nsch,0,11,0.0,0.7450555405039285,-3.853092379948155,-1.1440640877692205,6.982561331965787
ace,0,9,0.0,0.6095908967759415,-3.4016810009145892,-1.1449845717181393,5.713004726153825
usefulness,1,9,0.18132695062467136,0.6095908967759415,-1.1831480286156602,-1.1460572701479013,1.81560009121675
sustainability,1,9,0.18132695062467136,0.6095908967759415,-1.185882508614247,-1.1470941103234484,1.81560009121675
composed,0,13,0.0,0.8805201842319155,-4.1751238588726185,-1.1472384981342687,8.252117937777747
spontaneous,0,18,0.0,1.219181793551883,-4.764610419844711,-1.1472900241653585,11.42600945230765
jointly,1,9,0.18132695062467136,0.6095908967759415,-1.1900019859369504,-1.1486467961660778,1.81560009121675
plasma,1,9,0.18132695062467136,0.6095908967759415,-1.191379910149161,-1.1491636630438269,1.81560009121675
intent,1,9,0.18132695062467136,0.6095908967759415,-1.1927602294396635,-1.1496801787878106,1.81560009121675
eliminate,1,9,0.18132695062467136,0.6095908967759415,-1.1927602294396635,-1.1496801787878106,1.81560009121675
green,0,9,0.0,0.6095908967759415,-3.374255884031392,-1.1514399267875313,5.713004726153825
iacc's,0,16,0.0,1.083717149823896,-4.5422583102884655,-1.1524520354094039,10.15645284649569
datasets,6,27,1.087961703748028,1.8287726903278245,-0.5167519543612045,-1.1537576266254188,1.4713485139955376
dawson,0,12,0.0,0.812787862367922,-3.9951308714496037,-1.1540403124686978,7.617339634871767
loneliness,1,9,0.18132695062467136,0.6095908967759415,-1.2066968344909696,-1.1548255392238538,1.81560009121675
low-income,0,8,0.0,0.541858574911948,-3.0412577775135734,-1.1558001098897497,5.078226423247845
institutions,1,10,0.18132695062467136,0.677323218639935,-1.053699641082055,-1.1572921736996185,2.2500437202684553
carolina,0,9,0.0,0.6095908967759415,-3.3475815332536527,-1.1576803981077468,5.713004726153825
means,15,56,2.7199042593700704,3.793010024383636,-0.335124701116583,-1.1585571974738227,1.3917603116494766
extended,2,13,0.3626539012493427,0.8805201842319155,-0.8655831068425162,-1.1593602354740924,1.6803935867349566
birth,12,47,2.175923407496056,3.1834191276076944,-0.3706469140557509,-1.1599196307072486,1.4878540060663594
come,2,13,0.3626539012493427,0.8805201842319155,-0.8682022698604275,-1.1612678599677868,1.6803935867349566
tend,2,13,0.3626539012493427,0.8805201842319155,-0.8695154021877176,-1.1622216133898309,1.6803935867349566
did,13,51,2.357250358120728,3.4543484150636687,-0.3544934074400574,-1.1667110935786014,1.626869437642739
efficiency,2,13,0.3626539012493427,0.8805201842319155,-0.8767803287539859,-1.1674664555447871,1.6803935867349566
devoted,0,11,0.0,0.7450555405039285,-3.7668092136493705,-1.1677592467909474,6.982561331965787
profoundly,2,13,0.3626539012493427,0.8805201842319155,-0.8781090503405551,-1.168419901055158,1.6803935867349566
regulate,2,13,0.3626539012493427,0.8805201842319155,-0.8787743209038261,-1.168896603311812,1.6803935867349566
predict,8,34,1.4506156049973709,2.302898943375779,-0.45462391896336385,-1.1692232082994005,1.5158333669118447
esdm,0,10,0.0,0.677323218639935,-3.5340426778718026,-1.1735675156773682,6.347783029059806
regard,0,21,0.0,1.4223787591438635,-4.946415173144876,-1.1747219439043604,13.330344361025592
campaign,0,16,0.0,1.083717149823896,-4.4702392918592775,-1.1757664583216838,10.15645284649569
psychosocial,0,13,0.0,0.8805201842319155,-4.07464531138605,-1.1773196946062081,8.252117937777747
instances,0,18,0.0,1.219181793551883,-4.659607677122345,-1.1824879945256108,11.42600945230765
leverage,0,18,0.0,1.219181793551883,-4.659607677122345,-1.1824879945256108,11.42600945230765
decreased,0,8,0.0,0.541858574911948,-2.9009294409759363,-1.1826641887930458,5.078226423247845
promotion,0,11,0.0,0.7450555405039285,-3.7028528794020854,-1.1852400979333995,6.982561331965787
accurate,3,17,0.543980851874014,1.1514494716878896,-0.7311898306021085,-1.186412379274254,1.6956321358376978
rates,30,103,5.439808518740141,6.97642915199133,-0.24380621011415737,-1.1866447740414239,1.5029565541204288
good,0,19,0.0,1.2869141154158765,-4.738726372461963,-1.1876000843210888,12.060787755213632
guardians,0,13,0.0,0.8805201842319155,-4.03715190437598,-1.1885623497153162,8.252117937777747
valuable,3,17,0.543980851874014,1.1514494716878896,-0.7341704614035915,-1.1893538945648006,1.6956321358376978
maryland,0,12,0.0,0.812787862367922,-3.8697725755692662,-1.1901441993048387,7.617339634871767
discover,0,16,0.0,1.083717149823896,-4.424977962660783,-1.190502075600848,10.15645284649569
san,0,17,0.0,1.1514494716878896,-4.530616276241879,-1.1917971681485633,10.79123114940167
stimuli,0,17,0.0,1.1514494716878896,-4.530616276241879,-1.1917971681485633,10.79123114940167
charge,0,17,0.0,1.1514494716878896,-4.530616276241879,-1.1917971681485633,10.79123114940167
meta-analysis,0,14,0.0,0.948252506095909,-4.167604587817044,-1.1928821588595941,8.886896240683729
advisor,0,13,0.0,0.8805201842319155,-4.018926203327567,-1.19402913770247,8.252117937777747
vaccination,0,12,0.0,0.812787862367922,-3.853099018609207,-1.194938026779097,7.617339634871767
agre,0,23,0.0,1.5578434028718504,-5.037166837373546,-1.196413516079181,14.599900966837554
successfully,0,16,0.0,1.083717149823896,-4.40309956322063,-1.1976463068206982,10.15645284649569
manner,3,17,0.543980851874014,1.1514494716878896,-0.7427578147112488,-1.1977637312100986,1.6956321358376978
clearly,3,17,0.543980851874014,1.1514494716878896,-0.7479616194162979,-1.2028133785204955,1.6956321358376978
checklist,0,12,0.0,0.812787862367922,-3.820576264980515,-1.204279355107393,7.617339634871767
solutions,0,14,0.0,0.948252506095909,-4.129367721757783,-1.204753530225542,8.886896240683729
vitamin,0,9,0.0,0.6095908967759415,-3.104434270632856,-1.2124467459480803,5.713004726153825
created,4,21,0.7253078024986854,1.4223787591438635,-0.6491097187765913,-1.2129370810216729,1.7638697225260023
yellow,0,10,0.0,0.677323218639935,-3.3756155498514175,-1.2133918649884348,6.347783029059806
deficits,6,28,1.087961703748028,1.896505012191818,-0.5386508136779948,-1.216158966787095,1.7113720053678882
vice,0,20,0.0,1.35464643727987,-4.740011700973776,-1.2180035120224262,12.695566058119612
january,0,15,0.0,1.0159848279599024,-4.216903022291387,-1.2189390798062827,9.52167454358971
bank,0,21,0.0,1.4223787591438635,-4.813267296882223,-1.2217930445084966,13.330344361025592
spark,0,18,0.0,1.219181793551883,-4.54227167763627,-1.2223635711112397,11.42600945230765
baltimore,0,15,0.0,1.0159848279599024,-4.197961923218008,-1.2250114449320058,9.52167454358971
collecting,0,17,0.0,1.1514494716878896,-4.421088478511148,-1.228453707842995,10.79123114940167
considered,8,35,1.4506156049973709,2.3706312652397727,-0.47459606656729036,-1.2300164661391537,1.73349828633439
date,21,76,3.807865963118098,5.147656461663506,-0.30168880476106086,-1.2317226440188336,1.5799827898339878
low,11,45,1.9945964568713848,3.0479544838797077,-0.40907295736517924,-1.2344161230841593,1.7257575111361172
atn,0,20,0.0,1.35464643727987,-4.692544649104615,-1.234767265874703,12.695566058119612
enrolled,2,14,0.3626539012493427,0.948252506095909,-0.8980431276173277,-1.2350944875625733,2.0387607462615276
tailored,4,21,0.7253078024986854,1.4223787591438635,-0.6692613625397339,-1.237065841479421,1.7638697225260023
occur,13,51,2.357250358120728,3.4543484150636687,-0.38182101223716547,-1.2371188716323636,1.626869437642739
engaging,0,18,0.0,1.219181793551883,-4.498965324201674,-1.2372119427957324,11.42600945230765
epa,0,8,0.0,0.541858574911948,-2.55960736180419,-1.2379592738503353,5.078226423247845
signatures,6,28,1.087961703748028,1.896505012191818,-0.5525697051969782,-1.2380655428961966,1.7113720053678882
scan,0,12,0.0,0.812787862367922,-3.7002829718737615,-1.2386787280804723,7.617339634871767
explored,0,21,0.0,1.4223787591438635,-4.764630498064044,-1.2392200808383234,13.330344361025592
vital,4,21,0.7253078024986854,1.4223787591438635,-0.6715024369260121,-1.2397105235706614,1.7638697225260023
advice,0,11,0.0,0.7450555405039285,-3.494468296664106,-1.241397315947958,6.982561331965787
taking,1,10,0.18132695062467136,0.677323218639935,-1.2528235716001817,-1.2420009995657975,2.2500437202684553
small,17,64,3.082558160619413,4.334868599295584,-0.3356930689727884,-1.242142899401286,1.6636688561591182
regional,1,10,0.18132695062467136,0.677323218639935,-1.255475495769387,-1.242942054827692,2.2500437202684553
molecules,1,10,0.18132695062467136,0.677323218639935,-1.2648265477475835,-1.2462234755159065,2.2500437202684553
investigate,8,35,1.4506156049973709,2.3706312652397727,-0.4837531715297576,-1.2473609584975658,1.73349828633439
initially,1,10,0.18132695062467136,0.677323218639935,-1.2702190573929055,-1.2480898010779842,2.2500437202684553
identical,1,10,0.18132695062467136,0.677323218639935,-1.2742871850453916,-1.2494852534681253,2.2500437202684553
achieving,0,19,0.0,1.2869141154158765,-4.552818128957,-1.2521587404926529,12.060787755213632
roster,0,13,0.0,0.8805201842319155,-3.823046833009247,-1.2527197681781252,8.252117937777747
boston,0,13,0.0,0.8805201842319155,-3.823046833009247,-1.2527197681781252,8.252117937777747
pressing,1,10,0.18132695062467136,0.677323218639935,-1.2838597763229416,-1.2527266432219424,2.2500437202684553
constant,1,10,0.18132695062467136,0.677323218639935,-1.2879971903122112,-1.2541093785814188,2.2500437202684553
pollution,1,10,0.18132695062467136,0.677323218639935,-1.2907672363272589,-1.2550290123755823,2.2500437202684553
reviewed,8,35,1.4506156049973709,2.3706312652397727,-0.4878497714402581,-1.2550568194827167,1.73349828633439
cost-effectiveness,0,16,0.0,1.083717149823896,-4.225311885535056,-1.2561366764344912,10.15645284649569
explained,1,10,0.18132695062467136,0.677323218639935,-1.2949401079835887,-1.256405131629847,2.2500437202684553
seeking,2,14,0.3626539012493427,0.948252506095909,-0.9307038934621659,-1.2583159778683302,2.0387607462615276
applicability,1,10,0.18132695062467136,0.677323218639935,-1.3033506834199073,-1.2591451412744767,2.2500437202684553
stereotyped,1,10,0.18132695062467136,0.677323218639935,-1.3047609389105368,-1.2596001961196768,2.2500437202684553
ion,1,10,0.18132695062467136,0.677323218639935,-1.3090064191602497,-1.2609625456090565,2.2500437202684553
psychiatry,10,42,1.8132695062467135,2.844757518287727,-0.43800076979113634,-1.2614509779541743,1.7898401141854716
nationally,2,14,0.3626539012493427,0.948252506095909,-0.9366204998686491,-1.2624063001028007,2.0387607462615276
ados,0,14,0.0,0.948252506095909,-3.942037392964666,-1.26304044543661,8.886896240683729
situations,2,14,0.3626539012493427,0.948252506095909,-0.9379417350575476,-1.2633148923703765,2.0387607462615276
learning,13,52,2.357250358120728,3.522080736927662,-0.38600391043239757,-1.2640014990324775,1.8114695187411103
old,0,9,0.0,0.6095908967759415,-2.8455733839455064,-1.2650366282552956,5.713004726153825
surrounding,0,18,0.0,1.219181793551883,-4.41764471432403,-1.2652648708572372,11.42600945230765
enabling,0,19,0.0,1.2869141154158765,-4.511314788804638,-1.2667614705653898,12.060787755213632
exchange,0,15,0.0,1.0159848279599024,-4.058236326984645,-1.2699371792430205,9.52167454358971
aid,0,14,0.0,0.948252506095909,-3.9114948073668536,-1.272542343265476,8.886896240683729
percent,10,43,1.8132695062467135,2.9124898401517205,-0.435656998938855,-1.2758402244431426,2.0019843268784197
efficiently,2,14,0.3626539012493427,0.948252506095909,-0.9600878707936591,-1.278284969370275,2.0387607462615276
code,0,19,0.0,1.2869141154158765,-4.471478781750333,-1.2808358328484095,12.060787755213632
ipscs,0,30,0.0,2.031969655919805,-5.246882248947845,-1.2816329142509246,19.04334908717942
analyze,3,18,0.543980851874014,1.219181793551883,-0.7879929356928166,-1.2840455232796144,2.0138885828701323
aggressive,0,22,0.0,1.490111081007857,-4.720331798946949,-1.2847375878091378,13.965122663931574
academy,0,15,0.0,1.0159848279599024,-4.010548051659947,-1.2853012201934668,9.52167454358971
biorepository,0,23,0.0,1.5578434028718504,-4.786552780349352,-1.2886613097707948,14.599900966837554
schizophrenia,0,17,0.0,1.1514494716878896,-4.232792002651205,-1.292250136080571,10.79123114940167
race,4,22,0.7253078024986854,1.490111081007857,-0.6855939664369526,-1.292585495244536,2.057344855107078
rapidly,0,25,0.0,1.6933080465998376,-4.915029218189314,-1.2937556670139279,15.869457572649523
highlighting,0,19,0.0,1.2869141154158765,-4.433181799802835,-1.2944170799155688,12.060787755213632
pluripotent,0,28,0.0,1.896505012191818,-5.100229111784895,-1.2951291889213326,17.773792481367458
acceptance,0,20,0.0,1.35464643727987,-4.522562861363367,-1.2956073556545158,12.695566058119612
hispanic,0,10,0.0,0.677323218639935,-3.013615413544942,-1.2983196838532465,6.347783029059806
web-based,0,15,0.0,1.0159848279599024,-3.9650593564839323,-1.2999588091250227,9.52167454358971
ethnicity,4,22,0.7253078024986854,1.490111081007857,-0.694621043112523,-1.3032693165849685,2.057344855107078
deletions,0,27,0.0,1.8287726903278245,-5.015269225368003,-1.3048724822106443,17.139014178461476
healthy,0,11,0.0,0.7450555405039285,-3.24227708141448,-1.3066555207241566,6.982561331965787
york,0,12,0.0,0.812787862367922,-3.4516324764679105,-1.3084411060419376,7.617339634871767
week,1,11,0.18132695062467136,0.7450555405039285,-1.2526821647980189,-1.3091345834463188,2.7027525715098197
criminal,0,15,0.0,1.0159848279599024,-3.9358593079880233,-1.3093653282276776,9.52167454358971
current,53,174,9.610328383107582,11.785424004334867,-0.20405240617662646,-1.309580321425872,1.7518098755349065
sectors,0,21,0.0,1.4223787591438635,-4.5711643366450385,-1.3096574671375258,13.330344361025592
hope,0,31,0.0,2.0997019777837984,-5.227074911736413,-1.3108224625340168,19.678127390085397
continuing,4,22,0.7253078024986854,1.490111081007857,-0.7028170389103323,-1.3128608554307037,2.057344855107078
interactive,0,23,0.0,1.5578434028718504,-4.722224274924232,-1.3128998199736177,14.599900966837554
underrepresented,9,39,1.6319425556220422,2.6415605526957466,-0.4840069291763758,-1.3153449916458768,1.8672010523670721
idd,0,14,0.0,0.948252506095909,-3.758603092003243,-1.319958756372177,8.886896240683729
intensive,8,36,1.4506156049973709,2.438363587103766,-0.5139137587803155,-1.3270287329810613,1.9617980186607165
varying,4,22,0.7253078024986854,1.490111081007857,-0.7156208359067353,-1.3276397485497364,2.057344855107078
efficacious,0,18,0.0,1.219181793551883,-4.22331821166463,-1.333042616218765,11.42600945230765
computational,1,11,0.18132695062467136,0.7450555405039285,-1.3301243820845663,-1.3361417255161978,2.7027525715098197
mouse,1,11,0.18132695062467136,0.7450555405039285,-1.3433344897797266,-1.3403520112710334,2.7027525715098197
ian,0,29,0.0,1.9642373340558115,-5.040159841288393,-1.342249242352442,18.408570784273447
multidisciplinary,0,25,0.0,1.6933080465998376,-4.784795569261702,-1.3442185953643668,15.869457572649523
resonance,0,22,0.0,1.490111081007857,-4.560574417108747,-1.3444765158856626,13.965122663931574
looking,0,20,0.0,1.35464643727987,-4.3774943651663545,-1.3483940020471132,12.695566058119612
quantitative,1,11,0.18132695062467136,0.7450555405039285,-1.3745489257545351,-1.3498574880548093,2.7027525715098197
eventually,1,11,0.18132695062467136,0.7450555405039285,-1.3884978598625377,-1.3539073612174577,2.7027525715098197
dependent,1,11,0.18132695062467136,0.7450555405039285,-1.3884978598625377,-1.3539073612174577,2.7027525715098197
dynamic,1,11,0.18132695062467136,0.7450555405039285,-1.3884978598625377,-1.3539073612174577,2.7027525715098197
persist,1,11,0.18132695062467136,0.7450555405039285,-1.395561513522754,-1.3559122816332898,2.7027525715098197
accomplished,1,11,0.18132695062467136,0.7450555405039285,-1.3969814991072838,-1.3563116232387855,2.7027525715098197
interview,2,15,0.3626539012493427,1.0159848279599024,-0.9992297266040921,-1.3567999652356428,2.4150252667682204
neurobiology,1,11,0.18132695062467136,0.7450555405039285,-1.3998287863617058,-1.3571086429129353,2.7027525715098197
warning,1,11,0.18132695062467136,0.7450555405039285,-1.4055528425748722,-1.358695953287071,2.7027525715098197
panel,5,26,0.9066347531233567,1.761040368463831,-0.6579594704587883,-1.3599792827184287,2.1337024633939388
navigate,2,15,0.3626539012493427,1.0159848279599024,-1.007889957047185,-1.3624154643570823,2.4150252667682204
earliest,2,15,0.3626539012493427,1.0159848279599024,-1.0099026163385467,-1.363709944004373,2.4150252667682204
skin,2,15,0.3626539012493427,1.0159848279599024,-1.0112473639911812,-1.3645726286182998,2.4150252667682204
mission,2,16,0.3626539012493427,1.083717149823896,-0.9423834966395912,-1.3678283089677539,2.8070070619303165
determinants,2,15,0.3626539012493427,1.0159848279599024,-1.020046788279764,-1.3701740105471716,2.4150252667682204
nature,3,19,0.543980851874014,1.2869141154158765,-0.8361129020855671,-1.3717806547729936,2.348039246456792
contributions,9,40,1.6319425556220422,2.70929287455974,-0.5016281640692064,-1.372254352741028,2.09143511859165
targeting,0,19,0.0,1.2869141154158765,-4.2149187156676895,-1.3726046499547429,12.060787755213632
disseminating,0,17,0.0,1.1514494716878896,-3.9906809002424097,-1.3751321081399424,10.79123114940167
acting,3,19,0.543980851874014,1.2869141154158765,-0.8417428463000896,-1.376923300806324,2.348039246456792
considerable,0,31,0.0,2.0997019777837984,-5.062359086184664,-1.3784975760597658,19.678127390085397
chief,0,21,0.0,1.4223787591438635,-4.360774307000636,-1.3879755069392483,13.330344361025592
industry,3,19,0.543980851874014,1.2869141154158765,-0.8553482982512417,-1.3891859904873396,2.348039246456792
genetically,3,19,0.543980851874014,1.2869141154158765,-0.8557914796355597,-1.3895815274783334,2.348039246456792
rockville,0,14,0.0,0.948252506095909,-3.52998250754567,-1.389826114404828,8.886896240683729
neuroimaging,3,19,0.543980851874014,1.2869141154158765,-0.8575669248672835,-1.3911636436832342,2.348039246456792
encouraged,3,19,0.543980851874014,1.2869141154158765,-0.8575669248672835,-1.3911636436832342,2.348039246456792
beneficial,0,24,0.0,1.625575724735844,-4.5934039470532575,-1.3913501756894588,15.234679269743534
bureau,0,17,0.0,1.1514494716878896,-3.9384145552250462,-1.3930589417952808,10.79123114940167
epidemiological,0,26,0.0,1.761040368463831,-4.727047482643375,-1.3939740545663017,16.504235875555494
conference,0,15,0.0,1.0159848279599024,-3.661455495887447,-1.3972355247892965,9.52167454358971
oxytocin,0,17,0.0,1.1514494716878896,-3.9257698543069353,-1.3973942744823846,10.79123114940167
minimum,6,30,1.087961703748028,2.031969655919805,-0.6200483434035604,-1.3985275332000318,2.2284710461568062
deliver,4,23,0.7253078024986854,1.5578434028718504,-0.7524624216481364,-1.4063065025342367,2.364818355871349
presence,0,20,0.0,1.35464643727987,-4.20742044962223,-1.4110426748374636,12.695566058119612
mandell,0,24,0.0,1.625575724735844,-4.542311780774911,-1.4114763352922657,15.234679269743534
great,0,34,0.0,2.302898943375779,-5.133082717405976,-1.412982256289543,21.58246229880334
donation,0,31,0.0,2.0997019777837984,-4.979185374789649,-1.413424144617093,19.678127390085397
demographic,1,12,0.18132695062467136,0.812787862367922,-1.3788271181250895,-1.417062716717587,3.1706707686757043
standardize,4,23,0.7253078024986854,1.5578434028718504,-0.7625415923275742,-1.4175174033790041,2.364818355871349
physicians,0,19,0.0,1.2869141154158765,-4.0746852520187264,-1.423324058996306,12.060787755213632
main,1,12,0.18132695062467136,0.812787862367922,-1.4071121653107266,-1.4254662841645886,3.1706707686757043
air,1,12,0.18132695062467136,0.812787862367922,-1.413677345764068,-1.4273434823464568,3.1706707686757043
administers,1,12,0.18132695062467136,0.812787862367922,-1.4176414781212134,-1.4284637302890095,3.1706707686757043
mecp,1,12,0.18132695062467136,0.812787862367922,-1.4256268231965201,-1.4306902852624799,3.1706707686757043
resulted,0,25,0.0,1.6933080465998376,-4.566514621993036,-1.4308417630464498,15.869457572649523
defects,1,12,0.18132695062467136,0.812787862367922,-1.4309932128377394,-1.4321641311038256,3.1706707686757043
time,76,246,13.780848247475022,16.6621511785424,-0.1865010443653432,-1.4339941498447446,2.1622178863005743
slightly,1,12,0.18132695062467136,0.812787862367922,-1.4431952414723543,-1.435448634562181,3.1706707686757043
revealed,0,26,0.0,1.761040368463831,-4.622058418785029,-1.4364773608619585,16.504235875555494
incorporate,7,34,1.2692886543726996,2.302898943375779,-0.5910985421784822,-1.4365752740426745,2.3345944199666855
class,1,12,0.18132695062467136,0.812787862367922,-1.4486760725755055,-1.4368939932799272,3.1706707686757043
newly,2,16,0.3626539012493427,1.083717149823896,-1.0435474863577472,-1.4370435624094922,2.8070070619303165
black,0,12,0.0,0.812787862367922,-2.9487563235935657,-1.4375416861956996,7.617339634871767
listed,0,13,0.0,0.8805201842319155,-3.175539331103474,-1.438484895474243,8.252117937777747
aligned,3,20,0.543980851874014,1.35464643727987,-0.8626522421458755,-1.4386308016624947,2.6965612982226883
gathered,1,12,0.18132695062467136,0.812787862367922,-1.4555779643330187,-1.4386878793048468,3.1706707686757043
landscape,0,18,0.0,1.219181793551883,-3.9215974063175025,-1.4393834361160005,11.42600945230765
implemented,9,41,1.6319425556220422,2.7770251964237334,-0.5249814545900016,-1.4403722270392334,2.324855234162791
original,1,12,0.18132695062467136,0.812787862367922,-1.4625371698761374,-1.440467233571024,3.1706707686757043
replicated,1,12,0.18132695062467136,0.812787862367922,-1.4625371698761374,-1.440467233571024,3.1706707686757043
labor,0,17,0.0,1.1514494716878896,-3.7964450228839333,-1.4416415369637443,10.79123114940167
representation,1,12,0.18132695062467136,0.812787862367922,-1.4695545767333833,-1.442231731835171,3.1706707686757043
away,1,12,0.18132695062467136,0.812787862367922,-1.4709651218109787,-1.4425828196781907,3.1706707686757043
long-term,31,111,5.621135469364812,7.518287726903278,-0.2913874964487073,-1.4435190954443837,2.1603184528715627
exploring,0,25,0.0,1.6933080465998376,-4.5343824715256495,-1.4437850057462263,15.869457572649523
synapse,1,12,0.18132695062467136,0.812787862367922,-1.4766310930741522,-1.443981041915191,3.1706707686757043
basis,12,51,2.175923407496056,3.4543484150636687,-0.4602849208688502,-1.4452722199524244,2.2737500503677914
confer,1,12,0.18132695062467136,0.812787862367922,-1.4852022474118165,-1.4460596857810193,3.1706707686757043
personnel,0,20,0.0,1.35464643727987,-4.1126723338883515,-1.4461856311143886,12.695566058119612
mri,0,32,0.0,2.167434299647792,-4.952741695297535,-1.4474305422541,20.31290569299138
mind,0,22,0.0,1.490111081007857,-4.288121144906549,-1.4486570540333814,13.965122663931574
alterations,0,26,0.0,1.761040368463831,-4.58939238255569,-1.4498133024070845,16.504235875555494
indicating,0,20,0.0,1.35464643727987,-4.0998491981252965,-1.4509502962309522,12.695566058119612
alternative,8,38,1.4506156049973709,2.573828230831753,-0.5554302009096386,-1.4509745573196433,2.448218502648322
oarc,0,14,0.0,0.948252506095909,-3.311638030878232,-1.454313915504436,8.886896240683729
workers,3,20,0.543980851874014,1.35464643727987,-0.8814259504481505,-1.4555070885437666,2.6965612982226883
davis,0,15,0.0,1.0159848279599024,-3.47385904916316,-1.4560401351614138,9.52167454358971
measuring,2,16,0.3626539012493427,1.083717149823896,-1.0748183963230904,-1.4563490295004091,2.8070070619303165
consensus,2,16,0.3626539012493427,1.083717149823896,-1.0823242391551062,-1.4608419339596483,2.8070070619303165
systemic,2,16,0.3626539012493427,1.083717149823896,-1.0850718132492876,-1.462473122903624,2.8070070619303165
magnetic,0,25,0.0,1.6933080465998376,-4.488055492442463,-1.4625230055621927,15.869457572649523
manifestations,2,16,0.3626539012493427,1.083717149823896,-1.091289755239778,-1.466138075335304,2.8070070619303165
tsc,0,24,0.0,1.625575724735844,-4.403152979996511,-1.4668289668305219,15.234679269743534
analysis,46,160,8.34103972873488,10.83717149823896,-0.24137920463005091,-1.4703369370713308,2.565898588497678
demonstrate,8,38,1.4506156049973709,2.573828230831753,-0.5664988721810396,-1.470929324040639,2.448218502648322
cost-effective,0,21,0.0,1.4223787591438635,-4.135685286538203,-1.4731465255164844,13.330344361025592
neurotypical,0,31,0.0,2.0997019777837984,-4.8311810350508555,-1.4767491535084936,19.678127390085397
external,3,20,0.543980851874014,1.35464643727987,-0.9064872493516649,-1.4773457777972512,2.6965612982226883
citation,1,13,0.18132695062467136,0.8805201842319155,-1.3708547369151418,-1.4775059770691799,3.651450835442351
enhancing,0,24,0.0,1.625575724735844,-4.347067989590389,-1.4893314910213076,15.234679269743534
column,0,18,0.0,1.219181793551883,-3.7686930214907424,-1.4931770950729708,11.42600945230765
purposes,4,24,0.7253078024986854,1.625575724735844,-0.7990687343139804,-1.4947450771096678,2.6851847771601847
older,24,91,4.351846814992112,6.163641289623408,-0.34044827396179844,-1.4999894843034647,2.4555660730701145
military,1,13,0.18132695062467136,0.8805201842319155,-1.4502745738717824,-1.501227793434777,3.651450835442351
deputy,0,18,0.0,1.219181793551883,-3.7388068444919096,-1.5036414575946568,11.42600945230765
hold,9,42,1.6319425556220422,2.844757518287727,-0.5481418387136952,-1.50786319838885,2.5670580080518324
mortality,9,42,1.6319425556220422,2.844757518287727,-0.5482788537488652,-1.5081264546136064,2.5670580080518324
tuberous,0,23,0.0,1.5578434028718504,-4.213636077229182,-1.5107226221161392,14.599900966837554
hyperactivity,1,13,0.18132695062467136,0.8805201842319155,-1.4970029194781809,-1.5132790332958335,3.651450835442351
studied,9,42,1.6319425556220422,2.844757518287727,-0.5515760171223878,-1.5144478811537048,2.5670580080518324
sclerosis,0,23,0.0,1.5578434028718504,-4.20128339615364,-1.5156265444428338,14.599900966837554
officer,0,24,0.0,1.625575724735844,-4.281153435746125,-1.5158967046440184,15.234679269743534
facilities,0,21,0.0,1.4223787591438635,-4.017261074699563,-1.5182597894837038,13.330344361025592
analyst,0,16,0.0,1.083717149823896,-3.419267990196351,-1.521135130155838,10.15645284649569
case-control,1,13,0.18132695062467136,0.8805201842319155,-1.5338302933848862,-1.5218289427276175,3.651450835442351
co-occur,1,13,0.18132695062467136,0.8805201842319155,-1.5380227495904997,-1.522750668865755,3.651450835442351
societal,1,13,0.18132695062467136,0.8805201842319155,-1.5394248440455964,-1.523056600297609,3.651450835442351
historically,1,13,0.18132695062467136,0.8805201842319155,-1.5408292548347458,-1.5233618718646715,3.651450835442351
gut,1,13,0.18132695062467136,0.8805201842319155,-1.5436450539811197,-1.5239704243747285,3.651450835442351
risperidone,1,13,0.18132695062467136,0.8805201842319155,-1.5493047643567124,-1.525179488951058,3.651450835442351
combining,1,13,0.18132695062467136,0.8805201842319155,-1.5564327154063147,-1.526675510851769,3.651450835442351
fulfilling,1,13,0.18132695062467136,0.8805201842319155,-1.5593006725420473,-1.5272690832446847,3.651450835442351
rigorously,1,13,0.18132695062467136,0.8805201842319155,-1.5621783067584598,-1.5278598570356754,3.651450835442351
neurotransmitter,1,13,0.18132695062467136,0.8805201842319155,-1.563620771823489,-1.5281541870830369,3.651450835442351
nearly,3,21,0.543980851874014,1.4223787591438635,-0.9160376000394326,-1.5285334694509431,3.0581411193922916
greatly,0,32,0.0,2.167434299647792,-4.764704121710151,-1.529750116027545,20.31290569299138
highly,2,17,0.3626539012493427,1.1514494716878896,-1.1162368191835217,-1.5324421439217528,3.2129020270118365
technology,44,153,7.978385827485539,10.363045245191005,-0.2602431969053738,-1.532803401039642,2.448715599982897
implementing,0,19,0.0,1.2869141154158765,-3.744510623132008,-1.5427997521709569,12.060787755213632
online,0,17,0.0,1.1514494716878896,-3.4952442340294105,-1.5430336875161488,10.79123114940167
maintaining,2,17,0.3626539012493427,1.1514494716878896,-1.1386157643878647,-1.5452467099794835,3.2129020270118365
likelihood,3,21,0.543980851874014,1.4223787591438635,-0.9386320765171359,-1.547842328696108,3.0581411193922916
subtle,2,17,0.3626539012493427,1.1514494716878896,-1.144138657295871,-1.5483338628762802,3.2129020270118365
allowing,3,21,0.543980851874014,1.4223787591438635,-0.9461706321049714,-1.5541443480072399,3.0581411193922916
vanderbilt,0,26,0.0,1.761040368463831,-4.335613522870782,-1.5549516032888007,16.504235875555494
emerged,0,45,0.0,3.0479544838797077,-5.274328105145928,-1.5564569820031182,28.56502363076914
half,0,20,0.0,1.35464643727987,-3.814251862225955,-1.557102322746729,12.695566058119612
extensive,0,24,0.0,1.625575724735844,-4.172556558306653,-1.5598899597996796,15.234679269743534
decrease,1,14,0.18132695062467136,0.948252506095909,-1.4801243510057098,-1.5707086810156912,4.143250269736551
investigating,0,19,0.0,1.2869141154158765,-3.6637756782316853,-1.57172927217514,12.060787755213632
atypical,4,25,0.7253078024986854,1.6933080465998376,-0.8371040742221769,-1.5726316780084726,3.0174648973707345
chair,0,23,0.0,1.5578434028718504,-4.053345230756358,-1.5745285058989884,14.599900966837554
underway,4,25,0.7253078024986854,1.6933080465998376,-0.8413954000193797,-1.5771205592149995,3.0174648973707345
responsive,4,25,0.7253078024986854,1.6933080465998376,-0.843384674265538,-1.5791923481778665,3.0174648973707345
dsm,0,19,0.0,1.2869141154158765,-3.6382757508680488,-1.5808212718871242,12.060787755213632
implement,13,57,2.357250358120728,3.8607423462476294,-0.48054630981459656,-1.584667792969258,2.8448700334638417
attention,28,105,5.077154617490798,7.111893795719317,-0.33430992308959073,-1.584682425436701,2.6731151220056173
short,5,29,0.9066347531233567,1.9642373340558115,-0.7571654852897947,-1.5864708690785914,3.034866538390398
array,0,20,0.0,1.35464643727987,-3.7319755703726187,-1.5875057580918777,12.695566058119612
tricare,1,14,0.18132695062467136,0.948252506095909,-1.554556506177608,-1.5886120250940352,4.143250269736551
picture,1,14,0.18132695062467136,0.948252506095909,-1.5625046533089613,-1.5903210270488068,4.143250269736551
discrimination,1,14,0.18132695062467136,0.948252506095909,-1.5625046533089613,-1.5903210270488068,4.143250269736551
self,1,14,0.18132695062467136,0.948252506095909,-1.577271306204338,-1.593395249872853,4.143250269736551
serve,15,64,2.7199042593700704,4.334868599295584,-0.45162926679167104,-1.597299742732185,2.895413892675986
copy,1,14,0.18132695062467136,0.948252506095909,-1.6061898765180054,-1.5990415942168106,4.143250269736551
recruit,1,14,0.18132695062467136,0.948252506095909,-1.6075915687415705,-1.599302858583161,4.143250269736551
difficult,11,50,1.9945964568713848,3.386616093199675,-0.5301807142937252,-1.6012940324579932,2.8151034223445883
overview,0,21,0.0,1.4223787591438635,-3.798046660667394,-1.6017088551243288,13.330344361025592
unknown,1,14,0.18132695062467136,0.948252506095909,-1.6288957606565138,-1.6031346676697686,4.143250269736551
raised,1,14,0.18132695062467136,0.948252506095909,-1.63177655622456,-1.6036329293024587,4.143250269736551
ago,1,14,0.18132695062467136,0.948252506095909,-1.6346670070111067,-1.6041281392908964,4.143250269736551
nonverbal,0,29,0.0,1.9642373340558115,-4.419739388997261,-1.6051334832314466,18.408570784273447
readily,1,14,0.18132695062467136,0.948252506095909,-1.641935775689893,-1.6053526511532707,4.143250269736551
distribution,3,22,0.543980851874014,1.490111081007857,-0.9586813839458568,-1.6073236581421975,3.4316375989717613
classroom,0,18,0.0,1.219181793551883,-3.429959119500742,-1.609831708720144,11.42600945230765
larger,10,47,1.8132695062467135,3.1834191276076944,-0.5567359673570298,-1.614040797196988,2.934860452987664
death,3,22,0.543980851874014,1.490111081007857,-0.9686230186491347,-1.615598847384041,3.4316375989717613
allocated,0,31,0.0,2.0997019777837984,-4.510739600019953,-1.6183998704113198,19.678127390085397
biobanks,0,25,0.0,1.6933080465998376,-4.104991786862607,-1.6201021488438667,15.869457572649523
technology-based,0,24,0.0,1.625575724735844,-4.02428052826501,-1.6202431582603136,15.234679269743534
faced,0,29,0.0,1.9642373340558115,-4.372333098233879,-1.6260066196002136,18.408570784273447
linking,2,18,0.3626539012493427,1.219181793551883,-1.1983480312265105,-1.6288677904114441,3.6312001824335
neuronal,2,18,0.3626539012493427,1.219181793551883,-1.1983480312265105,-1.6288677904114441,3.6312001824335
self-determination,3,22,0.543980851874014,1.490111081007857,-0.9866787361660769,-1.6303178167521324,3.4316375989717613
held,3,22,0.543980851874014,1.490111081007857,-0.9938441134511589,-1.6360492639870694,3.4316375989717613
seed,0,20,0.0,1.35464643727987,-3.593188708442149,-1.6383223179314326,12.695566058119612
edition,0,37,0.0,2.5060959089677595,-4.778299728415602,-1.6384710841294468,23.486797207521295
security,2,19,0.3626539012493427,1.2869141154158765,-1.1328029580009193,-1.6415574625705425,4.060624967178158
kennedy,0,29,0.0,1.9642373340558115,-4.327092433185419,-1.645999045482193,18.408570784273447
relationship,20,81,3.626539012493427,5.486318070983473,-0.40781427885323307,-1.6496005095864053,2.977848790382483
council,0,19,0.0,1.2869141154158765,-3.434496884333667,-1.652384017246525,12.060787755213632
reveal,4,26,0.7253078024986854,1.761040368463831,-0.8784929311545255,-1.6528289105313392,3.3607871734699133
aged,2,19,0.3626539012493427,1.2869141154158765,-1.1572813138876388,-1.6560349818337288,4.060624967178158
furthermore,0,36,0.0,2.438363587103766,-4.684956475636968,-1.6603113665570783,22.8520189046153
state,113,364,20.489945420587862,24.654565158493632,-0.17686289744783146,-1.6622663609785149,3.047028735618891
adolescence,1,15,0.18132695062467136,1.0159848279599024,-1.639015442952866,-1.6654512734925453,4.644596297874902
reinvestment,1,15,0.18132695062467136,1.0159848279599024,-1.6581399018422172,-1.6686805612775861,4.644596297874902
discovered,1,15,0.18132695062467136,1.0159848279599024,-1.6833658721636535,-1.6726199174650247,4.644596297874902
helpful,0,35,0.0,2.3706312652397727,-4.607052031198965,-1.6738077462663252,22.21724060170932
derived,1,15,0.18132695062467136,1.0159848279599024,-1.6948170389671624,-1.6742899897053383,4.644596297874902
making,10,48,1.8132695062467135,3.251151449471688,-0.5763284953527759,-1.675187180512016,3.187516552059746
identifier,1,15,0.18132695062467136,1.0159848279599024,-1.709346162941209,-1.676304409526455,4.644596297874902
storage,1,15,0.18132695062467136,1.0159848279599024,-1.709346162941209,-1.676304409526455,4.644596297874902
called,0,26,0.0,1.761040368463831,-4.037238408692232,-1.680917011039757,16.504235875555494
cause,15,65,2.7199042593700704,4.402600921159578,-0.4779225588208824,-1.6825176737826268,3.112001753945121
college,3,23,0.543980851874014,1.5578434028718504,-0.9992606840176261,-1.6829585317066698,3.816053153145692
consortium,0,31,0.0,2.0997019777837984,-4.36084105833357,-1.6863963350362454,19.678127390085397
outreach,0,28,0.0,1.896505012191818,-4.167697875353015,-1.6870278889084982,17.773792481367458
launched,6,34,1.087961703748028,2.302898943375779,-0.7385108854856259,-1.6880828505789967,3.3912642716753956
concerning,2,19,0.3626539012493427,1.2869141154158765,-1.2253946622379175,-1.693250174089739,4.060624967178158
guidelines,7,38,1.2692886543726996,2.573828230831753,-0.6841252198247609,-1.694056593110753,3.451025487321414
enhanced,2,19,0.3626539012493427,1.2869141154158765,-1.230831127108015,-1.6960313585954112,4.060624967178158
numerous,2,19,0.3626539012493427,1.2869141154158765,-1.2315132868830005,-1.6963784056643745,4.060624967178158
multi-site,2,19,0.3626539012493427,1.2869141154158765,-1.234932820884108,-1.6981116108826904,4.060624967178158
begun,2,19,0.3626539012493427,1.2869141154158765,-1.2571695061216435,-1.7091210425499548,4.060624967178158
vulnerable,3,23,0.543980851874014,1.5578434028718504,-1.0327092723864641,-1.7093568320151582,3.816053153145692
younger,0,21,0.0,1.4223787591438635,-3.5065247383843356,-1.7108642342285567,13.330344361025592
accurately,3,23,0.543980851874014,1.5578434028718504,-1.0381276662883359,-1.7135065104615608,3.816053153145692
telehealth,0,29,0.0,1.9642373340558115,-4.164349353977158,-1.7183902138711602,18.408570784273447
circuits,9,45,1.6319425556220422,3.0479544838797077,-0.6243861777949622,-1.7208095630335518,3.342706569235208
arra,0,22,0.0,1.490111081007857,-3.579458137998884,-1.7235267355639876,13.965122663931574
released,1,16,0.18132695062467136,1.083717149823896,-1.639011476657549,-1.7239102287724273,5.15429309314923
visual,1,16,0.18132695062467136,1.083717149823896,-1.6555612666648436,-1.7268156414755207,5.15429309314923
rigorous,4,27,0.7253078024986854,1.8287726903278245,-0.9157698212548038,-1.7275949017225056,3.7143724851428583
promoting,0,28,0.0,1.896505012191818,-4.065913535430006,-1.731761167731215,17.773792481367458
versions,1,16,0.18132695062467136,1.083717149823896,-1.689640834838741,-1.732287904831144,5.15429309314923
nervous,4,27,0.7253078024986854,1.8287726903278245,-0.92080864974767,-1.7325267020696309,3.7143724851428583
high-risk,1,16,0.18132695062467136,1.083717149823896,-1.6923185860436796,-1.7326892239088951,5.15429309314923
pediatricians,1,16,0.18132695062467136,1.083717149823896,-1.6950046047369831,-1.7330876381173954,5.15429309314923
disabling,1,16,0.18132695062467136,1.083717149823896,-1.6963507294011748,-1.7332857493426719,5.15429309314923
nac,1,16,0.18132695062467136,1.083717149823896,-1.7044714746156586,-1.734458907247574,5.15429309314923
policy,52,183,9.429001432482911,12.395014901110809,-0.27031060067682144,-1.7350819643117719,3.1817677668464732
board,1,16,0.18132695062467136,1.083717149823896,-1.7140423175800503,-1.7357934143059637,5.15429309314923
commonly,5,31,0.9066347531233567,2.0997019777837984,-0.825326684429994,-1.7360222056806212,3.687623788124995
mentioned,1,16,0.18132695062467136,1.083717149823896,-1.7349115526620427,-1.738524837978242,5.15429309314923
predictive,1,16,0.18132695062467136,1.083717149823896,-1.7419801224127198,-1.7393951513109933,5.15429309314923
opinions,1,16,0.18132695062467136,1.083717149823896,-1.749106201524432,-1.7402447589189507,5.15429309314923
speed,1,16,0.18132695062467136,1.083717149823896,-1.7577346603894455,-1.741236409423284,5.15429309314923
characterize,5,31,0.9066347531233567,2.0997019777837984,-0.8332147660112028,-1.7453313399185197,3.687623788124995
hospital,2,20,0.3626539012493427,1.35464643727987,-1.244313043933456,-1.752182693882963,4.500087440536911
team,2,20,0.3626539012493427,1.35464643727987,-1.2548602109661324,-1.757520950819735,4.500087440536911
connectivity,0,38,0.0,2.573828230831753,-4.563598092206162,-1.7655830337055303,24.121575510427263
studying,2,20,0.3626539012493427,1.35464643727987,-1.2743359599204087,-1.7671066269830107,4.500087440536911
greatest,2,20,0.3626539012493427,1.35464643727987,-1.275696580348967,-1.7677632547406121,4.500087440536911
discussion,0,49,0.0,3.3188837713356816,-4.992419325297668,-1.7700881706255371,31.10413684239305
offering,2,20,0.3626539012493427,1.35464643727987,-1.2984830367400182,-1.7785098080193669,4.500087440536911
engagement,10,50,1.8132695062467135,3.386616093199675,-0.6076084809629911,-1.781332783596365,3.7141184102613423
epidemiologic,2,20,0.3626539012493427,1.35464643727987,-1.3076380035875044,-1.7826958633518584,4.500087440536911
special,21,88,3.807865963118098,5.960444324031428,-0.4271593915793881,-1.7911389756916312,3.7172255530507208
aims,1,17,0.18132695062467136,1.1514494716878896,-1.7117220106792654,-1.792395856917026,5.671356395942975
science,43,158,7.797058876860867,10.701706854510972,-0.30403372275312446,-1.792607831338138,3.59259701991553
virtual,1,17,0.18132695062467136,1.1514494716878896,-1.7404695576479465,-1.7962552725168854,5.671356395942975
monitor,8,43,1.4506156049973709,2.9124898401517205,-0.6825737075446572,-1.7974681523742226,3.817565766734784
smaller,1,17,0.18132695062467136,1.1514494716878896,-1.7701929278838264,-1.7997520438728314,5.671356395942975
raise,4,28,0.7253078024986854,1.896505012191818,-0.9516795838227274,-1.7998656158002009,4.077521492523055
train,1,17,0.18132695062467136,1.1514494716878896,-1.7743251984052506,-1.8001992089797447,5.671356395942975
mothers,0,22,0.0,1.490111081007857,-3.3712732404847543,-1.8014150550030883,13.965122663931574
location,1,17,0.18132695062467136,1.1514494716878896,-1.7952826469622245,-1.8023230873555138,5.671356395942975
grow,1,17,0.18132695062467136,1.1514494716878896,-1.798115011038,-1.802591834820944,5.671356395942975
concept,1,17,0.18132695062467136,1.1514494716878896,-1.8081004890957146,-1.8035049237299792,5.671356395942975
preventing,1,17,0.18132695062467136,1.1514494716878896,-1.819652404756896,-1.8044949333612914,5.671356395942975
subsequent,8,43,1.4506156049973709,2.9124898401517205,-0.6890958947047192,-1.8082929400699048,3.817565766734784
foster,0,37,0.0,2.5060959089677595,-4.416190279334945,-1.8148738588308049,23.486797207521295
pregnancy,9,47,1.6319425556220422,3.1834191276076944,-0.6530836737186103,-1.8207216265397617,3.8974013230688147
california,4,29,0.7253078024986854,1.9642373340558115,-0.9371789804741528,-1.82274065126736,4.449604087227913
techniques,0,37,0.0,2.5060959089677595,-4.397408696970103,-1.8242066429454675,23.486797207521295
methodology,6,36,1.087961703748028,2.438363587103766,-0.7988949309316027,-1.830494937141336,4.027777165740265
combating,0,23,0.0,1.5578434028718504,-3.3987545764044302,-1.83157292720188,14.599900966837554
examination,2,21,0.3626539012493427,1.4223787591438635,-1.3276334406734964,-1.840678917520986,4.948651200692031
achieved,2,21,0.3626539012493427,1.4223787591438635,-1.329009722950147,-1.8412939132682256,4.948651200692031
receive,22,92,3.9891929137427695,6.231373611487402,-0.4307665503261582,-1.8425160038088455,3.8549300818160983
biomedical,2,21,0.3626539012493427,1.4223787591438635,-1.331769251478347,-1.8425219012875884,4.948651200692031
experienced,4,29,0.7253078024986854,1.9642373340558115,-0.9574253033339364,-1.8425453421731197,4.449604087227913
natural,2,21,0.3626539012493427,1.4223787591438635,-1.3373163666152266,-1.8449697691263338,4.948651200692031
represent,12,58,2.175923407496056,3.928474668111623,-0.5787988857804791,-1.8485377077367402,3.928014494635919
self-injurious,2,21,0.3626539012493427,1.4223787591438635,-1.3527672795771029,-1.8516440512141124,4.948651200692031
membership,1,18,0.18132695062467136,1.219181793551883,-1.7945313515785628,-1.857723490459071,6.194966361136729
robust,3,25,0.543980851874014,1.6933080465998376,-1.1230517942087292,-1.8606977861429141,4.614234476932453
asd-related,0,23,0.0,1.5578434028718504,-3.315603170851439,-1.8626414158559914,14.599900966837554
traditional,1,18,0.18132695062467136,1.219181793551883,-1.8579112026033648,-1.8629023448093507,6.194966361136729
thought,1,18,0.18132695062467136,1.219181793551883,-1.8579112026033648,-1.8629023448093507,6.194966361136729
involvement,4,29,0.7253078024986854,1.9642373340558115,-0.9789060693221519,-1.8629190147620458,4.449604087227913
lacking,1,18,0.18132695062467136,1.219181793551883,-1.8650814142223187,-1.8633531952203146,6.194966361136729
believe,1,18,0.18132695062467136,1.219181793551883,-1.8723098968485576,-1.8637806052596464,6.194966361136729
entirely,1,18,0.18132695062467136,1.219181793551883,-1.875217807665928,-1.8639449121778957,6.194966361136729
showing,4,29,0.7253078024986854,1.9642373340558115,-0.9809202776822037,-1.8647961345893886,4.449604087227913
pharmacological,0,47,0.0,3.1834191276076944,-4.743819614812795,-1.8652780024863407,29.834580236581104
leading,5,33,0.9066347531233567,2.2351666215117856,-0.8807075935824802,-1.8671977907596513,4.376288202280182
instruments,12,58,2.175923407496056,3.928474668111623,-0.5883496582764787,-1.8692601135987426,3.928014494635919
representative,5,33,0.9066347531233567,2.2351666215117856,-0.8828078320379618,-1.8695877473752107,4.376288202280182
just,4,29,0.7253078024986854,1.9642373340558115,-0.9876735247594226,-1.8710484851648015,4.449604087227913
especially,17,75,3.082558160619413,5.079924139799512,-0.4994478549217387,-1.8712170078782653,3.824077428445145
sensitive,4,29,0.7253078024986854,1.9642373340558115,-0.9914137846398887,-1.874484072097067,4.449604087227913
versus,0,30,0.0,2.031969655919805,-3.880033530992172,-1.8772286656236452,19.04334908717942
advocates,0,41,0.0,2.7770251964237334,-4.472102053255973,-1.8813331126560184,26.025910419145216
short-term,5,33,0.9066347531233567,2.2351666215117856,-0.8952701713248139,-1.8836233400383453,4.376288202280182
stem,0,57,0.0,3.8607423462476294,-5.034399080208697,-1.8852399085089402,36.182363265640895
assistant,0,33,0.0,2.2351666215117856,-4.05245148006278,-1.8864980219699847,20.94768399589737
career,2,22,0.3626539012493427,1.490111081007857,-1.338079959291429,-1.8932478752892368,5.4055051430196395
happening,0,43,0.0,2.9124898401517205,-4.528637859912182,-1.89666131337942,27.295467024957166
epigenetics,14,66,2.538577308745399,4.470333243023571,-0.5578320337733063,-1.9161136498158697,4.158705281175518
vision,1,19,0.18132695062467136,1.2869141154158765,-1.8766725467723226,-1.9180722263495305,6.724432854270619
prenatal,10,52,1.8132695062467135,3.522080736927662,-0.6552509483891145,-1.9182741881298595,4.2674049267878775
psychology,1,19,0.18132695062467136,1.2869141154158765,-1.894764577894712,-1.91900995729224,6.724432854270619
utilize,1,19,0.18132695062467136,1.2869141154158765,-1.9032401143965139,-1.919390423906821,6.724432854270619
acquisition,1,19,0.18132695062467136,1.2869141154158765,-1.908935479943107,-1.9196252195239878,6.724432854270619
mask,1,19,0.18132695062467136,1.2869141154158765,-1.9320866353304211,-1.92040901612917,6.724432854270619
epigenomics,1,19,0.18132695062467136,1.2869141154158765,-1.9379691473905183,-1.9205650219015602,6.724432854270619
building,8,45,1.4506156049973709,3.0479544838797077,-0.7337281643158722,-1.9329098097862338,4.418808203585476
bethesda,0,29,0.0,1.9642373340558115,-3.6668158556671084,-1.9405027230925054,18.408570784273447
cover,3,27,0.543980851874014,1.8287726903278245,-1.1420141176028906,-1.9570539877659714,5.44680027365024
learn,2,23,0.3626539012493427,1.5578434028718504,-1.3821459819529789,-1.9594084992451304,5.86994204419196
government,13,64,2.357250358120728,4.334868599295584,-0.5854132188611629,-1.9615700285832423,4.560807212147932
rett,1,20,0.18132695062467136,1.35464643727987,-1.9045088439146536,-1.9720474470797742,7.259169448787372
strong,1,20,0.18132695062467136,1.35464643727987,-1.9072059406479696,-1.972162013313772,7.259169448787372
experimental,1,20,0.18132695062467136,1.35464643727987,-1.9486691235465035,-1.9734451116270275,7.259169448787372
critically,1,20,0.18132695062467136,1.35464643727987,-1.967249269086798,-1.9737345902247758,7.259169448787372
induced,1,20,0.18132695062467136,1.35464643727987,-1.9701421398368488,-1.973764086934795,7.259169448787372
excellence,4,31,0.7253078024986854,2.0997019777837984,-1.0226115044802508,-1.9770348805603126,5.218343984432186
convened,2,23,0.3626539012493427,1.5578434028718504,-1.4321467719408503,-1.9793102452608176,5.86994204419196
examined,0,37,0.0,2.5060959089677595,-4.081541398110732,-1.9828739277946652,23.486797207521295
boys,0,42,0.0,2.844757518287727,-4.314624054762676,-1.9875975719471695,26.660688722051184
population-based,4,31,0.7253078024986854,2.0997019777837984,-1.043280122078519,-1.9954983184880637,5.218343984432186
view,4,31,0.7253078024986854,2.0997019777837984,-1.0487059731693034,-2.000247642646367,5.218343984432186
childhood,10,54,1.8132695062467135,3.657545380655649,-0.6749104066276885,-2.0010108885213427,4.8455209046263885
caa,0,30,0.0,2.031969655919805,-3.6034576325246945,-2.002019923085899,19.04334908717942
academic,6,39,1.087961703748028,2.6415605526957466,-0.8696175679794855,-2.013263409454083,5.041180760204885
majority,2,24,0.3626539012493427,1.625575724735844,-1.4216863667288546,-2.021818374455461,6.341341537351409
cdc's,1,21,0.18132695062467136,1.4223787591438635,-1.8853913318364501,-2.0223369601496923,7.7986736305353475
year-old,1,21,0.18132695062467136,1.4223787591438635,-1.8904137451446417,-2.0226052642881562,7.7986736305353475
collaborative,0,40,0.0,2.70929287455974,-4.152305072329234,-2.02453999992691,25.391132116239223
respect,1,21,0.18132695062467136,1.4223787591438635,-1.9665978983797174,-2.025007778862737,7.7986736305353475
premature,1,21,0.18132695062467136,1.4223787591438635,-2.0072580904503408,-2.0250589979528772,7.7986736305353475
typical,1,21,0.18132695062467136,1.4223787591438635,-1.9873999766325614,-2.0251376663503935,7.7986736305353475
cross-cutting,3,28,0.543980851874014,1.896505012191818,-1.1823587466915892,-2.0255248163376254,5.874476603784127
statistical,2,24,0.3626539012493427,1.625575724735844,-1.449425860143128,-2.032416730523521,6.341341537351409
annually,3,28,0.543980851874014,1.896505012191818,-1.2035819294660364,-2.0395433307688497,5.874476603784127
justice,0,31,0.0,2.0997019777837984,-3.590808910416733,-2.0408455513308046,19.678127390085397
implicated,2,24,0.3626539012493427,1.625575724735844,-1.4731478456590335,-2.0409498691102113,6.341341537351409
coded,3,28,0.543980851874014,1.896505012191818,-1.2058256047627367,-2.040994948646094,5.874476603784127
approach,18,82,3.2638851112440843,5.554050392847467,-0.5263905877650528,-2.0410001497074277,4.649710468325582
washington,0,30,0.0,2.031969655919805,-3.515248407730253,-2.0410974948647214,19.04334908717942
despite,7,43,1.2692886543726996,2.9124898401517205,-0.8247491544616192,-2.042013942112202,5.0289023488065325
outside,3,28,0.543980851874014,1.896505012191818,-1.2175955884223129,-2.0485156793448303,5.874476603784127
co-occurring,95,322,17.226060309343776,21.809807640205907,-0.23846273517115524,-2.053587078798844,4.256718414956481
ensure,28,116,5.077154617490798,7.856949336223246,-0.4313463389740013,-2.0680427147673237,4.683565086666473
verbal,6,40,1.087961703748028,2.70929287455974,-0.8906393750525563,-2.069967365150601,5.393122596445377
unclear,1,22,0.18132695062467136,1.490111081007857,-2.0536349317138107,-2.074118368954064,8.342511511848473
degree,1,22,0.18132695062467136,1.490111081007857,-2.018388430433534,-2.074941996069925,8.342511511848473
strengths,6,40,1.087961703748028,2.70929287455974,-0.8985603086844804,-2.079720254422155,5.393122596445377
database,0,38,0.0,2.573828230831753,-3.9405655897879335,-2.0817910425598285,24.121575510427263
able,14,69,2.538577308745399,4.673530208615552,-0.6052973538242084,-2.0835372729938735,4.932032530412865
associate,0,48,0.0,3.251151449471688,-4.367889732773335,-2.094569653766686,30.469358539487068
proteins,3,29,0.543980851874014,1.9642373340558115,-1.2277093782161845,-2.095552417193038,6.309069374990752
negative,2,25,0.3626539012493427,1.6933080465998376,-1.5074653868234353,-2.098585280951138,6.819156439849334
identified,55,203,9.972982284356924,13.749661338390679,-0.3177198226974767,-2.108374272706368,4.735143345950778
engage,4,33,0.7253078024986854,2.2351666215117856,-1.0923426603003783,-2.111104800343005,6.016631737539131
observational,1,23,0.18132695062467136,1.5578434028718504,-2.10664258584608,-2.120520441639798,8.890305875768941
practitioners,0,42,0.0,2.844757518287727,-4.063080325136411,-2.122591442367917,26.660688722051184
parental,1,23,0.18132695062467136,1.5578434028718504,-2.0461501089258505,-2.123165361794405,8.890305875768941
innovation,1,23,0.18132695062467136,1.5578434028718504,-2.0114378310965844,-2.1238694712278936,8.890305875768941
global,1,23,0.18132695062467136,1.5578434028718504,-2.0049124346482436,-2.12393331633943,8.890305875768941
structural,4,33,0.7253078024986854,2.2351666215117856,-1.111006898511313,-2.126596824692961,6.016631737539131
introduction,0,58,0.0,3.928474668111623,-4.64368720735363,-2.132570343031502,36.817141568546894
largest,1,24,0.18132695062467136,1.625575724735844,-1.6365470497376435,-2.1341780434223567,9.441726715926778
assessing,2,26,0.3626539012493427,1.761040368463831,-1.5152851028711112,-2.146321857697075,7.302901670884702
encourage,7,45,1.2692886543726996,3.0479544838797077,-0.8626889435597231,-2.151042456968699,5.707826894647058
forward,6,41,1.087961703748028,2.7770251964237334,-0.933442054833078,-2.1523480480649892,5.751587956240929
bias,2,26,0.3626539012493427,1.761040368463831,-1.5451255446180436,-2.1557449298053433,7.302901670884702
aimed,0,38,0.0,2.573828230831753,-3.7779179659462123,-2.164980373322368,24.121575510427263
depression,8,49,1.4506156049973709,3.3188837713356816,-0.8178971681178435,-2.1689704679696686,5.699784854108216
focusing,1,24,0.18132695062467136,1.625575724735844,-2.0762905605609667,-2.1697675073612634,9.441726715926778
involved,10,57,1.8132695062467135,3.8607423462476294,-0.7323248660857304,-2.1760236091943144,5.755646989189948
detect,3,30,0.543980851874014,2.031969655919805,-1.2955031895440285,-2.176586749563205,6.750131160805376
functioning,16,78,2.9012312099947417,5.283121105391493,-0.5915368715051033,-2.1781707279640607,5.410781961425281
pandemic,0,52,0.0,3.522080736927662,-4.335787055986447,-2.1991216626200347,33.00847175111099
affordable,2,27,0.3626539012493427,1.8287726903278245,-1.5624200693688515,-2.2054309085643693,7.792145191503317
biological,62,227,11.242270938729623,15.375237063126523,-0.314162880281315,-2.2058636627803834,5.055820352116971
desired,1,25,0.18132695062467136,1.6933080465998376,-2.1986333516903667,-2.2072365884061687,9.996483671834373
ideas,1,25,0.18132695062467136,1.6933080465998376,-2.1854600824315717,-2.2085623411889634,9.996483671834373
personal,1,25,0.18132695062467136,1.6933080465998376,-2.1318351840720506,-2.213141581241455,9.996483671834373
themes,1,25,0.18132695062467136,1.6933080465998376,-2.0695867339872027,-2.2167363573974854,9.996483671834373
key,12,65,2.175923407496056,4.402600921159578,-0.6864239202493048,-2.219863919311364,5.87371739946893
ndar,0,72,0.0,4.876727174207532,-4.8746374586714625,-2.222307629812316,45.7040378092306
involve,3,31,0.543980851874014,2.0997019777837984,-1.3152085316680022,-2.2277217548930253,7.197256624949812
prevented,0,56,0.0,3.793010024383636,-4.422089898185455,-2.2292861003981983,35.547584962734916
vaccine,0,58,0.0,3.928474668111623,-4.482569728476542,-2.231283114850148,36.817141568546894
suggested,0,54,0.0,3.657545380655649,-4.330745914749036,-2.2440722954753594,34.27802835692295
network,47,183,8.522366679359553,12.395014901110809,-0.36194666585339874,-2.2443187226239205,5.633730973748882
chemicals,1,26,0.18132695062467136,1.761040368463831,-2.201586355519371,-2.252444322826372,10.554319921330682
relate,1,26,0.18132695062467136,1.761040368463831,-2.200167641982002,-2.2525957399163494,10.554319921330682
novo,1,26,0.18132695062467136,1.761040368463831,-2.1860996341020282,-2.254047696573059,10.554319921330682
know,9,54,1.6319425556220422,3.657545380655649,-0.8068675335197639,-2.2548049325529993,6.041665748610418
conducting,2,28,0.3626539012493427,1.896505012191818,-1.586878216339958,-2.256217094033084,8.286500539473103
males,0,58,0.0,3.928474668111623,-4.438311998231887,-2.258687960561287,36.817141568546894
protective,2,28,0.3626539012493427,1.896505012191818,-1.6083689563822112,-2.2620465994209917,8.286500539473103
essential,10,58,1.8132695062467135,3.928474668111623,-0.768944603727042,-2.2644053837352778,6.069733076780796
postmortem,2,28,0.3626539012493427,1.896505012191818,-1.6383697998950275,-2.2695544252628252,8.286500539473103
international,0,45,0.0,3.0479544838797077,-3.93127504480422,-2.2706709142700796,28.56502363076914
explore,0,48,0.0,3.251151449471688,-4.059474414983736,-2.2712687952372614,30.469358539487068
blood,3,32,0.543980851874014,2.167434299647792,-1.329014610680602,-2.274877464752767,7.65007739859924
aba,0,50,0.0,3.386616093199675,-4.131108932472835,-2.276020827102693,31.738915145299046
ability,28,121,5.077154617490798,8.195610945543214,-0.4737463172386285,-2.280087358955212,5.736075405072427
assess,13,70,2.357250358120728,4.7412625304795455,-0.6763986726024145,-2.2807709906449842,6.240270317688159
fewer,3,32,0.543980851874014,2.167434299647792,-1.3426639990631273,-2.2822998657561686,7.65007739859924
senior,1,27,0.18132695062467136,1.8287726903278245,-2.1866908577546234,-2.298633460177713,11.115007205775722
programs,107,375,19.401983716839833,25.399620698997563,-0.24694090588464768,-2.299162695836,6.338894817052058
revision,4,36,0.7253078024986854,2.438363587103766,-1.197042855805602,-2.3026999265956154,7.262400364867
repetitive,2,29,0.3626539012493427,1.9642373340558115,-1.6279604052254903,-2.310223841408041,8.785620633433423
reflected,2,29,0.3626539012493427,1.9642373340558115,-1.6314251597847385,-2.311089376000765,8.785620633433423
similarly,2,29,0.3626539012493427,1.9642373340558115,-1.6517997281662868,-2.3159819828212282,8.785620633433423
population,127,429,23.028522729333258,29.05716607965321,-0.23288683048035352,-2.3212001267118603,5.519468918008542
promising,11,63,1.9945964568713848,4.26713627743159,-0.7517497515543266,-2.3253656500760247,6.424873977567691
allow,16,81,2.9012312099947417,5.486318070983473,-0.6310821545868492,-2.328738189726822,6.214792200606464
subpopulations,1,28,0.18132695062467136,1.896505012191818,-2.2726159737307032,-2.3317661420275018,11.678341744855278
world,1,28,0.18132695062467136,1.896505012191818,-2.265543849394355,-2.332769225868025,11.678341744855278
patients,15,78,2.7199042593700704,5.283121105391493,-0.6486949971183673,-2.3342485559151,6.401107390181812
income,1,28,0.18132695062467136,1.896505012191818,-2.14921020330023,-2.3459944531632524,11.678341744855278
transitioning,1,28,0.18132695062467136,1.896505012191818,-2.1234992711588507,-2.348039786331457,11.678341744855278
law,10,60,1.8132695062467135,4.06393931183961,-0.7900863122120256,-2.348148843241405,6.712961942900439
face,6,45,1.087961703748028,3.0479544838797077,-1.0051209059421122,-2.3568343930194713,7.24507580030466
publications,4,40,0.7253078024986854,2.70929287455974,-1.0985310403253479,-2.3579588797197895,9.000174881073821
place,10,60,1.8132695062467135,4.06393931183961,-0.7967165398327127,-2.359547718813898,6.712961942900439
repository,0,97,0.0,6.570035220807369,-5.164400915832776,-2.36437213717883,61.57349538188015
detecting,1,29,0.18132695062467136,1.9642373340558115,-2.31904386967061,-2.3673126311950883,12.244140856651498
division,4,38,0.7253078024986854,2.573828230831753,-1.2093940180811469,-2.3829257294808324,8.121249934356316
scientists,0,73,0.0,4.944459496071525,-4.655209700555684,-2.3847713495486254,46.338816112136584
aspects,0,62,0.0,4.199403955567597,-4.355711990604367,-2.388483792592536,39.356254780170794
appear,8,53,1.4506156049973709,3.5898130587916555,-0.8964141255018792,-2.389646251292202,7.072684791410401
demonstrated,8,53,1.4506156049973709,3.5898130587916555,-0.8969142386378302,-2.3903526171038925,7.072684791410401
twins,3,34,0.543980851874014,2.302898943375779,-1.4057579849437118,-2.3924736281978793,8.57149066771403
high-quality,3,34,0.543980851874014,2.302898943375779,-1.4155441262342077,-2.397168912786401,8.57149066771403
seek,2,31,0.3626539012493427,2.0997019777837984,-1.6463025855806261,-2.3989072295755034,9.796933399400334
novel,4,38,0.7253078024986854,2.573828230831753,-1.23570963545151,-2.4021593166692914,8.121249934356316
gender,0,75,0.0,5.079924139799512,-4.676061189840655,-2.402878685048661,47.60837271794854
simons,0,47,0.0,3.1834191276076944,-3.7801407707302985,-2.4065603841950987,29.834580236581104
various,0,59,0.0,3.9962069899756165,-4.23452626863708,-2.4066350774937884,37.45191987145285
meeting,8,54,1.4506156049973709,3.657545380655649,-0.8918363510856135,-2.4094970129636395,7.428744970285717
equity,2,31,0.3626539012493427,2.0997019777837984,-1.696391995612423,-2.4101450174042762,9.796933399400334
emphasis,2,31,0.3626539012493427,2.0997019777837984,-1.7019842001267538,-2.411273868145595,9.796933399400334
neurons,1,30,0.18132695062467136,2.031969655919805,-2.250605339119872,-2.419760885022448,12.812240141721563
difficulties,14,76,2.538577308745399,5.147656461663506,-0.702134056276777,-2.435330541464709,6.902050974642828
personalized,1,31,0.18132695062467136,2.0997019777837984,-2.375522466496731,-2.440023772414452,13.382491121873858
efficient,1,31,0.18132695062467136,2.0997019777837984,-2.357146351505472,-2.44355307949666,13.382491121873858
include,90,324,16.31942555622042,21.945272283933893,-0.2878048329888978,-2.444092925250705,6.52161766732452
added,2,32,0.3626539012493427,2.167434299647792,-1.7224191937672781,-2.456484650301768,10.30858618629846
estimated,6,47,1.087961703748028,3.1834191276076944,-1.042129860688279,-2.45785881130959,8.024154588889681
showed,0,45,0.0,3.0479544838797077,-3.578246362280794,-2.4658241899897146,28.56502363076914
website,1,31,0.18132695062467136,2.0997019777837984,-2.1409336539472523,-2.473650587884631,13.382491121873858
president,1,32,0.18132695062467136,2.167434299647792,-2.3173311291504177,-2.491228918155179,13.95475924827808
suggesting,3,36,0.543980851874014,2.438363587103766,-1.4608003318908267,-2.4943558437725346,9.512012306027128
sex,9,59,1.6319425556220422,3.9962069899756165,-0.8807276346273092,-2.495313194162884,7.736626236456164
living,30,134,5.439808518740141,9.07613112977513,-0.49655646336877357,-2.495404068085163,7.124658536394513
growing,8,55,1.4506156049973709,3.7252777025196426,-0.9348420680761089,-2.49616721074139,7.7895848400800975
value,12,70,2.175923407496056,4.7412625304795455,-0.7738940959458258,-2.498629668754653,7.410676128606063
like,1,33,0.18132695062467136,2.2351666215117856,-2.4293315519399457,-2.5085751332893635,14.528922211677965
regions,0,67,0.0,4.538065564887565,-4.317494593732179,-2.5086664905685367,42.5301462947007
professionals,15,82,2.7199042593700704,5.554050392847467,-0.6934424384155831,-2.512002299142039,7.565176086416301
seen,1,33,0.18132695062467136,2.2351666215117856,-2.391816192079663,-2.516709810705661,14.528922211677965
underlying,21,103,3.807865963118098,6.97642915199133,-0.5956655519732861,-2.5168873424855236,7.265802379685262
fragile,1,33,0.18132695062467136,2.2351666215117856,-2.3557508229523645,-2.5239776351134435,14.528922211677965
expand,17,89,3.082558160619413,6.028176645895421,-0.6615231199301217,-2.527248586880478,7.425040676268356
phenotypic,1,34,0.18132695062467136,2.302898943375779,-2.4591007928190507,-2.54051561177501,15.104868501335247
diagnoses,2,34,0.3626539012493427,2.302898943375779,-1.7696015609718998,-2.545264651322954,11.34271279188595
dental,1,34,0.18132695062467136,2.302898943375779,-2.4053281410039453,-2.5528310104743466,15.104868501335247
achieve,1,34,0.18132695062467136,2.302898943375779,-2.3986525750690983,-2.5542772825661575,15.104868501335247
educational,15,83,2.7199042593700704,5.62178271471146,-0.7040519305217474,-2.5548208518837106,7.865842742444169
countries,1,33,0.18132695062467136,2.2351666215117856,-2.079253370582519,-2.5592307456871857,14.528922211677965
core,53,211,9.610328383107582,14.291519913302627,-0.3893910713995101,-2.5620360840909844,7.197676758602029
conduct,20,101,3.626539012493427,6.840964508263343,-0.6193270010134109,-2.5675856543159257,7.700028561024503
addressing,12,72,2.175923407496056,4.876727174207532,-0.7916419771356642,-2.575268742239276,8.05555433148053
challenging,1,35,0.18132695062467136,2.3706312652397727,-2.458643581309188,-2.5788404558431157,15.68249617002025
accessing,1,35,0.18132695062467136,2.3706312652397727,-2.451785104279951,-2.5804991363043652,15.68249617002025
treatment,168,564,30.462927704944786,38.201029531292335,-0.22533849727450406,-2.583779861814563,6.900195094755588
relatively,2,35,0.3626539012493427,2.3706312652397727,-1.7733349982989957,-2.5853188853413727,11.864777758319235
seven,1,34,0.18132695062467136,2.302898943375779,-2.179284817647128,-2.5905391329696488,15.104868501335247
terms,10,65,1.8132695062467135,4.402600921159578,-0.8672265619969677,-2.5953651755961187,8.401967933674783
etiology,3,38,0.543980851874014,2.573828230831753,-1.5330511666655742,-2.598897189940785,10.469652410563665
background,1,35,0.18132695062467136,2.3706312652397727,-2.3631835005508,-2.6001759477950097,15.68249617002025
combined,6,50,1.087961703748028,3.386616093199675,-1.1018483943641195,-2.610276941571651,9.228468953864907
stakeholders,8,58,1.4506156049973709,3.928474668111623,-0.9649130799691212,-2.616066699091622,8.899208174455826
interagency,13,78,2.357250358120728,5.283121105391493,-0.7647837528187882,-2.626707929111846,8.726850525770601
sharing,0,113,0.0,7.653752370631265,-5.06694739157338,-2.6289411389931483,71.72994822837585
ethical,1,37,0.18132695062467136,2.5060959089677595,-2.5491454779818294,-2.6293505993086503,16.842429436880458
learned,1,37,0.18132695062467136,2.5060959089677595,-2.544860362776314,-2.630570561728837,16.842429436880458
updated,2,36,0.3626539012493427,2.438363587103766,-1.8431419282146848,-2.6332437737998404,12.389932722273459
beginning,3,39,0.543980851874014,2.6415605526957466,-1.5297962197838118,-2.6345157478,10.954352506327051
published,11,70,1.9945964568713848,4.7412625304795455,-0.8403045053332896,-2.6418452657821767,8.723551196768721
local,5,47,0.9066347531233567,3.1834191276076944,-1.203063149442853,-2.6432366209113276,9.934761353658587
applications,4,43,0.7253078024986854,2.9124898401517205,-1.3395125907616716,-2.644815980264436,10.352176634384719
provision,5,47,0.9066347531233567,3.1834191276076944,-1.2073391122997617,-2.646819516560499,9.934761353658587
increases,1,37,0.18132695062467136,2.5060959089677595,-2.470888497784717,-2.650526789426944,16.842429436880458
ensuring,4,43,0.7253078024986854,2.9124898401517205,-1.35772377509028,-2.6560053856323202,10.352176634384719
consider,4,43,0.7253078024986854,2.9124898401517205,-1.3619036753656104,-2.6585147484171787,10.352176634384719
working,17,92,3.082558160619413,6.231373611487402,-0.6941588836491475,-2.6595149616921994,8.296449575493753
cultural,1,38,0.18132695062467136,2.573828230831753,-2.5587143461240736,-2.662841186407779,17.42457008441205
offer,7,55,1.2692886543726996,3.7252777025196426,-1.052519549628359,-2.671562060251473,9.427319206826974
assist,1,37,0.18132695062467136,2.5060959089677595,-2.3805443223307368,-2.6718798568040656,16.842429436880458
advisory,2,37,0.3626539012493427,2.5060959089677595,-1.8571588245726254,-2.67308032025575,12.918012733105028
white,1,37,0.18132695062467136,2.5060959089677595,-2.372209493004707,-2.673671308276171,16.842429436880458
socioeconomic,2,37,0.3626539012493427,2.5060959089677595,-1.8683176952119638,-2.6740769585128135,12.918012733105028
molecular,9,63,1.6319425556220422,4.26713627743159,-0.9370423021538112,-2.678866223639286,9.174423358176874
department,38,168,6.890424123737511,11.379030073150908,-0.4720663132482752,-2.688908858341932,8.6279022154894
lack,20,103,3.626539012493427,6.97642915199133,-0.6528515460755493,-2.6905016913095143,8.25337295300367
child's,4,44,0.7253078024986854,2.980222162015714,-1.363041124695025,-2.6930778783220592,10.811010286039279
rapid,4,44,0.7253078024986854,2.980222162015714,-1.390777997927323,-2.709346559202756,10.811010286039279
coordinating,15,87,2.7199042593700704,5.892712002167434,-0.7400927685389345,-2.7107373835254545,9.1045996151712
examining,1,39,0.18132695062467136,2.6415605526957466,-2.51540311448246,-2.7110966066699094,18.008060715222655
covid,0,79,0.0,5.350853427255486,-4.332195789671194,-2.7134402995212383,50.14748592957249
genome,2,38,0.3626539012493427,2.573828230831753,-1.917656533912984,-2.7153722732267007,13.448865708541238
forms,7,56,1.2692886543726996,3.793010024383636,-1.0799600617838427,-2.730600108943049,9.824524716756127
conducted,5,49,0.9066347531233567,3.3188837713356816,-1.2332520304128298,-2.7307548063304137,10.807902317093271
success,8,60,1.4506156049973709,4.06393931183961,-1.0202410762493397,-2.740869974262636,9.660101067072882
included,8,63,1.4506156049973709,4.26713627743159,-0.9722130478766999,-2.7540532852391832,10.830569398555594
led,1,41,0.18132695062467136,2.7770251964237334,-2.605339258126108,-2.7541029225033506,19.178826785987397
lives,15,87,2.7199042593700704,5.892712002167434,-0.7612443038116119,-2.7569664008203985,9.1045996151712
women,0,65,0.0,4.402600921159578,-3.887612039470448,-2.758451278619499,41.260589688888736
process,23,116,4.17051986436744,7.856949336223246,-0.625952886648931,-2.770734684530474,8.814049152692377
mutations,0,90,0.0,6.095908967759415,-4.4910076193764725,-2.773274093981705,57.13004726153828
continued,13,80,2.357250358120728,5.41858574911948,-0.8195045258488864,-2.7759381689173215,9.3870161753884
effectively,1,42,0.18132695062467136,2.844757518287727,-2.623899809943129,-2.782210387743228,19.765981541099645
having,2,40,0.3626539012493427,2.70929287455974,-1.8992541850616842,-2.7887266046309445,14.518338897574743
size,4,46,0.7253078024986854,3.115686805743701,-1.424185708682728,-2.7950610648994214,11.73988408838392
diversity,4,46,0.7253078024986854,3.115686805743701,-1.4372214216515395,-2.8020200116799034,11.73988408838392
range,27,131,4.8958276668661265,8.872934164183148,-0.5864400551997804,-2.804790804835039,8.967697175178394
survey,0,78,0.0,5.283121105391493,-4.172037834663566,-2.8130176375476523,49.51270762666648
received,8,65,1.4506156049973709,4.402600921159578,-0.9844756964081887,-2.8209932481666367,11.628959697668925
variation,19,103,3.4452120618687556,6.97642915199133,-0.6997954845581056,-2.8289083829477604,9.32472489297697
girls,0,94,0.0,6.366838255215389,-4.485151792412955,-2.838874827801911,59.66916047316221
discussed,0,139,0.0,9.414792739095097,-5.150264485903968,-2.843006431277273,88.23418410393134
society,1,44,0.18132695062467136,2.980222162015714,-2.6407604538632707,-2.8434802450436374,20.943563866233244
certain,3,44,0.543980851874014,2.980222162015714,-1.6200151659919015,-2.844472693289381,13.429496782608952
expression,7,59,1.2692886543726996,3.9962069899756165,-1.112543279283094,-2.8495119865186367,11.0394382218572
experts,3,44,0.543980851874014,2.980222162015714,-1.6531292945791325,-2.8544400539844537,13.429496782608952
funders,0,45,0.0,3.0479544838797077,-2.77059911676867,-2.859827985995319,28.56502363076914
collaboration,0,72,0.0,4.876727174207532,-3.936837799192836,-2.8685286887493806,45.7040378092306
model,63,253,11.423597889354294,17.136277431590354,-0.4005307844005479,-2.8718039691172854,8.96794294193191
children's,0,66,0.0,4.470333243023571,-3.7346750947720135,-2.8824796315135295,41.89536799179474
rare,4,48,0.7253078024986854,3.251151449471688,-1.480022701622973,-2.889892767303118,12.682683074702817
average,2,43,0.3626539012493427,2.9124898401517205,-1.8988374203744236,-2.896715303937943,16.140151283298323
traits,3,45,0.543980851874014,3.0479544838797077,-1.6816368737927068,-2.8968561717208394,13.933788893624705
long,2,43,0.3626539012493427,2.9124898401517205,-2.010958130412437,-2.8995792284104733,16.140151283298323
accelerate,1,47,0.18132695062467136,3.1834191276076944,-2.741493883708811,-2.9030525497964206,22.717412583060963
additionally,0,112,0.0,7.586020048767272,-4.696476632106306,-2.9195958203432038,71.09516992546983
wandering,7,60,1.2692886543726996,4.06393931183961,-1.1532752770711943,-2.920209019223481,11.451760559639071
necessary,22,116,3.9891929137427695,7.856949336223246,-0.6751614113818283,-2.925753086077547,9.844664641769306
culturally,2,44,0.3626539012493427,2.980222162015714,-2.0487465357613956,-2.9336497833337623,16.685023023696946
subtypes,2,44,0.3626539012493427,2.980222162015714,-2.028948271404877,-2.934343105154246,16.685023023696946
concerned,2,44,0.3626539012493427,2.980222162015714,-2.0178263130541794,-2.9346129091555095,16.685023023696946
home,9,69,1.6319425556220422,4.673530208615552,-1.014680661086989,-2.9366429248583636,11.448159459437075
age,51,218,9.247674481858239,14.765646166350582,-0.44916898361300905,-2.9374235405416314,9.93000619912462
highlighted,1,50,0.18132695062467136,3.386616093199675,-2.8184405051619086,-2.963963855235002,24.499255983124296
potentially,1,49,0.18132695062467136,3.3188837713356816,-2.742702186381438,-2.9650231609039905,23.904480347311747
advocacy,3,47,0.543980851874014,3.1834191276076944,-1.6932857889612851,-2.968075772308017,14.950592485196326
lower,5,54,0.9066347531233567,3.657545380655649,-1.349636089299925,-2.971680256469188,13.054540293790145
turn,5,54,0.9066347531233567,3.657545380655649,-1.366510670621838,-2.983077531717133,13.054540293790145
neural,8,66,1.4506156049973709,4.470333243023571,-1.1002421711455588,-2.9951374036873766,12.033263475078263
investigators,3,48,0.543980851874014,3.251151449471688,-1.7082825769688679,-3.0053712676432083,15.462879279447687
overall,0,62,0.0,4.199403955567597,-3.3902135125787884,-3.012828735227402,39.356254780170794
note,7,63,1.2692886543726996,4.26713627743159,-1.1797050839040661,-3.029103765147939,12.709200638517252
racial,4,52,0.7253078024986854,3.522080736927662,-1.510323552949588,-3.033249297307712,14.605803341769404
perspectives,2,47,0.3626539012493427,3.1834191276076944,-2.1002752625059795,-3.0334882316039833,18.331163970508744
professor,0,116,0.0,7.856949336223246,-4.610425717753427,-3.0451136902871525,73.63428313709379
subjects,14,90,2.538577308745399,6.095908967759415,-0.8654133426155264,-3.0475528344845126,11.415653789294115
successful,3,49,0.543980851874014,3.3188837713356816,-1.7518731885442698,-3.048347587764509,15.97761755545032
infants,0,83,0.0,5.62178271471146,-3.9755606366584475,-3.050628747091849,52.68659914119639
awareness,11,79,1.9945964568713848,5.350853427255486,-0.9678868540148162,-3.055635782819183,11.955005123289077
finally,1,54,0.18132695062467136,3.657545380655649,-2.874476961360954,-3.0569523405308603,26.88590984318469
specifically,4,53,0.7253078024986854,3.5898130587916555,-1.507791699885514,-3.0634840567994424,15.093722577929851
improved,17,102,3.082558160619413,6.9086968301273375,-0.7913462890395833,-3.0646987211647,11.412035302930779
link,7,64,1.2692886543726996,4.334868599295584,-1.2059439726959669,-3.0822191230731786,13.134829433171568
gains,3,50,0.543980851874014,3.386616093199675,-1.7757481755996452,-3.0859341448463904,16.49471108227305
syndrome,10,76,1.8132695062467135,5.147656461663506,-1.0193188570590097,-3.0866651088081336,12.461133977573304
fully,8,68,1.4506156049973709,4.605797886751558,-1.1407442174113553,-3.093252833619992,12.851608108047346
far,2,49,0.3626539012493427,3.3188837713356816,-2.146058193387379,-3.0957853715989447,19.437409907376786
genomics,10,76,1.8132695062467135,5.147656461663506,-1.0354268393358677,-3.1093611794702887,12.461133977573304
environment,17,103,3.082558160619413,6.97642915199133,-0.8055002711770536,-3.1143819196653943,11.739904364003337
minority,4,54,0.7253078024986854,3.657545380655649,-1.5779249293848974,-3.125505115052451,15.584290383006634
databases,1,57,0.18132695062467136,3.8607423462476294,-2.8907851161819718,-3.1344515493674563,28.68307340828687
collected,6,62,1.087961703748028,4.199403955567597,-1.3158215918239593,-3.1512035665885,14.394513249899624
ethnic,4,55,0.7253078024986854,3.7252777025196426,-1.568435153594562,-3.15273768582801,16.077412875052516
update,20,115,3.626539012493427,7.789217014359252,-0.7570015526363321,-3.156482927801287,11.824091779356731
chapter,6,62,1.087961703748028,4.199403955567597,-1.3276307664745595,-3.1603851975110344,14.394513249899624
used,51,224,9.247674481858239,15.172040097534545,-0.48467385446249356,-3.1626806030822756,11.246878380750822
innovative,2,51,0.3626539012493427,3.4543484150636687,-2.1193475425948805,-3.163782761770458,20.550063537584897
underserved,12,86,2.175923407496056,5.824979680303441,-0.9669685387175377,-3.1861420599738537,12.973860775700214
ages,5,60,0.9066347531233567,4.06393931183961,-1.4070970115054156,-3.187829205538146,15.85335384337854
levels,43,198,7.797058876860867,13.410999729070712,-0.5296003798899171,-3.1905613641320523,11.613893951921959
previous,2,52,0.3626539012493427,3.522080736927662,-2.0551122125548478,-3.2006479535052597,21.108639842661365
insight,2,53,0.3626539012493427,3.5898130587916555,-2.2143596304627344,-3.2153908213616385,21.668640902993644
inform,10,79,1.8132695062467135,5.350853427255486,-1.0621685370971345,-3.2165317666135897,13.637222995840748
typically,1,58,0.18132695062467136,3.928474668111623,-2.7708011332665974,-3.218664335613338,29.283367243948515
enhance,0,102,0.0,6.9086968301273375,-4.167045119534126,-3.2212480747679897,64.74738689641002
happen,3,54,0.543980851874014,3.657545380655649,-1.8547899140116098,-3.2266202256175576,18.584899083410193
types,24,133,4.351846814992112,9.008398807911135,-0.7149488764570204,-3.265838460626952,12.645899360219879
influence,11,84,1.9945964568713848,5.689515036575454,-1.035148224160154,-3.2697486401879856,13.862489409051197
collect,2,56,0.3626539012493427,3.793010024383636,-2.240692333546863,-3.30405135709605,23.356683489710555
american,2,56,0.3626539012493427,3.793010024383636,-2.088729059366255,-3.3240612051941807,23.356683489710555
revised,2,57,0.3626539012493427,3.8607423462476294,-2.282651335958497,-3.3262174319348716,23.92188780592828
association,6,67,1.087961703748028,4.538065564887565,-1.3856491821042525,-3.3423694886521558,16.678521513513047
recently,1,67,0.18132695062467136,4.538065564887565,-2.999234790598152,-3.3441090825794477,34.71016422203151
general,20,121,3.626539012493427,8.195610945543214,-0.8010335392616419,-3.364423499903682,13.753585199388926
partially,5,64,0.9066347531233567,4.334868599295584,-1.523979403192608,-3.370003035356889,17.77180171039941
maximize,1,70,0.18132695062467136,4.7412625304795455,-3.0542285190706746,-3.3874956045088873,36.527527383354
variety,1,68,0.18132695062467136,4.605797886751558,-2.95924336384038,-3.391624899997936,35.31552970002729
severity,5,65,0.9066347531233567,4.402600921159578,-1.5385790355968307,-3.405721997958661,18.257254177211752
signs,7,73,1.2692886543726996,4.944459496071525,-1.3087309276128618,-3.415007752296361,17.094158888998233
enable,3,60,0.543980851874014,4.06393931183961,-1.9409203991750923,-3.4182067330668064,21.777508346362133
regarding,5,66,0.9066347531233567,4.470333243023571,-1.547631831427716,-3.4383978242002606,18.744904688216547
toddlers,2,61,0.3626539012493427,4.131671633703603,-2.274996374839006,-3.446744532551824,26.194210769099236
collection,16,108,2.9012312099947417,7.315090761311298,-0.9150942213317643,-3.454454923458861,14.857489940571433
evidence-based,0,116,0.0,7.856949336223246,-4.134909283863612,-3.464094915176525,73.63428313709379
comprehensive,6,71,1.087961703748028,4.808994852343538,-1.4065117489148466,-3.4652242693255157,18.550409708812108
given,7,74,1.2692886543726996,5.012191817935519,-1.3454265414047288,-3.4716711415682653,17.546991069342216
promote,3,62,0.543980851874014,4.199403955567597,-1.902490025094676,-3.4753628975642736,22.855011670013653
foundation,15,107,2.7199042593700704,7.247358439447304,-0.9274766682889286,-3.478596126474909,16.030842597317864
large-scale,2,63,0.3626539012493427,4.26713627743159,-2.3760905608170457,-3.4795351166636768,27.336761910000632
caused,1,74,0.18132695062467136,5.012191817935519,-3.061374871495274,-3.4800342528069708,38.956266011705004
affected,7,75,1.2692886543726996,5.079924139799512,-1.3534311642782528,-3.5039773603778674,18.002159114075212
highlights,2,64,0.3626539012493427,4.334868599295584,-2.378533262802941,-3.5072607103417313,27.90951849655616
dissemination,9,83,1.6319425556220422,5.62178271471146,-1.2152562116950758,-3.5223212082446334,17.19337774648717
randomized,3,64,0.543980851874014,4.334868599295584,-1.9635035354005126,-3.5369028259075215,23.938473288315635
animal,7,76,1.2692886543726996,5.147656461663506,-1.3745984609979187,-3.5464160740804562,18.4596037671592
summary,4,67,0.7253078024986854,4.538065564887565,-1.6849023791163003,-3.549164598183783,22.165788973750054
causes,8,81,1.4506156049973709,5.486318070983473,-1.2981193305479684,-3.5818467624010513,18.4456351100111
noted,1,87,0.18132695062467136,5.892712002167434,-3.265979740607797,-3.6377697629448975,46.886700483445416
plan,180,656,32.63885111244084,44.432403142779734,-0.30389100846757966,-3.6475090415918983,14.220816964362598
little,5,72,0.9066347531233567,4.876727174207532,-1.6544262829628131,-3.649689223080048,21.71357727087571
well-being,5,73,0.9066347531233567,4.944459496071525,-1.6033781906715898,-3.6565333239398385,22.21497084502582
importance,4,70,0.7253078024986854,4.7412625304795455,-1.8365762678292237,-3.6681905252812315,23.72955551663847
meet,15,111,2.7199042593700704,7.518287726903278,-0.994278375689853,-3.6790235051142925,17.538384288574193
particular,8,84,1.4506156049973709,5.689515036575454,-1.3303569550677574,-3.6843776701354303,19.794604802768124
funded,21,136,3.807865963118098,9.211595773503117,-0.8435320788680922,-3.696706784750218,17.47008911116419
unique,5,74,0.9066347531233567,5.012191817935519,-1.6663482221079144,-3.708074451730852,22.718120808270747
examine,7,81,1.2692886543726996,5.486318070983473,-1.4231183244096082,-3.709644102250101,20.77905216117275
gaps,35,186,6.346443271863497,12.59821186670279,-0.6797438251237304,-3.7246351108869393,16.08189634645158
investment,25,151,4.533173765616784,10.22758060146302,-0.7994990757255156,-3.7538858865632263,17.10983026918801
similar,2,74,0.3626539012493427,5.012191817935519,-2.4438539125141556,-3.758389508207379,33.684858873760916
ongoing,3,72,0.543980851874014,4.876727174207532,-2.061008086725738,-3.7597673392029964,28.325180147780337
training,50,243,9.066347531233568,16.45895421295042,-0.5737691092121402,-3.764984249249565,16.712882373067394
detection,2,75,0.3626539012493427,5.079924139799512,-2.4792232858611634,-3.7717475820905833,34.26665317095136
indicate,8,87,1.4506156049973709,5.892712002167434,-1.3517302028587492,-3.775410119429472,21.162218924627588
reducing,2,76,0.3626539012493427,5.147656461663506,-2.536014367369952,-3.7755427888335658,34.8491401688241
behavior,55,259,9.972982284356924,17.542671362774314,-0.5536740030116167,-3.7766758439492407,16.266387447252093
wide,3,73,0.543980851874014,4.944459496071525,-2.119485037545167,-3.781675293279087,28.878865026963684
shown,2,76,0.3626539012493427,5.147656461663506,-2.49109736169403,-3.793062739627664,34.8491401688241
role,29,167,5.258481568115469,11.311297751286915,-0.7591518828366102,-3.811178621875578,17.223511807212432
ways,4,75,0.7253078024986854,5.079924139799512,-1.8907224392240183,-3.811503259636742,26.3662032791324
adolescents,10,96,1.8132695062467135,6.502302898943376,-1.230224222470639,-3.814711386548311,20.73873207784025
diagnosed,8,89,1.4506156049973709,6.028176645895421,-1.352601860671209,-3.823689337753151,22.083716271309385
siblings,3,75,0.543980851874014,5.079924139799512,-2.1113540841049154,-3.8362577559809883,29.989451015503125
significantly,3,76,0.543980851874014,5.147656461663506,-2.1240803511178425,-3.8613517992067727,30.546296285271787
aspirational,2,82,0.3626539012493427,5.554050392847467,-2.639705793338776,-3.879435430615382,38.357653571974794
insurance,6,83,1.087961703748028,5.62178271471146,-1.5883683953708694,-3.884049773068819,24.363508851198734
period,13,110,2.357250358120728,7.450555405039285,-1.1179857645429108,-3.9003858720256934,20.67793849396926
community-based,4,79,0.7253078024986854,5.350853427255486,-1.9086470953823262,-3.9190775390335735,28.500079945653283
possible,20,137,3.626539012493427,9.27932809536711,-0.9298013588471994,-3.9281646442978815,19.292605895654255
females,1,104,0.18132695062467136,7.044161473855324,-3.3237278870878777,-3.9363731335795085,57.322831823439465
experience,22,146,3.9891929137427695,9.88891899214305,-0.8946693784384898,-3.9634563169420427,19.538342954999855
physical,15,120,2.7199042593700704,8.12787862367922,-1.0619501641891844,-3.9678814395625635,21.052552964477375
play,2,86,0.3626539012493427,5.824979680303441,-2.6214389910342293,-3.984055315186045,40.70848804537685
partnerships,3,82,0.543980851874014,5.554050392847467,-2.2091331188473813,-4.003251553833587,33.90750201695846
topics,2,84,0.3626539012493427,5.689515036575454,-2.4444623794209024,-4.010809214367761,39.53196308219929
exposure,60,283,10.879617037480282,19.16824708751016,-0.5677200014598984,-4.017895075452721,17.858754472795617
administration,4,84,0.7253078024986854,5.689515036575454,-1.8119029026936833,-4.034286304617868,31.19469452214139
providing,3,83,0.543980851874014,5.62178271471146,-2.1692312685192983,-4.03575691703492,34.470843310512635
imaging,3,84,0.543980851874014,5.689515036575454,-2.2705917193979896,-4.039925650625074,35.035025234565836
speaks,3,84,0.543980851874014,5.689515036575454,-2.238578680830785,-4.047434775190711,35.035025234565836
positive,13,114,2.357250358120728,7.721484692495259,-1.1657891909414495,-4.0493515433402205,22.338448926339055
identification,14,119,2.538577308745399,8.060146301815227,-1.1219731037181573,-4.064240250294159,22.490314189082856
effectiveness,8,97,1.4506156049973709,6.570035220807369,-1.4385237143395218,-4.080431163582969,25.84085500846895
dna,3,86,0.543980851874014,5.824979680303441,-2.2884027915860186,-4.084952391347089,36.16583342388108
contribute,13,116,2.357250358120728,7.856949336223246,-1.1804766617708164,-4.109660178960366,23.179603270053462
settings,46,239,8.34103972873488,16.188024925494446,-0.656366662070778,-4.117983742869299,19.573490254684252
remaining,7,94,1.2692886543726996,6.366838255215389,-1.5759806959030982,-4.1222453444350915,27.026761055006094
area,35,200,6.346443271863497,13.5464643727987,-0.7454288773409372,-4.122305610222473,20.300699008131176
cases,10,105,1.8132695062467135,7.111893795719317,-1.3465496009467568,-4.135337595153739,24.743256003460154
greater,10,107,1.8132695062467135,7.247358439447304,-1.3513920255897727,-4.1833544952702475,25.652198431912698
facilitate,2,98,0.3626539012493427,6.637767542671363,-2.7542721006488584,-4.187196884881138,47.808960694623494
improving,13,119,2.357250358120728,8.060146301815227,-1.1983239983449518,-4.193549924036891,24.454297965148296
identifying,12,115,2.175923407496056,7.789217014359252,-1.246374745551571,-4.194923073871188,24.79919198686777
additional,33,196,5.983789370614154,13.275535085342726,-0.7871951772048282,-4.23178397365524,21.502724702313195
increasing,4,92,0.7253078024986854,6.231373611487402,-2.0527022662936716,-4.246797382806071,35.561223503075766
university,0,155,0.0,10.498509888918994,-3.868230501222855,-4.280977282499166,98.39063695042704
continue,18,141,3.2638851112440843,9.550257382823084,-1.0547121579592567,-4.2814735329310585,24.07246376666898
higher,5,95,0.9066347531233567,6.434570577079382,-1.845439504251,-4.285339519926087,33.622164271353085
practices,36,210,6.527770222488169,14.223787591438635,-0.7619378721425294,-4.289215302299474,22.232028385818182
united,4,94,0.7253078024986854,6.366838255215389,-2.0108630809683508,-4.296652107964846,36.66232794101749
including,129,530,23.391176630582603,35.898130587916555,-0.4204269056815084,-4.331804053021436,20.688982773167794
provided,5,98,0.9066347531233567,6.637767542671363,-1.8270910475308062,-4.352941766733498,35.223381217713666
advances,25,173,4.533173765616784,11.717691682470875,-0.9256089665055489,-4.408089087137865,24.751956009637432
known,7,106,1.2692886543726996,7.179626117583311,-1.6967740661596666,-4.454166530717154,33.018466947820826
high,23,167,4.17051986436744,11.311297751286915,-0.9743020057633851,-4.462008029593333,25.679357600764533
characteristics,10,118,1.8132695062467135,7.992413979951233,-1.441207357409012,-4.497424988964875,30.759913742180412
results,37,221,6.7090971731128395,14.968843131942563,-0.7883432712348233,-4.500166856631243,24.512127546186385
approaches,37,220,6.7090971731128395,14.90111081007857,-0.7931691413331183,-4.503849161609654,24.187593750884233
behavioral,68,334,12.330232642477652,22.62259550257383,-0.5939360144463119,-4.525958244822959,23.653033769939356
health,259,959,46.96368021178988,64.95529666756977,-0.3133171870467999,-4.536991401947632,22.774579807293463
youth,8,115,1.4506156049973709,7.789217014359252,-1.5219564412348516,-4.537588976147662,34.64164626613308
compared,5,106,0.9066347531233567,7.179626117583311,-1.9235205350731608,-4.549566901271275,39.535536657254454
past,2,125,0.3626539012493427,8.466540232999186,-3.009127356513898,-4.558503360943144,63.98330061636421
efficacy,7,111,1.2692886543726996,7.518287726903278,-1.7398803485854817,-4.580589019606013,35.567050857022764
best,13,132,2.357250358120728,8.940666486047142,-1.310214116557769,-4.5879705295564905,30.141654366019278
suggest,13,133,2.357250358120728,9.008398807911135,-1.3097163618015157,-4.60664021334038,30.589244976242203
significant,20,162,3.626539012493427,10.972636141966946,-1.0805933255085503,-4.65075202309072,28.871251190105212
providers,29,197,5.258481568115469,13.343267407206719,-0.9108329768897709,-4.657618466144968,27.378323417252673
likely,13,136,2.357250358120728,9.211595773503117,-1.316923650780212,-4.672354217320324,31.93997506526719
developed,17,151,3.082558160619413,10.22758060146302,-1.176191224618547,-4.681150718992459,30.019723234488644
focus,26,187,4.714500716241456,12.665944188566783,-0.9642345799742289,-4.694043227158462,28.359348387124832
particularly,7,117,1.2692886543726996,7.9246816580872395,-1.7753413243573561,-4.7217828322498825,38.660459829643116
based,16,150,2.9012312099947417,10.159848279599023,-1.2126034261824108,-4.736726606362701,31.61830436834468
organizations,5,116,0.9066347531233567,7.856949336223246,-1.937987126052664,-4.770656287944165,45.00154872815944
mental,48,273,8.703693629984224,18.490923868870226,-0.736298011195565,-4.778716918196332,27.44040484081865
focused,6,120,1.087961703748028,8.12787862367922,-1.8945989250636286,-4.830797602885836,43.555016692724266
young,7,127,1.2692886543726996,8.602004876727174,-1.7764103467319519,-4.932201135524406,43.89182395971506
workshop,4,130,0.7253078024986854,8.805201842319155,-2.4041398438272186,-4.990254787526178,56.96644432991137
large,16,159,2.9012312099947417,10.769439176374966,-1.2898598285234923,-5.003320652058685,35.55711203279785
tissue,2,163,0.3626539012493427,11.04036846383094,-3.235457693223304,-5.007934823671531,87.05052083751129
director,7,132,1.2692886543726996,8.940666486047142,-1.8409733461963373,-5.049978369645366,46.539216053076665
human,22,187,3.9891929137427695,12.665944188566783,-1.1244026317954194,-5.100256696842281,35.34192229713021
child,11,147,1.9945964568713848,9.956651314007045,-1.5224057857904567,-5.116448944082447,42.12005976698107
cell,7,135,1.2692886543726996,9.143863451639122,-1.9115004024165492,-5.120989533325879,48.13690262894291
tools,62,337,11.242270938729623,22.825792468165808,-0.7008108128772754,-5.125362384496779,30.69343584358471
critical,2,172,0.3626539012493427,11.649959360606882,-3.209286910654913,-5.17179357107758,92.549822385024
multiple,13,156,2.357250358120728,10.566242210782987,-1.467921877305585,-5.200546776393709,41.21871999278421
adulthood,12,153,2.175923407496056,10.363045245191005,-1.5147839819062936,-5.203708821469018,42.36189549312333
prevalence,34,239,6.165116321238826,16.188024925494446,-0.9359870325045936,-5.218500379097761,35.02717203902661
skills,28,217,5.077154617490798,14.697913844486589,-1.0251609629280418,-5.2390512483763505,36.52840789102531
related,32,233,5.802462419989483,15.781630994310484,-0.9621803800245017,-5.239802156502009,35.97370859773512
improve,66,360,11.967578741228309,24.38363587103766,-0.6988753628012132,-5.290539179971118,33.048013587114255
private,4,145,0.7253078024986854,9.821186670279056,-2.312574520587261,-5.316632738710825,65.62701427211361
currently,7,146,1.2692886543726996,9.88891899214305,-1.9914064837618444,-5.340797953019009,54.04928773403975
field,13,163,2.357250358120728,11.04036846383094,-1.5035831444220644,-5.358006172624586,44.56505870484438
different,27,217,4.8958276668661265,14.697913844486589,-1.0789812546864486,-5.3768024032011885,38.2943204763895
order,4,156,0.7253078024986854,10.566242210782987,-2.5727596817831992,-5.390744566504364,72.03224286089062
better,26,214,4.714500716241456,14.494716878894607,-1.1059164771743761,-5.406227165307825,38.90525367938261
number,34,249,6.165116321238826,16.86534814413438,-0.9699561148135976,-5.441116469910434,38.765575789164195
specific,41,280,7.434404975611525,18.965050121918182,-0.9158409495874889,-5.572218438600292,39.2422591573048
disabilities,92,473,16.68207945746976,32.03738824166893,-0.6204772492821,-5.578996582724473,37.741841395496266
members,3,178,0.543980851874014,12.056353291790842,-2.807958704813206,-5.6121782919551615,90.25399473370226
institute,9,166,1.6319425556220422,11.24356542942292,-1.7455286929763032,-5.6311095530361355,57.86638903161414
address,45,298,8.15971277811021,20.18423191547006,-0.8913707839737928,-5.652085445184956,39.739657026832276
met,10,168,1.8132695062467135,11.379030073150908,-1.7922951456750704,-5.665233768716121,55.67395825251723
increase,29,238,5.258481568115469,16.120292603630453,-1.0905235088414686,-5.665975570990756,43.11384146659238
increased,9,167,1.6319425556220422,11.311297751286915,-1.8456109055751568,-5.679172333465755,58.39587956714446
committee,31,247,5.621135469364812,16.729883500406395,-1.0570521259997232,-5.6808053988458935,43.10984639773135
diverse,9,168,1.6319425556220422,11.379030073150908,-1.9004373408745368,-5.706700435641607,58.9259825246432
participants,10,171,1.8132695062467135,11.58222703874289,-1.7988860392205481,-5.720815602460938,57.23435099140326
disparities,7,167,1.2692886543726996,11.311297751286915,-2.0853427780942697,-5.724123939292033,65.53919172285651
resources,45,303,8.15971277811021,20.52289352479003,-0.9010346788620938,-5.74046686506473,41.51807155561947
developing,6,170,1.087961703748028,11.514494716878895,-2.2281207986875087,-5.763909673085204,71.20005646576422
associated,29,243,5.258481568115469,16.45895421295042,-1.11448832503621,-5.787435069588672,45.14921329771753
information,36,273,6.527770222488169,18.490923868870226,-1.0047830235958273,-5.811957593544852,44.627705294461904
goal,27,236,4.8958276668661265,15.984827959902466,-1.1604815284460397,-5.8160430594356285,46.073341784709974
funding,83,465,15.05013690184772,31.495529666756976,-0.6736335496817949,-5.8932417282168785,45.26967557675934
projects,79,454,14.324829099349035,30.750474126253046,-0.69021246957087,-5.929549673193173,46.6266596683176
areas,20,218,3.626539012493427,14.765646166350582,-1.3361138547880955,-5.95715782087925,53.13506434192206
center,24,235,4.351846814992112,15.917095638038472,-1.2196690401644341,-5.958116395031978,51.78985671640632
healthcare,15,199,2.7199042593700704,13.478732050934704,-1.5573600884191316,-5.9818862591775455,56.72379661573032
families,137,647,24.841792235579977,43.82281224600379,-0.5584443359110685,-6.010863894242656,40.98200893799009
diagnosis,63,386,11.423597889354294,26.14467623950149,-0.8064569582358763,-6.043157455579181,44.92735095353562
progress,51,340,9.247674481858239,23.02898943375779,-0.8933342385879657,-6.048455938704046,45.84154206978569
impact,4,203,0.7253078024986854,13.749661338390679,-2.724820467928401,-6.054700304402257,99.78341678954362
example,8,190,1.4506156049973709,12.869141154158765,-2.1102546248998815,-6.101540509399321,74.42838414809756
effective,9,201,1.6319425556220422,13.614196694662693,-2.049289287025032,-6.275273274030547,76.72218491059263
help,25,253,4.533173765616784,17.136277431590354,-1.2911554509480858,-6.321339471893124,57.58681478505142
parents,5,216,0.9066347531233567,14.630181522622596,-2.5368619470225573,-6.377581612430572,102.36012476520477
samples,7,220,1.2692886543726996,14.90111081007857,-2.3838648321897713,-6.501028236118117,95.39256501481557
future,14,232,2.538577308745399,15.713898672446492,-1.7750043391816144,-6.649217708422028,76.28476393834657
differences,30,288,5.439808518740141,19.506908696830127,-1.256085064012031,-6.660601714711285,62.21619623352077
researchers,2,294,0.3626539012493427,19.91330262801409,-3.264291923716386,-6.709864426218216,167.85802567768292
group,22,265,3.9891929137427695,17.949065293958277,-1.4431232787950092,-6.7511494806496755,70.22974046814761
lifespan,21,261,3.807865963118098,17.678136006502303,-1.4931214723158952,-6.767808616941983,70.88049554692421
develop,41,337,7.434404975611525,22.825792468165808,-1.101075432772582,-6.772748209183627,61.16352886671967
environmental,69,446,12.511559593102323,30.208615551341097,-0.8709768695508187,-6.816284604192781,57.104001718278326
addition,14,243,2.538577308745399,16.45895421295042,-1.8143392493998256,-6.8294515431418015,82.00705432323055
genes,26,294,4.714500716241456,19.91330262801409,-1.4075621656528075,-7.041831253163931,73.97593257379505
genetic,99,572,17.951368111842463,38.74288810620428,-0.7637763058705946,-7.086922655695201,59.394972367658326
issues,3,339,0.543980851874014,22.961257111893794,-3.341777589001053,-7.089440569542256,188.61181156893514
understand,5,303,0.9066347531233567,20.52289352479003,-2.9143496559469675,-7.209784227728149,154.23409289626846
provide,45,380,8.15971277811021,25.73828230831753,-1.1082782156057265,-7.226119693391312,71.26120514550999
potential,11,271,1.9945964568713848,18.355459225142237,-2.1482088187973085,-7.28557330565363,107.73823215859755
understanding,7,290,1.2692886543726996,19.642373340558112,-2.610639807716244,-7.326768759126946,136.0122786396499
data,170,841,30.825581606194127,56.96288268761853,-0.6107926708666538,-7.33114801308472,60.72478214774523
challenges,21,297,3.807865963118098,20.11649959360607,-1.6364566557081721,-7.3984754015829814,88.5006608388008
individuals,222,1031,40.25458303867703,69.8320238417773,-0.5463852926012782,-7.460689243460792,62.092703822781544
recent,7,308,1.2692886543726996,20.861555134109995,-2.693779508902483,-7.479372099518406,146.6049470636326
screening,48,411,8.703693629984224,27.837984286101328,-1.1247317116812727,-7.569839913925969,78.34894100065057
new,59,482,10.698290086855609,32.64697913844487,-1.0927360524604808,-8.072391731126064,86.82206175506462
budget,35,390,6.346443271863497,26.415605526957464,-1.3971092045713798,-8.089310454616827,96.905484519533
social,10,341,1.8132695062467135,23.096721755621783,-2.3305449229525266,-8.14050535474591,151.62557211405993
important,19,347,3.4452120618687556,23.503115686805742,-1.8790858093157343,-8.196087993736889,120.3413913749661
opportunities,18,358,3.2638851112440843,24.248171227309676,-1.9540029936247594,-8.356764164526169,129.59118515035783
strategic,62,514,11.242270938729623,34.81441343809266,-1.0966054175231577,-8.358009396352639,94.27400284480545
efforts,11,368,1.9945964568713848,24.925494445949607,-2.4093594458724263,-8.402269698637436,162.69551367262977
recommended,17,368,3.082558160619413,24.925494445949607,-2.0204799924521177,-8.491535283478674,138.55167641721366
development,85,645,15.412790803097064,43.68734760227581,-1.0208590317035027,-9.008987876664465,105.53226859211065
needed,46,493,8.34103972873488,33.3920346789488,-1.3742605162034556,-9.03549974250688,118.36509428886563
disorder,36,471,6.527770222488169,31.90192359794094,-1.502353267880336,-9.130126597264324,132.91328514367052
risk,69,592,12.511559593102323,40.09753454348415,-1.1390870157453925,-9.138386045360736,113.11831584303621
adults,138,867,25.023119186204646,58.72392305608236,-0.8416743016992054,-9.30984094817715,105.6264892081297
objectives,82,665,14.86880995122305,45.041994039555675,-1.073759549275504,-9.407978632933524,118.69380176480635
brain,9,510,1.6319425556220422,34.54348415063668,-2.856007846358298,-9.438797565867265,256.3479798766755
spectrum,5,643,0.9066347531233567,43.55188295854782,-3.3266653623568754,-9.808432880167258,362.5778749543765
factors,46,559,8.34103972873488,37.862367921972364,-1.470967921856575,-9.865802558570255,149.18047888454942
early,34,529,6.165116321238826,35.83039826605256,-1.6844542280461798,-9.960943821955592,167.56780185027645
needs,206,1170,37.3533518286823,79.24681658087239,-0.750390289291099,-10.022402417413087,117.26029365631865
years,68,657,12.330232642477652,44.500135464643726,-1.2403748510642671,-10.027275365504716,142.85962229932787
people,83,779,15.05013690184772,52.763478732050935,-1.2320541985531843,-10.876377908993472,164.39811283043966
community,82,783,14.86880995122305,53.03440801950691,-1.2463623991645036,-10.961746899106336,168.22601895330143
question,58,742,10.516963136230938,50.25738282308318,-1.4455948162311065,-11.346230997961749,205.95918287906065
interventions,169,1208,30.64425465556946,81.82064481170416,-0.9629614399321351,-11.943351839095014,181.53335125777795
autism,588,2736,106.62024696730676,185.31563261988623,-0.5468097360132957,-12.196334183678324,165.74684957456276
children,56,830,10.154309234981596,56.217827147114605,-1.593340850713214,-12.347146752076835,255.04787825651147
iacc,37,809,6.7090971731128395,54.79544838797074,-1.9957510881601905,-12.611156584884199,305.94489275052075
studies,189,1614,34.270793668062886,109.3199674884855,-1.1414295418716804,-15.133945937084535,306.7153691511003
services,212,1735,38.44131353243033,117.51557843402871,-1.090176994206269,-15.346446405253909,313.210252218474
research,282,2528,51.13420007615732,171.22730967217555,-1.1782916860961539,-19.28924102747791,507.7626029774176
asd,10,3351,1.8132695062467135,226.9710105662422,-3.84458894919914,-20.20387669742747,2016.866249274035
