term,target_count,reference_count,target_per10k,reference_per10k,log_odds,z,g2
federal,580,92,105.16963136230939,26.23474392608646,1.3725526374014114,12.450926236681765,208.12934502182378
agencies,401,38,72.71210720049321,10.836089882513974,1.851383018184391,11.2949873543191,207.96549192732834
clinical,342,41,62.0138171136376,11.691570662712444,1.642705649654851,10.151096372608835,153.46343533781427
sleep,289,26,52.40348873053002,7.414166761720086,1.9389103687413511,9.621384904262964,154.11079908800474
implementation,272,22,49.32093056991061,6.273525721455457,2.0297682528364662,9.376320813394887,152.93967884341825
measures,290,46,52.584815681154694,13.11737196304323,1.376060281578214,8.792191614575977,104.06467251091189
evidence,259,36,46.96368021178988,10.26576936238166,1.5009069504348167,8.586073691012034,104.11857607128755
nih,227,12,41.1612177918004,3.421923120793886,2.3569296496623133,8.555974377723263,150.94316886225118
safety,221,27,40.07325608805237,7.699327021786243,1.6349941795946838,8.136152304844423,97.87184006631297
domain,203,14,36.80937097680828,3.9922436409262003,2.2019824079975683,8.101904027709363,122.46257104229593
evaluation,216,26,39.16662133492901,7.414166761720086,1.6410714605323715,8.056199801928846,96.65317561252279
cms,213,8,38.622640483054994,2.2812820805292575,2.761724732852895,7.98698044556872,155.98084212326216
pathways,197,7,35.72140927306025,1.9961218204631002,2.792075703512337,7.655277093628743,146.17968844616092
medication,182,18,33.001505013690185,5.13288468119083,1.8353756368062202,7.575142556170049,92.15556210413123
priority,210,32,38.07865963118098,9.12512832211703,1.4162956228463255,7.563068379413899,78.13713914967583
initiative,165,14,29.91894685307077,3.9922436409262003,1.967601263476002,7.2841051319291354,90.64865865228299
immune,159,17,28.830985149322746,4.847724421124672,1.7596675538254392,7.02348623913156,76.871011156777
functional,157,16,28.4683312480734,4.562564161058515,1.8073045463678694,7.015000636345644,78.12714294493864
guidance,151,10,27.380369544325376,2.8516026006615713,2.230659157495425,6.984204584848732,92.59472236081731
standards,149,12,27.01771564307603,3.421923120793886,2.042404167224932,6.932872980570033,83.94926686725807
hrsa,179,4,32.457524161816174,1.1406410402646288,3.1655636626046713,6.9070815479683985,145.26214950765765
review,140,15,25.385773087453988,4.277403900992358,1.7446341338355937,6.582951711199726,67.59765802646044
defined,152,4,27.561696494950045,1.1406410402646288,3.09551315156659,6.43160702653259,119.97688665680782
motor,155,25,28.10567734682406,7.1290065016539295,1.364703799846092,6.39674613949644,54.763125974906295
treatment,168,30,30.462927704944786,8.554807801984715,1.2010480175956566,6.329242630213298,53.63796000910698
biomarkers,148,23,26.836388692451358,6.558685981521615,1.3937422861976545,6.308475069626964,54.110420340500745
subgroups,161,3,29.193639050572088,0.8554807801984715,3.3689159762807845,6.307670097096706,134.19898772354793
referral,126,6,22.84719577870859,1.710961560396943,2.5408444222583846,6.276703113834087,86.55276785192949
follow-up,122,10,22.121887976209905,2.8516026006615713,2.025854697904574,6.2687337471400015,68.16344707975593
cdc,143,22,25.929753939328005,6.273525721455457,1.389870673084987,6.201889711144144,52.75756515901827
indicated,124,5,22.484541877459247,1.4258013003307857,2.686478732235649,6.14260183085481,89.20235354516798
ahrq,173,2,31.369562458068142,0.5703205201323144,3.7515152443341933,6.034899119277846,152.21013103581163
gastrointestinal,113,7,20.489945420587862,1.9961218204631002,2.2936818086703346,6.030055912181021,71.09588885018755
action,164,2,29.7376199024461,0.5703205201323144,3.7834918192070432,5.829541343706595,143.56334601303075
fda,128,3,23.209849679957934,0.8554807801984715,3.2080332028345957,5.788850186155311,103.07718783988015
metabolic,156,2,28.28700429744873,0.5703205201323144,3.7112660163525293,5.77997878395455,135.88727898707208
pain,129,3,23.391176630582603,0.8554807801984715,3.248891707086776,5.766857398929485,104.01539025008539
acl,104,4,18.858002864965822,1.1406410402646288,2.7016527256185725,5.618826696953998,75.71603498800138
trials,182,46,33.001505013690185,13.11737196304323,0.9151760126200745,5.6077343210538775,36.79854246928409
assessment,138,28,25.023119186204646,7.984487281852401,1.1293396072190616,5.522614230508159,38.103016768664084
reporting,104,14,18.858002864965822,3.9922436409262003,1.5442806888672278,5.480911125747072,42.8766359262142
authority,109,3,19.764637618089175,0.8554807801984715,3.074587225553051,5.461187739855396,85.32641799510803
lead,175,45,31.732216359317487,12.832211702977073,0.903910727646517,5.4498671279740165,34.38493383886539
validation,98,4,17.77004116121779,1.1406410402646288,2.7071961284266015,5.443382597853656,70.27609374037212
supporting,105,15,19.03932981559049,4.277403900992358,1.477203472032234,5.42912553405504,41.28067257165049
seizures,106,3,19.220656766215164,0.8554807801984715,3.0266538571862265,5.428062858381875,82.53850086781277
months,101,13,18.314022013091808,3.707083380860043,1.542544056159607,5.418366838165244,43.07814322291871
function,158,38,28.64965819869807,10.836089882513974,0.9675638317755331,5.405383528445815,34.558872548530715
clinically,126,2,22.84719577870859,0.5703205201323144,3.581800265372717,5.339112833656488,107.20477217760846
therapeutic,87,6,15.775444704346405,1.710961560396943,2.175917953795845,5.305677815826373,52.4839590181268
participation,119,23,21.577907124335887,6.558685981521615,1.1839468750658924,5.2501792256306885,34.8146331919543
accountability,95,3,17.226060309343776,0.8554807801984715,2.9343240934630686,5.208527489736686,72.35829097010247
status,94,14,17.044733358719107,3.9922436409262003,1.429971584973189,5.078472703569468,35.68038896247484
framework,86,3,15.594117753721735,0.8554807801984715,2.8296840771262914,5.027319436696173,64.08654173697025
recognition,78,7,14.143502148724364,1.9961218204631002,1.943327234699157,4.990988663348411,41.64757481455209
partners,78,7,14.143502148724364,1.9961218204631002,1.9196367741404048,4.9899223898448275,41.64757481455209
surveillance,82,9,14.86880995122305,2.566442340595415,1.6413151132846266,4.98877287735694,39.00168763714399
adaptive,80,9,14.506156049973708,2.566442340595415,1.7109019794618723,4.948049321328143,37.45443194254133
planning,134,33,24.29781138370596,9.410288582183187,0.9434542050095063,4.901006922570448,28.249979253113352
does,74,6,13.418194346225679,1.710961560396943,1.976134798566087,4.884609339738716,41.5601634237229
cohort,73,4,13.236867395601008,1.1406410402646288,2.37724810994807,4.832910422821871,47.96900196272906
capacity,88,2,15.956771654971078,0.5703205201323144,3.2030963977521942,4.80443201734888,71.22139364616656
burden,72,4,13.055540444976337,1.1406410402646288,2.4042930149224118,4.786680557653524,47.09205340290491
established,87,14,15.775444704346405,3.9922436409262003,1.3577619781519399,4.784292773427245,30.804473471596708
emergency,73,8,13.236867395601008,2.2812820805292575,1.7415694579240064,4.743726037970886,34.754414414383604
indicators,84,2,15.231463852472393,0.5703205201323144,3.1696947849090398,4.720576798665913,67.46790807785929
coverage,108,24,19.583310667464506,6.843846241587772,1.0457819996087814,4.677792232499107,26.49452744488339
context,73,9,13.236867395601008,2.566442340595415,1.6252202411349819,4.663543344137909,32.12205633645675
course,65,5,11.786251790603638,1.4258013003307857,2.078616916496398,4.581469592550472,37.40798338740871
supported,75,11,13.59952129685035,3.1367628607277287,1.4098112708038109,4.525298281629182,28.844502611918635
measurement,71,10,12.874213494351665,2.8516026006615713,1.497802465471497,4.482459317956672,28.239514057358857
set,61,4,11.060943988104952,1.1406410402646288,2.21054130547732,4.442283765787775,37.551922474250404
existing,123,33,22.303214926834574,9.410288582183187,0.8547257478052908,4.4096972432989725,22.453179516648405
profiles,61,3,11.060943988104952,0.8554807801984715,2.5035655547025693,4.378643666906788,41.49669404239377
autonomic,104,1,18.858002864965822,0.2851602600661572,4.041725042196631,4.361640651602655,92.96477855089077
contributors,59,5,10.698290086855609,1.4258013003307857,1.9944853759671917,4.351984004662355,32.43320470422705
portfolio,65,8,11.786251790603638,2.2812820805292575,1.4881226253927373,4.3266298037876325,28.63649748309329
objectives,82,14,14.86880995122305,3.9922436409262003,1.0920687640606879,4.283788844243006,27.416116355066475
scientific,81,16,14.687483000598379,4.562564161058515,1.1491396689437705,4.271810875186749,23.100436525464133
translational,91,1,16.500752506845092,0.2851602600661572,3.8801734997580253,4.243043741817064,80.43381615020043
performance,56,5,10.154309234981596,1.4258013003307857,1.940143554298099,4.229210007722676,29.980523329334886
agenda,91,1,16.500752506845092,0.2851602600661572,3.900113656335522,4.222525011388978,80.43381615020043
require,138,42,25.023119186204646,11.9767309227786,0.7373043100490282,4.2116087955705,19.6372992267664
timing,55,3,9.972982284356924,0.8554807801984715,2.416043185121998,4.180904334302632,36.19622724097894
regulatory,54,4,9.791655333732253,1.1406410402646288,2.1282760098161093,4.175552006166588,31.604034210184246
discovery,60,8,10.879617037480282,2.2812820805292575,1.5464845311166835,4.165972124619053,24.919737704947114
single,54,5,9.791655333732253,1.4258013003307857,1.8805538515442901,4.141830722986133,28.35988697937688
eeg,58,2,10.516963136230938,0.5703205201323144,2.8378937351975067,4.123436444428252,43.33514074170245
disruption,52,4,9.429001432482911,1.1406410402646288,2.089167550092821,4.096221081879805,29.92638670992698
presentation,70,13,12.692886543726994,3.707083380860043,1.2236503300248414,4.091413642406358,21.423723542708217
design,79,17,14.324829099349035,4.847724421124672,1.0752387829832086,4.064616884973323,20.239066438857492
task,52,5,9.429001432482911,1.4258013003307857,1.8402885322907983,4.051872434015451,26.751813465807878
readiness,50,4,9.066347531233568,1.1406410402646288,2.0514561203720305,4.013471642515701,28.25973578883621
communication,263,106,47.68898801428856,30.22698756701266,0.4576591570591493,4.006270942660629,16.645394878668952
translation,50,5,9.066347531233568,1.4258013003307857,1.827952770402936,3.962966165499531,25.157244368888932
loss,62,11,11.242270938729623,3.1367628607277287,1.270365864739186,3.9184204452673455,19.92994495359363
care,301,127,54.57941213802608,36.21535302840196,0.40539719541793673,3.8777889252706492,15.798288973732326
annual,48,5,8.703693629984224,1.4258013003307857,1.7298471692744064,3.854733945172126,23.577231347446734
events,47,2,8.522366679359553,0.5703205201323144,2.5909584881315464,3.8195405609058963,33.332640474297975
profound,47,2,8.522366679359553,0.5703205201323144,2.665496708817365,3.7850659944082827,33.332640474297975
category,44,3,7.978385827485539,0.8554807801984715,2.099308589291332,3.784441478708265,26.66783545627723
crisis,60,1,10.879617037480282,0.2851602600661572,3.5016064676111656,3.745644797834503,50.74610567376921
completed,44,2,7.978385827485539,0.5703205201323144,2.475609957182084,3.736096595023741,30.637758838956113
regression,170,0,30.825581606194127,0.0,5.558295477737195,3.61198933395518,167.34095051072026
measured,40,3,7.253078024986854,0.8554807801984715,2.0932974875895356,3.5956061379140842,23.282734482020288
definition,41,4,7.434404975611525,1.1406410402646288,1.84129185230241,3.594884545948875,20.92177087364369
remains,135,47,24.479138334330635,13.402532223109388,0.6057313482139772,3.5945994724625487,13.791344010475704
rationale,41,2,7.434404975611525,0.5703205201323144,2.5416020386648324,3.575455693601508,27.960703454004744
activation,42,5,7.615731926236196,1.4258013003307857,1.6629564710248763,3.557507194163041,18.93709931737555
define,40,2,7.253078024986854,0.5703205201323144,2.4765949341405706,3.5532666431309803,27.072753794793826
executive,51,9,9.247674481858239,2.566442340595415,1.2646873368176257,3.550493604928306,16.48591383820627
hhs,49,8,8.885020580608895,2.2812820805292575,1.311255685192636,3.5480435125280754,17.11403896737224
thresholds,40,2,7.253078024986854,0.5703205201323144,2.5117966554838542,3.5405466674892696,27.072753794793826
testing,44,6,7.978385827485539,1.710961560396943,1.4916224461607692,3.5339656103346413,17.958422446839162
stage,48,8,8.703693629984224,2.2812820805292575,1.3272575078612316,3.5172670600417786,16.435043438074366
standardized,55,11,9.972982284356924,3.1367628607277287,1.1489664736143341,3.5138344070100698,15.454074316838987
broad,55,11,9.972982284356924,3.1367628607277287,1.1372979929623854,3.500287854454365,15.454074316838987
recognized,43,6,7.797058876860867,1.710961560396943,1.5091227822221054,3.496020988474281,17.232497407235755
follows,41,5,7.434404975611525,1.4258013003307857,1.6102565226625654,3.491513426672468,18.180268402658612
epilepsy,73,19,13.236867395601008,5.418044941256987,0.8909399668032476,3.485729496800186,14.052130440053755
claims,38,4,6.890424123737511,1.1406410402646288,1.7752811983931016,3.4364689455888096,18.547710089373602
symptoms,114,38,20.671272371212535,10.836089882513974,0.633012185289255,3.4306332372230743,13.081581000744883
precision,47,1,8.522366679359553,0.2851602600661572,3.326554129084899,3.429279743115838,38.433286228441055
phase,36,3,6.527770222488169,0.8554807801984715,1.9851415067634388,3.401655748408563,19.953709143615242
prospective,44,1,7.978385827485539,0.2851602600661572,3.2209252171579603,3.384517977921413,35.61069682308328
treated,43,1,7.797058876860867,0.2851602600661572,3.195213132053217,3.3611926868089865,34.67179675002847
technical,41,6,7.434404975611525,1.710961560396943,1.4237791598847434,3.3541563135068753,15.797994516606519
protocols,43,7,7.797058876860867,1.9961218204631002,1.3483772664244187,3.3520773915394204,15.060072226601283
hospitalization,35,3,6.346443271863497,0.8554807801984715,1.987538776246816,3.349655162586435,19.13161160552538
establish,50,10,9.066347531233568,2.8516026006615713,1.1483340980788013,3.3495049389114095,14.049158469853623
inflammatory,43,1,7.797058876860867,0.2851602600661572,3.233371686240835,3.336969287661485,34.67179675002847
nutrition,41,1,7.434404975611525,0.2851602600661572,3.1285304749191445,3.320725393305224,32.79721905430738
monitoring,66,17,11.967578741228309,4.847724421124672,0.8897355354132568,3.3181050666382803,12.931382642737553
samhsa,39,1,7.071751074362182,0.2851602600661572,2.99828843087409,3.3109508871918765,30.927292524522596
read,41,1,7.434404975611525,0.2851602600661572,3.1574368213074617,3.303244445991548,32.79721905430738
distinguish,34,3,6.165116321238826,0.8554807801984715,1.9571841337082665,3.2969760219295052,18.314027046282106
validated,44,8,7.978385827485539,2.2812820805292575,1.248800468252611,3.2733445975694284,13.781042675928067
practical,46,9,8.34103972873488,2.566442340595415,1.1763684778813843,3.2502458803276078,13.267612206322053
speech,53,12,9.610328383107582,3.421923120793886,1.0226943640684043,3.2359987924565012,12.667651858664318
impairment,32,2,5.802462419989483,0.5703205201323144,2.1747748784681704,3.227682634142923,20.06635924743738
illness,41,7,7.434404975611525,1.9961218204631002,1.3035453295452886,3.224989583351226,13.708058177533237
demands,36,5,6.527770222488169,1.4258013003307857,1.511663297972973,3.201018975041889,14.481028846908798
participating,34,4,6.165116321238826,1.1406410402646288,1.6546188902394787,3.2008278464629187,15.45394329100088
dysfunction,32,3,5.802462419989483,0.8554807801984715,1.8845252933042254,3.186077545159813,16.69345331814728
statutory,37,1,6.7090971731128395,0.2851602600661572,3.0690775346386996,3.183743457601885,29.062500787160353
signals,31,2,5.621135469364812,0.5703205201323144,2.2538016107551133,3.160069591795753,19.20512623102922
biologically,31,2,5.621135469364812,0.5703205201323144,2.2704738276594103,3.156782372301418,19.20512623102922
history,40,7,7.253078024986854,1.9961218204631002,1.2695997204250018,3.1508897986945237,13.042568990890924
physiology,36,1,6.527770222488169,0.2851602600661572,3.048834574018744,3.1502621185458737,28.132202891444376
evaluated,33,4,5.983789370614154,1.1406410402646288,1.6172400002787475,3.135799590187684,14.6951907450063
creating,31,3,5.621135469364812,0.8554807801984715,1.8552156282803232,3.128351466275534,15.891052314987828
recovery,31,3,5.621135469364812,0.8554807801984715,1.8345780660753448,3.1263097309213146,15.891052314987828
records,56,14,10.154309234981596,3.9922436409262003,0.9223715922158506,3.125545874107521,11.52574619816394
aging,58,15,10.516963136230938,4.277403900992358,0.8990162685866343,3.123904323007491,11.286477098429113
triggers,35,1,6.346443271863497,0.2851602600661572,3.030736841097614,3.114583333300741,27.203407061280103
enrollment,34,1,6.165116321238826,0.2851602600661572,2.9819071007760245,3.093742316677516,26.276199163085078
dol,33,1,5.983789370614154,0.2851602600661572,2.8949173120471627,3.089396431432765,25.350672643917775
matter,33,1,5.983789370614154,0.2851602600661572,2.9082257621378416,3.082964479302187,25.350672643917775
failure,34,1,6.165116321238826,0.2851602600661572,3.004683451514233,3.08200053950183,26.276199163085078
disease,67,19,12.14890569185298,5.418044941256987,0.7844538428499837,3.0790608779637334,11.029075057702187
dod,31,1,5.621135469364812,0.2851602600661572,2.7245965728286707,3.066291536628981,23.505081095093633
dysregulation,29,2,5.258481568115469,0.5703205201323144,2.181596427452736,3.061004340239771,17.494653006042267
depend,29,2,5.258481568115469,0.5703205201323144,2.193027621221473,3.0593240549128993,17.494653006042267
retention,29,2,5.258481568115469,0.5703205201323144,2.1988003061061834,3.0584458204058556,17.494653006042267
percentage,30,3,5.439808518740141,0.8554807801984715,1.747480869222997,3.057453267229767,15.094346621333367
elements,32,1,5.802462419989483,0.2851602600661572,2.8616607421489597,3.056314621283112,24.42692945100786
navigation,61,17,11.060943988104952,4.847724421124672,0.8256146018906341,3.028132956342106,10.382739392972283
respite,38,7,6.890424123737511,1.9961218204631002,1.2346529244549913,3.025841832719011,11.73429421756607
classification,31,4,5.621135469364812,1.1406410402646288,1.5761913217009642,3.01216575081668,13.197742532879325
endocrine,32,1,5.802462419989483,0.2851602600661572,2.954300748406127,3.01209509068777,24.42692945100786
registry,28,2,5.077154617490798,0.5703205201323144,2.1263398059379544,3.010620624438524,16.645952682571945
coordinator,28,2,5.077154617490798,0.5703205201323144,2.12703134341685,3.0105463433749593,16.645952682571945
placement,28,2,5.077154617490798,0.5703205201323144,2.1487500102228623,3.0080621892006225,16.645952682571945
documented,31,1,5.621135469364812,0.2851602600661572,2.8608149012881983,3.006975034701935,23.505081095093633
begin,29,3,5.258481568115469,0.8554807801984715,1.778243504737766,3.005353398448908,14.303704606008733
purpose,29,3,5.258481568115469,0.8554807801984715,1.776425935958211,3.005076413172588,14.303704606008733
separate,29,3,5.258481568115469,0.8554807801984715,1.7723513722595063,3.0044450057077925,14.303704606008733
public,132,51,23.935157482456617,14.543173263374017,0.48711590351630907,2.9993669717902187,9.752058695986854
core,53,13,9.610328383107582,3.707083380860043,0.8883792620586153,2.9954780129633582,11.244352387997925
consistent,33,5,5.983789370614154,1.4258013003307857,1.4082787799848377,2.9914533862173873,12.340450068156484
pediatrics,54,14,9.791655333732253,3.9922436409262003,0.8699118489682318,2.9646061665087626,10.464202782896617
distinct,28,3,5.077154617490798,0.8554807801984715,1.7474250335182422,2.9419760056998316,13.519531605292087
problems,51,13,9.247674481858239,3.707083380860043,0.9017506480864625,2.9408697171539684,10.16829830197242
sequencing,41,9,7.434404975611525,2.566442340595415,1.058036277668272,2.9000522179476884,10.228070369755752
doj,28,1,5.077154617490798,0.2851602600661572,2.756776329306793,2.896082442261227,20.752191029544978
adoption,26,2,4.714500716241456,0.5703205201323144,2.0891187960064075,2.8958724883701077,14.96319335496349
directly,34,6,6.165116321238826,1.710961560396943,1.2603615724435304,2.8953951277188104,10.990609225470857
metabolism,27,3,4.8958276668661265,0.8554807801984715,1.7185231453300558,2.877184538400618,12.742275045648187
acute,29,4,5.258481568115469,1.1406410402646288,1.5175155438379253,2.876808893247246,11.729842176655012
real-world,27,3,4.8958276668661265,0.8554807801984715,1.7139629498347837,2.8762772031677923,12.742275045648187
mechanistic,28,1,5.077154617490798,0.2851602600661572,2.8282897851573123,2.8665284658601053,20.752191029544978
medically,27,1,4.8958276668661265,0.2851602600661572,2.716553748843304,2.857545506433667,19.83927626095541
acf,26,1,4.714500716241456,0.2851602600661572,2.56819121251253,2.853865586519434,18.929008747000346
coordinate,31,5,5.621135469364812,1.4258013003307857,1.337188931311105,2.841610802021585,10.952625194981255
changes,134,54,24.29781138370596,15.398654043572487,0.4530239246194965,2.838330492041666,8.48552406572383
cycle,25,2,4.533173765616784,0.5703205201323144,2.052140569906456,2.8373551482113686,14.129867894418105
architecture,27,1,4.8958276668661265,0.2851602600661572,2.7732586168595628,2.835371537848763,19.83927626095541
self-injury,27,1,4.8958276668661265,0.2851602600661572,2.793448608499994,2.827237357492629,19.83927626095541
sensorimotor,27,1,4.8958276668661265,0.2851602600661572,2.8096275010563385,2.8206321492597994,19.83927626095541
fatigue,26,3,4.714500716241456,0.8554807801984715,1.7026269006258516,2.813407029203286,11.972430486629307
melatonin,26,3,4.714500716241456,0.8554807801984715,1.6928648886617506,2.8113480117974383,11.972430486629307
consistently,26,3,4.714500716241456,0.8554807801984715,1.682766003805808,2.809129303281823,11.972430486629307
clinicians,60,18,10.879617037480282,5.13288468119083,0.7466966973094671,2.804036361056913,8.807104175715992
residential,30,5,5.439808518740141,1.4258013003307857,1.3293729029713202,2.7816068606495654,10.27190214879647
tracking,30,5,5.439808518740141,1.4258013003307857,1.313325285741266,2.7715118452823804,10.27190214879647
ssa,24,1,4.351846814992112,0.2851602600661572,2.5105546815987054,2.754496565122833,17.1172550825764
vulnerability,25,1,4.533173765616784,0.2851602600661572,2.710848266465998,2.7474820008566354,18.02159226799402
nonspeaking,25,1,4.533173765616784,0.2851602600661572,2.7342495772697024,2.738849517639245,18.02159226799402
produce,25,3,4.533173765616784,0.8554807801984715,1.6423508150901656,2.7377772017124142,11.21054878991035
meaningful,61,19,11.060943988104952,5.418044941256987,0.7144712588128641,2.735918103893555,8.244197701742962
applicable,27,4,4.8958276668661265,1.1406410402646288,1.4516469696665455,2.7317950997365474,10.295450115549908
responsibilities,27,4,4.8958276668661265,1.1406410402646288,1.4439383230411647,2.7282726408278712,10.295450115549908
broader,41,10,7.434404975611525,2.8516026006615713,0.9469980177697268,2.7183890828807424,8.775673533819111
completion,24,1,4.351846814992112,0.2851602600661572,2.6278757468337304,2.718176904230639,17.1172550825764
relevant,61,19,11.060943988104952,5.418044941256987,0.7048483579104587,2.7149811949488116,8.244197701742962
mechanisms,88,32,15.956771654971078,9.12512832211703,0.5548406166448201,2.7140190710600023,7.919355833896315
consultation,23,2,4.17051986436744,0.5703205201323144,1.962591930968835,2.713389215491544,12.481493039740684
structured,24,1,4.351846814992112,0.2851602600661572,2.6600918215040625,2.707351920635308,17.1172550825764
qualification,24,1,4.351846814992112,0.2851602600661572,2.6934850298537745,2.6957715887910743,17.1172550825764
national,108,41,19.583310667464506,11.691570662712444,0.4786360712051021,2.6957362205244113,8.472142201107516
receptor,23,1,4.17051986436744,0.2851602600661572,2.619087061166544,2.661234837191874,16.21625401290854
enterprise,23,1,4.17051986436744,0.2851602600661572,2.639259028473429,2.6547044329655454,16.21625401290854
use,174,77,31.55088940869281,21.9573400250941,0.3593324353909608,2.6534551075996413,7.317330518530063
products,69,0,12.511559593102323,0.0,5.100622196450587,2.652292664526362,67.9207387367041
decline,26,4,4.714500716241456,1.1406410402646288,1.4030345382802567,2.648921750903951,9.592284574366952
mobility,26,4,4.714500716241456,1.1406410402646288,1.402704983005,2.6487582974887034,9.592284574366952
discipline,22,2,3.9891929137427695,0.5703205201323144,1.907821662024471,2.6467998431132336,11.667475909058348
intended,22,2,3.9891929137427695,0.5703205201323144,1.8940700441988785,2.6461897991494068,11.667475909058348
cost,45,12,8.15971277811021,3.421923120793886,0.8401247199192001,2.6457513449795695,8.303965395434275
management,24,3,4.351846814992112,0.8554807801984715,1.5357606458622044,2.643060928041043,10.457244676363347
supply,22,1,3.9891929137427695,0.2851602600661572,2.5876643600206997,2.609696283620395,15.318879419478057
primary,66,22,11.967578741228309,6.273525721455457,0.632156476228201,2.6075319003757373,7.573546895168089
track,28,5,5.077154617490798,1.4258013003307857,1.2353089814233922,2.606623392135203,8.939660001517833
coordinated,44,12,7.978385827485539,3.421923120793886,0.8404342919607437,2.6058240028274735,7.7971257392984885
maternal,42,11,7.615731926236196,3.1367628607277287,0.8588189629085345,2.592995076320209,7.998494066625371
distress,23,3,4.17051986436744,0.8554807801984715,1.578385421268261,2.5929666779083456,9.713207007103547
criteria,35,8,6.346443271863497,2.2812820805292575,0.9921156166885181,2.591062301761387,8.253629186458118
indication,23,3,4.17051986436744,0.8554807801984715,1.5688155567707085,2.5900540812532453,9.713207007103547
science,43,11,7.797058876860867,3.1367628607277287,0.8301511659952618,2.589448340208545,8.52248042046807
disturbances,23,3,4.17051986436744,0.8554807801984715,1.5575770143508008,2.5865260623073727,9.713207007103547
minimal,25,4,4.533173765616784,1.1406410402646288,1.3732110262404627,2.573062643510248,8.899382068757758
described,23,3,4.17051986436744,0.8554807801984715,1.4922073204680721,2.563643058278149,9.713207007103547
orthostatic,21,1,3.807865963118098,0.2851602600661572,2.569026684495392,2.552222826312444,14.425461308654915
protection,25,4,4.533173765616784,1.1406410402646288,1.3307504722800552,2.5500797328675793,8.899382068757758
references,20,1,3.626539012493427,0.2851602600661572,2.322024396453025,2.545934767500277,13.536376897396913
response,81,30,14.687483000598379,8.554807801984715,0.5368990827900229,2.536057863736137,6.885673130052691
secondary,39,0,7.071751074362182,0.0,4.260531069936547,2.5344952297729617,38.38998276422406
psychiatric,34,8,6.165116321238826,2.2812820805292575,0.975734048103047,2.5237177493492866,7.686384037525553
test,32,7,5.802462419989483,1.9961218204631002,1.0185686093552588,2.5221493126988976,8.020508344263591
create,43,12,7.797058876860867,3.421923120793886,0.8131607376593557,2.5214932499314293,7.300028358486767
apply,20,1,3.626539012493427,0.2851602600661572,2.4451120004999316,2.519779846814022,13.536376897396913
rights,27,5,4.8958276668661265,1.4258013003307857,1.1934040951882103,2.518956009614694,8.28944094112938
epsdt,20,1,3.626539012493427,0.2851602600661572,2.4560656620702668,2.517158889355087,13.536376897396913
enrichment,22,3,3.9891929137427695,0.8554807801984715,1.5335720710323297,2.513283465972693,8.979211223419581
interpretation,22,3,3.9891929137427695,0.8554807801984715,1.5299398647363223,2.5120678695741048,8.979211223419581
autoimmune,22,3,3.9891929137427695,0.8554807801984715,1.521382731849192,2.509155620533084,8.979211223419581
visible,20,2,3.626539012493427,0.5703205201323144,1.8415932411024558,2.506999672954507,10.062897747555578
built,20,2,3.626539012493427,0.5703205201323144,1.8289005820377318,2.505909290874943,10.062897747555578
sequence,20,2,3.626539012493427,0.5703205201323144,1.8191636955474078,2.504997392786511,10.062897747555578
evaluate,43,12,7.797058876860867,3.421923120793886,0.8028754989744709,2.5047354333321867,7.300028358486767
medical,116,48,21.033926272461876,13.687692483175544,0.420440950206574,2.485046616537726,6.610792000201787
responsible,19,1,3.4452120618687556,0.2851602600661572,2.3766539571380196,2.467459536372537,12.652060073370137
deficiency,19,1,3.4452120618687556,0.2851602600661572,2.4301086536259655,2.455973749030779,12.652060073370137
coordination,74,27,13.418194346225679,7.699327021786243,0.5427667645407794,2.451548630677873,6.591169220427918
capture,19,2,3.4452120618687556,0.5703205201323144,1.7639858259748928,2.428146046336314,9.273855044686801
shared,46,14,8.34103972873488,3.9922436409262003,0.7329163622790631,2.422266034979874,6.545766408922136
selected,18,1,3.2638851112440843,0.2851602600661572,2.254164868791369,2.4191763777618536,11.773013350726227
pilot,18,1,3.2638851112440843,0.2851602600661572,2.287898847074713,2.4139529743770476,11.773013350726227
detailed,21,3,3.807865963118098,0.8554807801984715,1.4411896049351913,2.4123447175625903,8.2561345143301
individualized,21,3,3.807865963118098,0.8554807801984715,1.4390702511890803,2.411472245110246,8.2561345143301
counseling,18,1,3.2638851112440843,0.2851602600661572,2.3243081025845953,2.407767249935371,11.773013350726227
federally,23,4,4.17051986436744,1.1406410402646288,1.282625702373858,2.3983855708011723,7.547575068238318
parallel,18,1,3.2638851112440843,0.2851602600661572,2.3976276681210535,2.393668894350105,11.773013350726227
clarify,18,1,3.2638851112440843,0.2851602600661572,2.404867903351292,2.3921625506975603,11.773013350726227
dependency,18,1,3.2638851112440843,0.2851602600661572,2.4165761319923273,2.389684649183204,11.773013350726227
features,39,11,7.071751074362182,3.1367628607277287,0.8021379140512153,2.379246035579338,6.487621225397152
quality,127,55,23.028522729333258,15.683814303638645,0.3782774852082724,2.3724232053035172,5.927442878488325
sites,28,6,5.077154617490798,1.710961560396943,1.0190587301971883,2.3664197168432115,7.213235582103213
access,257,127,46.60102631054054,36.21535302840196,0.254746673368361,2.365328737758609,5.547216835391822
decisions,32,8,5.802462419989483,2.2812820805292575,0.9236368329454043,2.363877214196833,6.5861406846651125
feeding,85,0,15.412790803097064,0.0,5.826219918666294,2.3397431320589677,83.67047525536013
specialty,17,1,3.082558160619413,0.2851602600661572,2.3095711761221374,2.338351316257049,10.899823156022459
committee's,17,1,3.082558160619413,0.2851602600661572,2.336330119208206,2.3337578968329313,10.899823156022459
specifies,17,1,3.082558160619413,0.2851602600661572,2.3492942836670956,2.3314300135315293,10.899823156022459
stratification,17,1,3.082558160619413,0.2851602600661572,2.350746552345285,2.3311651347446802,10.899823156022459
markers,20,3,3.626539012493427,0.8554807801984715,1.3954468205726744,2.3250995231071556,7.544974463650472
idea,47,15,8.522366679359553,4.277403900992358,0.6807643279757079,2.3228266039354377,6.003433241287695
mitochondrial,76,0,13.780848247475022,0.0,5.704437010526787,2.3019803275755217,74.81124846361611
specimen,16,1,2.9012312099947417,0.2851602600661572,2.285932134186803,2.2677736400583086,10.03317962371869
documentation,17,2,3.082558160619413,0.5703205201323144,1.6759159980793594,2.2671657882286995,7.72697164550044
alongside,16,1,2.9012312099947417,0.2851602600661572,2.2902640834337564,2.2671133944994892,10.03317962371869
baseline,71,0,12.874213494351665,0.0,5.64637290585795,2.2670963529625867,69.88945580153612
epidemiology,17,2,3.082558160619413,0.5703205201323144,1.6547098125568276,2.2630579812197906,7.72697164550044
assistive,17,2,3.082558160619413,0.5703205201323144,1.653361205422696,2.262785583111665,7.72697164550044
text,17,2,3.082558160619413,0.5703205201323144,1.641991180571102,2.260435410282239,7.72697164550044
expectations,19,3,3.4452120618687556,0.8554807801984715,1.3820278904737453,2.2498020758299506,6.8468721823745575
central,26,6,4.714500716241456,1.710961560396943,1.0080777135376797,2.245647631470983,6.0475038192933415
endpoints,84,0,15.231463852472393,0.0,5.9534028720647445,2.2302591470551287,82.68611672294412
section,31,8,5.621135469364812,2.2812820805292575,0.8404603978866518,2.2090672125037405,6.054438982148152
median,15,1,2.7199042593700704,0.2851602600661572,2.183704506673479,2.2037094524874563,9.173902598934339
supplements,21,4,3.807865963118098,1.1406410402646288,1.1752738046455775,2.2020157926224155,6.247465975872933
digestive,15,1,2.7199042593700704,0.2851602600661572,2.236033890844265,2.1976687998507876,9.173902598934339
mucosal,15,1,2.7199042593700704,0.2851602600661572,2.240418118711627,2.19711071578217,9.173902598934339
medicine,21,4,3.807865963118098,1.1406410402646288,1.153464570547718,2.186845548957214,6.247465975872933
reproducible,16,2,2.9012312099947417,0.5703205201323144,1.6209768063599395,2.179327156470073,6.971496450908904
irritability,16,2,2.9012312099947417,0.5703205201323144,1.605212832175205,2.175781974828848,6.971496450908904
feasibility,16,2,2.9012312099947417,0.5703205201323144,1.590429794972076,2.1722892238849383,6.971496450908904
heterogeneity,32,9,5.802462419989483,2.566442340595415,0.8069490453701755,2.1630716607562834,5.352422960502359
trajectory,49,17,8.885020580608895,4.847724421124672,0.6023325652044313,2.159194077275533,5.0543658057658565
entry,18,3,3.2638851112440843,0.8554807801984715,1.3307874685036634,2.15512027611142,6.163141289277885
timely,34,10,6.165116321238826,2.8516026006615713,0.7697649936304609,2.1548061796858113,5.20229676412707
deliverable,78,0,14.143502148724364,0.0,5.9506513781689625,2.1509805744954322,76.77996552844812
hud,18,3,3.2638851112440843,0.8554807801984715,1.2842557574693743,2.131806566918264,6.163141289277885
principal,14,1,2.538577308745399,0.2851602600661572,2.10968742001306,2.1297928418518377,8.322976341285973
dementia,14,1,2.538577308745399,0.2851602600661572,2.131666793519196,2.1281822959970227,8.322976341285973
adopt,14,1,2.538577308745399,0.2851602600661572,2.162837437292273,2.1255344807715946,8.322976341285973
comprehension,14,1,2.538577308745399,0.2851602600661572,2.1686280472807233,2.124996510080558,8.322976341285973
proposed,20,4,3.626539012493427,1.1406410402646288,1.1451472692937683,2.115774057371817,5.619663387941449
movement,20,4,3.626539012493427,1.1406410402646288,1.1442099281722538,2.115119748731685,5.619663387941449
folate,66,0,11.967578741228309,0.0,5.759345204224271,2.1070030968534392,64.96766313945609
statement,20,4,3.626539012493427,1.1406410402646288,1.1260415432590065,2.1022293993698256,5.619663387941449
estimates,40,13,7.253078024986854,3.707083380860043,0.654559851601924,2.085137469808228,4.89058807014316
match,15,2,2.7199042593700704,0.5703205201323144,1.5456817810911083,2.082087485387436,6.229934426236778
autism-specific,22,5,3.9891929137427695,1.4258013003307857,1.0191041013841105,2.080153266240573,5.230232477530223
window,15,2,2.7199042593700704,0.5703205201323144,1.5369447354197803,2.0797326109532785,6.229934426236778
reduction,15,2,2.7199042593700704,0.5703205201323144,1.5236970149266202,2.0760508521488408,6.229934426236778
abnormal,15,2,2.7199042593700704,0.5703205201323144,1.522384934093889,2.075678864368605,6.229934426236778
explicit,17,3,3.082558160619413,0.8554807801984715,1.2812157108570155,2.057958826733745,5.495304612735429
sufficient,17,3,3.082558160619413,0.8554807801984715,1.2721061782921037,2.0532750889352562,5.495304612735429
span,13,1,2.357250358120728,0.2851602600661572,1.9788032290393947,2.0509503258797848,7.481596677481745
rule,13,1,2.357250358120728,0.2851602600661572,2.0240581421844883,2.0502145429555436,7.481596677481745
suspected,13,1,2.357250358120728,0.2851602600661572,2.0483143904578043,2.04942113355554,7.481596677481745
impaired,13,1,2.357250358120728,0.2851602600661572,2.052425582034852,2.049259704274432,7.481596677481745
pathology,13,1,2.357250358120728,0.2851602600661572,2.076106269004427,2.0481802914326797,7.481596677481745
count,15,2,2.7199042593700704,0.5703205201323144,1.4253989579077562,2.0443987424707797,6.229934426236778
align,17,3,3.082558160619413,0.8554807801984715,1.2413400998825246,2.036841831827285,5.495304612735429
second,17,3,3.082558160619413,0.8554807801984715,1.2154556105845096,2.0222670727822196,5.495304612735429
housing,75,31,13.59952129685035,8.839968062050872,0.42408858160712093,2.0106920497265257,4.293814118298876
stability,52,0,9.429001432482911,0.0,5.54555989235438,2.00371680881465,51.18664368563208
patterns,47,17,8.522366679359553,4.847724421124672,0.5562546701760827,1.989262280567758,4.2985253642881265
fmt,14,2,2.538577308745399,0.5703205201323144,1.4925023851811705,1.9857428716046668,5.504089676220067
geriatric,14,2,2.538577308745399,0.5703205201323144,1.4918202946934311,1.9855412579285292,5.504089676220067
make,80,34,14.506156049973708,9.695448842249345,0.40326120393380993,1.9844811002877079,4.067375085289591
complete,19,4,3.4452120618687556,1.1406410402646288,1.0558105482747981,1.9835120335543643,5.008545045651051
exclusion,14,2,2.538577308745399,0.5703205201323144,1.4803190861919333,1.982088182105607,5.504089676220067
delayed,21,5,3.807865963118098,1.4258013003307857,0.9764374079893674,1.980247782150961,4.664119168848792
parts,14,2,2.538577308745399,0.5703205201323144,1.4736356619867745,1.98003489816707,5.504089676220067
redox,67,0,12.14890569185298,0.0,5.973342700544619,1.9783793773403882,65.9520216718721
developmental,126,58,22.84719577870859,16.539295083837114,0.3070504106277294,1.9758591658958373,4.298992154925241
onset,14,2,2.538577308745399,0.5703205201323144,1.4487738522623843,1.9720918362395312,5.504089676220067
observation,21,5,3.807865963118098,1.4258013003307857,0.9659774713503264,1.9706026271441228,4.664119168848792
candidate,35,0,6.346443271863497,0.0,4.960842909061308,1.9696344300408337,34.45254863456005
abnormalities,14,2,2.538577308745399,0.5703205201323144,1.439185708720201,1.9688985364525098,5.504089676220067
confirmed,12,1,2.175923407496056,0.2851602600661572,1.966079548166297,1.9636451105592578,6.651236381205081
produced,12,1,2.175923407496056,0.2851602600661572,1.951333551085849,1.9635793837465918,6.651236381205081
internal,12,1,2.175923407496056,0.2851602600661572,1.9893934558905642,1.963538536111708,6.651236381205081
advise,12,1,2.175923407496056,0.2851602600661572,1.9991851189833856,1.9634180353065513,6.651236381205081
causation,12,1,2.175923407496056,0.2851602600661572,2.009092280681827,1.9632511333626315,6.651236381205081
reliability,12,1,2.175923407496056,0.2851602600661572,2.009092280681827,1.9632511333626315,6.651236381205081
daytime,12,1,2.175923407496056,0.2851602600661572,2.0133741929602227,1.9631651014664446,6.651236381205081
polypharmacy,12,1,2.175923407496056,0.2851602600661572,2.0220038867698467,1.962966414571335,6.651236381205081
expected,12,1,2.175923407496056,0.2851602600661572,1.9010652879949106,1.9625581727637227,6.651236381205081
consolidated,57,0,10.335636185606267,0.0,5.754764932034397,1.9608524161640055,56.10843634771209
lend,12,1,2.175923407496056,0.2851602600661572,1.854866342955079,1.9604941336042236,6.651236381205081
accountable,64,0,11.604924839978967,0.0,5.942346312662244,1.953538136229201,62.99894607462411
date,21,5,3.807865963118098,1.4258013003307857,0.9449009014372773,1.9506985901433642,4.664119168848792
users,16,3,2.9012312099947417,0.8554807801984715,1.211735774107872,1.9466156113887427,4.845141227915978
adapted,16,3,2.9012312099947417,0.8554807801984715,1.202867495861165,1.9416157742278395,4.845141227915978
analysis,46,16,8.34103972873488,4.562564161058515,0.5344919604187615,1.9391261971534939,4.711399395030636
appropriations,27,0,4.8958276668661265,0.0,4.569823709880182,1.9375834480928178,26.57768037523204
stabilization,62,0,11.242270938729623,0.0,5.940869775338297,1.923679501495903,61.03022900979209
demonstration,25,0,4.533173765616784,0.0,4.458524777046547,1.9231058060557027,24.608963310400036
appropriate,92,41,16.68207945746976,11.691570662712444,0.35766188567588486,1.916840852990958,3.734289865403774
nimh,16,3,2.9012312099947417,0.8554807801984715,1.153148796927626,1.9120816794553908,4.845141227915978
title,13,0,2.357250358120728,0.0,3.0713532151391227,1.9120433706430755,12.79666092140802
measurable,52,0,9.429001432482911,0.0,5.691172978461846,1.9119341908287886,51.18664368563208
outcomes,292,154,52.94746958240403,43.9146800501882,0.18847548278555237,1.908807858762161,3.591892792005396
life,134,64,24.29781138370596,18.25025664423406,0.28422033696240856,1.88969094326963,3.6592924888552716
rehabilitation,16,3,2.9012312099947417,0.8554807801984715,1.1167759794986658,1.8888129647900067,4.845141227915978
susceptibility,31,0,5.621135469364812,0.0,4.924734733916249,1.87363715028638,30.515114504896044
decision-making,13,2,2.357250358120728,0.5703205201323144,1.40187082475485,1.8724892858492592,4.796142287183476
settled,11,1,1.9945964568713848,0.2851602600661572,1.9380176481485876,1.8720409984438775,5.833737954529174
excitability,11,1,1.9945964568713848,0.2851602600661572,1.9365804482481916,1.8720207014269674,5.833737954529174
financing,11,1,1.9945964568713848,0.2851602600661572,1.930856399590322,1.8719302915025853,5.833737954529174
stressors,11,1,1.9945964568713848,0.2851602600661572,1.9251715771638818,1.8718252960441035,5.833737954529174
repeated,11,1,1.9945964568713848,0.2851602600661572,1.922343721437148,1.8717673984211174,5.833737954529174
operate,11,1,1.9945964568713848,0.2851602600661572,1.906960916789389,1.8713859898580911,5.833737954529174
publicly,13,2,2.357250358120728,0.5703205201323144,1.3920621410128682,1.8690038916039622,4.796142287183476
assessed,11,1,1.9945964568713848,0.2851602600661572,1.7932962807386925,1.8649415845971018,5.833737954529174
assay,52,0,9.429001432482911,0.0,5.780599182755961,1.8570569005620365,51.18664368563208
percent,10,0,1.8132695062467135,0.0,2.322451955061819,1.8468136223619434,9.843585324160015
postural,15,3,2.7199042593700704,0.8554807801984715,1.1580312406958875,1.8399501652759094,4.2147475409560915
launch,22,0,3.9891929137427695,0.0,4.402528512482172,1.8319127564474045,21.655887713152033
connect,15,3,2.7199042593700704,0.8554807801984715,1.1433168020431292,1.8311458844291792,4.2147475409560915
target,39,14,7.071751074362182,3.9922436409262003,0.5593886809951796,1.8223464417862971,3.64846123325297
workforce,105,49,19.03932981559049,13.972852743241702,0.3129721479707701,1.8190145671295612,3.309333981953273
point,24,7,4.351846814992112,1.9961218204631002,0.7665646271320847,1.8093530236599815,3.7357278824878195
osep,26,0,4.714500716241456,0.0,4.749652476163728,1.8062238563300779,25.59332184281604
appendix,10,0,1.8132695062467135,0.0,2.5672099332030935,1.804907824451219,9.843585324160015
delivered,26,8,4.714500716241456,2.2812820805292575,0.722627352657911,1.802203773072275,3.6117523433195977
stated,17,4,3.082558160619413,1.1406410402646288,0.9922732941719516,1.797828189607605,3.8431920187627764
account,26,8,4.714500716241456,2.2812820805292575,0.7174747041512717,1.794970826154679,3.6117523433195977
congress,22,6,3.9891929137427695,1.710961560396943,0.7972919672529102,1.7926265781130932,3.8985628696492443
prompt,10,1,1.8132695062467135,0.2851602600661572,1.837190167884044,1.7723219835350938,5.031448873777789
budgetary,10,1,1.8132695062467135,0.2851602600661572,1.8343672135815936,1.7721512664833003,5.031448873777789
shape,10,1,1.8132695062467135,0.2851602600661572,1.832959399325711,1.7720646814306402,5.031448873777789
suicidality,10,1,1.8132695062467135,0.2851602600661572,1.8287505156658597,1.7718000595707144,5.031448873777789
establishing,10,1,1.8132695062467135,0.2851602600661572,1.7759364360191476,1.767732229669781,5.031448873777789
build,30,10,5.439808518740141,2.8516026006615713,0.6379687680440966,1.7673261822674198,3.4425213159854984
injury,10,1,1.8132695062467135,0.2851602600661572,1.76164516041894,1.7663883176302828,5.031448873777789
succession,12,2,2.175923407496056,0.5703205201323144,1.3392867853522805,1.7628625087634076,4.108760859518592
organized,19,5,3.4452120618687556,1.4258013003307857,0.8777858441652526,1.7613565160064106,3.5885770483734394
emerging,32,11,5.802462419989483,3.1367628607277287,0.6091962445097323,1.761169838364256,3.3854914727234586
commitment,12,2,2.175923407496056,0.5703205201323144,1.3254806640876957,1.7574927064265222,4.108760859518592
component,34,12,6.165116321238826,3.421923120793886,0.5843664461568387,1.7569838350309364,3.3417491895704305
reflect,34,12,6.165116321238826,3.421923120793886,0.5819228687821019,1.7524072328955227,3.3417491895704305
milestones,12,2,2.175923407496056,0.5703205201323144,1.298024980875228,1.746357218190833,4.108760859518592
agreement,12,2,2.175923407496056,0.5703205201323144,1.2967736757763983,1.7458350501813158,4.108760859518592
integration,36,13,6.527770222488169,3.707083380860043,0.5565734795615418,1.7423250864804236,3.3087148018876746
biology,84,38,15.231463852472393,10.836089882513974,0.33693987693825544,1.742114458052748,3.153344422349992
implications,12,2,2.175923407496056,0.5703205201323144,1.2461499023739293,1.7236127626143096,4.108760859518592
missed,23,7,4.17051986436744,1.9961218204631002,0.7397020277671329,1.7213589481070446,3.272883204461068
comparative,13,0,2.357250358120728,0.0,3.5984313817422837,1.720689069116998,12.79666092140802
metabolomics,14,3,2.538577308745399,0.8554807801984715,1.0891817565035922,1.720296699029149,3.6066177910516064
continuity,14,3,2.538577308745399,0.8554807801984715,1.0879306058161315,1.7195014230090386,3.6066177910516064
exercise,14,3,2.538577308745399,0.8554807801984715,1.0771880441792892,1.7126058716338086,3.6066177910516064
carry,37,0,6.7090971731128395,0.0,5.505174687987655,1.7118783628776544,36.42126569939205
projects,79,32,14.324829099349035,9.12512832211703,0.3241299314646806,1.7108141281104683,4.903923960130207
complex,51,21,9.247674481858239,5.9883654613893,0.434741461343946,1.688943798136836,2.9655324544903507
psychiatry,10,0,1.8132695062467135,0.0,3.0411501618140697,1.6857502432450224,9.843585324160015
investigation,27,9,4.8958276668661265,2.566442340595415,0.6431276915742474,1.6846845562582955,3.098269184386945
substantial,29,10,5.258481568115469,2.8516026006615713,0.608877479743219,1.6746444452664249,3.0420259540581434
signaling,28,0,5.077154617490798,0.0,5.132175271309681,1.6728000078799823,27.56203890764805
tachycardia,9,1,1.6319425556220422,0.2851602600661572,1.7405190983708625,1.6632960487396087,4.247425015216061
gait,9,1,1.6319425556220422,0.2851602600661572,1.7405190983708625,1.6632960487396087,4.247425015216061
judgment,9,1,1.6319425556220422,0.2851602600661572,1.7196319079634765,1.661043519607875,4.247425015216061
secretary,27,9,4.8958276668661265,2.566442340595415,0.6280858852805444,1.660969476198227,3.098269184386945
infectious,9,1,1.6319425556220422,0.2851602600661572,1.715519554091486,1.6605740074289985,4.247425015216061
metrics,9,1,1.6319425556220422,0.2851602600661572,1.7141534948609838,1.6604161334177634,4.247425015216061
expansion,16,4,2.9012312099947417,1.1406410402646288,0.9102892882348765,1.6597888022631169,3.2930703423325562
warrant,9,1,1.6319425556220422,0.2851602600661572,1.7087126888716462,1.6597778652368615,4.247425015216061
real,9,1,1.6319425556220422,0.2851602600661572,1.706006242702653,1.6594547081244064,4.247425015216061
syndromic,9,1,1.6319425556220422,0.2851602600661572,1.6992803748027825,1.6586352633947758,4.247425015216061
phenotyping,37,0,6.7090971731128395,0.0,5.610273929708099,1.655249992249923,36.42126569939205
taken,9,1,1.6319425556220422,0.2851602600661572,1.6387198746870961,1.6501840619036354,4.247425015216061
cdmrp,33,0,5.983789370614154,0.0,5.442156645369766,1.649293202049358,32.483831569728046
approved,18,5,3.2638851112440843,1.4258013003307857,0.8290235163075224,1.649046080606385,3.082770515855131
neuroscience,9,1,1.6319425556220422,0.2851602600661572,1.6215524177872052,1.6474281435807823,4.247425015216061
duplication,18,5,3.2638851112440843,1.4258013003307857,0.816091655358985,1.6356821323361472,3.082770515855131
uncertainty,11,2,1.9945964568713848,0.5703205201323144,1.247247059839875,1.6356277689092227,3.4452606689820167
weight,11,2,1.9945964568713848,0.5703205201323144,1.2137974004526821,1.6205857484736559,3.4452606689820167
balance,11,2,1.9945964568713848,0.5703205201323144,1.2034069109342358,1.6157231506011078,3.4452606689820167
neurology,27,0,4.8958276668661265,0.0,5.190882884165597,1.6133710064562394,26.57768037523204
integrated,20,6,3.626539012493427,1.710961560396943,0.7270661353185295,1.5948014202231502,2.9357013919053365
timeline,13,3,2.357250358120728,0.8554807801984715,1.0160597206381858,1.5932461888306804,3.0237519096466707
translate,13,3,2.357250358120728,0.8554807801984715,1.009142624891286,1.5885146478628056,3.0237519096466707
minimally,24,8,4.351846814992112,2.2812820805292575,0.6430584483042789,1.5882084732061443,2.754017052788395
return,13,3,2.357250358120728,0.8554807801984715,1.0083338898527359,1.5879581167753245,3.0237519096466707
biospecimens,13,3,2.357250358120728,0.8554807801984715,0.9995067999052054,1.5818382203290922,3.0237519096466707
recommended,17,4,3.082558160619413,1.1406410402646288,0.7643029230072802,1.579648818368045,3.8431920187627764
digital,13,3,2.357250358120728,0.8554807801984715,0.9959317390068154,1.5793357645475377,3.0237519096466707
comparable,22,0,3.9891929137427695,0.0,4.922566054626918,1.5792864236478874,21.655887713152033
nichd,13,0,2.357250358120728,0.0,3.9676156147364114,1.5773080643395916,12.79666092140802
materials,24,8,4.351846814992112,2.2812820805292575,0.6348642020972077,1.5760844141597707,2.754017052788395
contents,13,3,2.357250358120728,0.8554807801984715,0.9845513173039695,1.571277553604728,3.0237519096466707
plan,180,93,32.63885111244084,26.519904186152615,0.19689270168671058,1.571004226873758,2.6976730018677095
incidence,13,0,2.357250358120728,0.0,3.998018910610206,1.5654092745143384,12.79666092140802
dollars,13,3,2.357250358120728,0.8554807801984715,0.9707118002910153,1.561287303119873,3.0237519096466707
workplans,42,0,7.615731926236196,0.0,5.9876884478358425,1.5585715333978072,41.34305836147206
dashboard,42,0,7.615731926236196,0.0,5.9876884478358425,1.5585715333978072,41.34305836147206
harmonized,39,0,7.071751074362182,0.0,5.8901619357446755,1.5512027239580355,38.38998276422406
sustained,15,4,2.7199042593700704,1.1406410402646288,0.8664194254649953,1.5511735387403027,2.767988465144759
causal,15,4,2.7199042593700704,1.1406410402646288,0.8643951055341166,1.549363796812243,2.767988465144759
director,7,0,1.2692886543726996,0.0,1.6582965560793799,1.5463486315529404,6.890509726912012
advanced,15,4,2.7199042593700704,1.1406410402646288,0.8603677651445523,1.5457475988511324,2.767988465144759
total,23,7,4.17051986436744,1.9961218204631002,0.6143876792093765,1.5451860556965156,3.272883204461068
treating,15,4,2.7199042593700704,1.1406410402646288,0.8586503906773295,1.5441991521639724,2.767988465144759
autoantibodies,32,0,5.802462419989483,0.0,5.603854349252093,1.542464505274135,31.499473037312054
exertion,8,1,1.4506156049973709,0.2851602600661572,1.6243320336030607,1.5414426083342039,3.485748225454452
tolerability,8,1,1.4506156049973709,0.2851602600661572,1.6243320336030607,1.5414426083342039,3.485748225454452
rsa,12,0,2.175923407496056,0.0,3.898587024318097,1.5413574477088503,11.812302388992018
uneven,8,1,1.4506156049973709,0.2851602600661572,1.6229422387435193,1.5412292538415298,3.485748225454452
sudden,8,1,1.4506156049973709,0.2851602600661572,1.6229422387435193,1.5412292538415298,3.485748225454452
autism's,8,1,1.4506156049973709,0.2851602600661572,1.6215549316780304,1.5410152822046586,3.485748225454452
prioritization,8,1,1.4506156049973709,0.2851602600661572,1.6174078573822221,1.5403696934433933,3.485748225454452
foundational,8,1,1.4506156049973709,0.2851602600661572,1.616030421818854,1.5401532821703638,3.485748225454452
pointing,8,1,1.4506156049973709,0.2851602600661572,1.6132828873120602,1.5397186542174457,3.485748225454452
weakness,8,1,1.4506156049973709,0.2851602600661572,1.6132828873120602,1.5397186542174457,3.485748225454452
imbalance,8,1,1.4506156049973709,0.2851602600661572,1.6105450830344772,1.5392816378869778,3.485748225454452
interacting,8,1,1.4506156049973709,0.2851602600661572,1.6037427379301334,1.538178794339741,3.485748225454452
imitation,8,1,1.4506156049973709,0.2851602600661572,1.6010385065356267,1.5377335935949703,3.485748225454452
continuum,8,1,1.4506156049973709,0.2851602600661572,1.6010385065356267,1.5377335935949703,3.485748225454452
inflammation,8,1,1.4506156049973709,0.2851602600661572,1.598343731770722,1.5372861035016097,3.485748225454452
significance,8,1,1.4506156049973709,0.2851602600661572,1.5889856405362544,1.5357021666339956,3.485748225454452
understood,8,1,1.4506156049973709,0.2851602600661572,1.5810541605679909,1.5343230730705375,3.485748225454452
covering,8,1,1.4506156049973709,0.2851602600661572,1.5745067085325477,1.5331591340789288,3.485748225454452
supplementation,8,1,1.4506156049973709,0.2851602600661572,1.5513898779636364,1.5288632059788667,3.485748225454452
output,17,0,3.082558160619413,0.0,4.591271695775557,1.5280593542996976,16.734095051072025
document,15,4,2.7199042593700704,1.1406410402646288,0.8403696706861812,1.52747761469541,2.767988465144759
comments,8,1,1.4506156049973709,0.2851602600661572,1.5400895238552188,1.5266561783775896,3.485748225454452
dbp,8,1,1.4506156049973709,0.2851602600661572,1.5204071413118463,1.5226416251496155,3.485748225454452
fit,8,1,1.4506156049973709,0.2851602600661572,1.5204071413118463,1.5226416251496155,3.485748225454452
operational,38,0,6.890424123737511,0.0,5.911758615709122,1.5202813228264676,37.405624231808055
recommends,15,4,2.7199042593700704,1.1406410402646288,0.8315819258989539,1.5192823010232515,2.767988465144759
devices,17,5,3.082558160619413,1.4258013003307857,0.7622839277118363,1.5154861574210003,2.601148382063535
timeliness,10,2,1.8132695062467135,0.5703205201323144,1.1586079802911264,1.5025411900300256,2.8098316939707244
compact,39,0,7.071751074362182,0.0,5.987635027941589,1.5018637101479622,38.38998276422406
publish,31,0,5.621135469364812,0.0,5.637966220385148,1.5015694685160605,30.515114504896044
microglial,10,2,1.8132695062467135,0.5703205201323144,1.156059774308419,1.501310518009053,2.8098316939707244
actionable,10,2,1.8132695062467135,0.5703205201323144,1.1528882156335385,1.4997712288744744,2.8098316939707244
informed,19,6,3.4452120618687556,1.710961560396943,0.6944600057451682,1.4973757943477628,2.487961859361458
authorization,10,2,1.8132695062467135,0.5703205201323144,1.1415947896054366,1.4942215882689953,2.8098316939707244
generate,10,2,1.8132695062467135,0.5703205201323144,1.140973002399793,1.493912919814433,2.8098316939707244
rely,21,7,3.807865963118098,1.9961218204631002,0.6485530979681204,1.4931427138960656,2.409764921189847
authorized,10,0,1.8132695062467135,0.0,3.6509510337648905,1.4914230040834195,9.843585324160015
characterized,21,7,3.807865963118098,1.9961218204631002,0.6456817267681538,1.4892129360338444,2.409764921189847
fiscal,12,0,2.175923407496056,0.0,4.039174315136874,1.488509470418374,11.812302388992018
longer,10,2,1.8132695062467135,0.5703205201323144,1.1250094017839274,1.4858758341170497,2.8098316939707244
pharmacologic,14,0,2.538577308745399,0.0,4.342562342377374,1.4852300231768047,13.781019453824024
routine,21,7,3.807865963118098,1.9961218204631002,0.6422279471369858,1.4844655340264246,2.409764921189847
requiring,23,8,4.17051986436744,2.2812820805292575,0.6061864139336448,1.4838883845126396,2.355699697515318
differential,29,0,5.258481568115469,0.0,5.571396997363548,1.4837234599774665,28.54639744006404
napti,38,0,6.890424123737511,0.0,5.987617221947494,1.4824796030437224,37.405624231808055
comparative-effectiveness,38,0,6.890424123737511,0.0,5.987617221947494,1.4824796030437224,37.405624231808055
payment,21,0,3.807865963118098,0.0,5.063999753669415,1.4789190153936291,20.67152918073603
aim,10,2,1.8132695062467135,0.5703205201323144,1.09478539295948,1.470058016010207,2.8098316939707244
applied,21,7,3.807865963118098,1.9961218204631002,0.6299614453556908,1.467421818090847,2.409764921189847
regulation,29,11,5.258481568115469,3.1367628607277287,0.5143324970456762,1.4648746725532042,2.281329856039914
biomarker-defined,37,0,6.7090971731128395,0.0,5.987599416272044,1.4628388944969637,36.42126569939205
simply,12,3,2.175923407496056,0.8554807801984715,0.9350001518201196,1.4557631342302244,2.4698027567494174
civil,13,0,2.357250358120728,0.0,4.282749184337645,1.4543344114729206,12.79666092140802
supervision,12,3,2.175923407496056,0.8554807801984715,0.9318241775102241,1.4534384771978728,2.4698027567494174
synaptic,14,0,2.538577308745399,0.0,4.427642327015137,1.4512524080037794,13.781019453824024
analytic,12,3,2.175923407496056,0.8554807801984715,0.9223966343037766,1.446473016277163,2.4698027567494174
register,25,0,4.533173765616784,0.0,5.4232969308410865,1.4440018107007713,24.608963310400036
overlap,12,3,2.175923407496056,0.8554807801984715,0.9188995412240075,1.4438643744475483,2.4698027567494174
figures,8,0,1.4506156049973709,0.0,3.2772633031987386,1.4436297052375127,7.8748682593280135
initiated,12,3,2.175923407496056,0.8554807801984715,0.9073897579613774,1.4351829817205024,2.4698027567494174
alignment,18,0,3.2638851112440843,0.0,4.929431161450708,1.425557797926665,17.718453583488028
work,111,56,20.127291519338517,15.968974563704801,0.23046908387457954,1.4198610074268359,2.040988517511508
immediate,14,4,2.538577308745399,1.1406410402646288,0.7997237321261448,1.4194067580883174,2.27102705295251
extend,14,4,2.538577308745399,1.1406410402646288,0.7969000437686837,1.4167582228611326,2.27102705295251
classified,15,0,2.7199042593700704,0.0,4.639428082880684,1.415882694884968,14.765377986240022
addm,25,9,4.533173765616784,2.566442340595415,0.5341578466979762,1.4154108814729929,2.319000493672151
altered,14,4,2.538577308745399,1.1406410402646288,0.7879603986356418,1.4083033013993578,2.27102705295251
intellectually,7,1,1.2692886543726996,0.2851602600661572,1.4910420051500086,1.403755852193317,2.7520448381100335
burnout,7,1,1.2692886543726996,0.2851602600661572,1.489680945475076,1.4034700779274338,2.7520448381100335
epileptic,7,1,1.2692886543726996,0.2851602600661572,1.4869662442890554,1.4028971011387485,2.7520448381100335
generating,7,1,1.2692886543726996,0.2851602600661572,1.4869662442890554,1.4028971011387485,2.7520448381100335
replace,7,1,1.2692886543726996,0.2851602600661572,1.4869662442890554,1.4028971011387485,2.7520448381100335
implementation-ready,34,0,6.165116321238826,0.0,5.987546001157437,1.4022686382651,33.46819010214405
precisely,7,1,1.2692886543726996,0.2851602600661572,1.4829126185294523,1.402034103744553,2.7520448381100335
adherence,7,1,1.2692886543726996,0.2851602600661572,1.4829126185294523,1.402034103744553,2.7520448381100335
speech-generating,7,1,1.2692886543726996,0.2851602600661572,1.4802223933902976,1.4014564469153414,2.7520448381100335
overlapping,7,1,1.2692886543726996,0.2851602600661572,1.47754184907709,1.4008769532779313,2.7520448381100335
solely,7,1,1.2692886543726996,0.2851602600661572,1.470882438163791,1.399420312579512,2.7520448381100335
electrical,7,1,1.2692886543726996,0.2851602600661572,1.470882438163791,1.399420312579512,2.7520448381100335
retain,7,1,1.2692886543726996,0.2851602600661572,1.466915253935392,1.3985410035540113,2.7520448381100335
cumulative,7,1,1.2692886543726996,0.2851602600661572,1.4525479365293048,1.3952838555314506,2.7520448381100335
methylation,17,0,3.082558160619413,0.0,4.911559767313847,1.3927484955601377,16.734095051072025
methods,91,45,16.500752506845092,12.832211702977073,0.251521926076153,1.3921538376696794,1.9541479035909894
employers,7,1,1.2692886543726996,0.2851602600661572,1.4346574990414922,1.3910670548080508,2.7520448381100335
enzyme,29,0,5.258481568115469,0.0,5.771623075953882,1.3906180996614206,28.54639744006404
physiological,16,5,2.9012312099947417,1.4258013003307857,0.7053684050683486,1.389670274271093,2.1463008267913226
actually,22,0,3.9891929137427695,0.0,5.342170343412478,1.3895319748767245,21.655887713152033
heterogeneous,18,6,3.2638851112440843,1.710961560396943,0.6486790780764498,1.382518637915381,2.0655127895912972
self-care,15,0,2.7199042593700704,0.0,4.729043862964888,1.3799869940879887,14.765377986240022
employment,86,42,15.594117753721735,11.9767309227786,0.254491044898443,1.3742139621769323,2.021092150402918
wearable,20,7,3.626539012493427,1.9961218204631002,0.6002323002404317,1.373063733799307,2.0130167521273634
scores,7,1,1.2692886543726996,0.2851602600661572,1.3614491832278013,1.3718940243845628,2.7520448381100335
ihs,7,1,1.2692886543726996,0.2851602600661572,1.3591700493184664,1.3712463022941244,2.7520448381100335
reviewed,8,0,1.4506156049973709,0.0,3.5300377444850515,1.3702000879334606,7.8748682593280135
adverse,20,7,3.626539012493427,1.9961218204631002,0.5956711854480963,1.3666294305344864,2.0130167521273634
hcbs,32,13,5.802462419989483,3.707083380860043,0.4431713006150737,1.3619064833121732,1.9637800180788787
infrastructure,82,40,14.86880995122305,11.406410402646285,0.2590766263936244,1.3616163317545094,1.9428852756903972
praxis,32,0,5.802462419989483,0.0,5.987510392674039,1.360392312176344,31.499473037312054
transfer,9,2,1.6319425556220422,0.5703205201323144,1.0423926860543578,1.3476565324849312,2.207877287073616
cytokine,9,2,1.6319425556220422,0.5703205201323144,1.0417833460112256,1.3473235833778794,2.207877287073616
dose,9,2,1.6319425556220422,0.5703205201323144,1.039958852124066,1.3463247398059845,2.207877287073616
written,9,2,1.6319425556220422,0.5703205201323144,1.0285250297032071,1.3399992067392277,2.207877287073616
tier,31,0,5.621135469364812,0.0,5.987492588910209,1.338963490829917,30.515114504896044
deficits,6,0,1.087961703748028,0.0,2.893439211288202,1.3377516030340284,5.906151194496009
longitudinal,45,20,8.15971277811021,5.703205201323143,0.3559438523737013,1.3370851303686377,1.8518577197959036
nutritional,9,2,1.6319425556220422,0.5703205201323144,1.017296153232083,1.333675522166566,2.207877287073616
assigned,16,5,2.9012312099947417,1.4258013003307857,0.6552595715834357,1.3315801309448445,2.1463008267913226
acid,9,2,1.6319425556220422,0.5703205201323144,1.0108864702588711,1.3300158219931382,2.207877287073616
ocr,25,0,4.533173765616784,0.0,5.680481507880929,1.3299702192436165,24.608963310400036
harmonization,26,0,4.714500716241456,0.0,5.749426664608775,1.3262654678267083,25.59332184281604
circadian,26,0,4.714500716241456,0.0,5.749426664608775,1.3262654678267083,25.59332184281604
iii,10,0,1.8132695062467135,0.0,4.139493413427051,1.3243989980912216,9.843585324160015
rcdc,20,0,3.626539012493427,0.0,5.3468934093622025,1.3228867082359128,19.68717064832003
remained,9,2,1.6319425556220422,0.5703205201323144,0.9942991337488873,1.3203744907616175,2.207877287073616
durability,28,0,5.077154617490798,0.0,5.885829263709332,1.3161155033129108,27.56203890764805
rise,14,0,2.538577308745399,0.0,4.779894473633465,1.3136865515225025,13.781019453824024
hold,9,2,1.6319425556220422,0.5703205201323144,0.9814539059324616,1.3127372727650946,2.207877287073616
obligation,20,0,3.626539012493427,0.0,5.373481126807314,1.3119077658578067,19.68717064832003
missing,11,3,1.9945964568713848,0.8554807801984715,0.8432448882114336,1.3048729943004336,1.9492814348246221
yield,11,3,1.9945964568713848,0.8554807801984715,0.8420985194674948,1.3039699883735327,1.9492814348246221
fall,6,0,1.087961703748028,0.0,3.0543612994432827,1.3027529811942207,5.906151194496009
prevention,28,11,5.077154617490798,3.1367628607277287,0.44938319597518284,1.3005768550599972,1.949813685222324
ninds,9,0,1.6319425556220422,0.0,4.0048349197490225,1.3002336382792439,8.859226791744014
treatable,26,0,4.714500716241456,0.0,5.81182300849045,1.2994782336945108,25.59332184281604
ratio,11,3,1.9945964568713848,0.8554807801984715,0.8352686535523528,1.2985592489525488,1.9492814348246221
billion,9,0,1.6319425556220422,0.0,4.01992496195048,1.2953200317938105,8.859226791744014
sensitivity,11,3,1.9945964568713848,0.8554807801984715,0.8274036125981699,1.292262739610054,1.9492814348246221
posture,20,0,3.626539012493427,0.0,5.428889899222604,1.2892185674363497,19.68717064832003
cerebral,18,0,3.2638851112440843,0.0,5.268416070171828,1.2860450918650277,17.718453583488028
epileptiform,26,0,4.714500716241456,0.0,5.844550818992936,1.2855855063903991,25.59332184281604
scope,11,3,1.9945964568713848,0.8554807801984715,0.8174507137464051,1.2841930734088427,1.9492814348246221
one-carbon,27,0,4.8958276668661265,0.0,5.916081869224669,1.27952923731854,26.57768037523204
characterization,13,4,2.357250358120728,1.1406410402646288,0.7218266159006443,1.2734653105304983,1.8058761716597989
network,47,21,8.522366679359553,5.9883654613893,0.32412302815650307,1.272238316865247,1.8826315820520687
funds,22,8,3.9891929137427695,2.2812820805292575,0.4987759644883525,1.2660320567606835,1.9798389584740788
mature,20,0,3.626539012493427,0.0,5.487569294545152,1.2654741609423343,19.68717064832003
constitute,21,0,3.807865963118098,0.0,5.566945573408561,1.264305992613565,20.67152918073603
directed,13,4,2.357250358120728,1.1406410402646288,0.7057470572000533,1.2573671578002614,1.8058761716597989
integrate,15,5,2.7199042593700704,1.4258013003307857,0.644005886036739,1.2566298544324614,1.7212606579927492
convene,11,0,1.9945964568713848,0.0,4.519241755069082,1.2541921516103953,10.827943856576017
gao,14,0,2.538577308745399,0.0,4.940358872366893,1.2531002900615287,13.781019453824024
resilience,17,6,3.082558160619413,1.710961560396943,0.5903526718054426,1.2501479457486748,1.6708745947852153
privacy,21,8,3.807865963118098,2.2812820805292575,0.5169147703270012,1.2489346142771576,1.6282396231897716
pots,6,1,1.087961703748028,0.2851602600661572,1.3398719195282567,1.246638453469138,2.054380429759296
condition-specific,6,1,1.087961703748028,0.2851602600661572,1.3398719195282567,1.246638453469138,2.054380429759296
stratified,6,1,1.087961703748028,0.2851602600661572,1.3385442123072817,1.2462784242092264,2.054380429759296
electrophysiology,6,1,1.087961703748028,0.2851602600661572,1.3372189774580665,1.2459180783066552,2.054380429759296
causality,6,1,1.087961703748028,0.2851602600661572,1.3372189774580665,1.2459180783066552,2.054380429759296
disclosure,6,1,1.087961703748028,0.2851602600661572,1.335896206920678,1.2455574179469784,2.054380429759296
prolonged,6,1,1.087961703748028,0.2851602600661572,1.335896206920678,1.2455574179469784,2.054380429759296
entitlement,6,1,1.087961703748028,0.2851602600661572,1.334575892673751,1.2451964453033315,2.054380429759296
savings,6,1,1.087961703748028,0.2851602600661572,1.3319426011572162,1.2444735717950843,2.054380429759296
arrangements,6,1,1.087961703748028,0.2851602600661572,1.3280108877176335,1.243386973026499,2.054380429759296
fail,6,1,1.087961703748028,0.2851602600661572,1.3280108877176335,1.243386973026499,2.054380429759296
aggression,19,7,3.4452120618687556,1.9961218204631002,0.5456905384526758,1.242669782791598,1.6422192729931675
rising,6,1,1.087961703748028,0.2851602600661572,1.3241008551277673,1.2422976786747804,2.054380429759296
workup,26,0,4.714500716241456,0.0,5.949725274600816,1.2416759408299127,25.59332184281604
economic,15,5,2.7199042593700704,1.4258013003307857,0.6309335755130903,1.2413084563172123,1.7212606579927492
unnecessary,6,1,1.087961703748028,0.2851602600661572,1.3202122949023263,1.2412057448132012,2.054380429759296
diffusion,6,1,1.087961703748028,0.2851602600661572,1.3163450014890206,1.2401112265734975,2.054380429759296
receptive,6,1,1.087961703748028,0.2851602600661572,1.3150605945308964,1.2397458222496311,2.054380429759296
organizes,6,1,1.087961703748028,0.2851602600661572,1.3150605945308964,1.2397458222496311,2.054380429759296
treat,21,8,3.807865963118098,2.2812820805292575,0.5094467249515322,1.2370972489898424,1.6282396231897716
neuroimmune,25,0,4.533173765616784,0.0,5.910553746482701,1.2334598693594803,24.608963310400036
fetal,6,1,1.087961703748028,0.2851602600661572,1.2800181460265048,1.229408131075562,2.054380429759296
postnatal,6,1,1.087961703748028,0.2851602600661572,1.2715252457324393,1.2267942856667948,2.054380429759296
disabled,6,1,1.087961703748028,0.2851602600661572,1.2703203977857775,1.2264200013324205,2.054380429759296
actual,6,1,1.087961703748028,0.2851602600661572,1.2667183497328693,1.2252958675516776,2.054380429759296
reliably,16,0,2.9012312099947417,0.0,5.235266670420277,1.224981174870615,15.749736518656027
transition-age,6,1,1.087961703748028,0.2851602600661572,1.2655218114542741,1.2249207347305693,2.054380429759296
stand-alone,24,0,4.351846814992112,0.0,5.869786515824054,1.224907953985528,23.624604777984036
analyzed,6,1,1.087961703748028,0.2851602600661572,1.2408614783398875,1.2169972471235455,2.054380429759296
durable,23,0,4.17051986436744,0.0,5.827287971036289,1.2159915648010107,22.640246245568033
constipation,13,0,2.357250358120728,0.0,4.917632453209672,1.2156887236804201,12.79666092140802
responses,6,1,1.087961703748028,0.2851602600661572,1.232833910550097,1.2143381079019158,2.054380429759296
microbial,21,0,3.807865963118098,0.0,5.7001699686833085,1.2111374253470337,20.67152918073603
separately,14,0,2.538577308745399,0.0,5.0733157627752234,1.2040567348386193,13.781019453824024
maturity,19,0,3.4452120618687556,0.0,5.565270643116524,1.2032189057569607,18.702812115904027
pragmatic,19,0,3.4452120618687556,0.0,5.565270643116524,1.2032189057569607,18.702812115904027
minimum,6,0,1.087961703748028,0.0,3.4796995145771152,1.199522246396268,5.906151194496009
usable,24,0,4.351846814992112,0.0,5.94661317481211,1.1941751933481173,23.624604777984036
postsecondary,6,1,1.087961703748028,0.2851602600661572,1.1739003687563887,1.19358276864145,2.054380429759296
project's,18,0,3.2638851112440843,0.0,5.511322271519623,1.191474187457091,17.718453583488028
meant,8,2,1.4506156049973709,0.5703205201323144,0.9359526985967346,1.1891638332092227,1.6465351711662781
concerns,56,27,10.154309234981596,7.699327021786243,0.2761437112375287,1.189138724864637,1.4372747127586294
distinguishing,8,2,1.4506156049973709,0.5703205201323144,0.9347577532886628,1.188451774887633,1.6465351711662781
inconsistent,20,0,3.626539012493427,0.0,5.687756520057256,1.186707459201755,19.68717064832003
recorded,13,0,2.357250358120728,0.0,4.999499408050788,1.186355767028883,12.79666092140802
toolkit,6,0,1.087961703748028,0.0,3.533451387558756,1.1857276570028787,5.906151194496009
competence,8,2,1.4506156049973709,0.5703205201323144,0.9300017569338355,1.1856051287285376,1.6465351711662781
intolerance,23,0,4.17051986436744,0.0,5.904108796586206,1.1855964749710062,22.640246245568033
assistance,23,9,4.17051986436744,2.566442340595415,0.4520055899376594,1.1849334657495474,1.624644012887475
insomnia,8,2,1.4506156049973709,0.5703205201323144,0.928227998731586,1.1845383026906922,1.6465351711662781
tracked,9,0,1.6319425556220422,0.0,4.362293670320971,1.184446241788597,8.859226791744014
reproductive,8,2,1.4506156049973709,0.5703205201323144,0.9252834371153718,1.1827610838536613,1.6465351711662781
perform,8,2,1.4506156049973709,0.5703205201323144,0.9246962713704274,1.1824057651757085,1.6465351711662781
theory,8,2,1.4506156049973709,0.5703205201323144,0.9223533982364902,1.1809849125642062,1.6465351711662781
named,17,0,3.082558160619413,0.0,5.454298763843294,1.1790569104201998,16.734095051072025
explain,8,2,1.4506156049973709,0.5703205201323144,0.9188563532098719,1.178854916613584,1.6465351711662781
enroll,8,2,1.4506156049973709,0.5703205201323144,0.9182755144372159,1.1785000688879586,1.6465351711662781
customized,8,2,1.4506156049973709,0.5703205201323144,0.9182755144372159,1.1785000688879586,1.6465351711662781
signatures,6,0,1.087961703748028,0.0,3.5614961594364427,1.1784856563911617,5.906151194496009
findings,93,48,16.863406408094434,13.687692483175544,0.2061665209443433,1.1731635439569998,1.4070263841563744
captured,8,2,1.4506156049973709,0.5703205201323144,0.9073467301247966,1.171766430537763,1.6465351711662781
presented,8,2,1.4506156049973709,0.5703205201323144,0.9028051256732432,1.1689361690468543,1.6465351711662781
tribal,8,0,1.4506156049973709,0.0,4.20335665870669,1.165023661301933,7.8748682593280135
resolution,15,0,2.7199042593700704,0.0,5.295672238282416,1.164062492331692,14.765377986240022
transparency,15,0,2.7199042593700704,0.0,5.295672238282416,1.164062492331692,14.765377986240022
required,32,14,5.802462419989483,3.9922436409262003,0.3681036944578713,1.162602142000816,1.4231752469392118
language,103,54,18.67667591434115,15.398654043572487,0.19356418568694966,1.162236066671542,1.344509893980666
multisite,10,0,1.8132695062467135,0.0,4.630809098681569,1.15884815303653,9.843585324160015
map,10,0,1.8132695062467135,0.0,4.630809098681569,1.15884815303653,9.843585324160015
attributed,12,0,2.175923407496056,0.0,4.948653295112003,1.1572629882661727,11.812302388992018
served,5,0,0.9066347531233567,0.0,3.214286740034657,1.15518076563181,4.921792662080008
determination,13,0,2.357250358120728,0.0,5.088740285510358,1.154834221523436,12.79666092140802
speech-motor,23,0,4.17051986436744,0.0,5.987350170266891,1.1532978335342596,22.640246245568033
evaluating,8,2,1.4506156049973709,0.5703205201323144,0.8773543821420038,1.1527230566537494,1.6465351711662781
end,8,2,1.4506156049973709,0.5703205201323144,0.8687573122807137,1.1471093929375895,1.6465351711662781
oral-motor,19,0,3.4452120618687556,0.0,5.713351324522913,1.147079858415741,18.702812115904027
wait,10,3,1.8132695062467135,0.8554807801984715,0.7491647144621112,1.1464961838529213,1.4678506959526683
recognizing,10,3,1.8132695062467135,0.8554807801984715,0.7458586033786876,1.1437105093294606,1.4678506959526683
neurologic,20,0,3.626539012493427,0.0,5.805297733021786,1.1420975979041963,19.68717064832003
accuracy,10,3,1.8132695062467135,0.8554807801984715,0.7411190404905117,1.1396946299826614,1.4678506959526683
major,28,12,5.077154617490798,3.421923120793886,0.3879854341014015,1.1384188977974565,1.37118703886871
expressed,10,3,1.8132695062467135,0.8554807801984715,0.7360617489140147,1.1353802802541864,1.4678506959526683
governance,19,0,3.4452120618687556,0.0,5.754088470114631,1.1319655942192703,18.702812115904027
red,6,0,1.087961703748028,0.0,3.7493739108219195,1.1293559341036843,5.906151194496009
modified,10,3,1.8132695062467135,0.8554807801984715,0.7289198718816703,1.1292357929504178,1.4678506959526683
explanation,16,0,2.9012312099947417,0.0,5.502725328594819,1.1263918679214993,15.749736518656027
absence,12,4,2.175923407496056,1.1406410402646288,0.6454543955267482,1.125449289782362,1.3770085263941976
covered,24,10,4.351846814992112,2.8516026006615713,0.4193874027544835,1.125134631548422,1.3289517336774832
handwriting,17,0,3.082558160619413,0.0,5.602339619484441,1.1246521236415603,16.734095051072025
speech-language,14,0,2.538577308745399,0.0,5.295654455939443,1.124587432566537,13.781019453824024
platform,20,8,3.626539012493427,2.2812820805292575,0.46518376897824076,1.118672690444158,1.302935217953725
feasible,14,5,2.538577308745399,1.4258013003307857,0.5792976071824629,1.1175722519738622,1.3296110555725873
jurisdictions,11,0,1.9945964568713848,0.0,4.922370601874789,1.1166797995510376,10.827943856576017
label,19,0,3.4452120618687556,0.0,5.796563228402221,1.1163591153224643,18.702812115904027
respond,12,4,2.175923407496056,1.1406410402646288,0.6357955944921354,1.1153677681902945,1.3770085263941976
intervals,12,0,2.175923407496056,0.0,5.073280215055831,1.1147321156180787,11.812302388992018
formal,14,5,2.538577308745399,1.4258013003307857,0.5756337153104738,1.1131494390300514,1.3296110555725873
ready,16,0,2.9012312099947417,0.0,5.5418453300643105,1.1124260819279508,15.749736518656027
panel,5,0,0.9066347531233567,0.0,3.4115801777723025,1.1107901851387245,4.921792662080008
retained,20,0,3.626539012493427,0.0,5.892147862376589,1.1099232995578336,19.68717064832003
analyses,24,10,4.351846814992112,2.8516026006615713,0.41099505791739066,1.10929542001356,1.3289517336774832
followed,8,2,1.4506156049973709,0.5703205201323144,0.8109922005684123,1.1075377529085293,1.6465351711662781
operating,11,0,1.9945964568713848,0.0,4.953973102432721,1.1062296954367874,10.827943856576017
initiation,11,0,1.9945964568713848,0.0,4.953973102432721,1.1062296954367874,10.827943856576017
establishes,18,0,3.2638851112440843,0.0,5.742586637954213,1.1059040458794733,17.718453583488028
prescribing,21,0,3.807865963118098,0.0,5.987314568791015,1.102007685141608,20.67152918073603
meeting,8,2,1.4506156049973709,0.5703205201323144,0.801443739228981,1.1006775392230428,1.6465351711662781
equipment,14,0,2.538577308745399,0.0,5.369532349555323,1.09892326134122,13.781019453824024
legal,14,5,2.538577308745399,1.4258013003307857,0.5626367705766793,1.0972798695694093,1.3296110555725873
prevent,18,7,3.2638851112440843,1.9961218204631002,0.48212781994123866,1.097139924712437,1.299791550221384
prior,18,7,3.2638851112440843,1.9961218204631002,0.4807819472347177,1.0950892446650138,1.299791550221384
selection,10,0,1.8132695062467135,0.0,4.827510349427886,1.0949063874126093,9.843585324160015
recurrence,10,0,1.8132695062467135,0.0,4.827510349427886,1.0949063874126093,9.843585324160015
abstract,8,0,1.4506156049973709,0.0,4.43496931783344,1.0947820946105458,7.8748682593280135
multicenter,18,0,3.2638851112440843,0.0,5.78694883117611,1.0899995796873216,17.718453583488028
common,67,34,12.14890569185298,9.695448842249345,0.22706199168135743,1.0865619421757848,1.1741654464605116
rest,14,0,2.538577308745399,0.0,5.408638003580057,1.0854929094171133,13.781019453824024
recurrent,14,0,2.538577308745399,0.0,5.408638003580057,1.0854929094171133,13.781019453824024
driver,13,0,2.357250358120728,0.0,5.295636673915865,1.0836759268547602,12.79666092140802
unless,13,0,2.357250358120728,0.0,5.295636673915865,1.0836759268547602,12.79666092140802
physiologic,19,0,3.4452120618687556,0.0,5.88736527273263,1.0835196287639524,18.702812115904027
comparison,16,6,2.9012312099947417,1.710961560396943,0.5083907529978031,1.083503969974307,1.3069674611058595
coding,7,0,1.2692886543726996,0.0,4.227207872818566,1.0829592948347837,6.890509726912012
combine,9,0,1.6319425556220422,0.0,4.692110223274833,1.0802963664171474,8.859226791744014
update,20,8,3.626539012493427,2.2812820805292575,0.4400551357325089,1.0770312327652005,1.302935217953725
neural-circuit,20,0,3.626539012493427,0.0,5.987296768530757,1.075446183013194,19.68717064832003
medicaid,53,26,9.610328383107582,7.414166761720086,0.252314822264208,1.069094843519524,1.2065043157269706
initiate,7,0,1.2692886543726996,0.0,4.276760893676563,1.068836811594918,6.890509726912012
proceed,19,0,3.4452120618687556,0.0,5.936070559155506,1.0661997513415948,18.702812115904027
alpha,17,0,3.082558160619413,0.0,5.776313713294622,1.0629704895766119,16.734095051072025
population-wide,5,1,0.9066347531233567,0.2851602600661572,1.1579087895285518,1.062183395201862,1.4049158469853622
dsp,5,1,0.9066347531233567,0.2851602600661572,1.1579087895285518,1.062183395201862,1.4049158469853622
anesthesia,5,1,0.9066347531233567,0.2851602600661572,1.1579087895285518,1.062183395201862,1.4049158469853622
tele-mentoring,5,1,0.9066347531233567,0.2851602600661572,1.1579087895285518,1.062183395201862,1.4049158469853622
caregiver-reported,5,1,0.9066347531233567,0.2851602600661572,1.1579087895285518,1.062183395201862,1.4049158469853622
charter,5,1,0.9066347531233567,0.2851602600661572,1.1579087895285518,1.062183395201862,1.4049158469853622
realworld,5,1,0.9066347531233567,0.2851602600661572,1.1566347035637232,1.0617482626011363,1.4049158469853622
cutoff,5,1,0.9066347531233567,0.2851602600661572,1.1566347035637232,1.0617482626011363,1.4049158469853622
predictable,5,1,0.9066347531233567,0.2851602600661572,1.155363058287426,1.0613130096545271,1.4049158469853622
moves,5,1,0.9066347531233567,0.2851602600661572,1.155363058287426,1.0613130096545271,1.4049158469853622
transparent,5,1,0.9066347531233567,0.2851602600661572,1.1540938456678695,1.0608776380084968,1.4049158469853622
turnover,5,1,0.9066347531233567,0.2851602600661572,1.1540938456678695,1.0608776380084968,1.4049158469853622
safeguards,5,1,0.9066347531233567,0.2851602600661572,1.1515626864642918,1.0600065451518057,1.4049158469853622
express,5,1,0.9066347531233567,0.2851602600661572,1.1503007240084138,1.0595708271820548,1.4049158469853622
persistent,5,1,0.9066347531233567,0.2851602600661572,1.1490411624650783,1.0591349969948434,1.4049158469853622
flexible,5,1,0.9066347531233567,0.2851602600661572,1.1490411624650783,1.0591349969948434,1.4049158469853622
explicitly,5,1,0.9066347531233567,0.2851602600661572,1.1465292107872784,1.0582630063374248,1.4049158469853622
frame,5,1,0.9066347531233567,0.2851602600661572,1.1440267691452863,1.0573905858176667,1.4049158469853622
boundaries,5,1,0.9066347531233567,0.2851602600661572,1.1402908031994095,1.0560811763000864,1.4049158469853622
nidcd,6,0,1.087961703748028,0.0,4.027505189165836,1.055581145259794,5.906151194496009
pooled,5,1,0.9066347531233567,0.2851602600661572,1.1365758903814882,1.0547708690863948,1.4049158469853622
composition,5,1,0.9066347531233567,0.2851602600661572,1.1365758903814882,1.0547708690863948,1.4049158469853622
comorbidities,10,0,1.8132695062467135,0.0,4.9603986065646986,1.0527195957644606,9.843585324160015
urgency,5,1,0.9066347531233567,0.2851602600661572,1.1292084154502824,1.052147723502694,1.4049158469853622
oxidative,9,0,1.6319425556220422,0.0,4.786884882104941,1.0511055935059452,8.859226791744014
automated,5,1,0.9066347531233567,0.2851602600661572,1.1255554560451486,1.0508349642038226,1.4049158469853622
producing,5,1,0.9066347531233567,0.2851602600661572,1.124342314313635,1.050397211555562,1.4049158469853622
iep,5,1,0.9066347531233567,0.2851602600661572,1.1207163234025064,1.0490834746406745,1.4049158469853622
motor-access,19,0,3.4452120618687556,0.0,5.987278968588937,1.0482121611809476,18.702812115904027
evidentiary,19,0,3.4452120618687556,0.0,5.987278968588937,1.0482121611809476,18.702812115904027
mental-health,19,0,3.4452120618687556,0.0,5.987278968588937,1.0482121611809476,18.702812115904027
expressive,5,1,0.9066347531233567,0.2851602600661572,1.112333143257942,1.0460154709594096,1.4049158469853622
odep,5,1,0.9066347531233567,0.2851602600661572,1.1064105219048876,1.0438219972837186,1.4049158469853622
roughly,10,0,1.8132695062467135,0.0,4.996605402201338,1.0413786592121796,9.843585324160015
heart,5,1,0.9066347531233567,0.2851602600661572,1.0993739440972021,1.0411878390737281,1.4049158469853622
later-life,18,0,3.2638851112440843,0.0,5.933283549157869,1.038712619296887,17.718453583488028
morbidity,6,0,1.087961703748028,0.0,4.099026931237908,1.0365774473805858,5.906151194496009
plan's,6,0,1.087961703748028,0.0,4.099026931237908,1.0365774473805858,5.906151194496009
scientifically,16,0,2.9012312099947417,0.0,5.764485170712291,1.0352164959190369,15.749736518656027
add,5,1,0.9066347531233567,0.2851602600661572,1.0821104452292403,1.0345946294095434,1.4049158469853622
series,5,1,0.9066347531233567,0.2851602600661572,1.0787126080647162,1.0332749024273993,1.4049158469853622
unexplained,14,0,2.538577308745399,0.0,5.582531021742014,1.0270919312337876,13.781019453824024
binding,14,0,2.538577308745399,0.0,5.582531021742014,1.0270919312337876,13.781019453824024
glutathione,14,0,2.538577308745399,0.0,5.582531021742014,1.0270919312337876,13.781019453824024
metabolites,15,0,2.7199042593700704,0.0,5.700063203904579,1.023578775996534,14.765377986240022
deterioration,18,0,3.2638851112440843,0.0,5.987261168965546,1.0202517654773233,17.718453583488028
leucovorin,18,0,3.2638851112440843,0.0,5.987261168965546,1.0202517654773233,17.718453583488028
ndr,18,0,3.2638851112440843,0.0,5.987261168965546,1.0202517654773233,17.718453583488028
clarification,10,0,1.8132695062467135,0.0,5.073244668615958,1.0175994122048588,9.843585324160015
regressive,7,0,1.2692886543726996,0.0,4.472984088190374,1.0133952719884263,6.890509726912012
oversight,13,0,2.357250358120728,0.0,5.508591205171463,1.0133944843677012,12.79666092140802
payer,13,0,2.357250358120728,0.0,5.508591205171463,1.0133944843677012,12.79666092140802
highest,5,1,0.9066347531233567,0.2851602600661572,1.0266778352493873,1.0121385185277878,1.4049158469853622
tied,14,0,2.538577308745399,0.0,5.631206060533332,1.0111365918836865,13.781019453824024
confirmatory,17,0,3.082558160619413,0.0,5.930179828648786,1.0104771072606424,16.734095051072025
incentives,10,0,1.8132695062467135,0.0,5.113905736932278,1.0051110521517086,9.843585324160015
permit,8,0,1.4506156049973709,0.0,4.73834475786958,1.0050343080462603,7.8748682593280135
leaving,6,0,1.087961703748028,0.0,4.2312253711569205,1.001555228838417,5.906151194496009
non-genetic,13,0,2.357250358120728,0.0,5.5572574094432685,0.9977704561135583,12.79666092140802
performed,5,0,0.9066347531233567,0.0,3.894443081411227,0.9958848785755843,4.921792662080008
agents,7,0,1.2692886543726996,0.0,4.537064266071885,0.9954976065789147,6.890509726912012
exist,21,9,3.807865963118098,2.566442340595415,0.39329083932903064,0.995473227002607,1.028390279151533
budget,35,16,6.346443271863497,4.562564161058515,0.28786675950704144,0.9938717009083191,1.2412605734269642
decompensation,17,0,3.082558160619413,0.0,5.987243369660568,0.9915035465756075,16.734095051072025
communication-access,17,0,3.082558160619413,0.0,5.987243369660568,0.9915035465756075,16.734095051072025
nonspeakers,17,0,3.082558160619413,0.0,5.987243369660568,0.9915035465756075,16.734095051072025
post-meal,17,0,3.082558160619413,0.0,5.987243369660568,0.9915035465756075,16.734095051072025
avoidable,17,0,3.082558160619413,0.0,5.987243369660568,0.9915035465756075,16.734095051072025
motility,17,0,3.082558160619413,0.0,5.987243369660568,0.9915035465756075,16.734095051072025
civil-rights,17,0,3.082558160619413,0.0,5.987243369660568,0.9915035465756075,16.734095051072025
cancer,5,1,0.9066347531233567,0.2851602600661572,0.9719350810162055,0.9879598510476286,1.4049158469853622
fta,9,0,1.6319425556220422,0.0,5.008956530199281,0.9842743479684949,8.859226791744014
regulated,8,0,1.4506156049973709,0.0,4.812051004605269,0.9837356500785648,7.8748682593280135
apraxia,16,0,2.9012312099947417,0.0,5.926701751938838,0.9814283821685337,15.749736518656027
conclusion,7,2,1.2692886543726996,0.5703205201323144,0.7648335118196474,0.9799618863938137,1.135513526476255
tolerance,9,3,1.6319425556220422,0.8554807801984715,0.6507292058853622,0.9793714244004548,1.0327563947956486
methodological,10,0,1.8132695062467135,0.0,5.2005951837859925,0.9787899384748245,9.843585324160015
autism-relevant,9,3,1.6319425556220422,0.8554807801984715,0.6496646039672491,0.9784216688084336,1.0327563947956486
cure,6,0,1.087961703748028,0.0,4.3200369044399345,0.9781556120496749,5.906151194496009
describes,7,2,1.2692886543726996,0.5703205201323144,0.7621841431256442,0.9781168658991168,1.135513526476255
continuous,7,0,1.2692886543726996,0.0,4.605598584098505,0.9764905067485199,6.890509726912012
laboratory,9,3,1.6319425556220422,0.8554807801984715,0.6426249596983844,0.9721064355603773,1.0327563947956486
grants,14,5,2.538577308745399,1.4258013003307857,0.46687862835598715,0.9711632855325645,1.3296110555725873
expenditures,7,2,1.2692886543726996,0.5703205201323144,0.7517152802558584,0.9707592752628909,1.135513526476255
credible,15,0,2.7199042593700704,0.0,5.862259665472914,0.970701879558778,14.765377986240022
matched,6,0,1.087961703748028,0.0,4.35151858509378,0.9698938664140829,5.906151194496009
consent,13,5,2.357250358120728,1.4258013003307857,0.5078604716242108,0.9684363016741432,0.9756285119921113
portal,12,0,2.175923407496056,0.0,5.5285625195908725,0.9674500003392743,11.812302388992018
capable,13,0,2.357250358120728,0.0,5.662369959186227,0.9645910359838592,12.79666092140802
off-label,13,0,2.357250358120728,0.0,5.662369959186227,0.9645910359838592,12.79666092140802
strengthen,17,7,3.082558160619413,1.9961218204631002,0.4280424428655696,0.964521840792373,0.9885108181634497
gap,17,7,3.082558160619413,1.9961218204631002,0.4273909707681174,0.9635011043933104,0.9885108181634497
high-support,16,0,2.9012312099947417,0.0,5.987225570673997,0.9618968700247181,15.749736518656027
plausible,16,0,2.9012312099947417,0.0,5.987225570673997,0.9618968700247181,15.749736518656027
defining,6,0,1.087961703748028,0.0,4.384041318930004,0.9613794906504322,5.906151194496009
sustain,7,0,1.2692886543726996,0.0,4.679247792394744,0.9562336990215914,6.890509726912012
operations,6,0,1.087961703748028,0.0,4.41767571025477,0.9525976974870262,5.906151194496009
conventional,11,0,1.9945964568713848,0.0,5.441765285116523,0.952151397460539,10.827943856576017
preserve,15,0,2.7199042593700704,0.0,5.922776774860603,0.9514916498390963,14.765377986240022
invested,5,0,0.9066347531233567,0.0,4.079419708976117,0.9510066279014833,4.921792662080008
case,15,6,2.7199042593700704,1.710961560396943,0.45236022368704454,0.9505331048093792,0.9772014134652904
governs,13,0,2.357250358120728,0.0,5.719404367001308,0.9469145844254093,12.79666092140802
opm,13,0,2.357250358120728,0.0,5.719404367001308,0.9469145844254093,12.79666092140802
office,25,11,4.533173765616784,3.1367628607277287,0.32890105520602564,0.9437545907832305,1.081521590845436
statute,6,0,1.087961703748028,0.0,4.452499798312832,0.9435323067943641,5.906151194496009
distinction,14,0,2.538577308745399,0.0,5.853888977713858,0.9403672771239384,13.781019453824024
justify,14,0,2.538577308745399,0.0,5.853888977713858,0.9403672771239384,13.781019453824024
meaning,6,0,1.087961703748028,0.0,4.488600139290035,0.9341655600347916,5.906151194496009
systematically,6,0,1.087961703748028,0.0,4.488600139290035,0.9341655600347916,5.906151194496009
organizing,12,0,2.175923407496056,0.0,5.639519538947633,0.9336070542522553,11.812302388992018
gastroenterology,12,0,2.175923407496056,0.0,5.639519538947633,0.9336070542522553,11.812302388992018
escalation,15,0,2.7199042593700704,0.0,5.987207772005817,0.9313498708928327,14.765377986240022
fragmented,13,0,2.357250358120728,0.0,5.779904967409502,0.9284169395743546,12.79666092140802
complaints,8,0,1.4506156049973709,0.0,5.024620084625704,0.9236141849866013,7.8748682593280135
carried,8,0,1.4506156049973709,0.0,5.024620084625704,0.9236141849866013,7.8748682593280135
portion,7,2,1.2692886543726996,0.5703205201323144,0.6846379606441015,0.9209949558085658,1.135513526476255
overshadowing,14,0,2.538577308745399,0.0,5.918312307147422,0.9205798648146296,13.781019453824024
resolved,12,0,2.175923407496056,0.0,5.700009825818125,0.915508116050637,11.812302388992018
phenotypes,42,21,7.615731926236196,5.9883654613893,0.240254115599992,0.9068569460098728,0.8292846736468871
distinguished,5,0,0.9066347531233567,0.0,4.271656098453519,0.9045439373944882,4.921792662080008
synthesis,5,0,0.9066347531233567,0.0,4.271656098453519,0.9045439373944882,4.921792662080008
biologic,5,0,0.9066347531233567,0.0,4.271656098453519,0.9045439373944882,4.921792662080008
acquired,6,0,1.087961703748028,0.0,4.6055808363404065,0.9040510545942205,5.906151194496009
resolve,9,0,1.6319425556220422,0.0,5.295565549015249,0.9016607636734256,8.859226791744014
functional-trajectory,14,0,2.538577308745399,0.0,5.987189973656019,0.8997667826702245,13.781019453824024
trends,13,5,2.357250358120728,1.4258013003307857,0.4548083131337961,0.8994718612040625,0.9756285119921113
stronger,6,0,1.087961703748028,0.0,4.6478728614213125,0.8932611957676156,5.906151194496009
independent,33,16,5.983789370614154,4.562564161058515,0.2679880969190389,0.889382524226338,0.815503584163527
hiring,7,0,1.2692886543726996,0.0,4.9402345009740785,0.8860534060374126,6.890509726912012
instability,9,0,1.6319425556220422,0.0,5.3525450085631245,0.8857639067395903,8.859226791744014
approval,9,0,1.6319425556220422,0.0,5.3525450085631245,0.8857639067395903,8.859226791744014
incomplete,11,0,1.9945964568713848,0.0,5.67756802955285,0.8829254109531093,10.827943856576017
safer,8,0,1.4506156049973709,0.0,5.178167267019848,0.8814954571686654,7.8748682593280135
geography,8,0,1.4506156049973709,0.0,5.178167267019848,0.8814954571686654,7.8748682593280135
applying,5,0,0.9066347531233567,0.0,4.384023587509306,0.8776118393715266,4.921792662080008
cooccurring,7,0,1.2692886543726996,0.0,4.991298018080066,0.8726439714603679,6.890509726912012
positioned,9,0,1.6319425556220422,0.0,5.41299064405138,0.869098698866664,8.859226791744014
targeted,31,15,5.621135469364812,4.277403900992358,0.2704813293686703,0.8690769698617845,0.7766841085598513
publishing,5,0,0.9066347531233567,0.0,4.424524977838196,0.8679613677806881,4.921792662080008
near-term,13,0,2.357250358120728,0.0,5.9871721756245915,0.8670343892232429,12.79666092140802
allergic,13,0,2.357250358120728,0.0,5.9871721756245915,0.8670343892232429,12.79666092140802
refusal,13,0,2.357250358120728,0.0,5.9871721756245915,0.8670343892232429,12.79666092140802
post-infectious,13,0,2.357250358120728,0.0,5.9871721756245915,0.8670343892232429,12.79666092140802
repurposed,13,0,2.357250358120728,0.0,5.9871721756245915,0.8670343892232429,12.79666092140802
hydration,13,0,2.357250358120728,0.0,5.9871721756245915,0.8670343892232429,12.79666092140802
flares,13,0,2.357250358120728,0.0,5.9871721756245915,0.8670343892232429,12.79666092140802
malabsorption,13,0,2.357250358120728,0.0,5.9871721756245915,0.8670343892232429,12.79666092140802
destabilization,13,0,2.357250358120728,0.0,5.9871721756245915,0.8670343892232429,12.79666092140802
motor-planning,13,0,2.357250358120728,0.0,5.9871721756245915,0.8670343892232429,12.79666092140802
door,11,0,1.9945964568713848,0.0,5.746414338943572,0.8633933292943481,10.827943856576017
transport,11,0,1.9945964568713848,0.0,5.746414338943572,0.8633933292943481,10.827943856576017
text-based,12,0,2.175923407496056,0.0,5.907246077423482,0.8554025619281774,11.812302388992018
alzheimer's,5,0,0.9066347531233567,0.0,4.510894837888241,0.847499472406815,4.921792662080008
proposes,6,0,1.087961703748028,0.0,4.837857024130743,0.8455126966897558,5.906151194496009
circumstances,7,0,1.2692886543726996,0.0,5.102063940151584,0.843948913300386,6.890509726912012
reflux,11,0,1.9945964568713848,0.0,5.820375727512772,0.842756554627552,10.827943856576017
line,18,8,3.2638851112440843,2.2812820805292575,0.3522751920448055,0.8391602721472486,0.7407430879183594
errors,5,0,0.9066347531233567,0.0,4.557093940642886,0.836626768281579,4.921792662080008
ends,5,0,0.9066347531233567,0.0,4.557093940642886,0.836626768281579,4.921792662080008
concentrated,5,0,0.9066347531233567,0.0,4.557093940642886,0.836626768281579,4.921792662080008
transition,76,41,13.780848247475022,11.691570662712444,0.15918786698390885,0.8333665947068299,0.7310902575582237
autism-competent,12,0,2.175923407496056,0.0,5.987154377911523,0.8330172199225904,11.812302388992018
repurposing,12,0,2.175923407496056,0.0,5.987154377911523,0.8330172199225904,11.812302388992018
investigational,12,0,2.175923407496056,0.0,5.987154377911523,0.8330172199225904,11.812302388992018
ordinary,12,0,2.175923407496056,0.0,5.987154377911523,0.8330172199225904,11.812302388992018
catatonia-like,12,0,2.175923407496056,0.0,5.987154377911523,0.8330172199225904,11.812302388992018
unresolved,12,0,2.175923407496056,0.0,5.987154377911523,0.8330172199225904,11.812302388992018
supported-living,12,0,2.175923407496056,0.0,5.987154377911523,0.8330172199225904,11.812302388992018
incremental,6,0,1.087961703748028,0.0,4.891656297520248,0.8322237481326209,5.906151194496009
formulation,10,0,1.8132695062467135,0.0,5.725238309904709,0.8289025374318264,9.843585324160015
staffing,7,0,1.2692886543726996,0.0,5.162458626162289,0.82853704670358,6.890509726912012
advancement,14,6,2.538577308745399,1.710961560396943,0.398820562513615,0.8208844958624313,0.685593519434355
medication-related,11,0,1.9945964568713848,0.0,5.90027183010719,0.8208689098015826,10.827943856576017
subclinical,11,0,1.9945964568713848,0.0,5.90027183010719,0.8208689098015826,10.827943856576017
gates,11,0,1.9945964568713848,0.0,5.90027183010719,0.8208689098015826,10.827943856576017
nocturnal,11,0,1.9945964568713848,0.0,5.90027183010719,0.8208689098015826,10.827943856576017
night,6,0,1.087961703748028,0.0,4.9485466916555225,0.8182908786889374,5.906151194496009
tax,6,0,1.087961703748028,0.0,4.9485466916555225,0.8182908786889374,5.906151194496009
ncbddd,6,0,1.087961703748028,0.0,4.9485466916555225,0.8182908786889374,5.906151194496009
quarterly,6,0,1.087961703748028,0.0,4.9485466916555225,0.8182908786889374,5.906151194496009
principles,14,6,2.538577308745399,1.710961560396943,0.39610074808809514,0.8169044630522424,0.685593519434355
narrow,8,0,1.4506156049973709,0.0,5.428676465000459,0.8153413589579718,7.8748682593280135
modify,5,0,0.9066347531233567,0.0,4.656535264287928,0.8134137122156995,4.921792662080008
corrections,5,0,0.9066347531233567,0.0,4.656535264287928,0.8134137122156995,4.921792662080008
congressional,5,0,0.9066347531233567,0.0,4.656535264287928,0.8134137122156995,4.921792662080008
abdominal,5,0,0.9066347531233567,0.0,4.656535264287928,0.8134137122156995,4.921792662080008
education,105,58,19.03932981559049,16.539295083837114,0.13029522833138785,0.8124022817924899,0.7498892925988674
identifiable,10,0,1.8132695062467135,0.0,5.80511977994405,0.8075602008960935,9.843585324160015
basic,16,7,2.9012312099947417,1.9961218204631002,0.35793454226348587,0.8054348254996462,0.7115876234696059
run,6,0,1.087961703748028,0.0,5.008903221904875,0.8036480868192177,5.906151194496009
diarrhea,6,0,1.087961703748028,0.0,5.008903221904875,0.8036480868192177,5.906151194496009
quality-of-life,5,0,0.9066347531233567,0.0,4.710281263394103,0.800983957091399,4.921792662080008
harmonize,6,2,1.087961703748028,0.5703205201323144,0.6512367245806168,0.8000098593152155,0.6885042631970988
subset,12,5,2.175923407496056,1.4258013003307857,0.4227009437421323,0.7999331389121352,0.6644758668387416
speaking,23,11,4.17051986436744,3.1367628607277287,0.29181996888118,0.7981276593702819,0.6225951102852241
sequenced,6,2,1.087961703748028,0.5703205201323144,0.6485766777882827,0.7980715045366905,0.6885042631970988
suitable,6,2,1.087961703748028,0.5703205201323144,0.6485766777882827,0.7980715045366905,0.6885042631970988
treatment-responsive,11,0,1.9945964568713848,0.0,5.987136580516802,0.7975508967775831,10.827943856576017
episodic,11,0,1.9945964568713848,0.0,5.987136580516802,0.7975508967775831,10.827943856576017
pubertal,11,0,1.9945964568713848,0.0,5.987136580516802,0.7975508967775831,10.827943856576017
stooling,11,0,1.9945964568713848,0.0,5.987136580516802,0.7975508967775831,10.827943856576017
day,12,5,2.175923407496056,1.4258013003307857,0.4206833608138698,0.7972656208139323,0.6644758668387416
ascertainment,6,2,1.087961703748028,0.5703205201323144,0.6464588379344267,0.7965231893878154,0.6885042631970988
benchmark,6,2,1.087961703748028,0.5703205201323144,0.6464588379344267,0.7965231893878154,0.6885042631970988
restore,8,0,1.4506156049973709,0.0,5.502583028210317,0.7964587311386382,7.8748682593280135
preventable,8,0,1.4506156049973709,0.0,5.502583028210317,0.7964587311386382,7.8748682593280135
arousal,8,0,1.4506156049973709,0.0,5.502583028210317,0.7964587311386382,7.8748682593280135
microbiota,6,2,1.087961703748028,0.5703205201323144,0.6454032956844955,0.7957498211498255,0.6885042631970988
connected,6,2,1.087961703748028,0.5703205201323144,0.6454032956844955,0.7957498211498255,0.6885042631970988
flexibility,6,2,1.087961703748028,0.5703205201323144,0.6448763655808634,0.7953633343265574,0.6885042631970988
stop,7,0,1.2692886543726996,0.0,5.2955299884809985,0.7951847093851054,6.890509726912012
automatically,7,0,1.2692886543726996,0.0,5.2955299884809985,0.7951847093851054,6.890509726912012
informative,6,2,1.087961703748028,0.5703205201323144,0.6427742294744849,0.7938187020635402,0.6885042631970988
duplicative,10,4,1.8132695062467135,1.1406410402646288,0.4674990706301898,0.7936453569463486,0.6514676089768625
distance,10,4,1.8132695062467135,1.1406410402646288,0.46702161316713564,0.7930973328921127,0.6514676089768625
interpreted,9,0,1.6319425556220422,0.0,5.699956450599865,0.7928458615471343,8.859226791744014
reimbursement,10,4,1.8132695062467135,1.1406410402646288,0.4660683013482334,0.7920020281069258,0.6514676089768625
suited,8,3,1.4506156049973709,0.8554807801984715,0.5325986438744739,0.7896798223162619,0.6534837305529297
duty,6,2,1.087961703748028,0.5703205201323144,0.6360033621270276,0.7888131695326306,0.6885042631970988
agency's,6,0,1.087961703748028,0.0,5.073173579574405,0.7882180702243241,5.906151194496009
apprenticeship,10,4,1.8132695062467135,1.1406410402646288,0.4627484431588691,0.7881762490575401,0.6514676089768625
positions,8,3,1.4506156049973709,0.8554807801984715,0.5309394719450165,0.7880902871012085,0.6534837305529297
clarity,5,0,0.9066347531233567,0.0,4.767118351842816,0.7879345010295108,4.921792662080008
attributable,5,0,0.9066347531233567,0.0,4.767118351842816,0.7879345010295108,4.921792662080008
distributed,6,2,1.087961703748028,0.5703205201323144,0.6339385869125103,0.7872774705745699,0.6885042631970988
reliable,10,4,1.8132695062467135,1.1406410402646288,0.4599233848269968,0.784906619820276,0.6514676089768625
etiological,10,0,1.8132695062467135,0.0,5.891969893292549,0.7848105862263641,9.843585324160015
largely,10,4,1.8132695062467135,1.1406410402646288,0.45922005670066923,0.7840905941006382,0.6514676089768625
coaching,8,3,1.4506156049973709,0.8554807801984715,0.5256707544765042,0.7830185215479799,0.6534837305529297
modules,10,4,1.8132695062467135,1.1406410402646288,0.4575834961102796,0.7821886779595622,0.6514676089768625
recruitment,10,4,1.8132695062467135,1.1406410402646288,0.45525650978559007,0.7794768498076945,0.6514676089768625
dosing,7,0,1.2692886543726996,0.0,5.369407866085952,0.7770380753749995,6.890509726912012
assume,7,0,1.2692886543726996,0.0,5.369407866085952,0.7770380753749995,6.890509726912012
sponsors,7,0,1.2692886543726996,0.0,5.369407866085952,0.7770380753749995,6.890509726912012
discharges,8,0,1.4506156049973709,0.0,5.582424286359801,0.7763936764738163,7.8748682593280135
modifications,8,3,1.4506156049973709,0.8554807801984715,0.5169176017328159,0.7745106019747902,0.6534837305529297
request,8,3,1.4506156049973709,0.8554807801984715,0.515315289526745,0.7729420083728972,0.6534837305529297
chosen,6,0,1.087961703748028,0.0,5.141898215653784,0.7719093961543921,5.906151194496009
treasury,9,0,1.6319425556220422,0.0,5.786788680908593,0.7707247643608988,8.859226791744014
labeling,9,0,1.6319425556220422,0.0,5.786788680908593,0.7707247643608988,8.859226791744014
unclassified,10,0,1.8132695062467135,0.0,5.987118783440417,0.7604326826640884,9.843585324160015
eeoc,10,0,1.8132695062467135,0.0,5.987118783440417,0.7604326826640884,9.843585324160015
motor-minimized,10,0,1.8132695062467135,0.0,5.987118783440417,0.7604326826640884,9.843585324160015
adverse-event,10,0,1.8132695062467135,0.0,5.987118783440417,0.7604326826640884,9.843585324160015
denial,10,0,1.8132695062467135,0.0,5.987118783440417,0.7604326826640884,9.843585324160015
immune-mediated,10,0,1.8132695062467135,0.0,5.987118783440417,0.7604326826640884,9.843585324160015
deprescribing,10,0,1.8132695062467135,0.0,5.987118783440417,0.7604326826640884,9.843585324160015
plain-language,10,0,1.8132695062467135,0.0,5.987118783440417,0.7604326826640884,9.843585324160015
diet-responsive,10,0,1.8132695062467135,0.0,5.987118783440417,0.7604326826640884,9.843585324160015
completeness,5,0,0.9066347531233567,0.0,4.891638534067436,0.7597101074350073,4.921792662080008
reasonable,5,0,0.9066347531233567,0.0,4.891638534067436,0.7597101074350073,4.921792662080008
destinations,7,0,1.2692886543726996,0.0,5.449220426247658,0.757737744172202,6.890509726912012
predict,8,3,1.4506156049973709,0.8554807801984715,0.4983695562635706,0.7561381497427522,0.6534837305529297
avoidance,8,0,1.4506156049973709,0.0,5.669234173228832,0.7549754298625377,7.8748682593280135
waking,8,0,1.4506156049973709,0.0,5.669234173228832,0.7549754298625377,7.8748682593280135
overload,8,0,1.4506156049973709,0.0,5.669234173228832,0.7549754298625377,7.8748682593280135
fixed,8,0,1.4506156049973709,0.0,5.669234173228832,0.7549754298625377,7.8748682593280135
governing,6,0,1.087961703748028,0.0,5.215737880421797,0.7546127050900858,5.906151194496009
intentional,6,0,1.087961703748028,0.0,5.215737880421797,0.7546127050900858,5.906151194496009
interface,6,0,1.087961703748028,0.0,5.215737880421797,0.7546127050900858,5.906151194496009
interim,6,0,1.087961703748028,0.0,5.215737880421797,0.7546127050900858,5.906151194496009
route,6,0,1.087961703748028,0.0,5.215737880421797,0.7546127050900858,5.906151194496009
narrower,6,0,1.087961703748028,0.0,5.215737880421797,0.7546127050900858,5.906151194496009
omb,9,0,1.6319425556220422,0.0,5.881919681926991,0.7470044743915838,8.859226791744014
narrative,9,0,1.6319425556220422,0.0,5.881919681926991,0.7470044743915838,8.859226791744014
immunodeficiency,9,0,1.6319425556220422,0.0,5.881919681926991,0.7470044743915838,8.859226791744014
person-level,9,0,1.6319425556220422,0.0,5.881919681926991,0.7470044743915838,8.859226791744014
rarely,5,0,0.9066347531233567,0.0,4.960309770083315,0.744371833553637,4.921792662080008
categorical,7,0,1.2692886543726996,0.0,5.5360016027380095,0.7371166114421506,6.890509726912012
flags,6,0,1.087961703748028,0.0,5.295512208692848,0.7361955151893596,5.906151194496009
substitute,8,0,1.4506156049973709,0.0,5.764342822299648,0.731990528012645,7.8748682593280135
tags,5,0,0.9066347531233567,0.0,5.034096003272994,0.7280807491457277,4.921792662080008
integrity,5,0,0.9066347531233567,0.0,5.034096003272994,0.7280807491457277,4.921792662080008
repeatedly,5,0,0.9066347531233567,0.0,5.034096003272994,0.7280807491457277,4.921792662080008
compile,5,0,0.9066347531233567,0.0,5.034096003272994,0.7280807491457277,4.921792662080008
microbiome,33,17,5.983789370614154,4.847724421124672,0.2162763003597119,0.7272841668662787,0.5078645337296939
sweating,9,0,1.6319425556220422,0.0,5.987100986682357,0.7214076409388596,8.859226791744014
access-attainment,9,0,1.6319425556220422,0.0,5.987100986682357,0.7214076409388596,8.859226791744014
durability-qualified,9,0,1.6319425556220422,0.0,5.987100986682357,0.7214076409388596,8.859226791744014
standard-of-care,9,0,1.6319425556220422,0.0,5.987100986682357,0.7214076409388596,8.859226791744014
sleep-potentiated,9,0,1.6319425556220422,0.0,5.987100986682357,0.7214076409388596,8.859226791744014
inflammasome,9,0,1.6319425556220422,0.0,5.987100986682357,0.7214076409388596,8.859226791744014
taxonomy,9,0,1.6319425556220422,0.0,5.987100986682357,0.7214076409388596,8.859226791744014
whole-of-plan,9,0,1.6319425556220422,0.0,5.987100986682357,0.7214076409388596,8.859226791744014
nlrp,9,0,1.6319425556220422,0.0,5.987100986682357,0.7214076409388596,8.859226791744014
prespecified,9,0,1.6319425556220422,0.0,5.987100986682357,0.7214076409388596,8.859226791744014
folate-transport,9,0,1.6319425556220422,0.0,5.987100986682357,0.7214076409388596,8.859226791744014
stress-responsive,9,0,1.6319425556220422,0.0,5.987100986682357,0.7214076409388596,8.859226791744014
vocational,19,9,3.4452120618687556,2.566442340595415,0.28637539251980915,0.7181093780748876,0.5468023681784056
prospectively,6,0,1.087961703748028,0.0,5.382255134224552,0.7164949474414423,5.906151194496009
pass,7,0,1.2692886543726996,0.0,5.631081529031205,0.7149657293426769,6.890509726912012
immunology,7,0,1.2692886543726996,0.0,5.631081529031205,0.7149657293426769,6.890509726912012
workflow,7,0,1.2692886543726996,0.0,5.631081529031205,0.7149657293426769,6.890509726912012
temperature,7,0,1.2692886543726996,0.0,5.631081529031205,0.7149657293426769,6.890509726912012
clear,17,8,3.082558160619413,2.2812820805292575,0.3031083507956627,0.7115103442973275,0.5094837028587991
refinement,5,0,0.9066347531233567,0.0,5.113816868422894,0.7107084900465135,4.921792662080008
nia,5,0,0.9066347531233567,0.0,5.113816868422894,0.7107084900465135,4.921792662080008
magnitude,5,0,0.9066347531233567,0.0,5.113816868422894,0.7107084900465135,4.921792662080008
fasting,8,0,1.4506156049973709,0.0,5.869501766594684,0.7071666299395134,7.8748682593280135
handling,8,0,1.4506156049973709,0.0,5.869501766594684,0.7071666299395134,7.8748682593280135
successive,8,0,1.4506156049973709,0.0,5.869501766594684,0.7071666299395134,7.8748682593280135
gxe,8,0,1.4506156049973709,0.0,5.869501766594684,0.7071666299395134,7.8748682593280135
neurophysiologic,8,0,1.4506156049973709,0.0,5.869501766594684,0.7071666299395134,7.8748682593280135
managed-care,8,0,1.4506156049973709,0.0,5.869501766594684,0.7071666299395134,7.8748682593280135
processing,17,8,3.082558160619413,2.2812820805292575,0.29802236055222053,0.7023961668611592,0.5094837028587991
scale,17,8,3.082558160619413,2.2812820805292575,0.29802236055222053,0.7023961668611592,0.5094837028587991
met,10,4,1.8132695062467135,1.1406410402646288,0.38974571850748063,0.6993429712752286,0.6514676089768625
approximately,26,13,4.714500716241456,3.707083380860043,0.2327405573727246,0.6955687746641729,0.5133667027337872
preclinical,6,0,1.087961703748028,0.0,5.477296790476807,0.6953072657908921,5.906151194496009
innate,6,0,1.087961703748028,0.0,5.477296790476807,0.6953072657908921,5.906151194496009
directive,6,0,1.087961703748028,0.0,5.477296790476807,0.6953072657908921,5.906151194496009
pathogenic,5,0,0.9066347531233567,0.0,5.200506299262612,0.6920971738645536,4.921792662080008
paired,5,0,0.9066347531233567,0.0,5.200506299262612,0.6920971738645536,4.921792662080008
biochemical,5,0,0.9066347531233567,0.0,5.200506299262612,0.6920971738645536,4.921792662080008
preserving,7,0,1.2692886543726996,0.0,5.736211738141632,0.6910184355240978,6.890509726912012
framed,7,0,1.2692886543726996,0.0,5.736211738141632,0.6910184355240978,6.890509726912012
menstrual,8,0,1.4506156049973709,0.0,5.987083190242611,0.6801476248234772,7.8748682593280135
framing,8,0,1.4506156049973709,0.0,5.987083190242611,0.6801476248234772,7.8748682593280135
seizure-related,8,0,1.4506156049973709,0.0,5.987083190242611,0.6801476248234772,7.8748682593280135
cross-domain,8,0,1.4506156049973709,0.0,5.987083190242611,0.6801476248234772,7.8748682593280135
assistive-technology,8,0,1.4506156049973709,0.0,5.987083190242611,0.6801476248234772,7.8748682593280135
visual-motor,8,0,1.4506156049973709,0.0,5.987083190242611,0.6801476248234772,7.8748682593280135
limited-communication,8,0,1.4506156049973709,0.0,5.987083190242611,0.6801476248234772,7.8748682593280135
eses,8,0,1.4506156049973709,0.0,5.987083190242611,0.6801476248234772,7.8748682593280135
discovery-to-validation,8,0,1.4506156049973709,0.0,5.987083190242611,0.6801476248234772,7.8748682593280135
sudep,8,0,1.4506156049973709,0.0,5.987083190242611,0.6801476248234772,7.8748682593280135
useful,15,7,2.7199042593700704,1.9961218204631002,0.30726462583480973,0.6777862393621868,0.47276199742189595
aggregate,6,0,1.087961703748028,0.0,5.58238871044969,0.6723723622135249,5.906151194496009
csf,6,0,1.087961703748028,0.0,5.58238871044969,0.6723723622135249,5.906151194496009
thyroid,6,0,1.087961703748028,0.0,5.58238871044969,0.6723723622135249,5.906151194496009
generalization,5,0,0.9066347531233567,0.0,5.295494429223998,0.6720492276198061,4.921792662080008
worsening,5,0,0.9066347531233567,0.0,5.295494429223998,0.6720492276198061,4.921792662080008
authorizing,5,0,0.9066347531233567,0.0,5.295494429223998,0.6720492276198061,4.921792662080008
blocking,7,0,1.2692886543726996,0.0,5.853764414189909,0.6649259293570456,6.890509726912012
discontinuation,7,0,1.2692886543726996,0.0,5.853764414189909,0.6649259293570456,6.890509726912012
encephalopathy,7,0,1.2692886543726996,0.0,5.853764414189909,0.6649259293570456,6.890509726912012
logic,7,0,1.2692886543726996,0.0,5.853764414189909,0.6649259293570456,6.890509726912012
contributing,22,11,3.9891929137427695,3.1367628607277287,0.24221717616219163,0.6605624903794101,0.4343872100055215
concrete,5,0,0.9066347531233567,0.0,5.4005327912790495,0.6503122938760127,4.921792662080008
specifications,5,0,0.9066347531233567,0.0,5.4005327912790495,0.6503122938760127,4.921792662080008
neurodevelopmental,29,15,5.258481568115469,4.277403900992358,0.20364939739515542,0.6476762933681388,0.43023919705403646
convert,6,0,1.087961703748028,0.0,5.699903078249497,0.647349873546851,5.906151194496009
noncompliance,6,0,1.087961703748028,0.0,5.699903078249497,0.647349873546851,5.906151194496009
placental,6,0,1.087961703748028,0.0,5.699903078249497,0.647349873546851,5.906151194496009
neurotransmission,6,0,1.087961703748028,0.0,5.699903078249497,0.647349873546851,5.906151194496009
presentation-driven,7,0,1.2692886543726996,0.0,5.987065394121165,0.6362179550172482,6.890509726912012
aging-network,7,0,1.2692886543726996,0.0,5.987065394121165,0.6362179550172482,6.890509726912012
biochemically,7,0,1.2692886543726996,0.0,5.987065394121165,0.6362179550172482,6.890509726912012
unstratified,7,0,1.2692886543726996,0.0,5.987065394121165,0.6362179550172482,6.890509726912012
biomarker-informed,7,0,1.2692886543726996,0.0,5.987065394121165,0.6362179550172482,6.890509726912012
trial-design,7,0,1.2692886543726996,0.0,5.987065394121165,0.6362179550172482,6.890509726912012
levers,7,0,1.2692886543726996,0.0,5.987065394121165,0.6362179550172482,6.890509726912012
primary-care,7,0,1.2692886543726996,0.0,5.987065394121165,0.6362179550172482,6.890509726912012
neuroendocrine,7,0,1.2692886543726996,0.0,5.987065394121165,0.6362179550172482,6.890509726912012
stool,7,0,1.2692886543726996,0.0,5.987065394121165,0.6362179550172482,6.890509726912012
costing,7,0,1.2692886543726996,0.0,5.987065394121165,0.6362179550172482,6.890509726912012
deferred,7,0,1.2692886543726996,0.0,5.987065394121165,0.6362179550172482,6.890509726912012
distinguishes,7,0,1.2692886543726996,0.0,5.987065394121165,0.6362179550172482,6.890509726912012
disciplined,7,0,1.2692886543726996,0.0,5.987065394121165,0.6362179550172482,6.890509726912012
owner,7,0,1.2692886543726996,0.0,5.987065394121165,0.6362179550172482,6.890509726912012
family-facing,7,0,1.2692886543726996,0.0,5.987065394121165,0.6362179550172482,6.890509726912012
scorecard,7,0,1.2692886543726996,0.0,5.987065394121165,0.6362179550172482,6.890509726912012
syncope,7,0,1.2692886543726996,0.0,5.987065394121165,0.6362179550172482,6.890509726912012
fine-motor,7,0,1.2692886543726996,0.0,5.987065394121165,0.6362179550172482,6.890509726912012
transsulfuration,7,0,1.2692886543726996,0.0,5.987065394121165,0.6362179550172482,6.890509726912012
dehydration,7,0,1.2692886543726996,0.0,5.987065394121165,0.6362179550172482,6.890509726912012
dyspraxia,7,0,1.2692886543726996,0.0,5.987065394121165,0.6362179550172482,6.890509726912012
communication-adapted,7,0,1.2692886543726996,0.0,5.987065394121165,0.6362179550172482,6.890509726912012
csws,7,0,1.2692886543726996,0.0,5.987065394121165,0.6362179550172482,6.890509726912012
caregiver-succession,7,0,1.2692886543726996,0.0,5.987065394121165,0.6362179550172482,6.890509726912012
purinergic,7,0,1.2692886543726996,0.0,5.987065394121165,0.6362179550172482,6.890509726912012
day-to-work,7,0,1.2692886543726996,0.0,5.987065394121165,0.6362179550172482,6.890509726912012
answer,11,5,1.9945964568713848,1.4258013003307857,0.33633982813473473,0.6281648749134816,0.40246832731323456
imply,5,0,0.9066347531233567,0.0,5.517993569505938,0.6265559868344912,4.921792662080008
default,5,0,0.9066347531233567,0.0,5.517993569505938,0.6265559868344912,4.921792662080008
upstream,5,0,0.9066347531233567,0.0,5.517993569505938,0.6265559868344912,4.921792662080008
dispute,5,0,0.9066347531233567,0.0,5.517993569505938,0.6265559868344912,4.921792662080008
credibility,6,0,1.087961703748028,0.0,5.833165730807012,0.6197807220527065,5.906151194496009
recurring,6,0,1.087961703748028,0.0,5.833165730807012,0.6197807220527065,5.906151194496009
merely,6,0,1.087961703748028,0.0,5.833165730807012,0.6197807220527065,5.906151194496009
restless,6,0,1.087961703748028,0.0,5.833165730807012,0.6197807220527065,5.906151194496009
risen,6,0,1.087961703748028,0.0,5.833165730807012,0.6197807220527065,5.906151194496009
wrong,6,0,1.087961703748028,0.0,5.833165730807012,0.6197807220527065,5.906151194496009
reserve,6,0,1.087961703748028,0.0,5.833165730807012,0.6197807220527065,5.906151194496009
pharmacogenomic,6,0,1.087961703748028,0.0,5.833165730807012,0.6197807220527065,5.906151194496009
adequacy,6,0,1.087961703748028,0.0,5.833165730807012,0.6197807220527065,5.906151194496009
competitive,11,5,1.9945964568713848,1.4258013003307857,0.3270086169136839,0.6151408604621081,0.40246832731323456
strain,9,4,1.6319425556220422,1.1406410402646288,0.36302785700083895,0.6065359612684408,0.3703715439591797
caregiving,9,4,1.6319425556220422,1.1406410402646288,0.36214358679278114,0.6054597891694002,0.3703715439591797
valid,9,4,1.6319425556220422,1.1406410402646288,0.3584081319050192,0.6008982106580322,0.3703715439591797
naming,5,0,0.9066347531233567,0.0,5.6512026008073075,0.6003344468755212,4.921792662080008
incidental,5,0,0.9066347531233567,0.0,5.6512026008073075,0.6003344468755212,4.921792662080008
stabilize,5,0,0.9066347531233567,0.0,5.6512026008073075,0.6003344468755212,4.921792662080008
uniform,5,0,0.9066347531233567,0.0,5.6512026008073075,0.6003344468755212,4.921792662080008
permeability,5,0,0.9066347531233567,0.0,5.6512026008073075,0.6003344468755212,4.921792662080008
consequential,5,0,0.9066347531233567,0.0,5.6512026008073075,0.6003344468755212,4.921792662080008
authoritative,5,0,0.9066347531233567,0.0,5.6512026008073075,0.6003344468755212,4.921792662080008
harder,5,0,0.9066347531233567,0.0,5.6512026008073075,0.6003344468755212,4.921792662080008
uniformly,5,0,0.9066347531233567,0.0,5.6512026008073075,0.6003344468755212,4.921792662080008
replication,9,4,1.6319425556220422,1.1406410402646288,0.35622780877787363,0.5982240786697941,0.3703715439591797
institutional,9,4,1.6319425556220422,1.1406410402646288,0.35492560070023416,0.5966228368678482,0.3703715439591797
strategies,64,36,11.604924839978967,10.26576936238166,0.12246890429590263,0.5938258131304861,0.3501840027201757
cognitive-change,6,0,1.087961703748028,0.0,5.9870475983180125,0.5890216197928505,5.906151194496009
parent-directed,6,0,1.087961703748028,0.0,5.9870475983180125,0.5890216197928505,5.906151194496009
presyncope,6,0,1.087961703748028,0.0,5.9870475983180125,0.5890216197928505,5.906151194496009
domain-directed,6,0,1.087961703748028,0.0,5.9870475983180125,0.5890216197928505,5.906151194496009
mismatch,6,0,1.087961703748028,0.0,5.9870475983180125,0.5890216197928505,5.906151194496009
purinergic-signaling,6,0,1.087961703748028,0.0,5.9870475983180125,0.5890216197928505,5.906151194496009
irs,6,0,1.087961703748028,0.0,5.9870475983180125,0.5890216197928505,5.906151194496009
cofactor-support,6,0,1.087961703748028,0.0,5.9870475983180125,0.5890216197928505,5.906151194496009
birth-cohort,6,0,1.087961703748028,0.0,5.9870475983180125,0.5890216197928505,5.906151194496009
attestations,6,0,1.087961703748028,0.0,5.9870475983180125,0.5890216197928505,5.906151194496009
epilepticus,6,0,1.087961703748028,0.0,5.9870475983180125,0.5890216197928505,5.906151194496009
palliative,6,0,1.087961703748028,0.0,5.9870475983180125,0.5890216197928505,5.906151194496009
collapse,6,0,1.087961703748028,0.0,5.9870475983180125,0.5890216197928505,5.906151194496009
appropriation-dependent,6,0,1.087961703748028,0.0,5.9870475983180125,0.5890216197928505,5.906151194496009
mtt,6,0,1.087961703748028,0.0,5.9870475983180125,0.5890216197928505,5.906151194496009
cofactor,6,0,1.087961703748028,0.0,5.9870475983180125,0.5890216197928505,5.906151194496009
adrc,6,0,1.087961703748028,0.0,5.9870475983180125,0.5890216197928505,5.906151194496009
kpi,6,0,1.087961703748028,0.0,5.9870475983180125,0.5890216197928505,5.906151194496009
competing,6,0,1.087961703748028,0.0,5.9870475983180125,0.5890216197928505,5.906151194496009
evidence-building,6,0,1.087961703748028,0.0,5.9870475983180125,0.5890216197928505,5.906151194496009
autism-adapted,6,0,1.087961703748028,0.0,5.9870475983180125,0.5890216197928505,5.906151194496009
quality-measure,6,0,1.087961703748028,0.0,5.9870475983180125,0.5890216197928505,5.906151194496009
communication-diverse,6,0,1.087961703748028,0.0,5.9870475983180125,0.5890216197928505,5.906151194496009
motor-output,6,0,1.087961703748028,0.0,5.9870475983180125,0.5890216197928505,5.906151194496009
clinical-utility,6,0,1.087961703748028,0.0,5.9870475983180125,0.5890216197928505,5.906151194496009
microbiome-directed,6,0,1.087961703748028,0.0,5.9870475983180125,0.5890216197928505,5.906151194496009
concurrence,6,0,1.087961703748028,0.0,5.9870475983180125,0.5890216197928505,5.906151194496009
immune-directed,6,0,1.087961703748028,0.0,5.9870475983180125,0.5890216197928505,5.906151194496009
mechanism-directed,6,0,1.087961703748028,0.0,5.9870475983180125,0.5890216197928505,5.906151194496009
phased,6,0,1.087961703748028,0.0,5.9870475983180125,0.5890216197928505,5.906151194496009
studied,9,4,1.6319425556220422,1.1406410402646288,0.3442450525077394,0.5833726671104598,0.3703715439591797
earlier,18,9,3.2638851112440843,2.566442340595415,0.2344089599927326,0.5820572209872558,0.35540771727723985
safely,7,3,1.2692886543726996,0.8554807801984715,0.3986277875336093,0.5802364788079335,0.3427967597171775
cross-agency,7,3,1.2692886543726996,0.8554807801984715,0.3974172057086811,0.578984900530893,0.3427967597171775
million,33,17,5.983789370614154,4.847724421124672,0.16384046669091834,0.5773754929769169,0.5078645337296939
arise,7,3,1.2692886543726996,0.8554807801984715,0.39500706613641334,0.5764866326742878,0.3427967597171775
control,32,17,5.802462419989483,4.847724421124672,0.16876414576970156,0.5732359816811619,0.36501605168168494
specified,7,3,1.2692886543726996,0.8554807801984715,0.3911216278187748,0.5724407870277838,0.3427967597171775
elevated,7,3,1.2692886543726996,0.8554807801984715,0.39082432577145454,0.5721302750365934,0.3427967597171775
coherent,5,0,0.9066347531233567,0.0,5.805030815350744,0.5710225431039957,4.921792662080008
chemokine,5,0,0.9066347531233567,0.0,5.805030815350744,0.5710225431039957,4.921792662080008
clarifying,5,0,0.9066347531233567,0.0,5.805030815350744,0.5710225431039957,4.921792662080008
sleep-onset,5,0,0.9066347531233567,0.0,5.805030815350744,0.5710225431039957,4.921792662080008
unreliable,5,0,0.9066347531233567,0.0,5.805030815350744,0.5710225431039957,4.921792662080008
disseminate,7,3,1.2692886543726996,0.8554807801984715,0.3855109473183571,0.5665582280342708,0.3427967597171775
confined,5,2,0.9066347531233567,0.5703205201323144,0.46986093464477463,0.5630920843556935,0.32573380448843126
neuroinflammation,5,2,0.9066347531233567,0.5703205201323144,0.4693808054099762,0.5627037007565022,0.32573380448843126
respiratory,5,2,0.9066347531233567,0.5703205201323144,0.46890121565666654,0.5623154929961899,0.32573380448843126
pressure,5,2,0.9066347531233567,0.5703205201323144,0.4679436507416046,0.5615396045297842,0.32573380448843126
population-level,5,2,0.9066347531233567,0.5703205201323144,0.4679436507416046,0.5615396045297842,0.32573380448843126
axis,5,2,0.9066347531233567,0.5703205201323144,0.4674656736594116,0.5611519235923921,0.32573380448843126
production,5,2,0.9066347531233567,0.5703205201323144,0.46555911220611,0.5596029524482234,0.32573380448843126
issued,7,3,1.2692886543726996,0.8554807801984715,0.3785367355312097,0.5591790415543476,0.3427967597171775
microglia,5,2,0.9066347531233567,0.5703205201323144,0.4641347787495942,0.5584430610836302,0.32573380448843126
autonomy,5,2,0.9066347531233567,0.5703205201323144,0.46366106020624365,0.5580567799143967,0.32573380448843126
racially,5,2,0.9066347531233567,0.5703205201323144,0.45895276520005623,0.5542035438105659,0.32573380448843126
occurred,5,2,0.9066347531233567,0.5703205201323144,0.4580173614911569,0.553434979773766,0.32573380448843126
insufficient,7,3,1.2692886543726996,0.8554807801984715,0.37281887421290705,0.5530730610264496,0.3427967597171775
relative,7,3,1.2692886543726996,0.8554807801984715,0.37281887421290705,0.5530730610264496,0.3427967597171775
affecting,5,2,0.9066347531233567,0.5703205201323144,0.4561527508159742,0.5518999274506045,0.32573380448843126
capabilities,5,2,0.9066347531233567,0.5703205201323144,0.4529094128702589,0.5492202261911554,0.32573380448843126
actively,5,2,0.9066347531233567,0.5703205201323144,0.451987322410357,0.5484561450038604,0.32573380448843126
fever,5,2,0.9066347531233567,0.5703205201323144,0.44649698565640783,0.5438860350773749,0.32573380448843126
short-term,5,2,0.9066347531233567,0.5703205201323144,0.4419762146561208,0.5400963350021669,0.32573380448843126
pupillometry,5,0,0.9066347531233567,0.0,5.987029802833138,0.5376991151403336,4.921792662080008
subgroup-stratified,5,0,0.9066347531233567,0.0,5.987029802833138,0.5376991151403336,4.921792662080008
dysmotility,5,0,0.9066347531233567,0.0,5.987029802833138,0.5376991151403336,4.921792662080008
standalone,5,0,0.9066347531233567,0.0,5.987029802833138,0.5376991151403336,4.921792662080008
interoceptive,5,0,0.9066347531233567,0.0,5.987029802833138,0.5376991151403336,4.921792662080008
accompaniment,5,0,0.9066347531233567,0.0,5.987029802833138,0.5376991151403336,4.921792662080008
ethically,5,0,0.9066347531233567,0.0,5.987029802833138,0.5376991151403336,4.921792662080008
subgroup-specific,5,0,0.9066347531233567,0.0,5.987029802833138,0.5376991151403336,4.921792662080008
extracellular,5,0,0.9066347531233567,0.0,5.987029802833138,0.5376991151403336,4.921792662080008
substitution,5,0,0.9066347531233567,0.0,5.987029802833138,0.5376991151403336,4.921792662080008
aging-in-autism,5,0,0.9066347531233567,0.0,5.987029802833138,0.5376991151403336,4.921792662080008
public-health,5,0,0.9066347531233567,0.0,5.987029802833138,0.5376991151403336,4.921792662080008
diagnostic-access,5,0,0.9066347531233567,0.0,5.987029802833138,0.5376991151403336,4.921792662080008
technology-assisted,5,0,0.9066347531233567,0.0,5.987029802833138,0.5376991151403336,4.921792662080008
modernization,5,0,0.9066347531233567,0.0,5.987029802833138,0.5376991151403336,4.921792662080008
sit,5,0,0.9066347531233567,0.0,5.987029802833138,0.5376991151403336,4.921792662080008
mistaken,5,0,0.9066347531233567,0.0,5.987029802833138,0.5376991151403336,4.921792662080008
misread,5,0,0.9066347531233567,0.0,5.987029802833138,0.5376991151403336,4.921792662080008
interpretability,5,0,0.9066347531233567,0.0,5.987029802833138,0.5376991151403336,4.921792662080008
serial,5,0,0.9066347531233567,0.0,5.987029802833138,0.5376991151403336,4.921792662080008
post-illness,5,0,0.9066347531233567,0.0,5.987029802833138,0.5376991151403336,4.921792662080008
implementation-burden,5,0,0.9066347531233567,0.0,5.987029802833138,0.5376991151403336,4.921792662080008
low-yield,5,0,0.9066347531233567,0.0,5.987029802833138,0.5376991151403336,4.921792662080008
compel,5,0,0.9066347531233567,0.0,5.987029802833138,0.5376991151403336,4.921792662080008
cdes,5,0,0.9066347531233567,0.0,5.987029802833138,0.5376991151403336,4.921792662080008
school-choice,5,0,0.9066347531233567,0.0,5.987029802833138,0.5376991151403336,4.921792662080008
precision-trial,5,0,0.9066347531233567,0.0,5.987029802833138,0.5376991151403336,4.921792662080008
load,5,0,0.9066347531233567,0.0,5.987029802833138,0.5376991151403336,4.921792662080008
implementation-to-validation,5,0,0.9066347531233567,0.0,5.987029802833138,0.5376991151403336,4.921792662080008
categorically,5,0,0.9066347531233567,0.0,5.987029802833138,0.5376991151403336,4.921792662080008
rescue-medication,5,0,0.9066347531233567,0.0,5.987029802833138,0.5376991151403336,4.921792662080008
life-stage,5,0,0.9066347531233567,0.0,5.987029802833138,0.5376991151403336,4.921792662080008
predefined,5,0,0.9066347531233567,0.0,5.987029802833138,0.5376991151403336,4.921792662080008
router,5,0,0.9066347531233567,0.0,5.987029802833138,0.5376991151403336,4.921792662080008
justified,5,0,0.9066347531233567,0.0,5.987029802833138,0.5376991151403336,4.921792662080008
closed-loop,5,0,0.9066347531233567,0.0,5.987029802833138,0.5376991151403336,4.921792662080008
attribution,5,0,0.9066347531233567,0.0,5.987029802833138,0.5376991151403336,4.921792662080008
tuchman,5,0,0.9066347531233567,0.0,5.987029802833138,0.5376991151403336,4.921792662080008
contains,5,2,0.9066347531233567,0.5703205201323144,0.4352860211275562,0.5344434331544669,0.32573380448843126
transportation,33,18,5.983789370614154,5.13288468119083,0.15501411452267977,0.5332734390789186,0.27793781631465864
complexity,14,7,2.538577308745399,1.9961218204631002,0.2437449988847611,0.5295764507194368,0.2764282245489622
refer,7,3,1.2692886543726996,0.8554807801984715,0.34386142435079137,0.5213514152756941,0.3427967597171775
according,14,7,2.538577308745399,1.9961218204631002,0.23625512311964414,0.5165539485938205,0.2764282245489622
remaining,7,3,1.2692886543726996,0.8554807801984715,0.33889777237815544,0.5157762820352573,0.3427967597171775
preventive,5,2,0.9066347531233567,0.5703205201323144,0.41164817718302515,0.5140350882508451,0.32573380448843126
reported,48,27,8.703693629984224,7.699327021786243,0.12064359079070908,0.5074919793347251,0.26263800204012533
drug,21,11,3.807865963118098,3.1367628607277287,0.183261666046163,0.5015865162623616,0.27650439181258424
sensory,74,43,13.418194346225679,12.261891182844758,0.09492956515801154,0.49780583950147694,0.22255512591616
systems,115,68,20.852599321837204,19.39089768449869,0.07485640752190825,0.4935003124743977,0.2270597238469323
true,12,6,2.175923407496056,1.710961560396943,0.24458633916550454,0.491634510272168,0.23693847818483005
risk,69,39,12.511559593102323,11.12125014258013,0.09487483835284571,0.48945389280200924,0.34934967114633686
independently,12,6,2.175923407496056,1.710961560396943,0.24116556525782862,0.48615376221335366,0.23693847818483005
job,19,10,3.4452120618687556,2.8516026006615713,0.18722680990174823,0.4844112415516751,0.23861395790430517
requirements,24,13,4.351846814992112,3.707083380860043,0.16109186202941483,0.4718880591207338,0.22009637992592213
present,34,19,6.165116321238826,5.418044941256987,0.13162340236121928,0.4629656547615992,0.20574028256207955
birth,12,6,2.175923407496056,1.710961560396943,0.2228416751959834,0.4562696371755557,0.23693847818483005
excluded,10,5,1.8132695062467135,1.4258013003307857,0.246249113138731,0.451217901716018,0.19744873182068767
translated,10,5,1.8132695062467135,1.4258013003307857,0.24545256156896755,0.45005846505324526,0.19744873182068767
linkage,27,15,4.8958276668661265,4.277403900992358,0.14007590218615462,0.43711866912734654,0.17799460624434715
systematic,10,5,1.8132695062467135,1.4258013003307857,0.23511456134929354,0.4348743917583407,0.19744873182068767
screen,10,5,1.8132695062467135,1.4258013003307857,0.23326946176344165,0.4321374341969274,0.19744873182068767
affect,27,15,4.8958276668661265,4.277403900992358,0.13421149777942887,0.4211747557148646,0.17799460624434715
medicare,10,5,1.8132695062467135,1.4258013003307857,0.22196953258127827,0.41519366805789065,0.19744873182068767
variability,15,8,2.7199042593700704,2.2812820805292575,0.17841786468227916,0.4103496578557265,0.16407628385090978
rural,20,11,3.626539012493427,3.1367628607277287,0.14926568665490958,0.39989015561514346,0.15138551827588032
urgent,8,4,1.4506156049973709,1.1406410402646288,0.24141202090758718,0.3972609670767513,0.15795898545654996
relevance,8,4,1.4506156049973709,1.1406410402646288,0.24082310692259945,0.39648837733539116,0.15795898545654996
entire,8,4,1.4506156049973709,1.1406410402646288,0.23945306087762042,0.39468817197988243,0.15795898545654996
chip,8,4,1.4506156049973709,1.1406410402646288,0.23537692437656865,0.3893084736321183,0.15795898545654996
identified,55,32,9.972982284356924,9.12512832211703,0.08449660034419537,0.3857577625742238,0.16090091336918366
dietary,8,4,1.4506156049973709,1.1406410402646288,0.2321140387788745,0.3849762768803466,0.15795898545654996
substance,8,4,1.4506156049973709,1.1406410402646288,0.22437713528560366,0.3746107851560698,0.15795898545654996
model,63,37,11.423597889354294,10.550929622447816,0.07425442663729598,0.3643029850313037,0.1481859837329762
step,13,7,2.357250358120728,1.9961218204631002,0.16538784848561683,0.35637971466856666,0.12779919912980242
developmental-behavioral,6,3,1.087961703748028,0.8554807801984715,0.24284829511107198,0.3456649605713597,0.11846923909241502
managed,6,3,1.087961703748028,0.8554807801984715,0.24205988238597342,0.3447711670180508,0.11846923909241502
occurrence,6,3,1.087961703748028,0.8554807801984715,0.2417974965957459,0.34447345715531547,0.11846923909241502
ethnically,6,3,1.087961703748028,0.8554807801984715,0.2417974965957459,0.34447345715531547,0.11846923909241502
qualified,6,3,1.087961703748028,0.8554807801984715,0.24048869440453124,0.3429865641896074,0.11846923909241502
determining,6,3,1.087961703748028,0.8554807801984715,0.23711000777071334,0.33913350357755256,0.11846923909241502
caregivers,153,94,27.743023445574718,26.805064446218775,0.040993141121207444,0.31407637023084517,0.06906316056859918
assess,13,7,2.357250358120728,1.9961218204631002,0.1420208928438491,0.3127923909137944,0.12779919912980242
biological,62,37,11.242270938729623,10.550929622447816,0.0639769844375655,0.31115571307787804,0.09382254254468725
barriers,57,34,10.335636185606267,9.695448842249345,0.06671001527901144,0.31029171054974686,0.087527872917462
cellular,16,9,2.9012312099947417,2.566442340595415,0.12360131557453435,0.2992980494469823,0.08754600068004392
input,16,9,2.9012312099947417,2.566442340595415,0.12155677438780188,0.29493564272302303,0.08754600068004392
initial,11,6,1.9945964568713848,1.710961560396943,0.14679225884870384,0.29379960895951024,0.09264593877155436
defense,6,3,1.087961703748028,0.8554807801984715,0.19028638473124104,0.28345856332566305,0.11846923909241502
diet,19,11,3.4452120618687556,3.1367628607277287,0.09888846532994489,0.2623518295426591,0.06178103037472282
controlled,24,14,4.351846814992112,3.9922436409262003,0.0868453267599163,0.26078587512815543,0.06625340292151383
shift,14,8,2.538577308745399,2.2812820805292575,0.11274574709436891,0.25547018491759294,0.05868293257083157
warranted,9,5,1.6319425556220422,1.4258013003307857,0.14163686804640818,0.2547937597716014,0.059331535414785086
limited,61,37,11.060943988104952,10.550929622447816,0.051584979315238755,0.24913010770862842,0.051516200897997244
know,9,5,1.6319425556220422,1.4258013003307857,0.13421671633932952,0.24316405303548047,0.059331535414785086
current,53,32,9.610328383107582,9.12512832211703,0.051351942150081875,0.23204441698392558,0.05377535203407202
consequences,12,7,2.175923407496056,1.9961218204631002,0.09287802801681444,0.1959924893425072,0.03312670146075691
benefits,67,41,12.14890569185298,11.691570662712444,0.03788549936825092,0.1933450945542552,0.03756242452480807
proportion,9,5,1.6319425556220422,1.4258013003307857,0.10130427255572982,0.18957653301014335,0.059331535414785086
designed,25,15,4.533173765616784,4.277403900992358,0.05844793887351685,0.18084826535443807,0.03176962727665322
suicide,12,7,2.175923407496056,1.9961218204631002,0.08484135585897512,0.18051809504165536,0.03312670146075691
intensity,7,4,1.2692886543726996,1.1406410402646288,0.11018804597524934,0.17699322207336235,0.029341466285415785
hours,7,4,1.2692886543726996,1.1406410402646288,0.09910903880265742,0.16097618626714752,0.029341466285415785
cognition,15,9,2.7199042593700704,2.566442340595415,0.06319201482326697,0.15068230687727505,0.019061776365991823
school,57,35,10.335636185606267,9.980609102315501,0.030467428666019813,0.14422642732942884,0.026566203621747775
expanded,15,9,2.7199042593700704,2.566442340595415,0.06018374728943776,0.14397342983678046,0.019061776365991823
progress,51,31,9.247674481858239,8.839968062050872,0.03191027620485265,0.1437912318258358,0.03933824817021936
person,39,24,7.071751074362182,6.843846241587772,0.03395998758025964,0.13221827348340284,0.01598408492902259
validate,10,6,1.8132695062467135,1.710961560396943,0.060282797928833176,0.11773406002494045,0.012707850910661178
peripheral,5,3,0.9066347531233567,0.8554807801984715,0.0628996788818803,0.08662012354084622,0.006353925455330589
gaze,5,3,0.9066347531233567,0.8554807801984715,0.0628996788818803,0.08662012354084622,0.006353925455330589
probability,5,3,0.9066347531233567,0.8554807801984715,0.0622678188098007,0.08580810698737366,0.006353925455330589
standardization,5,3,0.9066347531233567,0.8554807801984715,0.06059071606656374,0.08364758461783452,0.006353925455330589
elopement,5,3,0.9066347531233567,0.8554807801984715,0.05975642281755711,0.08256996018788511,0.006353925455330589
inpatient,5,3,0.9066347531233567,0.8554807801984715,0.05954829057138866,0.08230082771059159,0.006353925455330589
committed,5,3,0.9066347531233567,0.8554807801984715,0.05871751901163336,0.08122538947983421,0.006353925455330589
changed,5,3,0.9066347531233567,0.8554807801984715,0.056652812955967136,0.07854440268307226,0.006353925455330589
representing,5,3,0.9066347531233567,0.8554807801984715,0.048962683520342054,0.06845431911352773,0.006353925455330589
short,5,3,0.9066347531233567,0.8554807801984715,0.04678147979828928,0.06556188427110113,0.006353925455330589
interdisciplinary,5,3,0.9066347531233567,0.8554807801984715,0.04364382142062162,0.061377035454939353,0.006353925455330589
partially,5,3,0.9066347531233567,0.8554807801984715,0.03204846719824239,0.045659179635719464,0.006353925455330589
travel,8,5,1.4506156049973709,1.4258013003307857,0.023916393499531452,0.04211995937963378,0.0009172130514944893
duration,8,5,1.4506156049973709,1.4258013003307857,0.022488341272989487,0.03967005250842917,0.0009172130514944893
later,16,10,2.9012312099947417,2.8516026006615713,0.014964607541116948,0.037659583138174926,0.0018344261029889786
obtain,8,5,1.4506156049973709,1.4258013003307857,0.020362866711961303,0.036008842260001124,0.0009172130514944893
subsequent,8,5,1.4506156049973709,1.4258013003307857,0.013418500293282065,0.02392122166558351,0.0009172130514944893
appear,8,5,1.4506156049973709,1.4258013003307857,0.0127356982927882,0.02272216368205351,0.0009172130514944893
shortages,11,7,1.9945964568713848,1.9961218204631002,0.006547920350605807,0.013588464337390471,2.4997597103011693e-06
variation,19,12,3.4452120618687556,3.421923120793886,0.004719598771822042,0.012984808266796254,0.000338536673840914
reasons,11,7,1.9945964568713848,1.9961218204631002,0.0023607878848199704,0.004923694210414607,2.4997597103011693e-06
tested,11,7,1.9945964568713848,1.9961218204631002,0.0014680585420823178,0.003065080182278816,2.4997597103011693e-06
behavioral,68,43,12.330232642477652,12.261891182844758,-0.0022964137765830728,-0.01204077800635828,0.0008140924903026758
report,65,41,11.786251790603638,11.691570662712444,-0.0029856723959866827,-0.015351246919907602,0.0016365548094018356
choice,17,11,3.082558160619413,3.1367628607277287,-0.01447662113253223,-0.03774383525124017,0.0020267850472368842
linked,20,13,3.626539012493427,3.707083380860043,-0.017830513546501336,-0.050422579522749436,0.003795814605081105
small,17,11,3.082558160619413,3.1367628607277287,-0.019431363987331807,-0.05097529765699518,0.0020267850472368842
open,6,4,1.087961703748028,1.1406410402646288,-0.04415397071597482,-0.06903431208510225,0.005348619514927905
gene-environment,6,4,1.087961703748028,1.1406410402646288,-0.050673511581607045,-0.07991765164920807,0.005348619514927905
launched,6,4,1.087961703748028,1.1406410402646288,-0.050673511581607045,-0.07991765164920807,0.005348619514927905
utility,9,6,1.6319425556220422,1.710961560396943,-0.042721243678171206,-0.0816513074286416,0.008022929272391899
growth,26,17,4.714500716241456,4.847724421124672,-0.0266517427236046,-0.08641274609591851,0.007966320315279773
inclusive,9,6,1.6319425556220422,1.710961560396943,-0.04566721469787183,-0.08762200334854024,0.008022929272391899
workplace,12,8,2.175923407496056,2.2812820805292575,-0.04121186101436081,-0.09077125206726698,0.01069723902985581
limitations,15,10,2.7199042593700704,2.8516026006615713,-0.04120093085662191,-0.10145667327721256,0.013371548787319831
occupational,15,10,2.7199042593700704,2.8516026006615713,-0.04594733648268168,-0.11385488034852417,0.013371548787319831
addressed,21,14,3.807865963118098,3.9922436409262003,-0.04500033134724113,-0.13177213955633457,0.018720168302241658
delays,21,14,3.807865963118098,3.9922436409262003,-0.04529605746776255,-0.13269000067474152,0.018720168302241658
structure,30,20,5.439808518740141,5.703205201323143,-0.04108020557470482,-0.14303621761752358,0.026743097574639663
foundation,15,10,2.7199042593700704,2.8516026006615713,-0.07269389585886543,-0.18684327617632884,0.013371548787319831
reach,13,9,2.357250358120728,2.566442340595415,-0.08039269463811749,-0.18685789713920362,0.03823788140313311
hypothesis,7,5,1.2692886543726996,1.4258013003307857,-0.10970760570682181,-0.18839836296313095,0.03915979962045124
consistency,7,5,1.2692886543726996,1.4258013003307857,-0.1100687475308213,-0.18912489209179006,0.03915979962045124
person's,7,5,1.2692886543726996,1.4258013003307857,-0.11096815333828225,-0.19093804425791042,0.03915979962045124
substantially,7,5,1.2692886543726996,1.4258013003307857,-0.11114744588825687,-0.19130013283455002,0.03915979962045124
adhd,10,7,1.8132695062467135,1.9961218204631002,-0.09446072088540092,-0.1941055877705015,0.03777941201105206
guide,10,7,1.8132695062467135,1.9961218204631002,-0.09452667282303473,-0.19426024410775822,0.03777941201105206
genomics,10,7,1.8132695062467135,1.9961218204631002,-0.09544735835718043,-0.19642257882893324,0.03777941201105206
prenatal,10,7,1.8132695062467135,1.9961218204631002,-0.0964283668065331,-0.19873347813039674,0.03777941201105206
funded,21,14,3.807865963118098,3.9922436409262003,-0.06647360902305177,-0.20040201082262585,0.018720168302241658
active,10,7,1.8132695062467135,1.9961218204631002,-0.09824468870029257,-0.20303098510807766,0.03777941201105206
shows,7,5,1.2692886543726996,1.4258013003307857,-0.12029338140796142,-0.21006174575035616,0.03915979962045124
attention,28,19,5.077154617490798,5.418044941256987,-0.06389243790191923,-0.21762859415822353,0.04759425975791487
anxiety,37,25,6.7090971731128395,7.1290065016539295,-0.055993876581415414,-0.21785870319788916,0.054761015408638425
affected,7,5,1.2692886543726996,1.4258013003307857,-0.12537678845572486,-0.22074479976773456,0.03915979962045124
examine,7,5,1.2692886543726996,1.4258013003307857,-0.12822119186416714,-0.22680523032759026,0.03915979962045124
aac,29,20,5.258481568115469,5.703205201323143,-0.07455651108199479,-0.25777174919218543,0.07761113261800467
reduced,17,12,3.082558160619413,3.421923120793886,-0.09890005250445899,-0.26411648113387454,0.07624250029202773
working,17,12,3.082558160619413,3.421923120793886,-0.1049995746860084,-0.28302311291065596,0.07624250029202773
validity,8,6,1.4506156049973709,1.710961560396943,-0.15787722884327238,-0.2938738225158734,0.09258747552087754
limit,8,6,1.4506156049973709,1.710961560396943,-0.15899422880366565,-0.2965506597757482,0.09258747552087754
investigate,8,6,1.4506156049973709,1.710961560396943,-0.16293072159830935,-0.30607962715945225,0.09258747552087754
food,8,6,1.4506156049973709,1.710961560396943,-0.1641344885364866,-0.3090237195335039,0.09258747552087754
published,11,8,1.9945964568713848,2.2812820805292575,-0.14023145511883506,-0.309955289603477,0.08288484710090027
considered,8,6,1.4506156049973709,1.710961560396943,-0.16675881353317656,-0.31549213969022166,0.09258747552087754
confidence,5,4,0.9066347531233567,1.1406410402646288,-0.22124475246305586,-0.331144616646922,0.11591504853223555
miss,5,4,0.9066347531233567,1.1406410402646288,-0.22124475246305586,-0.331144616646922,0.11591504853223555
progression,5,4,0.9066347531233567,1.1406410402646288,-0.22203718288133167,-0.332936627119372,0.11591504853223555
drive,5,4,0.9066347531233567,1.1406410402646288,-0.22211611288323319,-0.3331155330789666,0.11591504853223555
power,5,4,0.9066347531233567,1.1406410402646288,-0.22243126680183778,-0.3338306224069003,0.11591504853223555
alter,5,4,0.9066347531233567,1.1406410402646288,-0.22282394007832274,-0.33472328441996413,0.11591504853223555
programming,5,4,0.9066347531233567,1.1406410402646288,-0.22337132722880249,-0.335970780819011,0.11591504853223555
therapists,5,4,0.9066347531233567,1.1406410402646288,-0.22337132722880249,-0.335970780819011,0.11591504853223555
broadly,5,4,0.9066347531233567,1.1406410402646288,-0.22453513529225155,-0.33863528365308754,0.11591504853223555
characterize,5,4,0.9066347531233567,1.1406410402646288,-0.22476641063057023,-0.3391667687797114,0.11591504853223555
educators,5,4,0.9066347531233567,1.1406410402646288,-0.22561022518396712,-0.341111539792449,0.11591504853223555
literature,15,11,2.7199042593700704,3.1367628607277287,-0.1369652916133255,-0.347634435908171,0.1279946480645393
approach,18,13,3.2638851112440843,3.707083380860043,-0.12533562076128213,-0.3488752787007017,0.12146347058399587
little,5,4,0.9066347531233567,1.1406410402646288,-0.2298797418373404,-0.3510898532106882,0.11591504853223555
stress,31,22,5.621135469364812,6.273525721455457,-0.1026354485466694,-0.3698096692318917,0.1541155028383554
represent,12,9,2.175923407496056,2.566442340595415,-0.16463040615696656,-0.37995659427741724,0.13888121328131353
dysautonomia,9,7,1.6319425556220422,1.9961218204631002,-0.1921404851117554,-0.38190200065834856,0.15817599800443238
careful,9,7,1.6319425556220422,1.9961218204631002,-0.19275069923034494,-0.38359193478179165,0.15817599800443238
avoid,9,7,1.6319425556220422,1.9961218204631002,-0.1929027863972408,-0.3840138636603481,0.15817599800443238
expertise,9,7,1.6319425556220422,1.9961218204631002,-0.19521171928237813,-0.3904558990686868,0.15817599800443238
circuits,9,7,1.6319425556220422,1.9961218204631002,-0.19546010882839937,-0.3911530284634604,0.15817599800443238
specialists,9,7,1.6319425556220422,1.9961218204631002,-0.19565846009033017,-0.39171029888778575,0.15817599800443238
differ,9,7,1.6319425556220422,1.9961218204631002,-0.19580701382883348,-0.3921279994985719,0.15817599800443238
pregnancy,9,7,1.6319425556220422,1.9961218204631002,-0.20051538637640398,-0.40551884549489137,0.15817599800443238
competency,6,5,1.087961703748028,1.4258013003307857,-0.26175614977257133,-0.4340154395529918,0.19723640451457802
incorporated,6,5,1.087961703748028,1.4258013003307857,-0.26175614977257133,-0.4340154395529918,0.19723640451457802
integrating,6,5,1.087961703748028,1.4258013003307857,-0.2618091586999718,-0.4341676297406299,0.19723640451457802
enacted,6,5,1.087961703748028,1.4258013003307857,-0.26207373698829883,-0.4349280498966141,0.19723640451457802
neurodevelopment,6,5,1.087961703748028,1.4258013003307857,-0.26254802786161235,-0.4362945835885963,0.19723640451457802
middle,6,5,1.087961703748028,1.4258013003307857,-0.26296752848976546,-0.4375068917635762,0.19723640451457802
poor,6,5,1.087961703748028,1.4258013003307857,-0.26317654524319245,-0.43811220640336235,0.19723640451457802
identify,95,65,17.226060309343776,18.535416904300217,-0.06989184455235442,-0.43823388385751466,0.2061441297968969
ultimately,6,5,1.087961703748028,1.4258013003307857,-0.26338507524072696,-0.43871696319462533,0.19723640451457802
fact,6,5,1.087961703748028,1.4258013003307857,-0.2636969612937037,-0.4396230553264252,0.19723640451457802
advancing,6,5,1.087961703748028,1.4258013003307857,-0.26447193909140054,-0.4418828367250575,0.19723640451457802
gaps,35,25,6.346443271863497,7.1290065016539295,-0.11484236587285235,-0.4445100464141829,0.19579899810225632
lifelong,10,8,1.8132695062467135,2.2812820805292575,-0.22138621719931706,-0.46873691570533377,0.2318300970644711
list,6,5,1.087961703748028,1.4258013003307857,-0.27345875226268035,-0.4689940873112902,0.19723640451457802
consideration,17,13,3.082558160619413,3.707083380860043,-0.17723364309586476,-0.4836638699376333,0.24833913016715803
financial,14,11,2.538577308745399,3.1367628607277287,-0.20515594413365434,-0.513164038072521,0.2729640455165061
epigenetics,14,11,2.538577308745399,3.1367628607277287,-0.20814131560119975,-0.5239942312344689,0.2729640455165061
instruction,7,6,1.2692886543726996,1.710961560396943,-0.2911044361921338,-0.527761857210507,0.2848282982291719
involving,7,6,1.2692886543726996,1.710961560396943,-0.29162335821100704,-0.5296167154958481,0.2848282982291719
clinics,7,6,1.2692886543726996,1.710961560396943,-0.2916971996574187,-0.5298813018504333,0.2848282982291719
protect,7,6,1.2692886543726996,1.710961560396943,-0.2917340932812085,-0.5300135582493943,0.2848282982291719
maintain,7,6,1.2692886543726996,1.710961560396943,-0.29243165797369564,-0.532521788002621,0.2848282982291719
note,7,6,1.2692886543726996,1.710961560396943,-0.2965888722592993,-0.5477770898566304,0.2848282982291719
administrative,15,12,2.7199042593700704,3.421923120793886,-0.22197656105725816,-0.5763659250425888,0.3477451455967069
means,15,12,2.7199042593700704,3.421923120793886,-0.22250240901315887,-0.57843152401727,0.3477451455967069
act,50,36,9.066347531233568,10.26576936238166,-0.1286736014213199,-0.6025274419037464,0.3207326636876999
offered,8,7,1.4506156049973709,1.9961218204631002,-0.31060755937879847,-0.6035328364465392,0.37617281902055355
compare,8,7,1.4506156049973709,1.9961218204631002,-0.3113375047567182,-0.6066389284892177,0.37617281902055355
widely,8,7,1.4506156049973709,1.9961218204631002,-0.3115048087654202,-0.6073539324464696,0.37617281902055355
decades,12,10,2.175923407496056,2.8516026006615713,-0.2623172149981894,-0.6160165895103455,0.39447280902915605
monitor,8,7,1.4506156049973709,1.9961218204631002,-0.313587671102896,-0.6163535295590108,0.37617281902055355
nibs,0,5,0.0,1.4258013003307857,-6.872285198867683,-0.6172044890564164,9.44928845650506
basis,12,10,2.175923407496056,2.8516026006615713,-0.26378165882711535,-0.6220116800405068,0.39447280902915605
observed,12,10,2.175923407496056,2.8516026006615713,-0.2650180718693065,-0.6271197432170569,0.39447280902915605
activities,100,70,18.132695062467135,19.961218204631002,-0.09694108791304767,-0.6321196956043212,0.3777941201104982
knowledge,33,25,5.983789370614154,7.1290065016539295,-0.16974861180963963,-0.6457927594172681,0.43217492906643873
functioning,16,13,2.9012312099947417,3.707083380860043,-0.24057713163692362,-0.6531832745453504,0.4262507720266364
therapy,46,34,8.34103972873488,9.695448842249345,-0.14735854046630248,-0.6593472093661115,0.43891659844513153
stable,9,8,1.6319425556220422,2.2812820805292575,-0.32614764225168535,-0.6748578625509731,0.469941683170084
implemented,9,8,1.6319425556220422,2.2812820805292575,-0.3277302126919288,-0.6828025460004011,0.469941683170084
independence,13,11,2.357250358120728,3.1367628607277287,-0.2788598913776905,-0.6874385343531892,0.48089096458186686
congregate,0,5,0.0,1.4258013003307857,-6.536458060935754,-0.6943762614308558,9.44928845650506
recognize,17,14,3.082558160619413,3.9922436409262003,-0.25066903235894866,-0.6984563062353744,0.5077549783457043
limiting,5,5,0.9066347531233567,1.4258013003307857,-0.4426526822807748,-0.7018152176910407,0.5081375073861611
vary,17,14,3.082558160619413,3.9922436409262003,-0.25150271723898765,-0.7023228957016034,0.5077549783457043
close,5,5,0.9066347531233567,1.4258013003307857,-0.44265309893930294,-0.7047420417517674,0.5081375073861611
ssi,5,5,0.9066347531233567,1.4258013003307857,-0.44265407648743427,-0.7115616100129089,0.5081375073861611
turn,5,5,0.9066347531233567,1.4258013003307857,-0.4426546373776876,-0.7154451559929477,0.5081375073861611
awards,5,5,0.9066347531233567,1.4258013003307857,-0.44265465340314414,-0.7155558050318311,0.5081375073861611
did,13,11,2.357250358120728,3.1367628607277287,-0.2849120834760477,-0.7158085894248685,0.48089096458186686
share,21,17,3.807865963118098,4.847724421124672,-0.23477863508872154,-0.7255347794204319,0.5417578759430235
diagnostic,117,83,21.215253223086545,23.668301585491047,-0.1039887061578737,-0.7295760485337379,0.5774316883516661
distancing,0,7,0.0,1.9961218204631002,-6.872340690981856,-0.730292096841228,13.229003839107081
intersectional,0,6,0.0,1.710961560396943,-6.5851684885659,-0.7478913114549011,11.339146147806069
direct,25,20,4.533173765616784,5.703205201323143,-0.22289840525328763,-0.7486870184294896,0.5795752426611696
disparate,0,5,0.0,1.4258013003307857,-6.2857883155014065,-0.7569115078559926,9.44928845650506
ideally,0,5,0.0,1.4258013003307857,-6.2857883155014065,-0.7569115078559926,9.44928845650506
yoga,0,5,0.0,1.4258013003307857,-6.2857883155014065,-0.7569115078559926,9.44928845650506
adapt,6,6,1.087961703748028,1.710961560396943,-0.442662953001566,-0.7707304796986839,0.6097650088633917
sets,6,6,1.087961703748028,1.710961560396943,-0.44266312928838936,-0.771859658333827,0.6097650088633917
datasets,6,6,1.087961703748028,1.710961560396943,-0.4426634017319415,-0.7736015142224175,0.6097650088633917
extent,6,6,1.087961703748028,1.710961560396943,-0.44266364212359477,-0.7751351988690489,0.6097650088633917
light,6,6,1.087961703748028,1.710961560396943,-0.44266365814971564,-0.7752373367494894,0.6097650088633917
fpe,0,6,0.0,1.710961560396943,-6.467654152813781,-0.7789984048526081,11.339146147806069
sars-cov,0,6,0.0,1.710961560396943,-6.467654152813781,-0.7789984048526081,11.339146147806069
verbal,6,6,1.087961703748028,1.710961560396943,-0.4426646998500221,-0.7818477103503229,0.6097650088633917
dsps,0,5,0.0,1.4258013003307857,-6.180749985493318,-0.7843966808724611,9.44928845650506
institute,9,8,1.6319425556220422,2.2812820805292575,-0.3482225009475943,-0.8005509634919882,0.469941683170084
frequently,11,10,1.9945964568713848,2.8516026006615713,-0.34869367132782436,-0.8036446041394696,0.6619762466474333
safe,11,10,1.9945964568713848,2.8516026006615713,-0.34892193654394354,-0.8051507341439986,0.6619762466474333
conditions,211,147,38.259986581805656,41.91855822972511,-0.08595645741003022,-0.8052569390624671,0.718425537972168
body,11,10,1.9945964568713848,2.8516026006615713,-0.34899304256816777,-0.8056208923294714,0.6619762466474333
on-the-job,0,5,0.0,1.4258013003307857,-6.08576188757889,-0.8099093359050789,9.44928845650506
accommodations,30,24,5.439808518740141,6.843846241587772,-0.22114336282526104,-0.8103689335051485,0.6954902911934138
promising,11,10,1.9945964568713848,2.8516026006615713,-0.34979610550873375,-0.8109637435447785,0.6619762466474333
following,15,13,2.7199042593700704,3.707083380860043,-0.30452841060268643,-0.8179490180648338,0.6602647304080156
ebps,0,7,0.0,1.9961218204631002,-6.516356922037145,-0.8273671505912361,13.229003839107081
communicate,7,7,1.2692886543726996,1.9961218204631002,-0.4426730799653704,-0.8331209245804065,0.7113925103406253
forms,7,7,1.2692886543726996,1.9961218204631002,-0.4426743621142286,-0.8406900552165876,0.7113925103406253
effects,77,57,13.962175198099693,16.25413482377096,-0.1465140697955185,-0.8449663883287912,0.7503085119515625
connections,16,14,2.9012312099947417,3.9922436409262003,-0.3108856090543206,-0.8550224487121418,0.7523456380411071
collection,16,14,2.9012312099947417,3.9922436409262003,-0.31271774912602446,-0.8661286749090628,0.7523456380411071
inherent,0,5,0.0,1.4258013003307857,-5.7768942505715835,-0.8971973135744192,9.44928845650506
adi-r,0,6,0.0,1.710961560396943,-6.0271638182563425,-0.904806783088433,11.339146147806069
properly,0,7,0.0,1.9961218204631002,-6.254683355237162,-0.9051514129017609,13.229003839107081
combination,13,12,2.357250358120728,3.421923120793886,-0.3638972094171349,-0.9161186870257196,0.8576048625220887
exposure,60,46,10.879617037480282,13.11737196304323,-0.18121383076334574,-0.9320663825591309,0.9022337366972106
interactions,36,29,6.527770222488169,8.269647541918557,-0.23064069951240196,-0.933343333193462,0.888956836327992
internet,0,5,0.0,1.4258013003307857,-5.652374132440912,-0.9342542523525318,9.44928845650506
disasters,0,5,0.0,1.4258013003307857,-5.652374132440912,-0.9342542523525318,9.44928845650506
appreciation,0,5,0.0,1.4258013003307857,-5.652374132440912,-0.9342542523525318,9.44928845650506
special,21,18,3.807865963118098,5.13288468119083,-0.2955293058351458,-0.9416666525186081,0.8544848946875092
adequately,9,9,1.6319425556220422,2.566442340595415,-0.44269280637234587,-0.9428790768456483,0.9146475132950878
contributions,9,9,1.6319425556220422,2.566442340595415,-0.4426940245239095,-0.949241236280679,0.9146475132950878
leveraged,0,5,0.0,1.4258013003307857,-5.595537076039177,-0.9515218261059709,9.44928845650506
crime,0,5,0.0,1.4258013003307857,-5.595537076039177,-0.9515218261059709,9.44928845650506
alleviate,0,5,0.0,1.4258013003307857,-5.541791108979984,-0.9680521294127232,9.44928845650506
sib,0,5,0.0,1.4258013003307857,-5.541791108979984,-0.9680521294127232,9.44928845650506
unnecessarily,0,5,0.0,1.4258013003307857,-5.541791108979984,-0.9680521294127232,9.44928845650506
aces,0,8,0.0,2.2812820805292575,-6.245170434191138,-0.9707959247272188,15.118861530408093
nda,0,8,0.0,2.2812820805292575,-6.245170434191138,-0.9707959247272188,15.118861530408093
collective,0,5,0.0,1.4258013003307857,-5.490818965642683,-0.9839092643399907,9.44928845650506
inadequate,4,5,0.7253078024986854,1.4258013003307857,-0.6638126223254428,-0.9940949794978873,1.0214142074172456
correlation,4,5,0.7253078024986854,1.4258013003307857,-0.6637333259596314,-0.9941574174536725,1.0214142074172456
procedures,10,10,1.8132695062467135,2.8516026006615713,-0.4427029347243838,-0.9945415781031283,1.0162750147723223
rigorous,4,5,0.7253078024986854,1.4258013003307857,-0.6610708244723629,-0.9962848020024325,1.0214142074172456
showing,4,5,0.7253078024986854,1.4258013003307857,-0.6596871767296886,-0.9974144941883998,1.0214142074172456
created,4,5,0.7253078024986854,1.4258013003307857,-0.657121088861583,-0.9995545233876224,1.0214142074172456
novel,4,5,0.7253078024986854,1.4258013003307857,-0.656526135531097,-1.0000591914591828,1.0214142074172456
options,23,20,4.17051986436744,5.703205201323143,-0.30479842023641446,-1.0034732375632653,1.036214996842424
identity,0,7,0.0,1.9961218204631002,-5.930411058645058,-1.0092931559686478,13.229003839107081
generalizability,0,7,0.0,1.9961218204631002,-5.930411058645058,-1.0092931559686478,13.229003839107081
ndbis,0,9,0.0,2.566442340595415,-6.298286067900188,-1.011239920157182,17.008719221709104
eligibility,15,14,2.7199042593700704,3.9922436409262003,-0.37459896016672634,-1.0144363708609758,1.0553387875322384
disproportionately,0,6,0.0,1.710961560396943,-5.6720974007273455,-1.0169308305620421,11.339146147806069
cause,15,14,2.7199042593700704,3.9922436409262003,-0.37512121815234956,-1.0197644967125385,1.0553387875322384
inequities,0,5,0.0,1.4258013003307857,-5.3520198581153355,-1.027965075092508,9.44928845650506
incidents,0,6,0.0,1.710961560396943,-5.623575072954019,-1.0329929550061,11.339146147806069
trauma,5,6,0.9066347531233567,1.710961560396943,-0.6239843923232478,-1.033395945393753,1.1027355633995906
appropriately,5,6,0.9066347531233567,1.710961560396943,-0.6231892680142881,-1.0343751681402265,1.1027355633995906
eye,5,6,0.9066347531233567,1.710961560396943,-0.6212059239868637,-1.0368580185363296,1.1027355633995906
complementary,5,6,0.9066347531233567,1.710961560396943,-0.6197722668529178,-1.0386893253195177,1.1027355633995906
carefully,0,5,0.0,1.4258013003307857,-5.3097809827651865,-1.0416224990255432,9.44928845650506
staff,5,6,0.9066347531233567,1.710961560396943,-0.616580510162418,-1.0428803552414398,1.1027355633995906
local,5,6,0.9066347531233567,1.710961560396943,-0.613313341706883,-1.0473400479235622,1.1027355633995906
navigators,0,6,0.0,1.710961560396943,-5.577322822006687,-1.0484672342832582,11.339146147806069
peer-mediated,0,6,0.0,1.710961560396943,-5.577322822006687,-1.0484672342832582,11.339146147806069
mitigation,0,10,0.0,2.8516026006615713,-6.342924389798386,-1.0498152763489357,18.89857691301012
sources,24,21,4.351846814992112,5.9883654613893,-0.31184270049271134,-1.0540450544308055,1.1285184570616602
poverty,0,5,0.0,1.4258013003307857,-5.230379444804001,-1.067605952166747,9.44928845650506
attitudes,0,5,0.0,1.4258013003307857,-5.230379444804001,-1.067605952166747,9.44928845650506
regardless,6,7,1.087961703748028,1.9961218204631002,-0.59520476095609,-1.075611282505899,1.190327457114182
forward,6,7,1.087961703748028,1.9961218204631002,-0.5943439162149691,-1.077124484735486,1.190327457114182
neurobiological,0,7,0.0,1.9961218204631002,-5.730659494965787,-1.0777411770972407,13.229003839107081
experiments,0,6,0.0,1.710961560396943,-5.4908467594200765,-1.0778240530055219,11.339146147806069
abuse,6,7,1.087961703748028,1.9961218204631002,-0.5920350902009677,-1.0812683278838615,1.190327457114182
base,12,12,2.175923407496056,3.421923120793886,-0.44272421879602586,-1.0952006378346886,1.2195300177267834
universal,17,16,3.082558160619413,4.562564161058515,-0.382586050952173,-1.1026383697682416,1.2544118646848608
state,113,84,20.489945420587862,23.9534618455572,-0.15614248586458057,-1.1026526563511891,1.1651603441913512
lessons,0,5,0.0,1.4258013003307857,-5.122141137332983,-1.1036633860684626,9.44928845650506
advantage,0,6,0.0,1.710961560396943,-5.4113390797756615,-1.1052988535626054,11.339146147806069
breadth,0,5,0.0,1.4258013003307857,-5.0885597087317205,-1.114996200635063,9.44928845650506
aap,0,6,0.0,1.710961560396943,-5.373866158512888,-1.118406749038963,11.339146147806069
interact,7,8,1.2692886543726996,2.2812820805292575,-0.5736578705026236,-1.1193199080525522,1.2816719779055648
using,55,44,9.972982284356924,12.547051442910915,-0.22437684041302397,-1.1213255501152812,1.2750655338545904
participatory,0,7,0.0,1.9961218204631002,-5.603514918392509,-1.1230035108437428,13.229003839107081
link,7,8,1.2692886543726996,2.2812820805292575,-0.571556720456929,-1.124332429826024,1.2816719779055648
enabled,0,5,0.0,1.4258013003307857,-5.0560899065474185,-1.1260181097015085,9.44928845650506
lgbtqia,0,11,0.0,3.1367628607277287,-6.275933837891877,-1.12655171401474,20.788434604311128
voice,0,6,0.0,1.710961560396943,-5.337765849583414,-1.1311296470117804,11.339146147806069
maximizing,0,5,0.0,1.4258013003307857,-5.024661126501334,-1.1367459803487214,9.44928845650506
impacted,0,6,0.0,1.710961560396943,-5.302941793573085,-1.1434904854467272,11.339146147806069
government,13,13,2.357250358120728,3.707083380860043,-0.44273761902324704,-1.1540839313474343,1.3211575192040153
modalities,8,9,1.4506156049973709,2.566442340595415,-0.5598461726944279,-1.1553472296461178,1.375440842055097
gathering,0,6,0.0,1.710961560396943,-5.269307434296055,-1.1555101169759203,11.339146147806069
variables,8,9,1.4506156049973709,2.566442340595415,-0.5590969123234366,-1.157528522941446,1.375440842055097
victimization,0,8,0.0,2.2812820805292575,-5.6973368294438025,-1.1647161146599687,15.118861530408093
stakeholders,8,9,1.4506156049973709,2.566442340595415,-0.555080651819944,-1.1696758210927212,1.375440842055097
delivery,23,21,4.17051986436744,5.9883654613893,-0.3539773839356348,-1.1870670187009835,1.4212462952069504
emphasize,9,10,1.6319425556220422,2.8516026006615713,-0.5468220409705538,-1.197322990535317,1.4708667483622575
way,9,10,1.6319425556220422,2.8516026006615713,-0.5463514087754788,-1.199018139420097,1.4708667483622575
crucial,0,6,0.0,1.710961560396943,-5.145212347676187,-1.2005337296360794,11.339146147806069
mortality,9,10,1.6319425556220422,2.8516026006615713,-0.5457133558273757,-1.2013385304039308,1.4708667483622575
waivers,9,10,1.6319425556220422,2.8516026006615713,-0.5454228304370563,-1.202403649320803,1.4708667483622575
allowed,0,5,0.0,1.4258013003307857,-4.829071950177603,-1.2047665248497852,9.44928845650506
stigma,0,8,0.0,2.2812820805292575,-5.588740161241244,-1.2062713734997266,15.118861530408093
iacc's,0,5,0.0,1.4258013003307857,-4.804073243852146,-1.2136094913407056,9.44928845650506
optimize,0,7,0.0,1.9961218204631002,-5.327717652505479,-1.225619570939941,13.229003839107081
importantly,0,5,0.0,1.4258013003307857,-4.7559209777158085,-1.230732554644395,9.44928845650506
stimulation,0,8,0.0,2.2812820805292575,-5.52245033429123,-1.2321359407458174,15.118861530408093
rapidly,0,5,0.0,1.4258013003307857,-4.73270927680964,-1.2390279309282315,9.44928845650506
facial,0,5,0.0,1.4258013003307857,-4.73270927680964,-1.2390279309282315,9.44928845650506
latino,0,5,0.0,1.4258013003307857,-4.73270927680964,-1.2390279309282315,9.44928845650506
making,10,11,1.8132695062467135,3.1367628607277287,-0.5358887898360702,-1.240619972019682,1.567475405532445
inform,10,11,1.8132695062467135,3.1367628607277287,-0.5348082433731829,-1.2453913664158451,1.567475405532445
involved,10,11,1.8132695062467135,3.1367628607277287,-0.5342638121398213,-1.2478329320576225,1.567475405532445
childhood,10,11,1.8132695062467135,3.1367628607277287,-0.5338597080429413,-1.249661747197502,1.567475405532445
optimal,0,8,0.0,2.2812820805292575,-5.460331363708578,-1.25671236527464,15.118861530408093
circuitry,0,8,0.0,2.2812820805292575,-5.460331363708578,-1.25671236527464,15.118861530408093
ipscs,0,7,0.0,1.9961218204631002,-5.214223276419887,-1.2695572131236672,13.229003839107081
adequate,11,12,1.9945964568713848,3.421923120793886,-0.5289276405836754,-1.2731861039286847,1.664957815923433
investment,25,23,4.533173765616784,6.558685981521615,-0.3620874011310615,-1.2737914352911266,1.616918339316701
explored,0,6,0.0,1.710961560396943,-4.936035950933972,-1.2787356385014246,11.339146147806069
underlying,21,20,3.807865963118098,5.703205201323143,-0.39532381964188534,-1.2828281330960394,1.6550068635464346
overcome,0,9,0.0,2.566442340595415,-5.57740619197218,-1.2841240628432538,17.008719221709104
enabling,0,5,0.0,1.4258013003307857,-4.603999742319287,-1.2854863775838083,9.44928845650506
stimuli,0,6,0.0,1.710961560396943,-4.912771721152673,-1.2876033564809235,11.339146147806069
surrounding,0,5,0.0,1.4258013003307857,-4.564630480050566,-1.2998435131617607,9.44928845650506
suicidal,3,5,0.543980851874014,1.4258013003307857,-0.9503030586626622,-1.30571477453607,1.817352243225351
prescribed,3,5,0.543980851874014,1.4258013003307857,-0.9492420012320686,-1.3057373943308421,1.817352243225351
waitlists,3,5,0.543980851874014,1.4258013003307857,-0.9490303332225292,-1.3057420262478001,1.817352243225351
simultaneously,3,5,0.543980851874014,1.4258013003307857,-0.9479746975675845,-1.3057657239436413,1.817352243225351
encouraged,3,5,0.543980851874014,1.4258013003307857,-0.9465043373064539,-1.305800401889843,1.817352243225351
investigated,3,5,0.543980851874014,1.4258013003307857,-0.9413236249269605,-1.305938399409944,1.817352243225351
allowing,3,5,0.543980851874014,1.4258013003307857,-0.9413236249269605,-1.305938399409944,1.817352243225351
varied,3,5,0.543980851874014,1.4258013003307857,-0.9392816632160912,-1.3059997145682476,1.817352243225351
urban,3,5,0.543980851874014,1.4258013003307857,-0.9348488724653308,-1.3061467118177497,1.817352243225351
suggesting,3,5,0.543980851874014,1.4258013003307857,-0.93167539823955,-1.3062639299635408,1.817352243225351
nearly,3,5,0.543980851874014,1.4258013003307857,-0.9275730113731715,-1.3064307352029942,1.817352243225351
joint,3,5,0.543980851874014,1.4258013003307857,-0.9266065765472469,-1.3064725925086975,1.817352243225351
cover,3,5,0.543980851874014,1.4258013003307857,-0.9175247655155427,-1.3069154555492977,1.817352243225351
successfully,0,6,0.0,1.710961560396943,-4.84612881816841,-1.3131848400156527,11.339146147806069
accommodate,4,6,0.7253078024986854,1.710961560396943,-0.8458873143227574,-1.3143359450609833,1.8163469372849481
proven,4,6,0.7253078024986854,1.710961560396943,-0.8445606976115734,-1.3145549119515985,1.8163469372849481
purposes,4,6,0.7253078024986854,1.710961560396943,-0.840503840048239,-1.315246944255879,1.8163469372849481
raise,4,6,0.7253078024986854,1.710961560396943,-0.8401156416569737,-1.3153149640049948,1.8163469372849481
rapid,4,6,0.7253078024986854,1.710961560396943,-0.8358955809904849,-1.3160751668046216,1.8163469372849481
epidemiological,0,5,0.0,1.4258013003307857,-4.508425416844675,-1.3204498546795749,9.44928845650506
achieving,0,6,0.0,1.710961560396943,-4.82488859731836,-1.3213925879621657,11.339146147806069
competent,5,7,0.9066347531233567,1.9961218204631002,-0.7759801065763892,-1.3318226780988989,1.8501581173904724
lost,5,7,0.9066347531233567,1.9961218204631002,-0.7755279731768159,-1.3319838293816753,1.8501581173904724
restricted,5,7,0.9066347531233567,1.9961218204631002,-0.7738211025325832,-1.3325990072647156,1.8501581173904724
differently,5,7,0.9066347531233567,1.9961218204631002,-0.7731967019637853,-1.3328267610664093,1.8501581173904724
visits,5,7,0.9066347531233567,1.9961218204631002,-0.7708104040899393,-1.333710755112791,1.8501581173904724
publications,4,6,0.7253078024986854,1.710961560396943,-0.768795449918704,-1.3344742052839842,1.8163469372849481
represented,5,7,0.9066347531233567,1.9961218204631002,-0.7661406423350652,-1.3355044008006227,1.8501581173904724
determine,51,43,9.247674481858239,12.261891182844758,-0.27509226935318853,-1.339957353530488,1.8361712999264306
in-person,0,9,0.0,2.566442340595415,-5.4372196520023675,-1.3427500065655618,17.008719221709104
schizophrenia,0,5,0.0,1.4258013003307857,-4.438236175019592,-1.346351556084838,9.44928845650506
highlighting,0,6,0.0,1.710961560396943,-4.70633870788936,-1.3676646950757276,11.339146147806069
sexual,0,14,0.0,3.9922436409262003,-6.047928602592397,-1.372704322654414,26.458007678214162
geographic,7,9,1.2692886543726996,2.566442340595415,-0.689758154097353,-1.3807618109187945,1.9691743157744517
spark,0,8,0.0,2.2812820805292575,-5.152581376877455,-1.3831744198923708,15.118861530408093
biorepository,0,8,0.0,2.2812820805292575,-5.152581376877455,-1.3831744198923708,15.118861530408093
able,14,15,2.538577308745399,4.277403900992358,-0.5104001052604579,-1.387291433374463,1.9608379464172465
non-autistic,0,7,0.0,1.9961218204631002,-4.916089322313649,-1.389421858580084,13.229003839107081
subjects,14,15,2.538577308745399,4.277403900992358,-0.5100332832953756,-1.3900835066328352,1.9608379464172465
aggressive,0,8,0.0,2.2812820805292575,-5.13080262116201,-1.3924107949048081,15.118861530408093
code,0,7,0.0,1.9961218204631002,-4.896514878972235,-1.3975041588348567,13.229003839107081
kinds,8,10,1.4506156049973709,2.8516026006615713,-0.6630508281449057,-1.4069345429874187,2.0428284148344913
trained,8,10,1.4506156049973709,2.8516026006615713,-0.6623447008932946,-1.4077311941354467,2.0428284148344913
previously,8,10,1.4506156049973709,2.8516026006615713,-0.6604453081460413,-1.4099041480926937,2.0428284148344913
solutions,0,7,0.0,1.9961218204631002,-4.85850480993154,-1.4132688225179832,13.229003839107081
revealed,0,6,0.0,1.710961560396943,-4.5841430117324595,-1.416123090308874,11.339146147806069
resulted,0,6,0.0,1.710961560396943,-4.567878707477886,-1.422626773434795,11.339146147806069
conduct,20,20,3.626539012493427,5.703205201323143,-0.4428080127580847,-1.4240075271432255,2.0325500295446446
programs,107,83,19.401983716839833,23.668301585491047,-0.20257450569151114,-1.4241295963462561,1.8283153945945898
patients,15,16,2.7199042593700704,4.562564161058515,-0.5052822757126023,-1.4287129510284926,2.060239513716441
coordinating,15,16,2.7199042593700704,4.562564161058515,-0.5040296866935403,-1.439728119682016,2.060239513716441
bureau,0,5,0.0,1.4258013003307857,-4.148294901174124,-1.4549078821749648,9.44928845650506
officer,0,5,0.0,1.4258013003307857,-4.148294901174124,-1.4549078821749648,9.44928845650506
men,0,7,0.0,1.9961218204631002,-4.752626667667071,-1.4576541427351777,13.229003839107081
vaccination,0,7,0.0,1.9961218204631002,-4.7360472657202415,-1.4646650395511296,13.229003839107081
emotional,10,12,1.8132695062467135,3.421923120793886,-0.6218538501515889,-1.465506370769739,2.205471126799181
terms,10,12,1.8132695062467135,3.421923120793886,-0.6189922572259245,-1.4706901389061058,2.205471126799181
presence,0,6,0.0,1.710961560396943,-4.432639154476512,-1.4771457242778498,11.339146147806069
beneficial,0,8,0.0,2.2812820805292575,-4.918591771338013,-1.4842724308260355,15.118861530408093
ados,0,7,0.0,1.9961218204631002,-4.6724190919403465,-1.4917164320597809,13.229003839107081
indicating,0,6,0.0,1.710961560396943,-4.3265379959624095,-1.520402820886055,11.339146147806069
severe,12,14,2.175923407496056,3.9922436409262003,-0.594711750703226,-1.522812093568777,2.380654914228364
value,12,14,2.175923407496056,3.9922436409262003,-0.5941166925008687,-1.5243018004685176,2.380654914228364
exploring,0,8,0.0,2.2812820805292575,-4.81970574432475,-1.5281724547256585,15.118861530408093
acceptance,0,11,0.0,3.1367628607277287,-5.34437096112895,-1.5285017182815206,20.788434604311128
alterations,0,9,0.0,2.566442340595415,-4.951942266158818,-1.5587875681119756,17.008719221709104
half,0,5,0.0,1.4258013003307857,-3.8687753900549247,-1.560755129037636,9.44928845650506
implementing,0,5,0.0,1.4258013003307857,-3.850352333623988,-1.5677285799103313,9.44928845650506
interagency,13,15,2.357250358120728,4.277403900992358,-0.5774898905438697,-1.5711369622828202,2.471263048178036
facilities,0,6,0.0,1.710961560396943,-4.197507772736959,-1.5734586040218603,11.339146147806069
furthermore,0,7,0.0,1.9961218204631002,-4.477773054811692,-1.5757792226130043,13.229003839107081
utilization,20,21,3.626539012493427,5.9883654613893,-0.49100262597513744,-1.5815824098397162,2.5605060224314453
infection,14,16,2.538577308745399,4.562564161058515,-0.574243386364131,-1.58161547808716,2.5633439558111295
array,0,5,0.0,1.4258013003307857,-3.7885885218127644,-1.5910765093994312,9.44928845650506
enhancing,0,8,0.0,2.2812820805292575,-4.674373568502476,-1.593842274997633,15.118861530408093
applications,4,7,0.7253078024986854,1.9961218204631002,-0.9734850154869186,-1.5989178026879918,2.7458389429404484
chronic,4,7,0.7253078024986854,1.9961218204631002,-0.9868674004150471,-1.5989578685822725,2.7458389429404484
continuing,4,7,0.7253078024986854,1.9961218204631002,-0.9875219283340808,-1.5989636706564472,2.7458389429404484
mandates,4,7,0.7253078024986854,1.9961218204631002,-0.9876858125325381,-1.5989651773846532,2.7458389429404484
specialized,4,7,0.7253078024986854,1.9961218204631002,-0.9908189269695455,-1.5989980956219698,2.7458389429404484
sensitive,4,7,0.7253078024986854,1.9961218204631002,-0.9943250981277618,-1.599044032904737,2.7458389429404484
vital,4,7,0.7253078024986854,1.9961218204631002,-0.9953353263437048,-1.5990590155627855,2.7458389429404484
waiting,5,8,0.9066347531233567,2.2812820805292575,-0.9059344563440686,-1.601581255641209,2.7174146897065254
neurological,5,8,0.9066347531233567,2.2812820805292575,-0.9009322944054414,-1.6020164146526523,2.7174146897065254
supportive,5,8,0.9066347531233567,2.2812820805292575,-0.8962641118063814,-1.6024584445830672,2.7174146897065254
department,38,35,6.890424123737511,9.980609102315501,-0.365142879185993,-1.6027682651350588,2.474477463142639
dna,3,6,0.543980851874014,1.710961560396943,-1.088105088034892,-1.6030093435083506,2.834966715747446
investigators,3,6,0.543980851874014,1.710961560396943,-1.088337392871674,-1.6030240791400476,2.834966715747446
hispanic,0,5,0.0,1.4258013003307857,-3.7550487875218383,-1.6037290895856093,9.44928845650506
experts,3,6,0.543980851874014,1.710961560396943,-1.1045509512996325,-1.604093708892653,2.834966715747446
detect,3,6,0.543980851874014,1.710961560396943,-1.117276408143546,-1.604984430739541,2.834966715747446
vulnerable,3,6,0.543980851874014,1.710961560396943,-1.1182959958409402,-1.6050575347890055,2.834966715747446
accurately,3,6,0.543980851874014,1.710961560396943,-1.1213740465568929,-1.6052796923376833,2.834966715747446
contact,3,6,0.543980851874014,1.710961560396943,-1.1218898884689565,-1.6053171340774934,2.834966715747446
uses,3,6,0.543980851874014,1.710961560396943,-1.1231830626258912,-1.6054112584524296,2.834966715747446
preliminary,3,6,0.543980851874014,1.710961560396943,-1.124481361004607,-1.6055061263063626,2.834966715747446
family-centered,3,6,0.543980851874014,1.710961560396943,-1.1257848152218113,-1.6056017383513463,2.834966715747446
funding,83,67,15.05013690184772,19.105737424432533,-0.2503917209998088,-1.6084661707631227,2.0879871714438885
equitable,6,9,1.087961703748028,2.566442340595415,-0.8431594777911915,-1.610383785140004,2.7245204059274215
academic,6,9,1.087961703748028,2.566442340595415,-0.8369585265676598,-1.6117210834900721,2.7245204059274215
center,24,24,4.351846814992112,6.843846241587772,-0.4428660344334707,-1.6129299134596526,2.4390600354535668
combined,6,9,1.087961703748028,2.566442340595415,-0.8313604611708545,-1.6130160657291188,2.7245204059274215
comprehensive,6,9,1.087961703748028,2.566442340595415,-0.8159468165407233,-1.6170455001012811,2.7245204059274215
collect,2,5,0.3626539012493427,1.4258013003307857,-1.2870311089931104,-1.6187029750364388,3.0422312811434615
conducting,2,5,0.3626539012493427,1.4258013003307857,-1.3087893561758985,-1.6204556642829404,3.0422312811434615
team,2,5,0.3626539012493427,1.4258013003307857,-1.310081033161362,-1.6205583914808077,3.0422312811434615
affordable,2,5,0.3626539012493427,1.4258013003307857,-1.3161633863161342,-1.621039912129116,3.0422312811434615
highly,2,5,0.3626539012493427,1.4258013003307857,-1.325011533059957,-1.621733541797672,3.0422312811434615
natural,2,5,0.3626539012493427,1.4258013003307857,-1.3322286657229618,-1.6222929022917945,3.0422312811434615
situations,2,5,0.3626539012493427,1.4258013003307857,-1.3349676272910695,-1.6225035998914832,3.0422312811434615
isolation,7,10,1.2692886543726996,2.8516026006615713,-0.7972287792080177,-1.6229627802029936,2.754276888666083
qualify,2,5,0.3626539012493427,1.4258013003307857,-1.3423602154826604,-1.6230677431081433,3.0422312811434615
subsequently,2,5,0.3626539012493427,1.4258013003307857,-1.3432934870951598,-1.6231384798174184,3.0422312811434615
efficiency,2,5,0.3626539012493427,1.4258013003307857,-1.3437608979463267,-1.623173865409109,3.0422312811434615
technological,2,5,0.3626539012493427,1.4258013003307857,-1.3465762711740776,-1.6233864134721414,3.0422312811434615
disrupted,2,5,0.3626539012493427,1.4258013003307857,-1.3494104877236346,-1.6235993464073064,3.0422312811434615
intersection,2,5,0.3626539012493427,1.4258013003307857,-1.3508347250348347,-1.6237059496419342,3.0422312811434615
ideation,2,5,0.3626539012493427,1.4258013003307857,-1.3522637489012403,-1.6238126399376174,3.0422312811434615
incorporate,7,10,1.2692886543726996,2.8516026006615713,-0.7934413597000542,-1.6243121701040828,2.754276888666083
guidelines,7,10,1.2692886543726996,2.8516026006615713,-0.7870065238800095,-1.626732335454437,2.754276888666083
expression,7,10,1.2692886543726996,2.8516026006615713,-0.7840676549254919,-1.627893178097276,2.754276888666083
increasingly,8,11,1.4506156049973709,3.1367628607277287,-0.7585436436151074,-1.6396030366578305,2.799382323755932
person-centered,8,11,1.4506156049973709,3.1367628607277287,-0.7575721797310724,-1.6401118038493285,2.799382323755932
consortium,0,7,0.0,1.9961218204631002,-4.30527803564099,-1.6516550813793784,13.229003839107081
personnel,0,9,0.0,2.566442340595415,-4.7379312727176615,-1.6599160599333656,17.008719221709104
dissemination,9,12,1.6319425556220422,3.421923120793886,-0.7212521390271833,-1.66318869816219,2.855378689936348
edition,0,10,0.0,2.8516026006615713,-4.894662377186664,-1.6713225507860279,18.89857691301012
cost-effective,0,9,0.0,2.566442340595415,-4.712642980631362,-1.6720732331698485,17.008719221709104
resulting,10,13,1.8132695062467135,3.707083380860043,-0.701402427651348,-1.6798495234504893,2.919386532213151
council,0,5,0.0,1.4258013003307857,-3.5491704289884414,-1.6807200292957583,9.44928845650506
greatly,0,13,0.0,3.707083380860043,-5.284882992064914,-1.6928220324096388,24.568149986913152
participate,11,14,1.9945964568713848,3.9922436409262003,-0.6777961149801923,-1.7045819553606154,2.989461522171534
low,11,14,1.9945964568713848,3.9922436409262003,-0.6765780491686435,-1.7060289432406734,2.989461522171534
faced,0,9,0.0,2.566442340595415,-4.628982035163839,-1.7125795531763794,17.008719221709104
called,0,7,0.0,1.9961218204631002,-4.1591304591771685,-1.7166781107127933,13.229003839107081
instruments,12,15,2.175923407496056,4.277403900992358,-0.662478015825168,-1.724198476718755,3.0642426222517383
unmet,13,16,2.357250358120728,4.562564161058515,-0.6476969952622484,-1.746427626748205,3.1427482486816665
occur,13,16,2.357250358120728,4.562564161058515,-0.6475384198720766,-1.746686049901544,3.1427482486816665
stem,0,10,0.0,2.8516026006615713,-4.721447168186597,-1.7580780042170616,18.89857691301012
general,20,22,3.626539012493427,6.273525721455457,-0.5353786075491831,-1.7589108721756923,3.13495081106489
techniques,0,8,0.0,2.2812820805292575,-4.298749268090843,-1.7688104019512663,15.118861530408093
caa,0,5,0.0,1.4258013003307857,-3.277923355269195,-1.7790258656461206,9.44928845650506
neurotypical,0,23,0.0,6.558685981521615,-5.950288347469854,-1.817881243014124,43.46672689992328
helpful,0,13,0.0,3.707083380860043,-5.039264253425487,-1.825101966822734,24.568149986913152
outreach,0,10,0.0,2.8516026006615713,-4.564769953979724,-1.8383124938604773,18.89857691301012
regarding,5,9,0.9066347531233567,2.566442340595415,-1.0024209885707656,-1.8466547105534599,3.681328170954826
methodology,6,10,1.087961703748028,2.8516026006615713,-0.9442972715840039,-1.8469307402852473,3.634704486450702
individual's,5,9,0.9066347531233567,2.566442340595415,-1.0231785963652094,-1.8473078288261742,3.681328170954826
versus,0,7,0.0,1.9961218204631002,-3.866177362542931,-1.847926156227078,13.229003839107081
foster,0,10,0.0,2.8516026006615713,-4.536259230082409,-1.8530737075523105,18.89857691301012
rare,4,8,0.7253078024986854,2.2812820805292575,-1.1187810715759081,-1.8534608553710639,3.779955620996593
generally,4,8,0.7253078024986854,2.2812820805292575,-1.1191647608943427,-1.8534927074650012,3.779955620996593
deliver,4,8,0.7253078024986854,2.2812820805292575,-1.1218632990515935,-1.8537178299369876,3.779955620996593
collaborative,0,7,0.0,1.9961218204631002,-3.8530182471723435,-1.853819896791479,13.229003839107081
varying,4,8,0.7253078024986854,2.2812820805292575,-1.1263454908153783,-1.8540958880113587,3.779955620996593
black,0,7,0.0,1.9961218204631002,-3.8400415642479953,-1.8596297856753587,13.229003839107081
demonstrated,8,12,1.4506156049973709,3.421923120793886,-0.840211767300695,-1.8603490968200327,3.6326938745698962
success,8,12,1.4506156049973709,3.421923120793886,-0.8400825544366226,-1.8603812911658801,3.6326938745698962
causes,8,12,1.4506156049973709,3.421923120793886,-0.8322963527749367,-1.8624155781023652,3.6326938745698962
connectivity,0,12,0.0,3.421923120793886,-4.835618043108162,-1.8630189689565417,22.678292295612138
simons,0,5,0.0,1.4258013003307857,-3.0253116635614106,-1.865099384759021,9.44928845650506
blood,3,7,0.543980851874014,1.9961218204631002,-1.249707004149208,-1.865610629952439,3.964793395257219
daily,18,21,3.2638851112440843,5.9883654613893,-0.5945701728229169,-1.8660367143722794,3.570982371342545
death,3,7,0.543980851874014,1.9961218204631002,-1.2569937761476044,-1.86631036981717,3.964793395257219
robust,3,7,0.543980851874014,1.9961218204631002,-1.2746476272496174,-1.867995241088819,3.964793395257219
depending,3,7,0.543980851874014,1.9961218204631002,-1.280613348353027,-1.86856023115206,3.964793395257219
reproducibility,3,7,0.543980851874014,1.9961218204631002,-1.2860604537351854,-1.8690737626458351,3.964793395257219
included,8,12,1.4506156049973709,3.421923120793886,-0.804760924768182,-1.8712547248991802,3.6326938745698962
technology-based,0,11,0.0,3.1367628607277287,-4.668340339742679,-1.8722533261033656,20.788434604311128
contracting,1,5,0.18132695062467136,1.4258013003307857,-2.04062849839349,-1.8745151644601128,5.026912482525404
loneliness,1,5,0.18132695062467136,1.4258013003307857,-2.036828222713428,-1.8748881609347825,5.026912482525404
neurobiology,1,5,0.18132695062467136,1.4258013003307857,-2.030542501569167,-1.8754962701762048,5.026912482525404
identifier,1,5,0.18132695062467136,1.4258013003307857,-2.030542501569167,-1.8754962701762048,5.026912482525404
american,2,6,0.3626539012493427,1.710961560396943,-1.3625329506726285,-1.8759375006311816,4.310500898737141
advocates,0,10,0.0,2.8516026006615713,-4.4905333979667095,-1.8768423948366275,18.89857691301012
trust,1,5,0.18132695062467136,1.4258013003307857,-2.0156966850629505,-1.8768886545255685,5.026912482525404
concept,1,5,0.18132695062467136,1.4258013003307857,-2.0083976897070297,-1.87755053295111,5.026912482525404
societal,1,5,0.18132695062467136,1.4258013003307857,-2.0071890604750173,-1.877658684172808,5.026912482525404
english,1,5,0.18132695062467136,1.4258013003307857,-2.0059826608447437,-1.8777662250147638,5.026912482525404
homelessness,1,5,0.18132695062467136,1.4258013003307857,-1.9940397598589659,-1.8788086505023809,5.026912482525404
pediatricians,1,5,0.18132695062467136,1.4258013003307857,-1.9639800992276104,-1.8812530142199058,5.026912482525404
security,2,6,0.3626539012493427,1.710961560396943,-1.435311458910773,-1.8815970095888086,4.310500898737141
parental,1,5,0.18132695062467136,1.4258013003307857,-1.956121384900948,-1.881849474149046,5.026912482525404
aged,2,6,0.3626539012493427,1.710961560396943,-1.4529117206770348,-1.8828034664275293,4.310500898737141
insight,2,6,0.3626539012493427,1.710961560396943,-1.480145686983791,-1.8845315353204475,4.310500898737141
society,1,5,0.18132695062467136,1.4258013003307857,-1.9150762808675026,-1.8846753678090107,5.026912482525404
teachers,2,6,0.3626539012493427,1.710961560396943,-1.4936379971627876,-1.8853225709366526,4.310500898737141
place,10,14,1.8132695062467135,3.9922436409262003,-0.7718847772618131,-1.8859009632174712,3.700316234780945
interview,2,6,0.3626539012493427,1.710961560396943,-1.5090300418608322,-1.8861704699289943,4.310500898737141
seeking,2,6,0.3626539012493427,1.710961560396943,-1.5090300418608322,-1.8861704699289943,4.310500898737141
nationally,2,6,0.3626539012493427,1.710961560396943,-1.5135914860002266,-1.886410378042416,4.310500898737141
implicated,2,6,0.3626539012493427,1.710961560396943,-1.5135914860002266,-1.886410378042416,4.310500898737141
offering,2,6,0.3626539012493427,1.710961560396943,-1.5187101087880759,-1.8866733227783856,4.310500898737141
systemic,2,6,0.3626539012493427,1.710961560396943,-1.5254449998544253,-1.8870091163178309,4.310500898737141
obstacles,2,6,0.3626539012493427,1.710961560396943,-1.529635686092158,-1.8872121772477874,4.310500898737141
efficiently,2,6,0.3626539012493427,1.710961560396943,-1.5317444009598873,-1.8873126392360584,4.310500898737141
syndrome,10,14,1.8132695062467135,3.9922436409262003,-0.7677033785172522,-1.8881483047556165,3.700316234780945
showed,0,5,0.0,1.4258013003307857,-2.8780283959518034,-1.9117759787749251,9.44928845650506
variants,12,16,2.175923407496056,4.562564161058515,-0.7265990577423542,-1.9161278299906233,3.8071715865817968
examined,0,8,0.0,2.2812820805292575,-3.989023116194682,-1.9166616750483512,15.118861530408093
relationship,20,23,3.626539012493427,6.558685981521615,-0.5796303659905373,-1.916773340378165,3.7527124734974553
specific,41,40,7.434404975611525,11.406410402646285,-0.4192556455688923,-1.9238925167994818,3.675510223029592
pharmacological,0,14,0.0,3.9922436409262003,-4.956649697348038,-1.9415569615042045,26.458007678214162
period,13,17,2.357250358120728,4.847724421124672,-0.6994246353356708,-1.942098618668119,3.870335765707196
new,59,54,10.698290086855609,15.398654043572487,-0.3582775701470995,-1.944191502000281,3.699517123626297
reduce,38,38,6.890424123737511,10.836089882513974,-0.4429853075458814,-1.9445913447929633,3.8618450561348148
mutations,0,6,0.0,1.710961560396943,-3.256271299022508,-1.9572027382682038,11.339146147806069
practitioners,0,8,0.0,2.2812820805292575,-3.8481589484158736,-1.9841708314105484,15.118861530408093
justice,0,7,0.0,1.9961218204631002,-3.5539445648153816,-1.986619278317468,13.229003839107081
availability,16,20,2.9012312099947417,5.703205201323143,-0.6631868283881621,-1.9901140263088857,4.085656829668983
classroom,0,10,0.0,2.8516026006615713,-4.268195890316937,-1.9938449818375246,18.89857691301012
promoting,0,13,0.0,3.707083380860043,-4.722403095702482,-2.00404858053723,24.568149986913152
especially,17,21,3.082558160619413,5.9883654613893,-0.6513719355441827,-2.0101743343394207,4.163754511483074
rates,30,32,5.439808518740141,9.12512832211703,-0.5060696832705833,-2.0138561942665016,4.120479027432882
cognitive,32,34,5.802462419989483,9.695448842249345,-0.5023707193490115,-2.060853858713236,4.319822047139754
wandering,7,12,1.2692886543726996,3.421923120793886,-0.9715303824393233,-2.0643822205738873,4.56062249588581
encourage,7,12,1.2692886543726996,3.421923120793886,-0.9696880830597685,-2.064395947898402,4.56062249588581
animal,7,12,1.2692886543726996,3.421923120793886,-0.964959018419064,-2.0644499714240436,4.56062249588581
estimated,6,11,1.087961703748028,3.1367628607277287,-1.0267924919108413,-2.0655949058729495,4.620141733196603
preference,6,11,1.087961703748028,3.1367628607277287,-1.0430000807205513,-2.066438958729268,4.620141733196603
intensive,8,13,1.4506156049973709,3.707083380860043,-0.9200858907758844,-2.0665094780239532,4.5328238227347315
demonstrate,8,13,1.4506156049973709,3.707083380860043,-0.9194866505231616,-2.0665585711195114,4.5328238227347315
building,8,13,1.4506156049973709,3.707083380860043,-0.9189635720837686,-2.066601947381756,4.5328238227347315
spread,1,6,0.18132695062467136,1.710961560396943,-2.219851315018383,-2.071183049039638,6.581876224184345
severity,5,10,0.9066347531233567,2.8516026006615713,-1.1074779348546375,-2.0712720012827264,4.724944526245741
leading,5,10,0.9066347531233567,2.8516026006615713,-1.116640688115373,-2.0721014932224278,4.724944526245741
prevalent,1,6,0.18132695062467136,1.710961560396943,-2.2080780035587626,-2.073089185693274,6.581876224184345
possible,20,24,3.626539012493427,6.843846241587772,-0.6210811929418085,-2.075419572424747,4.410942253598362
co-occur,1,6,0.18132695062467136,1.710961560396943,-2.186360740149535,-2.076501811797639,6.581876224184345
international,0,8,0.0,2.2812820805292575,-3.6538127606518653,-2.0767683054018735,15.118861530408093
grow,1,6,0.18132695062467136,1.710961560396943,-2.180098834691268,-2.0774606698966345,6.581876224184345
molecules,1,6,0.18132695062467136,1.710961560396943,-2.175129287272407,-2.0782135750015924,6.581876224184345
essential,10,15,1.8132695062467135,4.277403900992358,-0.842051606077554,-2.0795585429558,4.540867343212369
specifically,4,9,0.7253078024986854,2.566442340595415,-1.1931217256736009,-2.0797942793202373,4.8978673383842315
adolescence,1,6,0.18132695062467136,1.710961560396943,-2.1496045520789995,-2.0819674460951316,6.581876224184345
importance,4,9,0.7253078024986854,2.566442340595415,-1.2231118576611575,-2.083008005920575,4.8978673383842315
personal,1,6,0.18132695062467136,1.710961560396943,-2.1365999986710733,-2.083806495204794,6.581876224184345
spoken,4,9,0.7253078024986854,2.566442340595415,-1.2417815868642421,-2.085019444903874,4.8978673383842315
membership,1,6,0.18132695062467136,1.710961560396943,-2.1272938054902593,-2.0850918016403415,6.581876224184345
focusing,1,6,0.18132695062467136,1.710961560396943,-2.1238362054695017,-2.0855627769246965,6.581876224184345
demographic,1,6,0.18132695062467136,1.710961560396943,-2.1147002940070436,-2.0867900390898546,6.581876224184345
difficult,11,16,1.9945964568713848,4.562564161058515,-0.8133251843335341,-2.088868815888146,4.567011266395589
neurons,1,6,0.18132695062467136,1.710961560396943,-2.0836556908011357,-2.09077265617496,6.581876224184345
receiving,11,16,1.9945964568713848,4.562564161058515,-0.8071524372577201,-2.091294227871675,4.567011266395589
decrease,1,6,0.18132695062467136,1.710961560396943,-2.0697123172078573,-2.09246612713673,6.581876224184345
suggested,0,10,0.0,2.8516026006615713,-4.08202935146333,-2.0931263810015146,18.89857691301012
advocacy,3,8,0.543980851874014,2.2812820805292575,-1.3676712230171884,-2.097893757076202,5.180979524977978
self-determination,3,8,0.543980851874014,2.2812820805292575,-1.4003125335214204,-2.100836618521544,5.180979524977978
manner,3,8,0.543980851874014,2.2812820805292575,-1.4096792423486466,-2.101639845790498,5.180979524977978
addressing,12,17,2.175923407496056,4.847724421124672,-0.7817713951799741,-2.1031415014941364,4.603738294717079
having,2,7,0.3626539012493427,1.9961218204631002,-1.6043474863893792,-2.113180499620372,5.663009320901305
repetitive,2,7,0.3626539012493427,1.9961218204631002,-1.6401326930693436,-2.1140898099627536,5.663009320901305
enhanced,2,7,0.3626539012493427,1.9961218204631002,-1.658157516242051,-2.114393799840221,5.663009320901305
numerous,2,7,0.3626539012493427,1.9961218204631002,-1.6586968676253608,-2.114401290403912,5.663009320901305
poorer,2,7,0.3626539012493427,1.9961218204631002,-1.6858001500904454,-2.1146567457294365,5.663009320901305
implement,13,18,2.357250358120728,5.13288468119083,-0.7596614017276435,-2.1163459070343182,4.648959265009045
identification,14,19,2.538577308745399,5.418044941256987,-0.7350248090495866,-2.1350038737762085,4.701102969307529
aimed,0,9,0.0,2.566442340595415,-3.7811425187982053,-2.1385446432722026,17.008719221709104
serve,15,20,2.7199042593700704,5.703205201323143,-0.7222122056417541,-2.1466936473229827,4.75896448322724
repository,0,15,0.0,4.277403900992358,-4.725372195312413,-2.1509102849408905,28.347865369515176
age,51,50,9.247674481858239,14.258013003307859,-0.42408383305332364,-2.1743966155017165,4.689340397028104
scientists,0,12,0.0,3.421923120793886,-4.283734289221852,-2.1751792614695957,22.678292295612138
telehealth,0,22,0.0,6.273525721455457,-5.306502236415247,-2.1876768666384714,41.576869208622256
improvement,32,35,5.802462419989483,9.980609102315501,-0.5309902554363886,-2.1910835920613403,4.897143317899463
vaccine,0,14,0.0,3.9922436409262003,-4.490645042778347,-2.2207650814989757,26.458007678214162
range,27,31,4.8958276668661265,8.839968062050872,-0.5779480530048415,-2.221483972037687,5.034277024491592
readily,1,7,0.18132695062467136,1.9961218204631002,-2.3668517931603628,-2.2393354133523724,8.185039791420095
orientation,1,7,0.18132695062467136,1.9961218204631002,-2.365507926624778,-2.239633955546782,8.185039791420095
derived,1,7,0.18132695062467136,1.9961218204631002,-2.3522011076616494,-2.242562880742167,8.185039791420095
boys,0,18,0.0,5.13288468119083,-4.890382627847522,-2.2454046426121357,34.01743844341821
ethical,1,7,0.18132695062467136,1.9961218204631002,-2.311159793573422,-2.251280625246171,8.185039791420095
accelerate,1,7,0.18132695062467136,1.9961218204631002,-2.2711145878210353,-2.2593162516554357,8.185039791420095
finally,1,7,0.18132695062467136,1.9961218204631002,-2.2664073835030045,-2.260229657827724,8.185039791420095
diagnosed,8,14,1.4506156049973709,3.9922436409262003,-0.9640087290871406,-2.261607001449692,5.491677885880897
received,8,14,1.4506156049973709,3.9922436409262003,-0.9377585953757004,-2.262568532784543,5.491677885880897
area,35,38,6.346443271863497,10.836089882513974,-0.5229416089032979,-2.264649584817154,5.190974939797673
introduction,0,19,0.0,5.418044941256987,-4.951381544491617,-2.265560021389394,35.907296134719225
association,6,12,1.087961703748028,3.421923120793886,-1.1066288814401304,-2.2689568847875083,5.669933431494892
collected,6,12,1.087961703748028,3.421923120793886,-1.110591356105453,-2.2693444193550936,5.669933431494892
university,0,6,0.0,1.710961560396943,-2.2109993887912633,-2.2704771302844455,11.339146147806069
awareness,11,17,1.9945964568713848,4.847724421124672,-0.8658152207456942,-2.2720330998884495,5.435021738357298
policy,52,52,9.429001432482911,14.828333523440172,-0.4431298112290776,-2.282926808034494,5.284630076816061
consider,4,10,0.7253078024986854,2.8516026006615713,-1.3330156500292496,-2.294521937712905,6.084462562286923
just,4,10,0.7253078024986854,2.8516026006615713,-1.34526974114514,-2.295841351197912,6.084462562286923
responsive,4,10,0.7253078024986854,2.8516026006615713,-1.3478583045947339,-2.2961166549138876,6.084462562286923
nervous,4,10,0.7253078024986854,2.8516026006615713,-1.3483306566232898,-2.296166758737036,6.084462562286923
long-term,31,35,5.621135469364812,9.980609102315501,-0.5626779576017986,-2.297721002855351,5.407278735281309
peer,14,20,2.538577308745399,5.703205201323143,-0.7916665415508692,-2.298575025267601,5.508553777332166
countries,1,7,0.18132695062467136,1.9961218204631002,-2.00760849699925,-2.2996831205020527,8.185039791420095
discussed,0,13,0.0,3.707083380860043,-4.217317341130007,-2.30426528034959,24.568149986913152
largest,1,7,0.18132695062467136,1.9961218204631002,-1.898249435057485,-2.3095715458761146,8.185039791420095
fewer,3,9,0.543980851874014,2.566442340595415,-1.5040772714791757,-2.309848229512256,6.465751348105712
nature,3,9,0.543980851874014,2.566442340595415,-1.5128093776790372,-2.3104178274869214,6.465751348105712
determinants,2,8,0.3626539012493427,2.2812820805292575,-1.810589254450928,-2.314420017810341,7.079530124476341
similarly,2,8,0.3626539012493427,2.2812820805292575,-1.7898110864925822,-2.3151623760822027,7.079530124476341
updated,2,8,0.3626539012493427,2.2812820805292575,-1.7708399480363166,-2.315703654933632,7.079530124476341
relatively,2,8,0.3626539012493427,2.2812820805292575,-1.7382864704309906,-2.3163290967707377,7.079530124476341
infants,0,8,0.0,2.2812820805292575,-3.1163453301397173,-2.3210302190660372,15.118861530408093
intellectual,65,63,11.786251790603638,17.965096384167904,-0.4124475144550672,-2.351651368466763,5.629912207347804
recommendations,109,97,19.764637618089175,27.660545226417245,-0.328200937024266,-2.3663324769780774,5.734062703844501
males,0,18,0.0,5.13288468119083,-4.694350084861519,-2.377440049569269,34.01743844341821
desired,1,8,0.18132695062467136,2.2812820805292575,-2.479615072325645,-2.3898620355113125,9.824242337649524
historically,1,8,0.18132695062467136,2.2812820805292575,-2.4742816697202468,-2.39131155380977,9.824242337649524
unclear,1,8,0.18132695062467136,2.2812820805292575,-2.463724744689877,-2.3941576508179923,9.824242337649524
location,1,8,0.18132695062467136,2.2812820805292575,-2.4624152931983136,-2.3945085245847344,9.824242337649524
personalized,1,8,0.18132695062467136,2.2812820805292575,-2.445593408790142,-2.3989735134657315,9.824242337649524
learned,1,8,0.18132695062467136,2.2812820805292575,-2.4392209537740754,-2.400644190306658,9.824242337649524
like,1,8,0.18132695062467136,2.2812820805292575,-2.437952839745897,-2.400975284321632,9.824242337649524
aspects,0,16,0.0,4.562564161058515,-4.431167288080443,-2.4134815282089774,30.237723060816187
white,1,8,0.18132695062467136,2.2812820805292575,-2.2869833857963524,-2.4369999432492726,9.824242337649524
larger,10,17,1.8132695062467135,4.847724421124672,-0.964440585460518,-2.4429145899289213,6.376930869835707
effectiveness,8,15,1.4506156049973709,4.277403900992358,-1.029782984504343,-2.4443986008492367,6.502570396045982
key,12,19,2.175923407496056,5.418044941256987,-0.8891170157694717,-2.44946758893568,6.338832648868909
signs,7,14,1.2692886543726996,3.9922436409262003,-1.1018514428078579,-2.450338860468329,6.614922336744039
conducted,5,12,0.9066347531233567,3.421923120793886,-1.269706939494335,-2.470697545757971,7.002969979033816
related,32,37,5.802462419989483,10.550929622447816,-0.5805039880206566,-2.472056168498304,6.132533295882787
explore,0,17,0.0,4.847724421124672,-4.4495847871638246,-2.475220177279057,32.1275807521172
summary,4,11,0.7253078024986854,3.1367628607277287,-1.3487894715521698,-2.4802555169501095,7.328413591432112
used,51,53,9.247674481858239,15.11349378350633,-0.4805719146688876,-2.4849401827952478,6.228593145170326
child's,4,11,0.7253078024986854,3.1367628607277287,-1.411751208445727,-2.4870132781457848,7.328413591432112
time,76,73,13.780848247475022,20.816698984829472,-0.4038938782956638,-2.4918691018742614,6.273406888030564
statistical,2,9,0.3626539012493427,2.566442340595415,-1.8944673178050895,-2.4949527707786947,8.546371399268686
various,0,17,0.0,4.847724421124672,-4.419839279973158,-2.4955392896915973,32.1275807521172
career,2,9,0.3626539012493427,2.566442340595415,-1.8734409430769716,-2.4964508068198628,8.546371399268686
workers,3,10,0.543980851874014,2.8516026006615713,-1.61213365560363,-2.5007212925185685,7.806344808147737
likelihood,3,10,0.543980851874014,2.8516026006615713,-1.6192460141764524,-2.5009521695307693,7.806344808147737
accurate,3,10,0.543980851874014,2.8516026006615713,-1.621398540540147,-2.50101833450559,7.806344808147737
sharing,0,22,0.0,6.273525721455457,-4.856384189922376,-2.5075458789996175,41.576869208622256
gut,1,9,0.18132695062467136,2.566442340595415,-2.5940185734702084,-2.519729992233099,11.491418286296142
lack,20,27,3.626539012493427,7.699327021786243,-0.7389518799248638,-2.522771535069943,6.603935459095247
regions,0,17,0.0,4.847724421124672,-4.376875833743103,-2.524982867630735,32.1275807521172
chemicals,1,9,0.18132695062467136,2.566442340595415,-2.563441643521303,-2.529485120490626,11.491418286296142
efficient,1,9,0.18132695062467136,2.566442340595415,-2.5453953531771063,-2.53512420824404,11.491418286296142
virtual,1,9,0.18132695062467136,2.566442340595415,-2.5277559912564893,-2.5405494729528417,11.491418286296142
aba,0,20,0.0,5.703205201323143,-4.640228791931818,-2.5451988548061153,37.79715382602024
children's,0,11,0.0,3.1367628607277287,-3.403046908673021,-2.5725466384429727,20.788434604311128
types,24,31,4.351846814992112,8.839968062050872,-0.6923425192081938,-2.5807686490059454,6.857333367524053
enforcement,11,19,1.9945964568713848,5.418044941256987,-0.9826410755266703,-2.6115909849312984,7.305774301454814
engagement,10,18,1.8132695062467135,5.13288468119083,-1.0150002347427085,-2.6124795896075264,7.362656341909652
field,13,21,2.357250358120728,5.9883654613893,-0.9011116560508894,-2.6167391648670213,7.249782443214013
growing,8,16,1.4506156049973709,4.562564161058515,-1.1245407439825907,-2.622206725723035,7.559911241993186
offer,7,15,1.2692886543726996,4.277403900992358,-1.1834160788728694,-2.6296857764844725,7.716755268501975
despite,7,15,1.2692886543726996,4.277403900992358,-1.1941220407973603,-2.6311164752160807,7.716755268501975
train,1,10,0.18132695062467136,2.8516026006615713,-2.6638790332858573,-2.6480106545236306,13.180941303742879
nac,1,10,0.18132695062467136,2.8516026006615713,-2.6547256995645494,-2.6513088663076383,13.180941303742879
self-injurious,2,10,0.3626539012493427,2.8516026006615713,-2.03003833020221,-2.652595232678717,10.053824965050808
navigate,2,10,0.3626539012493427,2.8516026006615713,-2.0213459462238212,-2.6537575395689528,10.053824965050808
discrimination,1,10,0.18132695062467136,2.8516026006615713,-2.6456755796227647,-2.6545482731277317,13.180941303742879
representative,5,13,0.9066347531233567,3.707083380860043,-1.3760905842382662,-2.6548208521170853,8.219621783072192
commonly,5,13,0.9066347531233567,3.707083380860043,-1.3795063497796471,-2.6552153356697397,8.219621783072192
learn,2,10,0.3626539012493427,2.8516026006615713,-1.9766490932344443,-2.6592588293796644,10.053824965050808
diagnoses,2,10,0.3626539012493427,2.8516026006615713,-1.976073439838789,-2.659324452693143,10.053824965050808
challenging,1,10,0.18132695062467136,2.8516026006615713,-2.63165746616386,-2.6595230324271553,13.180941303742879
seen,1,10,0.18132695062467136,2.8516026006615713,-2.624113652041041,-2.662178386300749,13.180941303742879
past,2,10,0.3626539012493427,2.8516026006615713,-1.929477444015598,-2.6641905629996003,10.053824965050808
technology,44,49,7.978385827485539,13.972852743241702,-0.5490043775599984,-2.666003385592554,7.258373573196433
experienced,4,12,0.7253078024986854,3.421923120793886,-1.5028966471384466,-2.667204005673305,8.621001797474282
race,4,12,0.7253078024986854,3.421923120793886,-1.5043929413689563,-2.66731913138429,8.621001797474282
average,2,10,0.3626539012493427,2.8516026006615713,-1.8905928107180632,-2.6675714196415794,10.053824965050808
ethnicity,4,12,0.7253078024986854,3.421923120793886,-1.5116906058017854,-2.6678692786388947,8.621001797474282
tailored,4,12,0.7253078024986854,3.421923120793886,-1.5287158406306212,-2.669078633090868,8.621001797474282
achieve,1,10,0.18132695062467136,2.8516026006615713,-2.6031196535420555,-2.669486631960778,13.180941303742879
enable,3,11,0.543980851874014,3.1367628607277287,-1.6802467186352636,-2.6749620099739237,9.193274705904706
successful,3,11,0.543980851874014,3.1367628607277287,-1.6897995772175616,-2.675025144135635,9.193274705904706
high-quality,3,11,0.543980851874014,3.1367628607277287,-1.7112650009728316,-2.6750298032752062,9.193274705904706
gains,3,11,0.543980851874014,3.1367628607277287,-1.6926620553437726,-2.675036752704707,9.193274705904706
involve,3,11,0.543980851874014,3.1367628607277287,-1.7046282072197432,-2.6750486919239695,9.193274705904706
world,1,11,0.18132695062467136,3.1367628607277287,-2.753057203510963,-2.7562488703750794,14.888729543379274
years,68,69,12.330232642477652,19.676057944564842,-0.4570466572270053,-2.7614984201690156,7.421532765524013
gender,0,37,0.0,10.550929622447816,-5.389748849749366,-2.76467895269395,69.92473457813743
include,90,87,16.31942555622042,24.808942625755677,-0.41049006128303756,-2.769410243706624,7.68663503483792
adolescents,10,19,1.8132695062467135,5.418044941256987,-1.0543161536991619,-2.7737496312286165,8.388106387869394
molecular,9,18,1.6319425556220422,5.13288468119083,-1.1154752638998149,-2.780233269743718,8.504900147242337
improved,17,26,3.082558160619413,7.414166761720086,-0.8566717017924041,-2.785796374724747,8.157458750280375
neural,8,17,1.4506156049973709,4.847724421124672,-1.1747293871185809,-2.788066002162118,8.6589761328239
alternative,8,17,1.4506156049973709,4.847724421124672,-1.1771496169066094,-2.788404276738414,8.6589761328239
depression,8,17,1.4506156049973709,4.847724421124672,-1.183377014377423,-2.7892789782929004,8.6589761328239
year-old,1,11,0.18132695062467136,3.1367628607277287,-2.669038825510702,-2.7893196927573363,14.888729543379274
negative,2,11,0.3626539012493427,3.1367628607277287,-2.107811807125074,-2.80112275959976,11.59475309894711
innovative,2,11,0.3626539012493427,3.1367628607277287,-2.024590241040448,-2.8143249160677697,11.59475309894711
beginning,3,12,0.543980851874014,3.421923120793886,-1.77922751103155,-2.836025522731165,10.619295186714512
significantly,3,12,0.543980851874014,3.421923120793886,-1.7253875984315972,-2.8372427157674336,10.619295186714512
accessing,1,12,0.18132695062467136,3.421923120793886,-2.8053774569062844,-2.868278790999151,16.611727128940192
increases,1,12,0.18132695062467136,3.421923120793886,-2.7715318740367554,-2.8829404604549373,16.611727128940192
ability,28,37,5.077154617490798,10.550929622447816,-0.716616695810889,-2.888884367582422,8.627806504836677
pandemic,0,52,0.0,14.828333523440172,-5.753006585390642,-2.917938829505058,98.27259994765261
assist,1,12,0.18132695062467136,3.421923120793886,-2.6875670181106672,-2.9180246689033664,16.611727128940192
overall,0,14,0.0,3.9922436409262003,-3.36098526634619,-2.9277438877814714,26.458007678214162
funders,0,12,0.0,3.421923120793886,-2.928061928003838,-2.9379709410239165,22.678292295612138
socioeconomic,2,12,0.3626539012493427,3.421923120793886,-2.1678899891721013,-2.940804892405373,13.16375244836869
aspirational,2,12,0.3626539012493427,3.421923120793886,-2.149157767755039,-2.9446724932432398,13.16375244836869
seek,2,12,0.3626539012493427,3.421923120793886,-2.1274437688898225,-2.948972977623073,13.16375244836869
highlighted,1,13,0.18132695062467136,3.707083380860043,-2.8949180206844067,-2.953960986021291,18.347586584101872
lived,7,17,1.2692886543726996,4.847724421124672,-1.3233858196956554,-2.961145054122831,10.043502407013555
dental,1,13,0.18132695062467136,3.707083380860043,-2.8679357980081983,-2.96679194528909,18.347586584101872
examining,1,13,0.18132695062467136,3.707083380860043,-2.843022257552229,-2.978485262774567,18.347586584101872
ongoing,3,13,0.543980851874014,3.707083380860043,-1.7953930883564437,-2.9888373291880206,12.078743498496772
collaboration,0,21,0.0,5.9883654613893,-4.138672846060302,-2.9897917305971546,39.68701151732125
background,1,13,0.18132695062467136,3.707083380860043,-2.8011403664220724,-2.997796841848723,18.347586584101872
noted,1,13,0.18132695062467136,3.707083380860043,-2.797647019416682,-2.9993874567876015,18.347586584101872
recently,1,13,0.18132695062467136,3.707083380860043,-2.7918573882863624,-3.0020166609768473,18.347586584101872
educational,15,26,2.7199042593700704,7.414166761720086,-0.9759477533928251,-3.062737328235418,10.051294500496454
accessible,17,28,3.082558160619413,7.984487281852401,-0.9355496276109765,-3.0644374407765302,9.983192595894337
expand,17,28,3.082558160619413,7.984487281852401,-0.9320865431807697,-3.0647452111113154,9.983192595894337
developed,17,28,3.082558160619413,7.984487281852401,-0.9267038390717364,-3.0652811978715118,9.983192595894337
survey,0,28,0.0,7.984487281852401,-4.574269899564745,-3.068643217321153,52.916015356428325
large-scale,2,13,0.3626539012493427,3.707083380860043,-2.227248014389618,-3.070544794473509,14.756633034918588
highlights,2,13,0.3626539012493427,3.707083380860043,-2.2158322503078276,-3.0733232977904152,14.756633034918588
accessibility,10,21,1.8132695062467135,5.9883654613893,-1.176912796753376,-3.0828421982964653,10.545034407666872
chapter,6,17,1.087961703748028,4.847724421124672,-1.4598060304693545,-3.1235031392894475,11.631365342520334
lower,5,16,0.9066347531233567,4.562564161058515,-1.5634786990546319,-3.1324688832974004,12.106791574526435
engage,4,15,0.7253078024986854,4.277403900992358,-1.7277085805824512,-3.1367763566801385,12.728479212879872
population,127,121,23.028522729333258,34.50439146800502,-0.3961259585278629,-3.144395105933578,10.030488161316981
income,1,15,0.18132695062467136,4.277403900992358,-2.9488686122243593,-3.162486098279882,21.85089082332448
far,2,14,0.3626539012493427,3.9922436409262003,-2.318230100039303,-3.182011795874319,16.37007958284019
advisory,2,14,0.3626539012493427,3.9922436409262003,-2.3100907204317433,-3.184399684195573,16.37007958284019
effectively,1,16,0.18132695062467136,4.562564161058515,-3.0810661341671244,-3.1990236133794836,23.615667006993842
professionals,15,27,2.7199042593700704,7.699327021786243,-1.0136053749602674,-3.2000479603410406,11.04398451286448
mask,1,17,0.18132695062467136,4.847724421124672,-3.2375862416990433,-3.2082657260922147,25.38780969818262
necessary,22,34,3.9891929137427695,9.695448842249345,-0.8722933946619644,-3.212303510041935,10.870043476714596
receive,22,34,3.9891929137427695,9.695448842249345,-0.8661926176993981,-3.2141470512758086,10.870043476714596
potentially,1,16,0.18132695062467136,4.562564161058515,-3.0479401969867155,-3.2180486829774937,23.615667006993842
information,36,47,6.527770222488169,13.402532223109388,-0.6969848434057893,-3.22790843598972,10.659915893473784
support,461,369,83.5917242379735,105.224135964412,-0.22561499569567545,-3.256100977273822,10.741027166200695
imaging,3,15,0.543980851874014,4.277403900992358,-1.9794641088905927,-3.2567358486860316,15.080737447576215
randomized,3,15,0.543980851874014,4.277403900992358,-1.949705867274944,-3.260719215621854,15.080737447576215
strengths,6,18,1.087961703748028,5.13288468119083,-1.5218972872968548,-3.26863342865781,12.931502696211425
ways,4,16,0.7253078024986854,4.562564161058515,-1.7762666524939004,-3.275052661668418,14.159060248952683
girls,0,46,0.0,13.11737196304323,-5.191709011233153,-3.278900725108484,86.93345379984656
perspectives,2,15,0.3626539012493427,4.277403900992358,-2.382624214218122,-3.2913528589589065,18.001423491741917
toddlers,2,15,0.3626539012493427,4.277403900992358,-2.307337192880028,-3.315314090731516,18.001423491741917
led,1,18,0.18132695062467136,5.13288468119083,-3.203092070551998,-3.329183270291978,27.166499051771403
previous,2,15,0.3626539012493427,4.277403900992358,-2.253285177090829,-3.3310293659923165,18.001423491741917
lives,15,28,2.7199042593700704,7.984487281852401,-1.0542058164822556,-3.3341045812283094,12.063141995899695
process,23,36,4.17051986436744,10.26576936238166,-0.8827133025014078,-3.340736514741837,11.771802253110362
continued,13,26,2.357250358120728,7.414166761720086,-1.1217734419095278,-3.3427902358826485,12.284855768238929
autism-related,12,25,2.175923407496056,7.1290065016539295,-1.1654848932450292,-3.349699207369742,12.43236997416675
enhance,0,30,0.0,8.554807801984715,-4.373511364652999,-3.3579229460934057,56.69573073903035
focus,26,39,4.714500716241456,11.12125014258013,-0.834897094946613,-3.3582179840540154,11.806255092352163
additionally,0,56,0.0,15.968974563704801,-5.423703413786841,-3.36593880223454,105.83203071285665
known,7,20,1.2692886543726996,5.703205201323143,-1.4598204858606127,-3.395755031653738,13.784505817632503
size,4,17,0.7253078024986854,4.847724421124672,-1.8524747306046088,-3.404247918391341,15.614681084267918
ages,5,18,0.9066347531233567,5.13288468119083,-1.6424739499976653,-3.409464340031541,14.85425958136027
provision,5,18,0.9066347531233567,5.13288468119083,-1.6756803627668075,-3.410187199654736,14.85425958136027
administration,4,17,0.7253078024986854,4.847724421124672,-1.687117077358831,-3.410303361618046,15.614681084267918
women,0,42,0.0,11.9767309227786,-4.87198641660782,-3.449747670165535,79.3740230346425
students,18,32,3.2638851112440843,9.12512832211703,-0.9970535432395886,-3.455974386926971,12.852080225750221
based,16,30,2.9012312099947417,8.554807801984715,-1.044616385486635,-3.4591214217277675,13.005140792091964
evidence-based,0,29,0.0,8.269647541918557,-4.1827626449666075,-3.473727478674177,54.805873047729335
learning,13,27,2.357250358120728,7.699327021786243,-1.1555025254224915,-3.4745569520376973,13.376336315654164
cultural,1,21,0.18132695062467136,5.9883654613893,-3.384534601801386,-3.482655402073276,32.53544448635512
wide,3,17,0.543980851874014,4.847724421124672,-2.0929747902023,-3.49709240004956,18.172292837125575
cases,10,24,1.8132695062467135,6.843846241587772,-1.298155894499808,-3.499717915994947,14.005939958067632
partnerships,3,17,0.543980851874014,4.847724421124672,-2.070978453258542,-3.501625609444241,18.172292837125575
indicate,8,22,1.4506156049973709,6.273525721455457,-1.4118708105129443,-3.5177411004220045,14.656827182864223
detection,2,17,0.3626539012493427,4.847724421124672,-2.4284423314305696,-3.5187099703707103,21.309459028775596
practices,36,50,6.527770222488169,14.258013003307859,-0.7621955672745111,-3.541330022970113,12.997720888077822
strategic,62,73,11.242270938729623,20.816698984829472,-0.5989377035618766,-3.5562567729002117,12.737392449646457
older,24,39,4.351846814992112,11.12125014258013,-0.9188821840202328,-3.5812522678862164,13.598471468204188
advances,25,40,4.533173765616784,11.406410402646285,-0.8976621991576543,-3.58517544650853,13.587073448532642
large,16,31,2.9012312099947417,8.839968062050872,-1.0865842228293463,-3.5856916922045894,14.051496177993947
role,29,44,5.258481568115469,12.547051442910915,-0.8525643388144406,-3.5994399921499727,13.604903373665937
covid,0,79,0.0,22.527660545226418,-5.74998640284731,-3.601463457488203,149.29875761277992
suggest,13,28,2.357250358120728,7.984487281852401,-1.1852057262461573,-3.601906926101698,14.491902671894483
levels,43,57,7.797058876860867,16.25413482377096,-0.7176606730844446,-3.6032704718813013,13.386322583212554
certain,3,18,0.543980851874014,5.13288468119083,-2.152694067951046,-3.60588000317229,19.74562867255304
identifying,12,27,2.175923407496056,7.699327021786243,-1.2290323302000221,-3.609972166369423,14.693602015152692
typically,1,21,0.18132695062467136,5.9883654613893,-3.182644380100049,-3.625286054815796,32.53544448635512
greater,10,25,1.8132695062467135,7.1290065016539295,-1.329291556631448,-3.6281141411682314,15.211156405717302
bias,2,19,0.3626539012493427,5.418044941256987,-2.6494018407452327,-3.6469310070597203,24.667340745731977
community-based,4,19,0.7253078024986854,5.418044941256987,-1.9175863401627113,-3.650034573608676,18.591032428926205
fully,8,23,1.4506156049973709,6.558685981521615,-1.4799162085725133,-3.6502106492919597,15.938187080790469
inclusion,20,36,3.626539012493427,10.26576936238166,-1.020844495213134,-3.6961580783339545,14.725312683819304
environment,17,33,3.082558160619413,9.410288582183187,-1.0932906929493793,-3.7043848898930345,14.995851075889853
similar,2,19,0.3626539012493427,5.418044941256987,-2.517456411038368,-3.7085169357933907,24.667340745731977
number,34,50,6.165116321238826,14.258013003307859,-0.8113054130302153,-3.7409942023812786,14.57866867823153
long,2,20,0.3626539012493427,5.703205201323143,-2.666774005020808,-3.7438700459150045,26.361882607485757
remote,10,26,1.8132695062467135,7.414166761720086,-1.3924378001444007,-3.7578067995264184,16.439243566144384
face,6,22,1.087961703748028,6.273525721455457,-1.7118889975995364,-3.7836202882954835,18.386549411809412
cross-cutting,3,20,0.543980851874014,5.703205201323143,-2.2662581978664758,-3.8052356549844126,22.938460164695655
human,22,39,3.9891929137427695,11.12125014258013,-0.9948113075701581,-3.808693348191392,15.597402590625837
living,30,47,5.439808518740141,13.402532223109388,-0.8798759683093689,-3.8219952450392323,15.393749958635105
reducing,2,21,0.3626539012493427,5.9883654613893,-2.6756630307827756,-3.8418228873993936,28.06552575603592
variety,1,26,0.18132695062467136,7.414166761720086,-3.422212763029763,-3.863479090083481,41.566487719125604
cell,7,24,1.2692886543726996,6.843846241587772,-1.6197105070367552,-3.8982334998496238,19.12921358353301
focused,6,23,1.087961703748028,6.558685981521615,-1.6885062299050784,-3.9001343502217374,19.80356751868133
females,1,26,0.18132695062467136,7.414166761720086,-3.3656279350174447,-3.909241857499745,41.566487719125604
topics,2,21,0.3626539012493427,5.9883654613893,-2.5015641870469523,-3.9280675554669826,28.06552575603592
siblings,3,22,0.543980851874014,6.273525721455457,-2.3154864744665353,-4.005394548166559,26.183695242234784
tissue,2,24,0.3626539012493427,6.843846241587772,-2.750632852622764,-4.090352638706437,33.223454257880384
child,11,30,1.9945964568713848,8.554807801984715,-1.3809181722630033,-4.0932581231808305,19.836304027146607
provided,5,24,0.9066347531233567,6.843846241587772,-1.86762877933253,-4.114413487456046,23.616182095131183
particular,8,27,1.4506156049973709,7.699327021786243,-1.6225396051885461,-4.121467571590616,21.272917051307516
young,7,26,1.2692886543726996,7.414166761720086,-1.6421108861350016,-4.122303375768526,21.92107270784207
currently,7,26,1.2692886543726996,7.414166761720086,-1.6993699677350325,-4.123375512566299,21.92107270784207
committee,31,51,5.621135469364812,14.543173263374017,-0.920987460084417,-4.135942409647423,18.149321425870433
diversity,4,24,0.7253078024986854,6.843846241587772,-2.205934962838211,-4.147846765450175,26.32750489673738
equity,2,26,0.3626539012493427,7.414166761720086,-2.9381152644728097,-4.1487131555692365,36.695173168203745
ensuring,4,24,0.7253078024986854,6.843846241587772,-2.194714765414802,-4.1513960693391025,26.32750489673738
allow,16,36,2.9012312099947417,10.26576936238166,-1.2421564340075104,-4.171810448137115,19.591469353536926
improving,13,33,2.357250358120728,9.410288582183187,-1.3458677234130256,-4.193141493663836,20.385138608132326
culturally,2,27,0.3626539012493427,7.699327021786243,-2.9791116599504495,-4.205159075800471,38.43949607721737
play,2,26,0.3626539012493427,7.414166761720086,-2.851382610014304,-4.207425491388267,36.695173168203745
shown,2,26,0.3626539012493427,7.414166761720086,-2.8445951960517757,-4.211914501424555,36.695173168203745
characteristics,10,30,1.8132695062467135,8.554807801984715,-1.502844767285949,-4.218276906749536,21.552504493685703
youth,8,28,1.4506156049973709,7.984487281852401,-1.5677002488424119,-4.2249453019296075,22.65203728360522
underrepresented,9,29,1.6319425556220422,8.269647541918557,-1.6053321911217484,-4.227666323724327,22.061752231535483
efficacy,7,27,1.2692886543726996,7.699327021786243,-1.7531801752775813,-4.229659112300721,23.342084569148515
associated,29,50,5.258481568115469,14.258013003307859,-0.9698671319473213,-4.233701354347636,19.171979997355347
minority,4,25,0.7253078024986854,7.1290065016539295,-2.229168684778454,-4.242581343737442,27.91486440534297
disorder,36,57,6.527770222488169,16.25413482377096,-0.8651826634566504,-4.254586347608477,19.016497946606762
data,170,172,30.825581606194127,49.04756473137903,-0.45583676481991464,-4.260080718338074,18.295497884589196
united,4,25,0.7253078024986854,7.1290065016539295,-2.1255705900195716,-4.274748011177323,27.91486440534297
resources,45,66,8.15971277811021,18.820577164366373,-0.8141694713325611,-4.285075341622986,19.14508692006561
difficulties,14,35,2.538577308745399,9.980609102315501,-1.3476682123496504,-4.297150302279237,21.295618968004234
best,13,34,2.357250358120728,9.695448842249345,-1.3810390814086846,-4.303526050495202,21.619146832795835
organizations,5,26,0.9066347531233567,7.414166761720086,-1.89874252893369,-4.321858715692992,26.66628505928532
law,10,31,1.8132695062467135,8.839968062050872,-1.551684356142955,-4.327915159721726,22.87517282269812
home,9,30,1.6319425556220422,8.554807801984715,-1.6080130529167738,-4.332318326112221,23.419034424443208
ensure,28,50,5.077154617490798,14.258013003307859,-1.0136087830073288,-4.334596304327704,20.214099621748357
maximize,1,41,0.18132695062467136,11.691570662712444,-3.938632846368164,-4.341761970954739,69.0171854097078
promote,3,26,0.543980851874014,7.414166761720086,-2.461450300248914,-4.341936240854629,32.798911140984536
approaches,37,59,6.7090971731128395,16.824455343903274,-0.9026959060268203,-4.342152781495451,19.925360640874693
providing,3,27,0.543980851874014,7.699327021786243,-2.4775892197683618,-4.427324037010835,34.47425485888843
behavior,55,77,9.972982284356924,21.9573400250941,-0.7719491205054156,-4.429450856385842,20.351739291295196
co-occurring,95,113,17.226060309343776,32.22310938747576,-0.6155093781209109,-4.448615523727881,20.278394973877923
unique,5,28,0.9066347531233567,7.984487281852401,-2.1176231540004915,-4.476127308067955,29.766140655873063
ethnic,4,28,0.7253078024986854,7.984487281852401,-2.316070583396378,-4.501780529154707,32.74015916568038
prevalence,34,58,6.165116321238826,16.539295083837114,-0.9578613538500429,-4.5271379601633965,21.87474291786294
influence,11,34,1.9945964568713848,9.695448842249345,-1.5527060266407204,-4.5296058557791525,25.029692956944775
address,45,69,8.15971277811021,19.676057944564842,-0.8603091405390408,-4.551472814486977,21.749390138295503
facilitate,2,33,0.3626539012493427,9.410288582183187,-3.0895146181069357,-4.592917510303668,49.001744352533905
high,23,48,4.17051986436744,13.687692483175544,-1.158019245987857,-4.645191798893683,23.920903868048235
continue,18,43,3.2638851112440843,12.261891182844758,-1.293902158726441,-4.677017730043169,24.972316114195866
environmental,69,93,12.511559593102323,26.519904186152615,-0.7353600048874762,-4.685893269336279,22.666494773333156
given,7,32,1.2692886543726996,9.12512832211703,-1.9291358328026709,-4.711084840872441,30.657987316388848
including,129,146,23.391176630582603,41.633397969658944,-0.5650830522081272,-4.736538589321857,22.722103759143366
racial,4,32,0.7253078024986854,9.12512832211703,-2.4458886238530946,-4.799322269624666,39.2969693505981
significant,20,47,3.626539012493427,13.402532223109388,-1.2729258906245864,-4.855676825300531,26.824836643983282
samples,7,34,1.2692886543726996,9.695448842249345,-1.9493107248062795,-4.892391615212872,33.66801952206653
settings,46,74,8.34103972873488,21.101859244895632,-0.9105460728222248,-4.898031647457791,25.36858565093378
likely,13,40,2.357250358120728,11.406410402646285,-1.5244989975411993,-4.90480624826294,29.339065360038433
genes,26,54,4.714500716241456,15.398654043572487,-1.1486862891433383,-4.914274617731816,26.75267263130833
genetic,99,123,17.951368111842463,35.07471198813733,-0.6569394016976098,-4.916275192579867,24.746314936180006
group,22,50,3.9891929137427695,14.258013003307859,-1.220404877679865,-4.93175999080746,27.51701963047117
developing,6,34,1.087961703748028,9.695448842249345,-2.056941308039158,-4.957089475749447,36.34458567425115
traits,3,37,0.543980851874014,10.550929622447816,-2.903583380011699,-4.966850108072842,51.56705311395181
meet,15,43,2.7199042593700704,12.261891182844758,-1.4710770604789731,-4.987105883682807,29.72258547151155
sex,9,37,1.6319425556220422,10.550929622447816,-1.8337128020912958,-4.999469110075729,33.30692082060928
private,4,35,0.7253078024986854,9.980609102315501,-2.3386649588290807,-5.106038894296343,44.28936412030507
goal,27,58,4.8958276668661265,16.539295083837114,-1.1873174813097807,-5.181032237336482,29.92529285495536
tools,62,93,11.242270938729623,26.519904186152615,-0.8415325592664029,-5.186990770013751,28.153377527916696
increasing,4,38,0.7253078024986854,10.836089882513974,-2.5925358754666945,-5.197560349762333,49.334681491463954
members,3,39,0.543980851874014,11.12125014258013,-2.7271437835375467,-5.251349726574164,55.042759752305614
higher,5,38,0.9066347531233567,10.836089882513974,-2.356830029231549,-5.2590843447779285,45.824102245418416
provide,45,78,8.15971277811021,22.24250028516026,-0.9687507768556554,-5.310054849894371,30.153883501489403
compared,5,39,0.9066347531233567,11.12125014258013,-2.3545624594156953,-5.339439620378362,47.469742360465915
insurance,6,40,1.087961703748028,11.406410402646285,-2.2807557274427026,-5.376091222364608,45.87692032939131
contribute,13,47,2.357250358120728,13.402532223109388,-1.7003040315660138,-5.517433073172729,38.90118280064895
areas,20,55,3.626539012493427,15.683814303638645,-1.3998674759730436,-5.562001924773816,36.64206795716055
underserved,12,47,2.175923407496056,13.402532223109388,-1.7836189383639143,-5.595019160321821,41.03782965492219
particularly,7,44,1.2692886543726996,12.547051442910915,-2.2213309915558055,-5.636409234585759,49.249463477856665
results,37,74,6.7090971731128395,21.101859244895632,-1.121505434909646,-5.643766229841402,34.96458949421848
multiple,13,49,2.357250358120728,13.972852743241702,-1.735277541555809,-5.677039538840951,41.7220965584076
critical,2,61,0.3626539012493427,17.394775864035587,-3.5960236647723187,-5.718087925686466,99.51426086024436
order,4,49,0.7253078024986854,13.972852743241702,-2.838353344719983,-5.774807368777075,68.17826227068922
diagnosis,63,102,11.423597889354294,29.086346526748034,-0.910705441126999,-5.783837925193626,35.347495103044096
parents,5,47,0.9066347531233567,13.402532223109388,-2.4523761555297297,-5.874995047922695,60.824011105845614
increased,9,49,1.6319425556220422,13.972852743241702,-2.0505271448059172,-5.928101327055297,51.39929604900232
help,25,65,4.533173765616784,18.535416904300217,-1.3648897712871904,-5.937910661437689,41.09810891536095
participants,10,50,1.8132695062467135,14.258013003307859,-1.9960821556307513,-5.944318625320497,50.26912482525404
health,259,279,46.96368021178988,79.55971255845785,-0.5178862177155432,-6.098422177946511,37.13645525132918
adulthood,12,54,2.175923407496056,15.398654043572487,-1.899216265878036,-6.114144973717348,51.27822839561213
different,27,70,4.8958276668661265,19.961218204631002,-1.3740223549404966,-6.159439892192176,44.13831358779062
develop,41,86,7.434404975611525,24.523782365689517,-1.1652650892253096,-6.238123851375913,43.12358574581746
training,50,96,9.066347531233568,27.37538496635109,-1.0760703050291767,-6.283561401166614,42.988284751502114
experience,22,67,3.9891929137427695,19.105737424432533,-1.5380403497926922,-6.336548668100115,48.73375816415429
well-being,5,59,0.9066347531233567,16.824455343903274,-2.8096563714028253,-6.354942344350147,81.33015928401761
positive,13,59,2.357250358120728,16.824455343903274,-1.9280818462011915,-6.392948187979033,56.296445244730634
better,26,73,4.714500716241456,20.816698984829472,-1.4550668401687679,-6.460473636583381,49.54730136592328
future,14,61,2.538577308745399,17.394775864035587,-1.866569974849165,-6.474454844504058,56.859338251110394
physical,15,62,2.7199042593700704,17.679936124101744,-1.824706918378575,-6.480644604182835,55.996689660093104
opportunities,18,65,3.2638851112440843,18.535416904300217,-1.6792264994536303,-6.488427045081341,53.75539099451329
diverse,9,59,1.6319425556220422,16.824455343903274,-2.276407188296865,-6.523573254360091,67.20724344748004
families,137,184,24.841792235579977,52.46948785217292,-0.733103621978727,-6.579189888735341,44.49686556792112
potential,11,61,1.9945964568713848,17.394775864035587,-2.0856743337370824,-6.615646584298201,64.54964931833392
effective,9,63,1.6319425556220422,17.965096384167904,-2.3146608109144164,-6.756692304822667,73.66535812278087
increase,29,81,5.258481568115469,23.09798106535873,-1.4409701593413384,-6.792814354716781,54.72311115726498
improve,66,120,11.967578741228309,34.21923120793886,-1.028765736434523,-6.801301169376845,49.80526768944587
impact,4,75,0.7253078024986854,21.38701950496179,-3.1547870356088055,-6.871600428376421,114.01757220685619
providers,29,84,5.258481568115469,23.9534618455572,-1.4832031925677391,-6.996322684957147,58.58517682525224
early,34,90,6.165116321238826,25.664423405954146,-1.3593161481346208,-7.02677674594574,57.88381038253263
mental,48,105,8.703693629984224,29.941827306946504,-1.208160688675373,-7.037974143912384,55.33723377672648
additional,33,89,5.983789370614154,25.37926314588799,-1.4203119531138775,-7.044472992837187,58.2468040497121
researchers,2,88,0.3626539012493427,25.09410288582183,-3.4925840958726244,-7.06510675668316,149.09432131027745
iacc,37,94,6.7090971731128395,26.805064446218775,-1.3021962576806878,-7.0707331481323745,58.113534605418785
issues,3,89,0.543980851874014,25.37926314588799,-3.4335472398966136,-7.154786145401025,144.71025949034419
example,8,72,1.4506156049973709,20.53153872476332,-2.5631186094822507,-7.160758163518789,91.93134629036913
addition,14,73,2.538577308745399,20.816698984829472,-2.0381661705751464,-7.206658292968811,74.97330190979264
understand,5,80,0.9066347531233567,22.81282080529257,-3.0103200276200397,-7.249753309894886,118.07833503496926
understanding,7,79,1.2692886543726996,22.527660545226418,-2.736592226623963,-7.420344143966248,107.65703516065238
disparities,7,80,1.2692886543726996,22.81282080529257,-2.77235184937257,-7.432645842576175,109.37811601969082
recent,7,80,1.2692886543726996,22.81282080529257,-2.7703212020291774,-7.434892485032679,109.37811601969082
development,85,151,15.412790803097064,43.05919926998973,-1.0024717487653039,-7.520058589651631,60.579598991185904
skills,28,92,5.077154617490798,26.23474392608646,-1.594559815736039,-7.568035452543572,71.04347898648493
people,83,153,15.05013690184772,43.629519790122046,-1.0380637532591974,-7.7498162342388115,64.76291782781546
challenges,21,91,3.807865963118098,25.949583666020306,-1.8774073367910784,-7.90222851972454,84.55120448947739
healthcare,15,91,2.7199042593700704,25.949583666020306,-2.197742095291913,-8.097893134471033,100.31127616200686
important,19,99,3.4452120618687556,28.23086574654956,-2.0494969751340006,-8.38957839444289,101.63956371578084
brain,9,104,1.6319425556220422,29.656667046880344,-2.6979378333296316,-8.57361711754203,142.59812907151775
efforts,11,104,1.9945964568713848,29.656667046880344,-2.572993214157557,-8.625068582052947,134.82575725130343
differences,30,113,5.439808518740141,32.22310938747576,-1.7439819232645544,-8.626999179267715,96.17260076387919
disabilities,92,179,16.68207945746976,51.04368655184214,-1.0847972751207964,-8.656371553764146,81.59032747636908
screening,48,134,8.703693629984224,38.211474848865066,-1.435320799720377,-8.74051779330378,90.48806952835193
lifespan,21,109,3.807865963118098,31.082468347211133,-2.0442069377228558,-8.802733374341146,111.69084112443198
factors,46,136,8.34103972873488,38.78179536899738,-1.4895836671712992,-8.958142868984464,96.51984180932307
adults,138,232,25.023119186204646,66.15718033534846,-0.9537095730206397,-8.988840937970126,85.50439523947938
social,10,123,1.8132695062467135,35.07471198813733,-2.741717359048115,-9.294724987127543,171.31226652869356
children,56,163,10.154309234981596,46.481122390783625,-1.422385774007112,-9.749444789332737,114.15941866307489
needs,206,319,37.3533518286823,90.96612296110415,-0.8778312748452404,-9.909749914383049,102.3511905995525
asd,10,124,1.8132695062467135,35.35987224820349,-2.0741338726493916,-10.006635579204863,173.04640278857124
question,58,177,10.516963136230938,50.47336603170982,-1.4666019360398757,-10.299993773476018,128.96080914717265
spectrum,5,257,0.9066347531233567,73.2861868370024,-3.8374263206315478,-11.203497242105687,441.1221861161093
studies,189,336,34.270793668062886,95.8138473822288,-1.005761191858733,-11.26052697184326,134.94684237037742
needed,46,192,8.34103972873488,54.75076993270218,-1.8537477707641346,-11.434666620616344,174.44555988897326
community,82,244,14.86880995122305,69.57910345614235,-1.50867864406381,-12.043372718264022,174.10563417888557
interventions,169,376,30.64425465556946,107.2202577848751,-1.2273105614854227,-13.481283290778698,202.04336919774823
autistic,203,433,36.80937097680828,123.47439260864606,-1.202502115522889,-14.204640056163688,221.541089786273
individuals,222,495,40.25458303867703,141.1543287327478,-1.2413286572520494,-15.52016092692782,266.64933846479306
research,282,611,51.13420007615732,174.23291890042205,-1.1960062990919766,-17.034425067005404,318.44459419758874
services,212,584,38.44131353243033,166.53359187863578,-1.4351862956938541,-18.29638061239791,389.67592513202794
autism,588,1066,106.62024696730676,303.98083723052355,-1.0429981520018763,-20.579206229661004,440.59066756098684
