term,target_count,reference_count,target_per10k,reference_per10k,log_odds,z,g2
life course,59,13,10.698484079205048,0.8805678985585782,2.47875537154634,8.127337661918334,93.898491141833
lead agencies,97,2,17.589033147167623,0.1354719843936274,4.77781142350749,6.957806281586142,234.3100104917201
federal autism,39,9,7.071879306593167,0.6096239297713233,2.431950099585535,6.607604248147456,60.94962600616905
national autism,29,10,5.2585769202872275,0.677359921968137,2.025382051258595,5.569840515755095,37.46689843322162
medication effects,27,3,4.89591644302604,0.2032079765904411,3.1564620181566028,5.2258497726440485,52.712878366255275
clinically meaningful,29,2,5.2585769202872275,0.1354719843936274,3.6221971463099507,5.0198737280382195,61.9600037086021
functional outcomes,24,9,4.351925727134256,0.6096239297713233,1.94866002067623,5.005459078413367,29.541164438676308
standards care,22,6,3.989265249873069,0.4064159531808822,2.2634075176338353,4.942216004531845,32.004767846412186
data elements,27,2,4.89591644302604,0.1354719843936274,3.5530274690812,4.906613223123088,57.027680203623746
sleep disruption,42,1,7.61587002248495,0.0677359921968137,4.643430378502681,4.7491315799605935,100.51233394559733
strategic objectives,20,5,3.626604772611881,0.3386799609840685,2.354070575945002,4.724266642310914,30.23791507857499
caregivers burden,24,2,4.351925727134256,0.1354719843936274,3.439039559742116,4.719805021546037,49.668604454899494
immune activation,20,6,3.626604772611881,0.4064159531808822,2.1719589535263273,4.682405734081168,27.80221876464008
trials design,20,3,3.626604772611881,0.2032079765904411,2.859580672835623,4.646172627087694,36.17667117015885
federal implementation,38,1,6.890549067962573,0.0677359921968137,4.552282093426044,4.629335785290056,90.29322636281324
minimally speaking,20,7,3.626604772611881,0.4741519453776959,2.0192823460397067,4.610879450431753,25.624474346937575
adaptive function,22,2,3.989265249873069,0.1354719843936274,3.350008129891007,4.586376150214376,44.793919997519474
common data,20,8,3.626604772611881,0.5418879375745096,1.8864556470423164,4.520792092695447,23.659333034839385
immune metabolic,18,4,3.2639442953506927,0.2709439687872548,2.448387708154021,4.502147934150872,28.55270389870287
clinical care,18,5,3.2639442953506927,0.3386799609840685,2.2365607279861504,4.471465844583555,25.964660062486224
defined subgroups,33,1,5.983897874809602,0.0677359921968137,4.4187503372546955,4.467778630306787,77.55045833245856
autism coordinator,18,3,3.2639442953506927,0.2032079765904411,2.739973745055641,4.453605839303927,31.555150391758062
agencies priority,30,1,5.439907158917821,0.0677359921968137,4.3265135389204525,4.361304782443202,69.92550416792979
maternal immune,17,3,3.082614056720099,0.2032079765904411,2.696491242466129,4.333268697308815,29.26746991320151
agencies cdc,18,2,3.2639442953506927,0.1354719843936274,3.1553686764428566,4.26746644289735,35.14191891083685
assistive technology,17,2,3.082614056720099,0.1354719843936274,3.077614325113851,4.194421059732718,32.75419672389106
evidence review,25,1,4.533255965764851,0.0677359921968137,4.129844165855948,4.1795916687388,57.262627540422
communication support,17,7,3.082614056720099,0.4741519453776959,1.8572569219250088,4.146664108890746,19.740437006931355
quality measures,24,1,4.351925727134256,0.0677359921968137,4.0876722399537595,4.136403850461138,54.738446552990276
supported employment,15,5,2.7199535794589105,0.3386799609840685,2.0528926590310146,4.024215692053197,19.743618798581533
epileptiform activities,21,1,3.807935011242475,0.0677359921968137,3.9851312259573524,3.9590695337676656,47.18712137302648
aggression self-injury,14,3,2.5386233408283165,0.2032079765904411,2.5049127170393533,3.9572661812803243,22.519251685475382
responsible agencies,14,2,2.5386233408283165,0.1354719843936274,2.9086293337501843,3.8698714766440423,25.671783348568393
nih cdc,19,1,3.4452745339812867,0.0677359921968137,3.8837156935931985,3.8516974413299288,42.174032533713515
civil rights,13,3,2.3572931021977226,0.2032079765904411,2.414461302054587,3.8237282829634616,20.316542002056348
creating additional,18,1,3.2639442953506927,0.0677359921968137,3.8356321574054597,3.7873239699308185,39.675142009055506
caregivers support,17,10,3.082614056720099,0.677359921968137,1.5016989782006682,3.7784299586368593,15.025183612634901
cdc nih,13,2,2.3572931021977226,0.1354719843936274,2.831955997202547,3.755033981251189,23.3439921575177
care coordination,16,9,2.9012838180895044,0.6096239297713233,1.5440895629101838,3.723699309619771,14.70950883158475
nih support,13,5,2.3572931021977226,0.3386799609840685,1.920137157245719,3.6712090581569647,15.758299048552699
medication use,13,5,2.3572931021977226,0.3386799609840685,1.9228733338988686,3.669638210126991,15.758299048552699
meaningful outcomes,12,3,2.175962863567128,0.2032079765904411,2.351546646031416,3.6604508748587055,18.142749047144992
communication adaptive,12,2,2.175962863567128,0.1354719843936274,2.7527632088373206,3.628466591293912,21.036766927838705
medical evaluation,15,1,2.7199535794589105,0.0677359921968137,3.6348182965063263,3.6038310219128062,32.21649985122131
contributing factors,14,7,2.5386233408283165,0.4741519453776959,1.6640735996157154,3.603095662263595,14.168823007274565
cdc hrsa,15,1,2.7199535794589105,0.0677359921968137,3.636248561058146,3.602646508224164,32.21649985122131
adverse events,12,4,2.175962863567128,0.2709439687872548,2.0655939902201172,3.5927225347878675,15.794895038865224
months launch,15,1,2.7199535794589105,0.0677359921968137,3.6579894572830245,3.584629769395246,32.21649985122131
pediatrics adults,11,3,1.9946326249365345,0.2032079765904411,2.2605419694882833,3.495720323505195,16.002383923206093
function communication,11,3,1.9946326249365345,0.2032079765904411,2.2655465913033765,3.4932677158776113,16.002383923206093
federal policy,13,1,2.3572931021977226,0.0677359921968137,3.499302870872304,3.439859591586261,27.28450632574051
support needs,47,65,8.52252121563792,4.40283949279289,0.6514449887192653,3.4121194149226346,11.299846564762344
transition planning,10,2,1.8133023863059405,0.1354719843936274,2.5344972115281212,3.359638514132798,16.498150158262643
hhs office,10,2,1.8133023863059405,0.1354719843936274,2.563971921388248,3.344575120794071,16.498150158262643
supported living,12,1,2.175962863567128,0.0677359921968137,3.4366645718544326,3.3387708467765327,24.834302227449747
federal guidance,12,1,2.175962863567128,0.0677359921968137,3.4395560580285167,3.3366820210110593,24.834302227449747
community participation,18,15,3.2639442953506927,1.0160398829522055,1.1549006373830277,3.3138077295417485,10.923000980929388
technical assistance,15,11,2.7199535794589105,0.7450959141649507,1.276828183752583,3.2546427171521763,10.619994121106062
current state,13,8,2.3572931021977226,0.5418879375745096,1.4567722788982103,3.250542032836212,11.022819231096635
seizures sleep,11,1,1.9946326249365345,0.0677359921968137,3.351250932437031,3.24189783606676,22.396959998759737
federally funded,10,4,1.8133023863059405,0.2709439687872548,1.8824761473993021,3.1984135272933734,11.829666517419692
vocational rehabilitation,12,7,2.175962863567128,0.4741519453776959,1.5038514034820931,3.190616720716389,10.685833880158158
gastrointestinal symptoms,14,10,2.5386233408283165,0.677359921968137,1.3085292257128405,3.1682607383471666,10.205535048192871
coordinated federal,10,1,1.8133023863059405,0.0677359921968137,3.2547104707011343,3.137526742954487,19.974827115994252
mitochondrial function,10,1,1.8133023863059405,0.0677359921968137,3.2575483157979725,3.1357161117151384,19.974827115994252
birth cohort,11,6,1.9946326249365345,0.4064159531808822,1.5764874267591953,3.115725190095669,10.380569093379394
immune biomarkers,9,3,1.6319721476753464,0.2032079765904411,2.067944392874068,3.110254050288826,11.846171279148919
older autistic,12,8,2.175962863567128,0.5418879375745096,1.3770982102878975,3.0249815786657006,9.408344639802705
cdc support,9,1,1.6319721476753464,0.0677359921968137,3.142638367647642,3.0248356536074463,17.570959455418425
clinical utility,9,1,1.6319721476753464,0.0677359921968137,3.144025981535444,3.024016913417937,17.570959455418425
evaluation treatment,9,1,1.6319721476753464,0.0677359921968137,3.1524028803615174,3.019069773316942,17.570959455418425
seizures activities,9,1,1.6319721476753464,0.0677359921968137,3.1538076389344543,3.018239416833651,17.570959455418425
metabolic mitochondrial,9,1,1.6319721476753464,0.0677359921968137,3.155214878193437,3.017407379317947,17.570959455418425
adults geriatric,9,1,1.6319721476753464,0.0677359921968137,3.1566246061123646,3.0165736553061624,17.570959455418425
hrsa cdc,8,2,1.4506419090447522,0.1354719843936274,2.3520797771266615,2.9884086297959667,12.095166031429995
ensure autistic,8,2,1.4506419090447522,0.1354719843936274,2.3526781571969586,2.9881535322709127,12.095166031429995
school work,11,7,1.9946326249365345,0.4741519453776959,1.4228639577991977,2.9524853177221786,9.032865876443003
autism population,11,7,1.9946326249365345,0.4741519453776959,1.4236112219752766,2.9514184148681757,9.032865876443003
million years,11,7,1.9946326249365345,0.4741519453776959,1.4236112219752766,2.9514184148681757,9.032865876443003
suicide prevention,8,1,1.4506419090447522,0.0677359921968137,3.0212030960655714,2.895664192525884,15.189438863642712
medicaid chip,8,3,1.4506419090447522,0.2032079765904411,1.9444459111420116,2.8912943858826723,9.847054812892104
mitochondrial dysfunction,8,1,1.4506419090447522,0.0677359921968137,3.034893072319342,2.8882819778818427,15.189438863642712
motor impairment,8,1,1.4506419090447522,0.0677359921968137,3.0362754943033003,2.8875353055816126,15.189438863642712
sleep gastrointestinal,8,1,1.4506419090447522,0.0677359921968137,3.0362754943033003,2.8875353055816126,15.189438863642712
federal planning,8,1,1.4506419090447522,0.0677359921968137,3.0376603884690248,2.886787076259215,15.189438863642712
development validation,8,1,1.4506419090447522,0.0677359921968137,3.0376603884690248,2.886787076259215,15.189438863642712
needs communication,8,1,1.4506419090447522,0.0677359921968137,3.0404376252600187,2.8852859257121453,15.189438863642712
motor speech,8,1,1.4506419090447522,0.0677359921968137,3.0404376252600187,2.8852859257121453,15.189438863642712
objectives ensure,8,1,1.4506419090447522,0.0677359921968137,3.0404376252600187,2.8852859257121453,15.189438863642712
intellectual disabilities,59,99,10.698484079205048,6.705863227484556,0.4605168072762549,2.812517519858003,7.696049426648518
autistic person,9,5,1.6319721476753464,0.3386799609840685,1.558111471794419,2.802166206874791,8.362626863918969
outcomes measures,28,37,5.077246681656633,2.5062317112821066,0.6965285959190597,2.788497654330402,7.546221178023366
autism projects,7,2,1.2693116704141583,0.1354719843936274,2.1965878443387137,2.7883232087037744,9.96430058472587
customized employment,7,2,1.2693116704141583,0.1354719843936274,2.2121139327664103,2.7822846963638064,9.96430058472587
adverse effects,7,2,1.2693116704141583,0.1354719843936274,2.217767040461908,2.7800887777799455,9.96430058472587
individuals limited,7,2,1.2693116704141583,0.1354719843936274,2.2189046424103616,2.7796470352126086,9.96430058472587
true increase,7,2,1.2693116704141583,0.1354719843936274,2.221186890197325,2.7787609597689826,9.96430058472587
microbiome function,7,2,1.2693116704141583,0.1354719843936274,2.221186890197325,2.7787609597689826,9.96430058472587
agencies support,7,1,1.2693116704141583,0.0677359921968137,2.8896438362318637,2.7454436512103637,12.835891674284197
case definition,7,1,1.2693116704141583,0.0677359921968137,2.894985949068598,2.742859364361725,12.835891674284197
idea section,7,1,1.2693116704141583,0.0677359921968137,2.9057864905546538,2.737624156432852,12.835891674284197
care model,7,1,1.2693116704141583,0.0677359921968137,2.907147615717337,2.7369634146457225,12.835891674284197
rely existing,7,1,1.2693116704141583,0.0677359921968137,2.9085112246665936,2.736301247489944,12.835891674284197
clinical response,7,1,1.2693116704141583,0.0677359921968137,2.9085112246665936,2.736301247489944,12.835891674284197
meaningful subgroups,8,4,1.4506419090447522,0.2709439687872548,1.6643302737472556,2.723322400911964,8.09647028987118
substance use,7,3,1.2693116704141583,0.2032079765904411,1.809357697533418,2.644111875868149,7.916524040042248
speech-generating devices,7,3,1.2693116704141583,0.2032079765904411,1.815990463237524,2.640992774843236,7.916524040042248
genetic genomics,7,3,1.2693116704141583,0.2032079765904411,1.8165989726120717,2.6407083088496344,7.916524040042248
emerging technology,7,3,1.2693116704141583,0.2032079765904411,1.8172084134171662,2.6404236883245646,7.916524040042248
privacy protection,7,3,1.2693116704141583,0.2032079765904411,1.8178187879063543,2.6401389126490953,7.916524040042248
hrsa nih,6,1,1.087981431783564,0.0677359921968137,2.667424501501017,2.6015242426462875,10.518383463919353
medicaid hcbs,6,1,1.087981431783564,0.0677359921968137,2.7273257911657485,2.576377690772676,10.518383463919353
peer support,6,1,1.087981431783564,0.0677359921968137,2.7273257911657485,2.576377690772676,10.518383463919353
developmental-behavioral pediatrics,6,1,1.087981431783564,0.0677359921968137,2.7324496770254143,2.5742079862980036,10.518383463919353
federal partners,6,1,1.087981431783564,0.0677359921968137,2.7441160924860686,2.569256806125697,10.518383463919353
referral follow-up,6,1,1.087981431783564,0.0677359921968137,2.750681403594143,2.5664637586957304,10.518383463919353
remains limited,6,1,1.087981431783564,0.0677359921968137,2.753324613329495,2.5653378969482357,10.518383463919353
improvement health,6,1,1.087981431783564,0.0677359921968137,2.753324613329495,2.5653378969482357,10.518383463919353
metabolic disorder,6,1,1.087981431783564,0.0677359921968137,2.754649911194832,2.564773096075922,10.518383463919353
federal data,6,1,1.087981431783564,0.0677359921968137,2.754649911194832,2.564773096075922,10.518383463919353
approximately billion,6,1,1.087981431783564,0.0677359921968137,2.754649911194832,2.564773096075922,10.518383463919353
anxiety medication,6,1,1.087981431783564,0.0677359921968137,2.7559776817946915,2.564207042481421,10.518383463919353
cellular metabolism,6,1,1.087981431783564,0.0677359921968137,2.7559776817946915,2.564207042481421,10.518383463919353
immune signaling,6,1,1.087981431783564,0.0677359921968137,2.7559776817946915,2.564207042481421,10.518383463919353
metabolic disease,6,1,1.087981431783564,0.0677359921968137,2.7559776817946915,2.564207042481421,10.518383463919353
employment day,6,1,1.087981431783564,0.0677359921968137,2.7559776817946915,2.564207042481421,10.518383463919353
redox imbalance,6,1,1.087981431783564,0.0677359921968137,2.7559776817946915,2.564207042481421,10.518383463919353
limited communication,6,1,1.087981431783564,0.0677359921968137,2.7559776817946915,2.564207042481421,10.518383463919353
fiscal years,6,2,1.087981431783564,0.1354719843936274,2.0333553315832447,2.5520840723437206,7.897447519432612
basic neuroscience,6,2,1.087981431783564,0.1354719843936274,2.051613395717851,2.54537821422348,7.897447519432612
studies use,6,2,1.087981431783564,0.1354719843936274,2.063114575235165,2.5411891169129586,7.897447519432612
limited speech,6,2,1.087981431783564,0.1354719843936274,2.0647038153845507,2.540612247341416,7.897447519432612
economic cost,6,2,1.087981431783564,0.1354719843936274,2.0668307348442028,2.5398409350392908,7.897447519432612
speaking autistic,6,2,1.087981431783564,0.1354719843936274,2.067363887809483,2.539647719934866,7.897447519432612
intellectually disabled,6,2,1.087981431783564,0.1354719843936274,2.067897611995587,2.5394543492375097,7.897447519432612
autism intellectual,8,5,1.4506419090447522,0.3386799609840685,1.4405852376900175,2.5356718916278616,6.684368739541581
genetic susceptibility,7,4,1.2693116704141583,0.2709439687872548,1.5272034573770021,2.4510616278049144,6.348008968685945
evidence support,11,10,1.9946326249365345,0.677359921968137,1.0685121648391522,2.4507786677986374,5.9296602895571
people intellectual,9,7,1.6319721476753464,0.4741519453776959,1.2208241979431183,2.442853847353111,5.951351770659529
department education,15,17,2.7199535794589105,1.1515118673458329,0.8516269974883333,2.4350521710724107,5.618261495646628
sleep disturbances,12,12,2.175962863567128,0.8128319063617644,0.9736160754702006,2.3909565462857665,5.59693830680146
therapeutic target,5,1,0.9066511931529703,0.0677359921968137,2.5062122421797266,2.3856651423569186,8.249075079131321
receptive language,5,1,0.9066511931529703,0.0677359921968137,2.5626344786916313,2.3653505200152285,8.249075079131321
communication needs,5,1,0.9066511931529703,0.0677359921968137,2.5651465439054952,2.3644395853892926,8.249075079131321
plan federal,5,1,0.9066511931529703,0.0677359921968137,2.5651465439054952,2.3644395853892926,8.249075079131321
implementation evaluation,5,1,0.9066511931529703,0.0677359921968137,2.5689326120679077,2.36306558972948,8.249075079131321
new federal,5,1,0.9066511931529703,0.0677359921968137,2.5714687296817917,2.3621444842660475,8.249075079131321
mechanistic studies,5,1,0.9066511931529703,0.0677359921968137,2.572740434010802,2.3616823871129897,8.249075079131321
care developmental,5,1,0.9066511931529703,0.0677359921968137,2.572740434010802,2.3616823871129897,8.249075079131321
guidance address,5,1,0.9066511931529703,0.0677359921968137,2.572740434010802,2.3616823871129897,8.249075079131321
communication motor,5,1,0.9066511931529703,0.0677359921968137,2.574014579386409,2.361219255004254,8.249075079131321
review clinical,5,1,0.9066511931529703,0.0677359921968137,2.574014579386409,2.361219255004254,8.249075079131321
measures outcomes,5,1,0.9066511931529703,0.0677359921968137,2.574014579386409,2.361219255004254,8.249075079131321
timely evaluation,5,1,0.9066511931529703,0.0677359921968137,2.574014579386409,2.361219255004254,8.249075079131321
reflect true,5,1,0.9066511931529703,0.0677359921968137,2.575291173880963,2.360755083908746,8.249075079131321
postural control,5,1,0.9066511931529703,0.0677359921968137,2.575291173880963,2.360755083908746,8.249075079131321
sleep interventions,5,1,0.9066511931529703,0.0677359921968137,2.575291173880963,2.360755083908746,8.249075079131321
autonomic measures,5,1,0.9066511931529703,0.0677359921968137,2.575291173880963,2.360755083908746,8.249075079131321
agenda priority,5,1,0.9066511931529703,0.0677359921968137,2.575291173880963,2.360755083908746,8.249075079131321
data set,6,3,1.087981431783564,0.2032079765904411,1.6619038220122118,2.359756401264104,6.072352717403385
support professionals,6,3,1.087981431783564,0.2032079765904411,1.6624351040532481,2.359460749141532,6.072352717403385
irritability aggression,6,3,1.087981431783564,0.2032079765904411,1.6635002296558294,2.358869213351713,6.072352717403385
developmental skills,6,3,1.087981431783564,0.2032079765904411,1.663767046263155,2.358721280925344,6.072352717403385
safety concerns,6,3,1.087981431783564,0.2032079765904411,1.664301323600954,2.35842535760761,6.072352717403385
speaking individuals,6,3,1.087981431783564,0.2032079765904411,1.664301323600954,2.35842535760761,6.072352717403385
health systems,8,6,1.4506419090447522,0.4064159531808822,1.2593942111967564,2.339781234801329,5.520979224086416
research agenda,8,6,1.4506419090447522,0.4064159531808822,1.2596601885790086,2.339157408705488,5.520979224086416
supporting agencies,60,0,10.879814317835642,0.0,7.404022089489406,2.303574938372775,156.25214006580615
current evidence,5,2,0.9066511931529703,0.1354719843936274,1.8576540792900023,2.2707827998969683,5.914833258709846
autistic people,30,47,5.439907158917821,3.183591633250244,0.5274251563040417,2.2641588468058234,5.001254456604556
medically necessary,5,2,0.9066511931529703,0.1354719843936274,1.8812109933800834,2.261966595182797,5.914833258709846
population health,5,2,0.9066511931529703,0.1354719843936274,1.8835928675447864,2.261090297597089,5.914833258709846
heart rates,5,2,0.9066511931529703,0.1354719843936274,1.88550800416178,2.260387632727555,5.914833258709846
interventions require,5,2,0.9066511931529703,0.1354719843936274,1.88550800416178,2.260387632727555,5.914833258709846
clinical phenotypes,5,2,0.9066511931529703,0.1354719843936274,1.886468805988848,2.2600357523315795,5.914833258709846
health center,7,5,1.2693116704141583,0.3386799609840685,1.3071173852290716,2.2424715271187066,5.102767524096436
housing employment,7,5,1.2693116704141583,0.3386799609840685,1.3083921508217493,2.24022257499033,5.102767524096436
workforce training,7,5,1.2693116704141583,0.3386799609840685,1.3089414958309185,2.239258288225538,5.102767524096436
consolidated federal,53,0,9.610502647421484,0.0,7.4038971676374015,2.1649971403992563,138.0227237247954
hrsa cms,52,0,9.42917240879089,0.0,7.403879322933943,2.144470208773625,135.4185213903653
emergency department,6,4,1.087981431783564,0.2709439687872548,1.3766185027708193,2.1393562110499844,4.704172319901352
agencies nih,50,0,9.066511931529702,0.0,7.364687487376796,2.133050031376607,130.2101167215051
autism care,22,33,3.989265249873069,2.2352877424948523,0.5758064019849414,2.1129960942108594,4.209499127867478
federal products,49,0,8.885181692899108,0.0,7.403825790736418,2.0816765285756773,127.605914387075
state knowledge,9,9,1.6319721476753464,0.6096239297713233,0.9735824624789995,2.068614906057849,4.197703730101095
depression anxiety,5,3,0.9066511931529703,0.2032079765904411,1.480528858869521,2.035630600351478,4.340393601752201
needs identified,5,3,0.9066511931529703,0.2032079765904411,1.480528858869521,2.035630600351478,4.340393601752201
clinical services,5,3,0.9066511931529703,0.2032079765904411,1.480528858869521,2.035630600351478,4.340393601752201
wait time,5,3,0.9066511931529703,0.2032079765904411,1.480528858869521,2.035630600351478,4.340393601752201
scientific literature,5,3,0.9066511931529703,0.2032079765904411,1.4820182547369196,2.034439465909727,4.340393601752201
data systems,5,3,0.9066511931529703,0.2032079765904411,1.4822317557175282,2.0342692666205586,4.340393601752201
autism mental,7,6,1.2693116704141583,0.4064159531808822,1.1271045335582563,2.0299690000127972,4.093376244780613
profound autism,45,0,8.159860738376732,0.0,7.360341042800635,2.0267041778010895,117.1891050493546
autistic children,20,30,3.626604772611881,2.032079765904411,0.5721209359347741,1.9921243908891686,3.8268173889704276
motor skills,6,5,1.087981431783564,0.3386799609840685,1.1528589397734361,1.9200209256517657,3.641000326976462
using existing,6,5,1.087981431783564,0.3386799609840685,1.1549663814845896,1.9122005638708066,3.641000326976462
budgetary requirements,6,5,1.087981431783564,0.3386799609840685,1.1552333120695817,1.9112210271866379,3.641000326976462
red flags,6,5,1.087981431783564,0.3386799609840685,1.1552333120695817,1.9112210271866379,3.641000326976462
federal action,41,0,7.434539783854356,0.0,7.40368305223524,1.9041394942953997,106.77229571163419
sensory processing,9,10,1.6319721476753464,0.677359921968137,0.8687868972017245,1.8960202603282752,3.4988631872437193
clinical research,16,23,2.9012838180895044,1.557927820526715,0.6129990880128595,1.8892343787416166,3.465354004841844
nih fda,38,0,6.890549067962573,0.0,7.403629530556005,1.83313939773205,98.95968870834389
acl cms,34,0,6.165228113440198,0.0,7.266594363714181,1.8225141170709767,88.54287937062347
treatment autism,5,4,0.9066511931529703,0.2709439687872548,1.193817661350625,1.7913882121526485,3.19489494690456
language communication,5,4,0.9066511931529703,0.2709439687872548,1.1950841936161574,1.788070988521149,3.19489494690456
later life,5,4,0.9066511931529703,0.2709439687872548,1.195163837849277,1.7878634924561352,3.19489494690456
request information,5,4,0.9066511931529703,0.2709439687872548,1.1955629234548208,1.78682571249136,3.19489494690456
individuals require,5,4,0.9066511931529703,0.2709439687872548,1.1956429139036118,1.7866180965472034,3.19489494690456
data access,5,4,0.9066511931529703,0.2709439687872548,1.1959634555598946,1.7857874328226255,3.19489494690456
lead supporting,36,0,6.5278885907013855,0.0,7.403593851029818,1.784238270753691,93.75128403948368
performance indicators,34,0,6.165228113440198,0.0,7.346494690671081,1.7703938628881484,88.54287937062347
communication access,35,0,6.346558352070791,0.0,7.403576011744679,1.7592784212374442,91.14708170505358
clinically indicated,34,0,6.165228113440198,0.0,7.403558172778163,1.7339595648817479,88.54287937062347
cms hrsa,29,0,5.2585769202872275,0.0,7.187635342731733,1.7318571233809066,75.52186769847296
health care,26,46,4.714586204395445,3.11585564105343,0.41734516354585693,1.7248600098785323,2.7260720263020044
therapeutic domain,33,0,5.983897874809602,0.0,7.403540334130258,1.7082657388227844,85.93867703619337
accountable lead,33,0,5.983897874809602,0.0,7.403540334130258,1.7082657388227844,85.93867703619337
approximately million,6,6,1.087981431783564,0.4064159531808822,0.9735497295929374,1.6968762239497417,2.79846915340073
precision medicine,6,6,1.087981431783564,0.4064159531808822,0.9735491027328749,1.688959123983728,2.79846915340073
supporting partners,32,0,5.802567636179009,0.0,7.403522495800953,1.6821797611368265,83.33447470176327
products accountable,32,0,5.802567636179009,0.0,7.403522495800953,1.6821797611368265,83.33447470176327
phase consolidated,32,0,5.802567636179009,0.0,7.403522495800953,1.6821797611368265,83.33447470176327
context use,31,0,5.621237397548415,0.0,7.3718080181919134,1.6749303655481764,80.73027236733317
safety monitoring,31,0,5.621237397548415,0.0,7.4035046577902355,1.6556830963825075,80.73027236733317
families support,7,8,1.2693116704141583,0.5418879375745096,0.8417039238445518,1.6367217917439019,2.5801003686079147
individuals including,7,8,1.2693116704141583,0.5418879375745096,0.8407398063709888,1.6288716024685774,2.5801003686079147
priority action,30,0,5.439907158917821,0.0,7.403486820098095,1.628755701452825,78.12607003290307
nih ahrq,29,0,5.2585769202872275,0.0,7.3696230786844295,1.6212607824884433,75.52186769847296
hrsa ahrq,29,0,5.2585769202872275,0.0,7.4034689827245215,1.6013758480935638,75.52186769847296
federal research,23,0,4.170595488503663,0.0,7.138149810713278,1.5699980055955074,59.896653691892354
office secretary,9,0,1.6319721476753464,0.0,5.800107527835465,1.5578222480935617,23.43782100987092
programs support,11,16,1.9946326249365345,1.0837758751490192,0.603503068923736,1.550864592464813,2.304336641757982
dod cdmrp,27,0,4.89591644302604,0.0,7.403433308933022,1.5451621623183218,70.31346302961276
motor planning,26,0,4.714586204395445,0.0,7.403415472515075,1.516274426668522,67.70926069518265
lend dbp,7,0,1.2693116704141583,0.0,5.529294358981359,1.4996432568522933,18.229416341010715
autism activities,6,7,1.087981431783564,0.4741519453776959,0.8217415662833503,1.4884991575167381,2.1239718237269765
priority therapeutic,25,0,4.533255965764851,0.0,7.403397636415647,1.4868258198080864,65.10505836075255
ethnically diverse,6,7,1.087981431783564,0.4741519453776959,0.8204997154077436,1.4801636637774485,2.1239718237269765
ahrq cms,21,0,3.807935011242475,0.0,7.190136331349216,1.472311549401397,54.68824902303214
agencies hrsa,23,0,4.170595488503663,0.0,7.3201206697590635,1.469998528975102,59.896653691892354
neurodevelopmental regression,24,0,4.351925727134256,0.0,7.40337980063473,1.4567823283769674,62.50085602632245
surveillance years,5,0,0.9066511931529703,0.0,5.095387434366215,1.4510371917694882,13.021011672150511
epilepsy sleep,7,9,1.2693116704141583,0.6096239297713233,0.7239141537666605,1.4414031425069087,2.012542928552257
priority federal,22,0,3.989265249873069,0.0,7.316479442354491,1.4395775105983784,57.29245135746225
autistic individuals,79,173,14.32508885181693,11.71832665004877,0.1942534719365785,1.4353406248227742,2.131415714370572
cdc ahrq,23,0,4.170595488503663,0.0,7.403361965172309,1.4261063559262799,59.896653691892354
ahrq nih,23,0,4.170595488503663,0.0,7.403361965172309,1.4261063559262799,59.896653691892354
translational readiness,23,0,4.170595488503663,0.0,7.403361965172309,1.4261063559262799,59.896653691892354
occupational therapy,9,13,1.6319721476753464,0.8805678985585782,0.6092247821769217,1.4117614354441328,1.9230516220510028
ahrq hrsa,17,0,3.082614056720099,0.0,7.0183515366391145,1.4089643180486053,44.271439685311734
pediatrics safety,20,0,3.626604772611881,0.0,7.263788538781018,1.399051702126036,52.084046688602044
clinical guidance,22,0,3.989265249873069,0.0,7.4033441300283735,1.394756171109424,57.29245135746225
federal task,22,0,3.989265249873069,0.0,7.4033441300283735,1.394756171109424,57.29245135746225
executive accountability,22,0,3.989265249873069,0.0,7.4033441300283735,1.394756171109424,57.29245135746225
readiness assessment,20,0,3.626604772611881,0.0,7.308159634370243,1.3767131745353207,52.084046688602044
ahrq cdc,19,0,3.4452745339812867,0.0,7.256941906242353,1.3670011679908585,49.479844354171945
clinicians education,21,0,3.807935011242475,0.0,7.4033262952029135,1.3626852415539599,54.68824902303214
measures constitute,21,0,3.807935011242475,0.0,7.4033262952029135,1.3626852415539599,54.68824902303214
constitute executive,21,0,3.807935011242475,0.0,7.4033262952029135,1.3626852415539599,54.68824902303214
indicators measures,21,0,3.807935011242475,0.0,7.4033262952029135,1.3626852415539599,54.68824902303214
accountability set,21,0,3.807935011242475,0.0,7.4033262952029135,1.3626852415539599,54.68824902303214
executive performance,21,0,3.807935011242475,0.0,7.4033262952029135,1.3626852415539599,54.68824902303214
language remains,21,0,3.807935011242475,0.0,7.4033262952029135,1.3626852415539599,54.68824902303214
federal workplans,20,0,3.626604772611881,0.0,7.403308460695916,1.3298414230617424,52.084046688602044
fda ahrq,20,0,3.626604772611881,0.0,7.403308460695916,1.3298414230617424,52.084046688602044
partners months,20,0,3.626604772611881,0.0,7.403308460695916,1.3298414230617424,52.084046688602044
symptoms pain,20,0,3.626604772611881,0.0,7.403308460695916,1.3298414230617424,52.084046688602044
cms ahrq,20,0,3.626604772611881,0.0,7.403308460695916,1.3298414230617424,52.084046688602044
implementation compact,20,0,3.626604772611881,0.0,7.403308460695916,1.3298414230617424,52.084046688602044
agencies workplans,20,0,3.626604772611881,0.0,7.403308460695916,1.3298414230617424,52.084046688602044
mitochondrial redox,20,0,3.626604772611881,0.0,7.403308460695916,1.3298414230617424,52.084046688602044
translational status,20,0,3.626604772611881,0.0,7.403308460695916,1.3298414230617424,52.084046688602044
autism coordination,6,0,1.087981431783564,0.0,5.675958821361416,1.3244217239658431,15.625214006580613
complex medical,19,0,3.4452745339812867,0.0,7.352082257303663,1.3205838836519332,49.479844354171945
syndromic autism,5,6,0.9066511931529703,0.4064159531808822,0.792227543162273,1.312027853077389,1.6715959059228283
years report,15,0,2.7199535794589105,0.0,7.067392278298133,1.3004339991780929,39.063035016451536
retained agencies,19,0,3.4452745339812867,0.0,7.403290626507369,1.2961659637745597,49.479844354171945
secondary indicators,19,0,3.4452745339812867,0.0,7.403290626507369,1.2961659637745597,49.479844354171945
accountable federal,19,0,3.4452745339812867,0.0,7.403290626507369,1.2961659637745597,49.479844354171945
health stability,19,0,3.4452745339812867,0.0,7.403290626507369,1.2961659637745597,49.479844354171945
compact compact,19,0,3.4452745339812867,0.0,7.403290626507369,1.2961659637745597,49.479844354171945
technical measures,19,0,3.4452745339812867,0.0,7.403290626507369,1.2961659637745597,49.479844354171945
set technical,19,0,3.4452745339812867,0.0,7.403290626507369,1.2961659637745597,49.479844354171945
implementation standards,19,0,3.4452745339812867,0.0,7.403290626507369,1.2961659637745597,49.479844354171945
measures retained,19,0,3.4452745339812867,0.0,7.403290626507369,1.2961659637745597,49.479844354171945
agencies action,19,0,3.4452745339812867,0.0,7.403290626507369,1.2961659637745597,49.479844354171945
workplans secondary,19,0,3.4452745339812867,0.0,7.403290626507369,1.2961659637745597,49.479844354171945
department agencies,6,8,1.087981431783564,0.5418879375745096,0.6917242184842038,1.294451966833327,1.5821703819791462
support families,6,8,1.087981431783564,0.5418879375745096,0.6899033675645843,1.2867851256409049,1.5821703819791462
existing federal,12,0,2.175962863567128,0.0,6.79837369087166,1.279926336311264,31.250428013161226
biomarkers qualification,17,0,3.082614056720099,0.0,7.292219142569069,1.2765988699334427,44.271439685311734
nih funds,11,0,1.9946326249365345,0.0,6.711612987519464,1.2634233693554422,28.646225678731124
cms acl,18,0,3.2639442953506927,0.0,7.403272792637264,1.2615922689178662,46.87564201974184
stand-alone national,18,0,3.2639442953506927,0.0,7.403272792637264,1.2615922689178662,46.87564201974184
read creating,18,0,3.2639442953506927,0.0,7.403272792637264,1.2615922689178662,46.87564201974184
folate receptor,18,0,3.2639442953506927,0.0,7.403272792637264,1.2615922689178662,46.87564201974184
operational rationale,18,0,3.2639442953506927,0.0,7.403272792637264,1.2615922689178662,46.87564201974184
care pathways,18,0,3.2639442953506927,0.0,7.403272792637264,1.2615922689178662,46.87564201974184
detailed initiative,18,0,3.2639442953506927,0.0,7.403272792637264,1.2615922689178662,46.87564201974184
area detailed,18,0,3.2639442953506927,0.0,7.403272792637264,1.2615922689178662,46.87564201974184
indicated evaluation,18,0,3.2639442953506927,0.0,7.403272792637264,1.2615922689178662,46.87564201974184
remains scientific,18,0,3.2639442953506927,0.0,7.403272792637264,1.2615922689178662,46.87564201974184
rationale read,18,0,3.2639442953506927,0.0,7.403272792637264,1.2615922689178662,46.87564201974184
compact accountable,18,0,3.2639442953506927,0.0,7.403272792637264,1.2615922689178662,46.87564201974184
scientific operational,18,0,3.2639442953506927,0.0,7.403272792637264,1.2615922689178662,46.87564201974184
workplans area,18,0,3.2639442953506927,0.0,7.403272792637264,1.2615922689178662,46.87564201974184
additional stand-alone,18,0,3.2639442953506927,0.0,7.403272792637264,1.2615922689178662,46.87564201974184
national deliverable,18,0,3.2639442953506927,0.0,7.403272792637264,1.2615922689178662,46.87564201974184
cerebral folate,18,0,3.2639442953506927,0.0,7.403272792637264,1.2615922689178662,46.87564201974184
initiative language,18,0,3.2639442953506927,0.0,7.403272792637264,1.2615922689178662,46.87564201974184
services access,8,12,1.4506419090447522,0.8128319063617644,0.5706219842295006,1.2543204418217289,1.5307269555881708
autistic population,8,12,1.4506419090447522,0.8128319063617644,0.5698891959333867,1.251511401113864,1.5307269555881708
core objectives,10,0,1.8133023863059405,0.0,6.616607084020146,1.2453398231925867,26.042023344301022
public health,20,38,3.626604772611881,2.5739677034789206,0.34015193136259736,1.240541272929191,1.4808172548881178
statutory authority,13,0,2.3572931021977226,0.0,7.024438439788783,1.2293808314643486,33.854630347591325
receptor alpha,17,0,3.082614056720099,0.0,7.4032549590855865,1.226044351767938,44.271439685311734
action agenda,17,0,3.082614056720099,0.0,7.4032549590855865,1.226044351767938,44.271439685311734
deliverable phase,17,0,3.082614056720099,0.0,7.4032549590855865,1.226044351767938,44.271439685311734
precision therapeutic,17,0,3.082614056720099,0.0,7.4032549590855865,1.226044351767938,44.271439685311734
course domain,17,0,3.082614056720099,0.0,7.4032549590855865,1.226044351767938,44.271439685311734
referral pathways,17,0,3.082614056720099,0.0,7.4032549590855865,1.226044351767938,44.271439685311734
assay harmonization,17,0,3.082614056720099,0.0,7.4032549590855865,1.226044351767938,44.271439685311734
existing authority,17,0,3.082614056720099,0.0,7.4032549590855865,1.226044351767938,44.271439685311734
ahrq supporting,16,0,2.9012838180895044,0.0,7.342713348528095,1.2159570285031955,41.667237350881635
public reporting,16,0,2.9012838180895044,0.0,7.342713348528095,1.2159570285031955,41.667237350881635
health function,13,0,2.3572931021977226,0.0,7.078381627287927,1.205854917196767,33.854630347591325
communication profiles,16,0,2.9012838180895044,0.0,7.40323712585233,1.1894348675517847,41.667237350881635
developmental timing,16,0,2.9012838180895044,0.0,7.40323712585233,1.1894348675517847,41.667237350881635
real-world evidence,16,0,2.9012838180895044,0.0,7.40323712585233,1.1894348675517847,41.667237350881635
minimal functional,16,0,2.9012838180895044,0.0,7.40323712585233,1.1894348675517847,41.667237350881635
functional speech,16,0,2.9012838180895044,0.0,7.40323712585233,1.1894348675517847,41.667237350881635
agencies fda,16,0,2.9012838180895044,0.0,7.40323712585233,1.1894348675517847,41.667237350881635
fda cdc,16,0,2.9012838180895044,0.0,7.40323712585233,1.1894348675517847,41.667237350881635
recognition referral,15,0,2.7199535794589105,0.0,7.338788337701908,1.1790170660726247,39.063035016451536
agencies cms,14,0,2.5386233408283165,0.0,7.269900549356093,1.1678783489219262,36.45883268202143
nih supporting,14,0,2.5386233408283165,0.0,7.269900549356093,1.1678783489219262,36.45883268202143
fda hrsa,11,0,1.9946326249365345,0.0,6.968709599115822,1.1535744317517602,28.646225678731124
treatable contributors,15,0,2.7199535794589105,0.0,7.403219292937477,1.151662584225532,39.063035016451536
sensorimotor integration,15,0,2.7199535794589105,0.0,7.403219292937477,1.151662584225532,39.063035016451536
digestive enzyme,15,0,2.7199535794589105,0.0,7.403219292937477,1.151662584225532,39.063035016451536
functional trajectory,15,0,2.7199535794589105,0.0,7.403219292937477,1.151662584225532,39.063035016451536
caregivers demands,15,0,2.7199535794589105,0.0,7.403219292937477,1.151662584225532,39.063035016451536
alpha autoantibodies,15,0,2.7199535794589105,0.0,7.403219292937477,1.151662584225532,39.063035016451536
hhs ocr,15,0,2.7199535794589105,0.0,7.403219292937477,1.151662584225532,39.063035016451536
nonspeaking minimally,15,0,2.7199535794589105,0.0,7.403219292937477,1.151662584225532,39.063035016451536
planning praxis,15,0,2.7199535794589105,0.0,7.403219292937477,1.151662584225532,39.063035016451536
crisis response,6,0,1.087981431783564,0.0,6.108069036483908,1.148283339376279,15.625214006580613
diagnostic overshadowing,14,0,2.5386233408283165,0.0,7.334323836312024,1.1408795273180434,36.45883268202143
behavioral health,8,13,1.4506419090447522,0.8805678985585782,0.5012509700650121,1.132159247001408,1.175797125828458
federally supported,13,0,2.3572931021977226,0.0,7.260330990462174,1.1292948852138884,33.854630347591325
special education,18,35,3.2639442953506927,2.3707597268884797,0.3228795922502705,1.1270647417987587,1.1703737399141705
assessment tools,4,5,0.7253209545223761,0.3386799609840685,0.7523785872925046,1.1267276405069775,1.2254905258509265
studies measures,4,5,0.7253209545223761,0.3386799609840685,0.7516619822965094,1.1238058592618145,1.2254905258509265
biological clinical,4,5,0.7253209545223761,0.3386799609840685,0.7515820716850801,1.1234808076695137,1.2254905258509265
long-term services,4,5,0.7253209545223761,0.3386799609840685,0.7515820716850801,1.1234808076695137,1.2254905258509265
objectives measures,4,5,0.7253209545223761,0.3386799609840685,0.7513419928179204,1.12250516031962,1.2254905258509265
symptoms changes,4,5,0.7253209545223761,0.3386799609840685,0.7513419928179204,1.12250516031962,1.2254905258509265
improving communication,4,5,0.7253209545223761,0.3386799609840685,0.7511816504146385,1.1218543176981541,1.2254905258509265
cdc cms,9,0,1.6319721476753464,0.0,6.76855670171302,1.120133574299152,23.43782100987092
quality measurement,12,0,2.175962863567128,0.0,7.180425543854193,1.1167798782272,31.250428013161226
cms nih,14,0,2.5386233408283165,0.0,7.403201460341018,1.1126090794827537,36.45883268202143
federal deliverable,14,0,2.5386233408283165,0.0,7.403201460341018,1.1126090794827537,36.45883268202143
months publish,14,0,2.5386233408283165,0.0,7.403201460341018,1.1126090794827537,36.45883268202143
longitudinal outcomes,14,0,2.5386233408283165,0.0,7.403201460341018,1.1126090794827537,36.45883268202143
medication review,14,0,2.5386233408283165,0.0,7.403201460341018,1.1126090794827537,36.45883268202143
sleep eeg,14,0,2.5386233408283165,0.0,7.403201460341018,1.1126090794827537,36.45883268202143
immune biology,14,0,2.5386233408283165,0.0,7.403201460341018,1.1126090794827537,36.45883268202143
pain sleep,14,0,2.5386233408283165,0.0,7.403201460341018,1.1126090794827537,36.45883268202143
emergency planning,11,0,1.9946326249365345,0.0,7.093579592723435,1.103171975233212,28.646225678731124
communication partners,13,0,2.3572931021977226,0.0,7.329199766627729,1.1014194329086264,33.854630347591325
racially ethnically,5,7,0.9066511931529703,0.4741519453776959,0.6395272110200114,1.0963897331304302,1.1639586819891665
access outcomes,5,7,0.9066511931529703,0.4741519453776959,0.6389803689285856,1.0945236505093174,1.1639586819891665
people living,5,7,0.9066511931529703,0.4741519453776959,0.6388890528886737,1.0942124060177036,1.1639586819891665
priority autism,5,7,0.9066511931529703,0.4741519453776959,0.638614802745888,1.0932782762821798,1.1639586819891665
speech-language pathology,12,0,2.175962863567128,0.0,7.2492840003860355,1.0893312687647112,31.250428013161226
medically complex,10,0,1.8133023863059405,0.0,6.998471442700895,1.0882619652989112,26.042023344301022
interventions work,6,9,1.087981431783564,0.6096239297713233,0.569495109555092,1.0825565214046298,1.148045216691128
clinically significant,7,0,1.2693116704141583,0.0,6.518075697035753,1.078215917416498,18.229416341010715
conditions focus,11,0,1.9946326249365345,0.0,7.1624258573125665,1.0761876367132355,28.646225678731124
clinical context,13,0,2.3572931021977226,0.0,7.403183628062944,1.0721343533575087,33.854630347591325
metabolic redox,13,0,2.3572931021977226,0.0,7.403183628062944,1.0721343533575087,33.854630347591325
medication safety,13,0,2.3572931021977226,0.0,7.403183628062944,1.0721343533575087,33.854630347591325
functional loss,13,0,2.3572931021977226,0.0,7.403183628062944,1.0721343533575087,33.854630347591325
medication exposure,13,0,2.3572931021977226,0.0,7.403183628062944,1.0721343533575087,33.854630347591325
gastrointestinal disease,13,0,2.3572931021977226,0.0,7.403183628062944,1.0721343533575087,33.854630347591325
median time,13,0,2.3572931021977226,0.0,7.403183628062944,1.0721343533575087,33.854630347591325
scientific rationale,13,0,2.3572931021977226,0.0,7.403183628062944,1.0721343533575087,33.854630347591325
immune autoimmune,13,0,2.3572931021977226,0.0,7.403183628062944,1.0721343533575087,33.854630347591325
endpoints biomarkers,13,0,2.3572931021977226,0.0,7.403183628062944,1.0721343533575087,33.854630347591325
translation agenda,13,0,2.3572931021977226,0.0,7.403183628062944,1.0721343533575087,33.854630347591325
status federal,10,0,1.8133023863059405,0.0,7.067303082658627,1.0617865133625917,26.042023344301022
nih hrsa,7,0,1.2693116704141583,0.0,6.578470332089228,1.055835718083324,18.229416341010715
research types,11,0,1.9946326249365345,0.0,7.2363872010769885,1.0478256480100956,28.646225678731124
measurable improvement,9,0,1.6319721476753464,0.0,6.962175519414149,1.0458617062866375,23.43782100987092
completed months,12,0,2.175962863567128,0.0,7.403165796103243,1.0300708866795139,31.250428013161226
cms cdc,12,0,2.175962863567128,0.0,7.403165796103243,1.0300708866795139,31.250428013161226
guidance coverage,12,0,2.175962863567128,0.0,7.403165796103243,1.0300708866795139,31.250428013161226
emergency use,12,0,2.175962863567128,0.0,7.403165796103243,1.0300708866795139,31.250428013161226
federal objectives,12,0,2.175962863567128,0.0,7.403165796103243,1.0300708866795139,31.250428013161226
methods records,12,0,2.175962863567128,0.0,7.403165796103243,1.0300708866795139,31.250428013161226
action agencies,12,0,2.175962863567128,0.0,7.403165796103243,1.0300708866795139,31.250428013161226
differential assessment,12,0,2.175962863567128,0.0,7.403165796103243,1.0300708866795139,31.250428013161226
knowledge implementation,11,0,1.9946326249365345,0.0,7.316283258863443,1.0179077249600499,28.646225678731124
outcomes measurement,7,0,1.2693116704141583,0.0,6.711541592469972,1.0078524672056084,18.229416341010715
coverage policy,7,0,1.2693116704141583,0.0,6.711541592469972,1.0078524672056084,18.229416341010715
agencies acl,10,0,1.8133023863059405,0.0,7.221131221437007,1.0045812511411063,26.042023344301022
workforce capacity,10,0,1.8133023863059405,0.0,7.221131221437007,1.0045812511411063,26.042023344301022
hrsa samhsa,9,0,1.6319721476753464,0.0,7.115967907724196,0.9898452713330764,23.43782100987092
biomarkers development,9,0,1.6319721476753464,0.0,7.115967907724196,0.9898452713330764,23.43782100987092
agencies ahrq,11,0,1.9946326249365345,0.0,7.403147964461901,0.9862154143632886,28.646225678731124
health stabilization,11,0,1.9946326249365345,0.0,7.403147964461901,0.9862154143632886,28.646225678731124
redox metabolic,11,0,1.9946326249365345,0.0,7.403147964461901,0.9862154143632886,28.646225678731124
support levels,11,0,1.9946326249365345,0.0,7.403147964461901,0.9862154143632886,28.646225678731124
sleep assessment,11,0,1.9946326249365345,0.0,7.403147964461901,0.9862154143632886,28.646225678731124
evidence maturity,11,0,1.9946326249365345,0.0,7.403147964461901,0.9862154143632886,28.646225678731124
established immune,11,0,1.9946326249365345,0.0,7.403147964461901,0.9862154143632886,28.646225678731124
neuroimmune conditions,11,0,1.9946326249365345,0.0,7.403147964461901,0.9862154143632886,28.646225678731124
shared napti,11,0,1.9946326249365345,0.0,7.403147964461901,0.9862154143632886,28.646225678731124
evidence outcomes,11,0,1.9946326249365345,0.0,7.403147964461901,0.9862154143632886,28.646225678731124
doj hhs,11,0,1.9946326249365345,0.0,7.403147964461901,0.9862154143632886,28.646225678731124
functional decline,11,0,1.9946326249365345,0.0,7.403147964461901,0.9862154143632886,28.646225678731124
implementation gaps,11,0,1.9946326249365345,0.0,7.403147964461901,0.9862154143632886,28.646225678731124
behavioral sleep,11,0,1.9946326249365345,0.0,7.403147964461901,0.9862154143632886,28.646225678731124
folate deficiency,11,0,1.9946326249365345,0.0,7.403147964461901,0.9862154143632886,28.646225678731124
federal translation,11,0,1.9946326249365345,0.0,7.403147964461901,0.9862154143632886,28.646225678731124
autonomic dysfunction,10,0,1.8133023863059405,0.0,7.307981288890202,0.9734594649575722,26.042023344301022
plan does,8,0,1.4506419090447522,0.0,6.998435763093042,0.9733661302537446,20.833618675440817
outcomes include,6,0,1.087981431783564,0.0,6.631749470047639,0.9595167294915492,15.625214006580613
nichd nimh,6,0,1.087981431783564,0.0,6.631749470047639,0.9595167294915492,15.625214006580613
autism federal,9,0,1.6319721476753464,0.0,7.2028000908135414,0.9593545958673678,23.43782100987092
support surveillance,9,0,1.6319721476753464,0.0,7.2028000908135414,0.9593545958673678,23.43782100987092
federal agencies,26,56,4.714586204395445,3.793215563021567,0.2213237478009864,0.9435926677048505,0.8163966323811023
rcdc autism,10,0,1.8133023863059405,0.0,7.403130133138909,0.9403172376663783,26.042023344301022
emergency utilization,10,0,1.8133023863059405,0.0,7.403130133138909,0.9403172376663783,26.042023344301022
supported decision-making,10,0,1.8133023863059405,0.0,7.403130133138909,0.9403172376663783,26.042023344301022
adaptive trials,10,0,1.8133023863059405,0.0,7.403130133138909,0.9403172376663783,26.042023344301022
federal priority,10,0,1.8133023863059405,0.0,7.403130133138909,0.9403172376663783,26.042023344301022
mitochondrial disease,10,0,1.8133023863059405,0.0,7.403130133138909,0.9403172376663783,26.042023344301022
motor output,10,0,1.8133023863059405,0.0,7.403130133138909,0.9403172376663783,26.042023344301022
cdmrp months,10,0,1.8133023863059405,0.0,7.403130133138909,0.9403172376663783,26.042023344301022
therapeutic initiative,10,0,1.8133023863059405,0.0,7.403130133138909,0.9403172376663783,26.042023344301022
clinical investigation,10,0,1.8133023863059405,0.0,7.403130133138909,0.9403172376663783,26.042023344301022
coverage analysis,10,0,1.8133023863059405,0.0,7.403130133138909,0.9403172376663783,26.042023344301022
implementation agenda,10,0,1.8133023863059405,0.0,7.403130133138909,0.9403172376663783,26.042023344301022
acl acf,10,0,1.8133023863059405,0.0,7.403130133138909,0.9403172376663783,26.042023344301022
outcomes matter,10,0,1.8133023863059405,0.0,7.403130133138909,0.9403172376663783,26.042023344301022
translational infrastructure,10,0,1.8133023863059405,0.0,7.403130133138909,0.9403172376663783,26.042023344301022
communication methods,10,0,1.8133023863059405,0.0,7.403130133138909,0.9403172376663783,26.042023344301022
disabilities minimal,10,0,1.8133023863059405,0.0,7.403130133138909,0.9403172376663783,26.042023344301022
objectives make,10,0,1.8133023863059405,0.0,7.403130133138909,0.9403172376663783,26.042023344301022
eeg sleep,10,0,1.8133023863059405,0.0,7.403130133138909,0.9403172376663783,26.042023344301022
ahrq conduct,10,0,1.8133023863059405,0.0,7.403130133138909,0.9403172376663783,26.042023344301022
statement needs,10,0,1.8133023863059405,0.0,7.403130133138909,0.9403172376663783,26.042023344301022
autism precision,10,0,1.8133023863059405,0.0,7.403130133138909,0.9403172376663783,26.042023344301022
federal response,9,0,1.6319721476753464,0.0,7.297931044607797,0.9268724646201167,23.43782100987092
clinical pathways,9,0,1.6319721476753464,0.0,7.297931044607797,0.9268724646201167,23.43782100987092
participation health,9,0,1.6319721476753464,0.0,7.297931044607797,0.9268724646201167,23.43782100987092
partners agencies,9,0,1.6319721476753464,0.0,7.297931044607797,0.9268724646201167,23.43782100987092
evaluation indicated,9,0,1.6319721476753464,0.0,7.297931044607797,0.9268724646201167,23.43782100987092
programs lead,9,0,1.6319721476753464,0.0,7.297931044607797,0.9268724646201167,23.43782100987092
participation safety,9,0,1.6319721476753464,0.0,7.297931044607797,0.9268724646201167,23.43782100987092
function participation,9,0,1.6319721476753464,0.0,7.297931044607797,0.9268724646201167,23.43782100987092
access barriers,7,0,1.2693116704141583,0.0,6.952013053761197,0.925692339761602,18.229416341010715
acl hrsa,7,0,1.2693116704141583,0.0,6.952013053761197,0.925692339761602,18.229416341010715
regulatory pathways,8,0,1.4506419090447522,0.0,7.180354201280981,0.9118378923811978,20.833618675440817
diagnostic yield,8,0,1.4506419090447522,0.0,7.180354201280981,0.9118378923811978,20.833618675440817
defined population,8,0,1.4506419090447522,0.0,7.180354201280981,0.9118378923811978,20.833618675440817
nih samhsa,5,0,0.9066511931529703,0.0,6.529828451621075,0.9075366706194589,13.021011672150511
controlled studies,6,0,1.087981431783564,0.0,6.7982666162142475,0.9050303373364459,15.625214006580613
years million,6,0,1.087981431783564,0.0,6.7982666162142475,0.9050303373364459,15.625214006580613
medical equipment,6,0,1.087981431783564,0.0,6.7982666162142475,0.9050303373364459,15.625214006580613
identify subgroups,6,0,1.087981431783564,0.0,6.7982666162142475,0.9050303373364459,15.625214006580613
cost estimates,7,0,1.2693116704141583,0.0,7.047092929050086,0.8947866826943685,18.229416341010715
research support,5,8,0.9066511931529703,0.5418879375745096,0.5075987214531885,0.8945618183606607,0.7761554763806755
outcomes registry,9,0,1.6319721476753464,0.0,7.4031123021342555,0.8920611096405618,23.43782100987092
implementation dashboard,9,0,1.6319721476753464,0.0,7.4031123021342555,0.8920611096405618,23.43782100987092
safety participation,9,0,1.6319721476753464,0.0,7.4031123021342555,0.8920611096405618,23.43782100987092
subgroups definition,9,0,1.6319721476753464,0.0,7.4031123021342555,0.8920611096405618,23.43782100987092
enzyme activities,9,0,1.6319721476753464,0.0,7.4031123021342555,0.8920611096405618,23.43782100987092
acute neuroimmune,9,0,1.6319721476753464,0.0,7.4031123021342555,0.8920611096405618,23.43782100987092
hrsa develop,9,0,1.6319721476753464,0.0,7.4031123021342555,0.8920611096405618,23.43782100987092
component translational,9,0,1.6319721476753464,0.0,7.4031123021342555,0.8920611096405618,23.43782100987092
network excitability,9,0,1.6319721476753464,0.0,7.4031123021342555,0.8920611096405618,23.43782100987092
metabolic vulnerability,9,0,1.6319721476753464,0.0,7.4031123021342555,0.8920611096405618,23.43782100987092
medical complexity,9,0,1.6319721476753464,0.0,7.4031123021342555,0.8920611096405618,23.43782100987092
using harmonized,9,0,1.6319721476753464,0.0,7.4031123021342555,0.8920611096405618,23.43782100987092
inflammatory gastrointestinal,9,0,1.6319721476753464,0.0,7.4031123021342555,0.8920611096405618,23.43782100987092
microbial metabolites,9,0,1.6319721476753464,0.0,7.4031123021342555,0.8920611096405618,23.43782100987092
retention advancement,9,0,1.6319721476753464,0.0,7.4031123021342555,0.8920611096405618,23.43782100987092
translation implementation,9,0,1.6319721476753464,0.0,7.4031123021342555,0.8920611096405618,23.43782100987092
individuals profound,9,0,1.6319721476753464,0.0,7.4031123021342555,0.8920611096405618,23.43782100987092
indicators percentage,9,0,1.6319721476753464,0.0,7.4031123021342555,0.8920611096405618,23.43782100987092
ahrq fda,9,0,1.6319721476753464,0.0,7.4031123021342555,0.8920611096405618,23.43782100987092
clinically defined,9,0,1.6319721476753464,0.0,7.4031123021342555,0.8920611096405618,23.43782100987092
medical contributors,9,0,1.6319721476753464,0.0,7.4031123021342555,0.8920611096405618,23.43782100987092
mucosal immune,9,0,1.6319721476753464,0.0,7.4031123021342555,0.8920611096405618,23.43782100987092
clinical triggers,9,0,1.6319721476753464,0.0,7.4031123021342555,0.8920611096405618,23.43782100987092
utilization hospitalization,9,0,1.6319721476753464,0.0,7.4031123021342555,0.8920611096405618,23.43782100987092
federal studies,9,0,1.6319721476753464,0.0,7.4031123021342555,0.8920611096405618,23.43782100987092
broad clinical,9,0,1.6319721476753464,0.0,7.4031123021342555,0.8920611096405618,23.43782100987092
post-meal flares,9,0,1.6319721476753464,0.0,7.4031123021342555,0.8920611096405618,23.43782100987092
indicated workup,9,0,1.6319721476753464,0.0,7.4031123021342555,0.8920611096405618,23.43782100987092
prospective validation,9,0,1.6319721476753464,0.0,7.4031123021342555,0.8920611096405618,23.43782100987092
clinical coverage,9,0,1.6319721476753464,0.0,7.4031123021342555,0.8920611096405618,23.43782100987092
comparative-effectiveness review,9,0,1.6319721476753464,0.0,7.4031123021342555,0.8920611096405618,23.43782100987092
oxidative stress,5,8,0.9066511931529703,0.5418879375745096,0.5065245178128954,0.891568196476886,0.7761554763806755
adults population,5,8,0.9066511931529703,0.5418879375745096,0.5060454740079692,0.8902358320212559,0.7761554763806755
daily life,4,6,0.7253209545223761,0.4064159531808822,0.571519392306266,0.8894134821167969,0.7653634777940854
high support,11,21,1.9946326249365345,1.4224558361330877,0.3294187038202505,0.8870277829160322,0.7935224664023632
autism iacc,4,6,0.7253209545223761,0.4064159531808822,0.570590766587296,0.8868899674771205,0.7653634777940854
growing number,4,6,0.7253209545223761,0.4064159531808822,0.570324645973713,0.8861680919214843,0.7653634777940854
eye gaze,4,6,0.7253209545223761,0.4064159531808822,0.5700581689327926,0.8854458281121613,0.7653634777940854
state law,5,0,0.9066511931529703,0.0,6.616517824688012,0.8805763545525035,13.021011672150511
participation quality,8,0,1.4506419090447522,0.0,7.285513096691025,0.8778024236221157,20.833618675440817
validated biomarkers,8,0,1.4506419090447522,0.0,7.285513096691025,0.8778024236221157,20.833618675440817
pain symptoms,8,0,1.4506419090447522,0.0,7.285513096691025,0.8778024236221157,20.833618675440817
therapeutic development,8,0,1.4506419090447522,0.0,7.285513096691025,0.8778024236221157,20.833618675440817
regulatory science,8,0,1.4506419090447522,0.0,7.285513096691025,0.8778024236221157,20.833618675440817
interventions defined,8,0,1.4506419090447522,0.0,7.285513096691025,0.8778024236221157,20.833618675440817
key performance,8,0,1.4506419090447522,0.0,7.285513096691025,0.8778024236221157,20.833618675440817
support quality,6,0,1.087981431783564,0.0,6.8933082186324075,0.8750931580640505,15.625214006580613
autism regression,7,0,1.2693116704141583,0.0,7.152223087148343,0.8616316024253622,18.229416341010715
diet medication,7,0,1.2693116704141583,0.0,7.152223087148343,0.8616316024253622,18.229416341010715
supported studies,7,0,1.2693116704141583,0.0,7.152223087148343,0.8616316024253622,18.229416341010715
access standards,7,0,1.2693116704141583,0.0,7.152223087148343,0.8616316024253622,18.229416341010715
implementation priority,7,0,1.2693116704141583,0.0,7.152223087148343,0.8616316024253622,18.229416341010715
studies using,10,19,1.8133023863059405,1.2869838517394603,0.33502929972716444,0.860098027614859,0.7404086274440589
support federal,5,0,0.9066511931529703,0.0,6.71150589686126,0.8517862705132085,13.021011672150511
clinically important,6,0,1.087981431783564,0.0,6.998400084760501,0.8429554985370754,15.625214006580613
title abstract,6,0,1.087981431783564,0.0,6.998400084760501,0.8429554985370754,15.625214006580613
off-label use,6,0,1.087981431783564,0.0,6.998400084760501,0.8429554985370754,15.625214006580613
sensory overload,6,0,1.087981431783564,0.0,6.998400084760501,0.8429554985370754,15.625214006580613
defined context,8,0,1.4506419090447522,0.0,7.403094471447931,0.8410412541271256,20.833618675440817
covered delivered,8,0,1.4506419090447522,0.0,7.403094471447931,0.8410412541271256,20.833618675440817
biomarker-defined enrollment,8,0,1.4506419090447522,0.0,7.403094471447931,0.8410412541271256,20.833618675440817
catatonia-like deterioration,8,0,1.4506419090447522,0.0,7.403094471447931,0.8410412541271256,20.833618675440817
disabilities profound,8,0,1.4506419090447522,0.0,7.403094471447931,0.8410412541271256,20.833618675440817
subclinical epileptiform,8,0,1.4506419090447522,0.0,7.403094471447931,0.8410412541271256,20.833618675440817
cdmrp years,8,0,1.4506419090447522,0.0,7.403094471447931,0.8410412541271256,20.833618675440817
broad autism,8,0,1.4506419090447522,0.0,7.403094471447931,0.8410412541271256,20.833618675440817
autonomic dysregulation,8,0,1.4506419090447522,0.0,7.403094471447931,0.8410412541271256,20.833618675440817
follow-up intervals,8,0,1.4506419090447522,0.0,7.403094471447931,0.8410412541271256,20.833618675440817
multicenter trials,8,0,1.4506419090447522,0.0,7.403094471447931,0.8410412541271256,20.833618675440817
major recommendations,8,0,1.4506419090447522,0.0,7.403094471447931,0.8410412541271256,20.833618675440817
evidence thresholds,8,0,1.4506419090447522,0.0,7.403094471447931,0.8410412541271256,20.833618675440817
partners training,8,0,1.4506419090447522,0.0,7.403094471447931,0.8410412541271256,20.833618675440817
fda supporting,8,0,1.4506419090447522,0.0,7.403094471447931,0.8410412541271256,20.833618675440817
national baseline,8,0,1.4506419090447522,0.0,7.403094471447931,0.8410412541271256,20.833618675440817
napti real-world,8,0,1.4506419090447522,0.0,7.403094471447931,0.8410412541271256,20.833618675440817
feeding nutrition,8,0,1.4506419090447522,0.0,7.403094471447931,0.8410412541271256,20.833618675440817
feeding oral-motor,8,0,1.4506419090447522,0.0,7.403094471447931,0.8410412541271256,20.833618675440817
planning target,8,0,1.4506419090447522,0.0,7.403094471447931,0.8410412541271256,20.833618675440817
gastrointestinal pain,8,0,1.4506419090447522,0.0,7.403094471447931,0.8410412541271256,20.833618675440817
autism enterprise,8,0,1.4506419090447522,0.0,7.403094471447931,0.8410412541271256,20.833618675440817
reporting language,8,0,1.4506419090447522,0.0,7.403094471447931,0.8410412541271256,20.833618675440817
regression history,8,0,1.4506419090447522,0.0,7.403094471447931,0.8410412541271256,20.833618675440817
regression functional,8,0,1.4506419090447522,0.0,7.403094471447931,0.8410412541271256,20.833618675440817
praxis sensorimotor,8,0,1.4506419090447522,0.0,7.403094471447931,0.8410412541271256,20.833618675440817
housing supply,8,0,1.4506419090447522,0.0,7.403094471447931,0.8410412541271256,20.833618675440817
language comprehension,8,0,1.4506419090447522,0.0,7.403094471447931,0.8410412541271256,20.833618675440817
primary mitochondrial,8,0,1.4506419090447522,0.0,7.403094471447931,0.8410412541271256,20.833618675440817
indicated care,8,0,1.4506419090447522,0.0,7.403094471447931,0.8410412541271256,20.833618675440817
action nih,8,0,1.4506419090447522,0.0,7.403094471447931,0.8410412541271256,20.833618675440817
intended context,8,0,1.4506419090447522,0.0,7.403094471447931,0.8410412541271256,20.833618675440817
pain gastrointestinal,8,0,1.4506419090447522,0.0,7.403094471447931,0.8410412541271256,20.833618675440817
eeg findings,8,0,1.4506419090447522,0.0,7.403094471447931,0.8410412541271256,20.833618675440817
emergency respite,8,0,1.4506419090447522,0.0,7.403094471447931,0.8410412541271256,20.833618675440817
orthostatic intolerance,8,0,1.4506419090447522,0.0,7.403094471447931,0.8410412541271256,20.833618675440817
federal strategies,7,0,1.2693116704141583,0.0,7.26977571217658,0.8258005194099917,18.229416341010715
require new,7,0,1.2693116704141583,0.0,7.26977571217658,0.8258005194099917,18.229416341010715
epileptic encephalopathy,7,0,1.2693116704141583,0.0,7.26977571217658,0.8258005194099917,18.229416341010715
idea funding,7,0,1.2693116704141583,0.0,7.26977571217658,0.8258005194099917,18.229416341010715
common outcomes,7,0,1.2693116704141583,0.0,7.26977571217658,0.8258005194099917,18.229416341010715
feeding disorder,7,0,1.2693116704141583,0.0,7.26977571217658,0.8258005194099917,18.229416341010715
specific conditions,5,0,0.9066511931529703,0.0,6.816544201112798,0.8208535975104774,13.021011672150511
identified needs,5,0,0.9066511931529703,0.0,6.816544201112798,0.8208535975104774,13.021011672150511
durable medical,6,0,1.087981431783564,0.0,7.115914398704819,0.8081992023346938,15.625214006580613
night waking,6,0,1.087981431783564,0.0,7.115914398704819,0.8081992023346938,15.625214006580613
sleep circadian,6,0,1.087981431783564,0.0,7.115914398704819,0.8081992023346938,15.625214006580613
cdmrp autism,6,0,1.087981431783564,0.0,7.115914398704819,0.8081992023346938,15.625214006580613
services entry,6,0,1.087981431783564,0.0,7.115914398704819,0.8081992023346938,15.625214006580613
adults access,6,0,1.087981431783564,0.0,7.115914398704819,0.8081992023346938,15.625214006580613
crisis care,6,0,1.087981431783564,0.0,7.115914398704819,0.8081992023346938,15.625214006580613
federal government,7,13,1.2693116704141583,0.8805678985585782,0.3661827359815142,0.7895031063457316,0.583923653519494
longitudinal cohort,5,0,0.9066511931529703,0.0,6.934004921520788,0.7873701362023694,13.021011672150511
developmental history,5,0,0.9066511931529703,0.0,6.934004921520788,0.7873701362023694,13.021011672150511
validation clinical,7,0,1.2693116704141583,0.0,7.4030766410799185,0.7867201604499329,18.229416341010715
regression initiative,7,0,1.2693116704141583,0.0,7.4030766410799185,0.7867201604499329,18.229416341010715
harmonized phenotyping,7,0,1.2693116704141583,0.0,7.4030766410799185,0.7867201604499329,18.229416341010715
scientifically appropriate,7,0,1.2693116704141583,0.0,7.4030766410799185,0.7867201604499329,18.229416341010715
general autism,7,0,1.2693116704141583,0.0,7.4030766410799185,0.7867201604499329,18.229416341010715
genetic non-genetic,7,0,1.2693116704141583,0.0,7.4030766410799185,0.7867201604499329,18.229416341010715
pain behavior,7,0,1.2693116704141583,0.0,7.4030766410799185,0.7867201604499329,18.229416341010715
agenda begin,7,0,1.2693116704141583,0.0,7.4030766410799185,0.7867201604499329,18.229416341010715
discovery translation,7,0,1.2693116704141583,0.0,7.4030766410799185,0.7867201604499329,18.229416341010715
agenda agenda,7,0,1.2693116704141583,0.0,7.4030766410799185,0.7867201604499329,18.229416341010715
safety evidence,7,0,1.2693116704141583,0.0,7.4030766410799185,0.7867201604499329,18.229416341010715
aging network,7,0,1.2693116704141583,0.0,7.4030766410799185,0.7867201604499329,18.229416341010715
outcomes architecture,7,0,1.2693116704141583,0.0,7.4030766410799185,0.7867201604499329,18.229416341010715
secretary national,7,0,1.2693116704141583,0.0,7.4030766410799185,0.7867201604499329,18.229416341010715
caregivers mental-health,7,0,1.2693116704141583,0.0,7.4030766410799185,0.7867201604499329,18.229416341010715
stability quality,7,0,1.2693116704141583,0.0,7.4030766410799185,0.7867201604499329,18.229416341010715
communication status,7,0,1.2693116704141583,0.0,7.4030766410799185,0.7867201604499329,18.229416341010715
use hospitalization,7,0,1.2693116704141583,0.0,7.4030766410799185,0.7867201604499329,18.229416341010715
comparative-effectiveness evidence,7,0,1.2693116704141583,0.0,7.4030766410799185,0.7867201604499329,18.229416341010715
binding blocking,7,0,1.2693116704141583,0.0,7.4030766410799185,0.7867201604499329,18.229416341010715
primary sleep,7,0,1.2693116704141583,0.0,7.4030766410799185,0.7867201604499329,18.229416341010715
caregivers stabilization,7,0,1.2693116704141583,0.0,7.4030766410799185,0.7867201604499329,18.229416341010715
immune neuroimmune,7,0,1.2693116704141583,0.0,7.4030766410799185,0.7867201604499329,18.229416341010715
communication safety,7,0,1.2693116704141583,0.0,7.4030766410799185,0.7867201604499329,18.229416341010715
iacc implementation,7,0,1.2693116704141583,0.0,7.4030766410799185,0.7867201604499329,18.229416341010715
disruption gastrointestinal,7,0,1.2693116704141583,0.0,7.4030766410799185,0.7867201604499329,18.229416341010715
speech intellectual,7,0,1.2693116704141583,0.0,7.4030766410799185,0.7867201604499329,18.229416341010715
caregivers succession,7,0,1.2693116704141583,0.0,7.4030766410799185,0.7867201604499329,18.229416341010715
language loss,7,0,1.2693116704141583,0.0,7.4030766410799185,0.7867201604499329,18.229416341010715
confirmatory trials,7,0,1.2693116704141583,0.0,7.4030766410799185,0.7867201604499329,18.229416341010715
pragmatic trials,7,0,1.2693116704141583,0.0,7.4030766410799185,0.7867201604499329,18.229416341010715
referral completion,7,0,1.2693116704141583,0.0,7.4030766410799185,0.7867201604499329,18.229416341010715
referral triggers,7,0,1.2693116704141583,0.0,7.4030766410799185,0.7867201604499329,18.229416341010715
planning range,7,0,1.2693116704141583,0.0,7.4030766410799185,0.7867201604499329,18.229416341010715
months adopt,7,0,1.2693116704141583,0.0,7.4030766410799185,0.7867201604499329,18.229416341010715
medically indicated,7,0,1.2693116704141583,0.0,7.4030766410799185,0.7867201604499329,18.229416341010715
existing statutory,7,0,1.2693116704141583,0.0,7.4030766410799185,0.7867201604499329,18.229416341010715
work participation,7,0,1.2693116704141583,0.0,7.4030766410799185,0.7867201604499329,18.229416341010715
performance dashboard,7,0,1.2693116704141583,0.0,7.4030766410799185,0.7867201604499329,18.229416341010715
fda advise,7,0,1.2693116704141583,0.0,7.4030766410799185,0.7867201604499329,18.229416341010715
autoimmune allergic,7,0,1.2693116704141583,0.0,7.4030766410799185,0.7867201604499329,18.229416341010715
autism epidemiology,7,0,1.2693116704141583,0.0,7.4030766410799185,0.7867201604499329,18.229416341010715
sleep care,7,0,1.2693116704141583,0.0,7.4030766410799185,0.7867201604499329,18.229416341010715
participation caregivers,7,0,1.2693116704141583,0.0,7.4030766410799185,0.7867201604499329,18.229416341010715
participating systems,7,0,1.2693116704141583,0.0,7.4030766410799185,0.7867201604499329,18.229416341010715
autonomic regulation,7,0,1.2693116704141583,0.0,7.4030766410799185,0.7867201604499329,18.229416341010715
review systems,7,0,1.2693116704141583,0.0,7.4030766410799185,0.7867201604499329,18.229416341010715
enrichment strategies,7,0,1.2693116704141583,0.0,7.4030766410799185,0.7867201604499329,18.229416341010715
eses csws,7,0,1.2693116704141583,0.0,7.4030766410799185,0.7867201604499329,18.229416341010715
cdc fda,7,0,1.2693116704141583,0.0,7.4030766410799185,0.7867201604499329,18.229416341010715
act network,7,0,1.2693116704141583,0.0,7.4030766410799185,0.7867201604499329,18.229416341010715
accountability framework,7,0,1.2693116704141583,0.0,7.4030766410799185,0.7867201604499329,18.229416341010715
safety caregivers,7,0,1.2693116704141583,0.0,7.4030766410799185,0.7867201604499329,18.229416341010715
cms evaluate,7,0,1.2693116704141583,0.0,7.4030766410799185,0.7867201604499329,18.229416341010715
autonomic physiology,7,0,1.2693116704141583,0.0,7.4030766410799185,0.7867201604499329,18.229416341010715
autonomic symptoms,7,0,1.2693116704141583,0.0,7.4030766410799185,0.7867201604499329,18.229416341010715
clinically appropriate,7,0,1.2693116704141583,0.0,7.4030766410799185,0.7867201604499329,18.229416341010715
folate transport,7,0,1.2693116704141583,0.0,7.4030766410799185,0.7867201604499329,18.229416341010715
safety counseling,7,0,1.2693116704141583,0.0,7.4030766410799185,0.7867201604499329,18.229416341010715
motor access,7,0,1.2693116704141583,0.0,7.4030766410799185,0.7867201604499329,18.229416341010715
translational distance,7,0,1.2693116704141583,0.0,7.4030766410799185,0.7867201604499329,18.229416341010715
motor initiation,7,0,1.2693116704141583,0.0,7.4030766410799185,0.7867201604499329,18.229416341010715
motor-minimized assessment,7,0,1.2693116704141583,0.0,7.4030766410799185,0.7867201604499329,18.229416341010715
motor-planning impairment,7,0,1.2693116704141583,0.0,7.4030766410799185,0.7867201604499329,18.229416341010715
clinical validation,7,0,1.2693116704141583,0.0,7.4030766410799185,0.7867201604499329,18.229416341010715
federal portal,7,0,1.2693116704141583,0.0,7.4030766410799185,0.7867201604499329,18.229416341010715
federal housing,7,0,1.2693116704141583,0.0,7.4030766410799185,0.7867201604499329,18.229416341010715
clinical systems,7,0,1.2693116704141583,0.0,7.4030766410799185,0.7867201604499329,18.229416341010715
public accountability,7,0,1.2693116704141583,0.0,7.4030766410799185,0.7867201604499329,18.229416341010715
activities sleep,6,0,1.087981431783564,0.0,7.249176997396132,0.770262157486751,15.625214006580613
individuals people,6,0,1.087981431783564,0.0,7.249176997396132,0.770262157486751,15.625214006580613
number percentage,6,0,1.087981431783564,0.0,7.249176997396132,0.770262157486751,15.625214006580613
participating agencies,6,0,1.087981431783564,0.0,7.249176997396132,0.770262157486751,15.625214006580613
workforce programs,6,0,1.087981431783564,0.0,7.249176997396132,0.770262157486751,15.625214006580613
workforce participation,6,0,1.087981431783564,0.0,7.249176997396132,0.770262157486751,15.625214006580613
clinical use,6,0,1.087981431783564,0.0,7.249176997396132,0.770262157486751,15.625214006580613
monitoring outcomes,6,0,1.087981431783564,0.0,7.249176997396132,0.770262157486751,15.625214006580613
microbiota transfer,6,0,1.087981431783564,0.0,7.249176997396132,0.770262157486751,15.625214006580613
dol acl,6,0,1.087981431783564,0.0,7.249176997396132,0.770262157486751,15.625214006580613
federal reporting,6,0,1.087981431783564,0.0,7.249176997396132,0.770262157486751,15.625214006580613
transfer therapy,6,0,1.087981431783564,0.0,7.249176997396132,0.770262157486751,15.625214006580613
individuals minimal,6,0,1.087981431783564,0.0,7.249176997396132,0.770262157486751,15.625214006580613
diagnostic pathways,6,0,1.087981431783564,0.0,7.249176997396132,0.770262157486751,15.625214006580613
implementation science,7,13,1.2693116704141583,0.8805678985585782,0.35702702226450533,0.7633309046545049,0.583923653519494
behavior sleep,5,0,0.9066511931529703,0.0,7.06721389498785,0.7507869688999648,13.021011672150511
fda support,5,0,0.9066511931529703,0.0,7.06721389498785,0.7507869688999648,13.021011672150511
functional changes,5,0,0.9066511931529703,0.0,7.06721389498785,0.7507869688999648,13.021011672150511
rural tribal,5,0,0.9066511931529703,0.0,7.06721389498785,0.7507869688999648,13.021011672150511
nichd ninds,5,0,0.9066511931529703,0.0,7.06721389498785,0.7507869688999648,13.021011672150511
ahrq dod,5,0,0.9066511931529703,0.0,7.06721389498785,0.7507869688999648,13.021011672150511
active surveillance,5,0,0.9066511931529703,0.0,7.06721389498785,0.7507869688999648,13.021011672150511
quality programs,5,0,0.9066511931529703,0.0,7.06721389498785,0.7507869688999648,13.021011672150511
dispute resolution,5,0,0.9066511931529703,0.0,7.06721389498785,0.7507869688999648,13.021011672150511
clinical presentation,5,0,0.9066511931529703,0.0,7.06721389498785,0.7507869688999648,13.021011672150511
nih autism,6,11,1.087981431783564,0.7450959141649507,0.37283794678933724,0.7383537091154406,0.5335469881112216
research priority,5,9,0.9066511931529703,0.6096239297713233,0.40055674352788984,0.7283916436747024,0.48500917970443025
percentage federally,6,0,1.087981431783564,0.0,7.403058811030212,0.7283595832081715,15.625214006580613
participation emergency,6,0,1.087981431783564,0.0,7.403058811030212,0.7283595832081715,15.625214006580613
payment coverage,6,0,1.087981431783564,0.0,7.403058811030212,0.7283595832081715,15.625214006580613
exercise intolerance,6,0,1.087981431783564,0.0,7.403058811030212,0.7283595832081715,15.625214006580613
existing standards,6,0,1.087981431783564,0.0,7.403058811030212,0.7283595832081715,15.625214006580613
percentage participating,6,0,1.087981431783564,0.0,7.403058811030212,0.7283595832081715,15.625214006580613
people profound,6,0,1.087981431783564,0.0,7.403058811030212,0.7283595832081715,15.625214006580613
return baseline,6,0,1.087981431783564,0.0,7.403058811030212,0.7283595832081715,15.625214006580613
pathology feeding,6,0,1.087981431783564,0.0,7.403058811030212,0.7283595832081715,15.625214006580613
respite navigation,6,0,1.087981431783564,0.0,7.403058811030212,0.7283595832081715,15.625214006580613
fda cms,6,0,1.087981431783564,0.0,7.403058811030212,0.7283595832081715,15.625214006580613
families stabilization,6,0,1.087981431783564,0.0,7.403058811030212,0.7283595832081715,15.625214006580613
stress-responsive metabolic,6,0,1.087981431783564,0.0,7.403058811030212,0.7283595832081715,15.625214006580613
restless sleep,6,0,1.087981431783564,0.0,7.403058811030212,0.7283595832081715,15.625214006580613
civil-rights enforcement,6,0,1.087981431783564,0.0,7.403058811030212,0.7283595832081715,15.625214006580613
neurophysiologic measures,6,0,1.087981431783564,0.0,7.403058811030212,0.7283595832081715,15.625214006580613
pediatrics neurology,6,0,1.087981431783564,0.0,7.403058811030212,0.7283595832081715,15.625214006580613
developmental regression,6,0,1.087981431783564,0.0,7.403058811030212,0.7283595832081715,15.625214006580613
develop clinicians,6,0,1.087981431783564,0.0,7.403058811030212,0.7283595832081715,15.625214006580613
epilepticus sleep,6,0,1.087981431783564,0.0,7.403058811030212,0.7283595832081715,15.625214006580613
seizures burden,6,0,1.087981431783564,0.0,7.403058811030212,0.7283595832081715,15.625214006580613
domain span,6,0,1.087981431783564,0.0,7.403058811030212,0.7283595832081715,15.625214006580613
domain-directed portfolio,6,0,1.087981431783564,0.0,7.403058811030212,0.7283595832081715,15.625214006580613
durability window,6,0,1.087981431783564,0.0,7.403058811030212,0.7283595832081715,15.625214006580613
oral-motor function,6,0,1.087981431783564,0.0,7.403058811030212,0.7283595832081715,15.625214006580613
opm eeoc,6,0,1.087981431783564,0.0,7.403058811030212,0.7283595832081715,15.625214006580613
one-carbon biology,6,0,1.087981431783564,0.0,7.403058811030212,0.7283595832081715,15.625214006580613
objectives sleep,6,0,1.087981431783564,0.0,7.403058811030212,0.7283595832081715,15.625214006580613
category federal,6,0,1.087981431783564,0.0,7.403058811030212,0.7283595832081715,15.625214006580613
pain assessment,6,0,1.087981431783564,0.0,7.403058811030212,0.7283595832081715,15.625214006580613
sensory tolerability,6,0,1.087981431783564,0.0,7.403058811030212,0.7283595832081715,15.625214006580613
pain feeding,6,0,1.087981431783564,0.0,7.403058811030212,0.7283595832081715,15.625214006580613
cdc acl,6,0,1.087981431783564,0.0,7.403058811030212,0.7283595832081715,15.625214006580613
samhsa cms,6,0,1.087981431783564,0.0,7.403058811030212,0.7283595832081715,15.625214006580613
palliative care,6,0,1.087981431783564,0.0,7.403058811030212,0.7283595832081715,15.625214006580613
employment workforce,6,0,1.087981431783564,0.0,7.403058811030212,0.7283595832081715,15.625214006580613
cdc ncbddd,6,0,1.087981431783564,0.0,7.403058811030212,0.7283595832081715,15.625214006580613
nocturnal events,6,0,1.087981431783564,0.0,7.403058811030212,0.7283595832081715,15.625214006580613
epilepsy care,6,0,1.087981431783564,0.0,7.403058811030212,0.7283595832081715,15.625214006580613
fda nih,6,0,1.087981431783564,0.0,7.403058811030212,0.7283595832081715,15.625214006580613
individualized communication,6,0,1.087981431783564,0.0,7.403058811030212,0.7283595832081715,15.625214006580613
federal aging,6,0,1.087981431783564,0.0,7.403058811030212,0.7283595832081715,15.625214006580613
delivered services,6,0,1.087981431783564,0.0,7.403058811030212,0.7283595832081715,15.625214006580613
stooling feeding,6,0,1.087981431783564,0.0,7.403058811030212,0.7283595832081715,15.625214006580613
measures capture,6,0,1.087981431783564,0.0,7.403058811030212,0.7283595832081715,15.625214006580613
gastrointestinal autonomic,6,0,1.087981431783564,0.0,7.403058811030212,0.7283595832081715,15.625214006580613
status epilepticus,6,0,1.087981431783564,0.0,7.403058811030212,0.7283595832081715,15.625214006580613
gastrointestinal biology,6,0,1.087981431783564,0.0,7.403058811030212,0.7283595832081715,15.625214006580613
post-infectious acute,6,0,1.087981431783564,0.0,7.403058811030212,0.7283595832081715,15.625214006580613
gastrointestinal post-infectious,6,0,1.087981431783564,0.0,7.403058811030212,0.7283595832081715,15.625214006580613
coverage access,6,0,1.087981431783564,0.0,7.403058811030212,0.7283595832081715,15.625214006580613
specimen handling,6,0,1.087981431783564,0.0,7.403058811030212,0.7283595832081715,15.625214006580613
referral guidance,6,0,1.087981431783564,0.0,7.403058811030212,0.7283595832081715,15.625214006580613
later-life health,6,0,1.087981431783564,0.0,7.403058811030212,0.7283595832081715,15.625214006580613
recovery time,6,0,1.087981431783564,0.0,7.403058811030212,0.7283595832081715,15.625214006580613
conduct comparative-effectiveness,6,0,1.087981431783564,0.0,7.403058811030212,0.7283595832081715,15.625214006580613
recognition access,6,0,1.087981431783564,0.0,7.403058811030212,0.7283595832081715,15.625214006580613
real-world outcomes,6,0,1.087981431783564,0.0,7.403058811030212,0.7283595832081715,15.625214006580613
label expansion,6,0,1.087981431783564,0.0,7.403058811030212,0.7283595832081715,15.625214006580613
jurisdictions capacity,6,0,1.087981431783564,0.0,7.403058811030212,0.7283595832081715,15.625214006580613
domain motor,6,0,1.087981431783564,0.0,7.403058811030212,0.7283595832081715,15.625214006580613
providers capacity,6,0,1.087981431783564,0.0,7.403058811030212,0.7283595832081715,15.625214006580613
increase incidence,6,0,1.087981431783564,0.0,7.403058811030212,0.7283595832081715,15.625214006580613
profiles support,6,0,1.087981431783564,0.0,7.403058811030212,0.7283595832081715,15.625214006580613
measured directly,6,0,1.087981431783564,0.0,7.403058811030212,0.7283595832081715,15.625214006580613
cms supporting,6,0,1.087981431783564,0.0,7.403058811030212,0.7283595832081715,15.625214006580613
cms ssa,6,0,1.087981431783564,0.0,7.403058811030212,0.7283595832081715,15.625214006580613
fmt mtt,6,0,1.087981431783564,0.0,7.403058811030212,0.7283595832081715,15.625214006580613
federal enterprise,6,0,1.087981431783564,0.0,7.403058811030212,0.7283595832081715,15.625214006580613
project's text,6,0,1.087981431783564,0.0,7.403058811030212,0.7283595832081715,15.625214006580613
federal role,6,0,1.087981431783564,0.0,7.403058811030212,0.7283595832081715,15.625214006580613
defined clinical,6,0,1.087981431783564,0.0,7.403058811030212,0.7283595832081715,15.625214006580613
sleep measures,6,0,1.087981431783564,0.0,7.403058811030212,0.7283595832081715,15.625214006580613
sleep-potentiated epileptiform,6,0,1.087981431783564,0.0,7.403058811030212,0.7283595832081715,15.625214006580613
federal systems,6,0,1.087981431783564,0.0,7.403058811030212,0.7283595832081715,15.625214006580613
feeding therapy,6,0,1.087981431783564,0.0,7.403058811030212,0.7283595832081715,15.625214006580613
fmt microbiota,6,0,1.087981431783564,0.0,7.403058811030212,0.7283595832081715,15.625214006580613
csf folate,6,0,1.087981431783564,0.0,7.403058811030212,0.7283595832081715,15.625214006580613
cms samhsa,6,0,1.087981431783564,0.0,7.403058811030212,0.7283595832081715,15.625214006580613
methylation redox,6,0,1.087981431783564,0.0,7.403058811030212,0.7283595832081715,15.625214006580613
metabolic genetic,6,0,1.087981431783564,0.0,7.403058811030212,0.7283595832081715,15.625214006580613
cms clarify,6,0,1.087981431783564,0.0,7.403058811030212,0.7283595832081715,15.625214006580613
metabolic evaluation,6,0,1.087981431783564,0.0,7.403058811030212,0.7283595832081715,15.625214006580613
specialty referral,6,0,1.087981431783564,0.0,7.403058811030212,0.7283595832081715,15.625214006580613
metabolic endocrine,6,0,1.087981431783564,0.0,7.403058811030212,0.7283595832081715,15.625214006580613
medication strategies,6,0,1.087981431783564,0.0,7.403058811030212,0.7283595832081715,15.625214006580613
fta acl,6,0,1.087981431783564,0.0,7.403058811030212,0.7283595832081715,15.625214006580613
credible signals,6,0,1.087981431783564,0.0,7.403058811030212,0.7283595832081715,15.625214006580613
electrical status,6,0,1.087981431783564,0.0,7.403058811030212,0.7283595832081715,15.625214006580613
osep ocr,6,0,1.087981431783564,0.0,7.403058811030212,0.7283595832081715,15.625214006580613
adaptive equipment,6,0,1.087981431783564,0.0,7.403058811030212,0.7283595832081715,15.625214006580613
annual economic,6,0,1.087981431783564,0.0,7.403058811030212,0.7283595832081715,15.625214006580613
support profiles,6,0,1.087981431783564,0.0,7.403058811030212,0.7283595832081715,15.625214006580613
biology microbiome,6,0,1.087981431783564,0.0,7.403058811030212,0.7283595832081715,15.625214006580613
biologically defined,6,0,1.087981431783564,0.0,7.403058811030212,0.7283595832081715,15.625214006580613
wrong door,6,0,1.087981431783564,0.0,7.403058811030212,0.7283595832081715,15.625214006580613
allergic immunodeficiency,6,0,1.087981431783564,0.0,7.403058811030212,0.7283595832081715,15.625214006580613
autoantibodies testing,6,0,1.087981431783564,0.0,7.403058811030212,0.7283595832081715,15.625214006580613
supply supported,6,0,1.087981431783564,0.0,7.403058811030212,0.7283595832081715,15.625214006580613
wearable remote,6,0,1.087981431783564,0.0,7.403058811030212,0.7283595832081715,15.625214006580613
underserved implementation,6,0,1.087981431783564,0.0,7.403058811030212,0.7283595832081715,15.625214006580613
biochemically defined,6,0,1.087981431783564,0.0,7.403058811030212,0.7283595832081715,15.625214006580613
baseline function,6,0,1.087981431783564,0.0,7.403058811030212,0.7283595832081715,15.625214006580613
begin months,6,0,1.087981431783564,0.0,7.403058811030212,0.7283595832081715,15.625214006580613
action consolidated,6,0,1.087981431783564,0.0,7.403058811030212,0.7283595832081715,15.625214006580613
agencies authority,6,0,1.087981431783564,0.0,7.403058811030212,0.7283595832081715,15.625214006580613
validation stage,6,0,1.087981431783564,0.0,7.403058811030212,0.7283595832081715,15.625214006580613
annual cdmrp,6,0,1.087981431783564,0.0,7.403058811030212,0.7283595832081715,15.625214006580613
treasury irs,6,0,1.087981431783564,0.0,7.403058811030212,0.7283595832081715,15.625214006580613
anxiety adhd,6,0,1.087981431783564,0.0,7.403058811030212,0.7283595832081715,15.625214006580613
support longitudinal,6,0,1.087981431783564,0.0,7.403058811030212,0.7283595832081715,15.625214006580613
autism's heterogeneity,6,0,1.087981431783564,0.0,7.403058811030212,0.7283595832081715,15.625214006580613
biomarkers validation,6,0,1.087981431783564,0.0,7.403058811030212,0.7283595832081715,15.625214006580613
agencies implementation,5,0,0.9066511931529703,0.0,7.221042051681563,0.7103374432622267,13.021011672150511
clinical recommendations,5,0,0.9066511931529703,0.0,7.221042051681563,0.7103374432622267,13.021011672150511
standards medical,5,0,0.9066511931529703,0.0,7.221042051681563,0.7103374432622267,13.021011672150511
day services,5,0,0.9066511931529703,0.0,7.221042051681563,0.7103374432622267,13.021011672150511
positive screen,5,0,0.9066511931529703,0.0,7.221042051681563,0.7103374432622267,13.021011672150511
pathways support,5,0,0.9066511931529703,0.0,7.221042051681563,0.7103374432622267,13.021011672150511
employment customized,5,0,0.9066511931529703,0.0,7.221042051681563,0.7103374432622267,13.021011672150511
guidance clinicians,5,0,0.9066511931529703,0.0,7.221042051681563,0.7103374432622267,13.021011672150511
theory autism,5,0,0.9066511931529703,0.0,7.221042051681563,0.7103374432622267,13.021011672150511
place lives,5,0,0.9066511931529703,0.0,7.221042051681563,0.7103374432622267,13.021011672150511
cms doj,5,0,0.9066511931529703,0.0,7.221042051681563,0.7103374432622267,13.021011672150511
agencies aging,5,0,0.9066511931529703,0.0,7.221042051681563,0.7103374432622267,13.021011672150511
time identified,5,0,0.9066511931529703,0.0,7.221042051681563,0.7103374432622267,13.021011672150511
hrsa acl,5,0,0.9066511931529703,0.0,7.221042051681563,0.7103374432622267,13.021011672150511
nutrition risk,5,0,0.9066511931529703,0.0,7.221042051681563,0.7103374432622267,13.021011672150511
federal hiring,5,0,0.9066511931529703,0.0,7.221042051681563,0.7103374432622267,13.021011672150511
features co-occurring,5,0,0.9066511931529703,0.0,7.221042051681563,0.7103374432622267,13.021011672150511
education idea,5,0,0.9066511931529703,0.0,7.221042051681563,0.7103374432622267,13.021011672150511
area agencies,5,0,0.9066511931529703,0.0,7.221042051681563,0.7103374432622267,13.021011672150511
support communication,5,0,0.9066511931529703,0.0,7.221042051681563,0.7103374432622267,13.021011672150511
dol odep,5,0,0.9066511931529703,0.0,7.221042051681563,0.7103374432622267,13.021011672150511
studies evaluate,5,9,0.9066511931529703,0.6096239297713233,0.392397195030334,0.7079835376682443,0.48500917970443025
treatment response,15,32,2.7199535794589105,2.1675517502980384,0.21960732033498687,0.7038760988345065,0.5112974960017933
individuals needs,5,9,0.9066511931529703,0.6096239297713233,0.3891512694799637,0.6999587295960576,0.48500917970443025
alternative communication,4,7,0.7253209545223761,0.4741519453776959,0.4212360528747805,0.6769655987191748,0.43979570552504055
autism require,4,7,0.7253209545223761,0.4741519453776959,0.4163041469580193,0.6657748332189075,0.43979570552504055
data standards,4,7,0.7253209545223761,0.4741519453776959,0.4161324695124815,0.6653873943160308,0.43979570552504055
administrative data,4,7,0.7253209545223761,0.4741519453776959,0.4161324695124815,0.6653873943160308,0.43979570552504055
visual-motor integration,5,0,0.9066511931529703,0.0,7.403040981298798,0.664896688137547,13.021011672150511
evidence justify,5,0,0.9066511931529703,0.0,7.403040981298798,0.664896688137547,13.021011672150511
recommended addition,5,0,0.9066511931529703,0.0,7.403040981298798,0.664896688137547,13.021011672150511
named federal,5,0,0.9066511931529703,0.0,7.403040981298798,0.664896688137547,13.021011672150511
trials enroll,5,0,0.9066511931529703,0.0,7.403040981298798,0.664896688137547,13.021011672150511
cms executive,5,0,0.9066511931529703,0.0,7.403040981298798,0.664896688137547,13.021011672150511
benefits navigation,5,0,0.9066511931529703,0.0,7.403040981298798,0.664896688137547,13.021011672150511
constipation reflux,5,0,0.9066511931529703,0.0,7.403040981298798,0.664896688137547,13.021011672150511
recognized clinical,5,0,0.9066511931529703,0.0,7.403040981298798,0.664896688137547,13.021011672150511
evaluation characterized,5,0,0.9066511931529703,0.0,7.403040981298798,0.664896688137547,13.021011672150511
evaluation referral,5,0,0.9066511931529703,0.0,7.403040981298798,0.664896688137547,13.021011672150511
national neurodevelopmental,5,0,0.9066511931529703,0.0,7.403040981298798,0.664896688137547,13.021011672150511
guidance support,5,0,0.9066511931529703,0.0,7.403040981298798,0.664896688137547,13.021011672150511
evidence gates,5,0,0.9066511931529703,0.0,7.403040981298798,0.664896688137547,13.021011672150511
metabolites mucosal,5,0,0.9066511931529703,0.0,7.403040981298798,0.664896688137547,13.021011672150511
metabolic phenotypes,5,0,0.9066511931529703,0.0,7.403040981298798,0.664896688137547,13.021011672150511
pathways quality,5,0,0.9066511931529703,0.0,7.403040981298798,0.664896688137547,13.021011672150511
health functional,5,0,0.9066511931529703,0.0,7.403040981298798,0.664896688137547,13.021011672150511
recovery illness,5,0,0.9066511931529703,0.0,7.403040981298798,0.664896688137547,13.021011672150511
minimal speech,5,0,0.9066511931529703,0.0,7.403040981298798,0.664896688137547,13.021011672150511
review support,5,0,0.9066511931529703,0.0,7.403040981298798,0.664896688137547,13.021011672150511
regression complex,5,0,0.9066511931529703,0.0,7.403040981298798,0.664896688137547,13.021011672150511
registry creating,5,0,0.9066511931529703,0.0,7.403040981298798,0.664896688137547,13.021011672150511
standardized clinical,5,0,0.9066511931529703,0.0,7.403040981298798,0.664896688137547,13.021011672150511
communication participation,5,0,0.9066511931529703,0.0,7.403040981298798,0.664896688137547,13.021011672150511
standards gastrointestinal,5,0,0.9066511931529703,0.0,7.403040981298798,0.664896688137547,13.021011672150511
mental-health access,5,0,0.9066511931529703,0.0,7.403040981298798,0.664896688137547,13.021011672150511
motor biomarkers,5,0,0.9066511931529703,0.0,7.403040981298798,0.664896688137547,13.021011672150511
biomarker-defined trials,5,0,0.9066511931529703,0.0,7.403040981298798,0.664896688137547,13.021011672150511
referral coverage,5,0,0.9066511931529703,0.0,7.403040981298798,0.664896688137547,13.021011672150511
speech-motor impairment,5,0,0.9066511931529703,0.0,7.403040981298798,0.664896688137547,13.021011672150511
communication intellectual,5,0,0.9066511931529703,0.0,7.403040981298798,0.664896688137547,13.021011672150511
status information,5,0,0.9066511931529703,0.0,7.403040981298798,0.664896688137547,13.021011672150511
attributed autism,5,0,0.9066511931529703,0.0,7.403040981298798,0.664896688137547,13.021011672150511
geriatric workforce,5,0,0.9066511931529703,0.0,7.403040981298798,0.664896688137547,13.021011672150511
missed services,5,0,0.9066511931529703,0.0,7.403040981298798,0.664896688137547,13.021011672150511
redox immune,5,0,0.9066511931529703,0.0,7.403040981298798,0.664896688137547,13.021011672150511
recurrent decompensation,5,0,0.9066511931529703,0.0,7.403040981298798,0.664896688137547,13.021011672150511
status reporting,5,0,0.9066511931529703,0.0,7.403040981298798,0.664896688137547,13.021011672150511
supported-living model,5,0,0.9066511931529703,0.0,7.403040981298798,0.664896688137547,13.021011672150511
biologically clinically,5,0,0.9066511931529703,0.0,7.403040981298798,0.664896688137547,13.021011672150511
function safety,5,0,0.9066511931529703,0.0,7.403040981298798,0.664896688137547,13.021011672150511
safety independence,5,0,0.9066511931529703,0.0,7.403040981298798,0.664896688137547,13.021011672150511
housing supported-living,5,0,0.9066511931529703,0.0,7.403040981298798,0.664896688137547,13.021011672150511
annual agencies,5,0,0.9066511931529703,0.0,7.403040981298798,0.664896688137547,13.021011672150511
eeg evaluation,5,0,0.9066511931529703,0.0,7.403040981298798,0.664896688137547,13.021011672150511
sleep feeding,5,0,0.9066511931529703,0.0,7.403040981298798,0.664896688137547,13.021011672150511
autonomic medication,5,0,0.9066511931529703,0.0,7.403040981298798,0.664896688137547,13.021011672150511
autoimmune inflammatory,5,0,0.9066511931529703,0.0,7.403040981298798,0.664896688137547,13.021011672150511
praxis motor,5,0,0.9066511931529703,0.0,7.403040981298798,0.664896688137547,13.021011672150511
precision health,5,0,0.9066511931529703,0.0,7.403040981298798,0.664896688137547,13.021011672150511
education performance,5,0,0.9066511931529703,0.0,7.403040981298798,0.664896688137547,13.021011672150511
autism life,5,0,0.9066511931529703,0.0,7.403040981298798,0.664896688137547,13.021011672150511
precision trials,5,0,0.9066511931529703,0.0,7.403040981298798,0.664896688137547,13.021011672150511
skills loss,5,0,0.9066511931529703,0.0,7.403040981298798,0.664896688137547,13.021011672150511
scientific uncertainty,5,0,0.9066511931529703,0.0,7.403040981298798,0.664896688137547,13.021011672150511
scientifically ethically,5,0,0.9066511931529703,0.0,7.403040981298798,0.664896688137547,13.021011672150511
secondary mitochondrial,5,0,0.9066511931529703,0.0,7.403040981298798,0.664896688137547,13.021011672150511
dysfunction redox,5,0,0.9066511931529703,0.0,7.403040981298798,0.664896688137547,13.021011672150511
incremental planning,5,0,0.9066511931529703,0.0,7.403040981298798,0.664896688137547,13.021011672150511
adverse-event monitoring,5,0,0.9066511931529703,0.0,7.403040981298798,0.664896688137547,13.021011672150511
proposes deliverable,5,0,0.9066511931529703,0.0,7.403040981298798,0.664896688137547,13.021011672150511
independent prospective,5,0,0.9066511931529703,0.0,7.403040981298798,0.664896688137547,13.021011672150511
indicated diagnostic,5,0,0.9066511931529703,0.0,7.403040981298798,0.664896688137547,13.021011672150511
indicated nutrition,5,0,0.9066511931529703,0.0,7.403040981298798,0.664896688137547,13.021011672150511
severe profound,5,0,0.9066511931529703,0.0,7.403040981298798,0.664896688137547,13.021011672150511
project's title,5,0,0.9066511931529703,0.0,7.403040981298798,0.664896688137547,13.021011672150511
autism treated,5,0,0.9066511931529703,0.0,7.403040981298798,0.664896688137547,13.021011672150511
approved drug,5,0,0.9066511931529703,0.0,7.403040981298798,0.664896688137547,13.021011672150511
disease recognized,5,0,0.9066511931529703,0.0,7.403040981298798,0.664896688137547,13.021011672150511
use caregivers,5,0,0.9066511931529703,0.0,7.403040981298798,0.664896688137547,13.021011672150511
integration apraxia,5,0,0.9066511931529703,0.0,7.403040981298798,0.664896688137547,13.021011672150511
differential diagnosis,5,0,0.9066511931529703,0.0,7.403040981298798,0.664896688137547,13.021011672150511
injury risk,5,0,0.9066511931529703,0.0,7.403040981298798,0.664896688137547,13.021011672150511
initiative implementation,5,0,0.9066511931529703,0.0,7.403040981298798,0.664896688137547,13.021011672150511
delivered care,5,0,0.9066511931529703,0.0,7.403040981298798,0.664896688137547,13.021011672150511
aging-in-autism research,5,0,0.9066511931529703,0.0,7.403040981298798,0.664896688137547,13.021011672150511
defined cohort,5,0,0.9066511931529703,0.0,7.403040981298798,0.664896688137547,13.021011672150511
sleep medicine,5,0,0.9066511931529703,0.0,7.403040981298798,0.664896688137547,13.021011672150511
medicaid care,5,0,0.9066511931529703,0.0,7.403040981298798,0.664896688137547,13.021011672150511
epilepsy autonomic,5,0,0.9066511931529703,0.0,7.403040981298798,0.664896688137547,13.021011672150511
epidemiology population,5,0,0.9066511931529703,0.0,7.403040981298798,0.664896688137547,13.021011672150511
enzyme interventions,5,0,0.9066511931529703,0.0,7.403040981298798,0.664896688137547,13.021011672150511
environmental mismatch,5,0,0.9066511931529703,0.0,7.403040981298798,0.664896688137547,13.021011672150511
safety durability,5,0,0.9066511931529703,0.0,7.403040981298798,0.664896688137547,13.021011672150511
validation regulatory,5,0,0.9066511931529703,0.0,7.403040981298798,0.664896688137547,13.021011672150511
remains validation,5,0,0.9066511931529703,0.0,7.403040981298798,0.664896688137547,13.021011672150511
coverage guidance,5,0,0.9066511931529703,0.0,7.403040981298798,0.664896688137547,13.021011672150511
agencies dol,5,0,0.9066511931529703,0.0,7.403040981298798,0.664896688137547,13.021011672150511
loss follow-up,5,0,0.9066511931529703,0.0,7.403040981298798,0.664896688137547,13.021011672150511
crisis emergency,5,0,0.9066511931529703,0.0,7.403040981298798,0.664896688137547,13.021011672150511
agencies establish,5,0,0.9066511931529703,0.0,7.403040981298798,0.664896688137547,13.021011672150511
endpoints pediatrics,5,0,0.9066511931529703,0.0,7.403040981298798,0.664896688137547,13.021011672150511
endocrine neuroendocrine,5,0,0.9066511931529703,0.0,7.403040981298798,0.664896688137547,13.021011672150511
samhsa hrsa,5,0,0.9066511931529703,0.0,7.403040981298798,0.664896688137547,13.021011672150511
identify treatable,5,0,0.9066511931529703,0.0,7.403040981298798,0.664896688137547,13.021011672150511
immunodeficiency inflammatory,5,0,0.9066511931529703,0.0,7.403040981298798,0.664896688137547,13.021011672150511
daily support,5,0,0.9066511931529703,0.0,7.403040981298798,0.664896688137547,13.021011672150511
implementation framework,5,0,0.9066511931529703,0.0,7.403040981298798,0.664896688137547,13.021011672150511
implementation-ready improve,5,0,0.9066511931529703,0.0,7.403040981298798,0.664896688137547,13.021011672150511
post-illness decompensation,5,0,0.9066511931529703,0.0,7.403040981298798,0.664896688137547,13.021011672150511
agencies responsibilities,5,0,0.9066511931529703,0.0,7.403040981298798,0.664896688137547,13.021011672150511
publish federal,5,0,0.9066511931529703,0.0,7.403040981298798,0.664896688137547,13.021011672150511
agencies status,5,0,0.9066511931529703,0.0,7.403040981298798,0.664896688137547,13.021011672150511
agenda federal,5,0,0.9066511931529703,0.0,7.403040981298798,0.664896688137547,13.021011672150511
public navigation,5,0,0.9066511931529703,0.0,7.403040981298798,0.664896688137547,13.021011672150511
agenda support,5,0,0.9066511931529703,0.0,7.403040981298798,0.664896688137547,13.021011672150511
day-to-work pathways,5,0,0.9066511931529703,0.0,7.403040981298798,0.664896688137547,13.021011672150511
pathways lead,5,0,0.9066511931529703,0.0,7.403040981298798,0.664896688137547,13.021011672150511
conduct evidence,5,0,0.9066511931529703,0.0,7.403040981298798,0.664896688137547,13.021011672150511
nutrition care,5,0,0.9066511931529703,0.0,7.403040981298798,0.664896688137547,13.021011672150511
translate mature,5,0,0.9066511931529703,0.0,7.403040981298798,0.664896688137547,13.021011672150511
fda partners,5,0,0.9066511931529703,0.0,7.403040981298798,0.664896688137547,13.021011672150511
findings ready,5,0,0.9066511931529703,0.0,7.403040981298798,0.664896688137547,13.021011672150511
pain medication,5,0,0.9066511931529703,0.0,7.403040981298798,0.664896688137547,13.021011672150511
pain sensory,5,0,0.9066511931529703,0.0,7.403040981298798,0.664896688137547,13.021011672150511
pain stooling,5,0,0.9066511931529703,0.0,7.403040981298798,0.664896688137547,13.021011672150511
nutrition feeding,5,0,0.9066511931529703,0.0,7.403040981298798,0.664896688137547,13.021011672150511
accommodations retention,5,0,0.9066511931529703,0.0,7.403040981298798,0.664896688137547,13.021011672150511
feeding mobility,5,0,0.9066511931529703,0.0,7.403040981298798,0.664896688137547,13.021011672150511
feeding handwriting,5,0,0.9066511931529703,0.0,7.403040981298798,0.664896688137547,13.021011672150511
nih rcdc,5,0,0.9066511931529703,0.0,7.403040981298798,0.664896688137547,13.021011672150511
access safety,5,0,0.9066511931529703,0.0,7.403040981298798,0.664896688137547,13.021011672150511
nih nia,5,0,0.9066511931529703,0.0,7.403040981298798,0.664896688137547,13.021011672150511
require stronger,5,0,0.9066511931529703,0.0,7.403040981298798,0.664896688137547,13.021011672150511
repurposing candidate,5,0,0.9066511931529703,0.0,7.403040981298798,0.664896688137547,13.021011672150511
adapted communication,5,0,0.9066511931529703,0.0,7.403040981298798,0.664896688137547,13.021011672150511
chip epsdt,5,0,0.9066511931529703,0.0,7.403040981298798,0.664896688137547,13.021011672150511
chosen destinations,5,0,0.9066511931529703,0.0,7.403040981298798,0.664896688137547,13.021011672150511
neurology psychiatry,5,0,0.9066511931529703,0.0,7.403040981298798,0.664896688137547,13.021011672150511
neurologic metabolic,5,0,0.9066511931529703,0.0,7.403040981298798,0.664896688137547,13.021011672150511
clinical adoption,5,0,0.9066511931529703,0.0,7.403040981298798,0.664896688137547,13.021011672150511
access stabilization,5,0,0.9066511931529703,0.0,7.403040981298798,0.664896688137547,13.021011672150511
fit autism,5,0,0.9066511931529703,0.0,7.403040981298798,0.664896688137547,13.021011672150511
central question,5,0,0.9066511931529703,0.0,7.403040981298798,0.664896688137547,13.021011672150511
candidate biomarkers,5,0,0.9066511931529703,0.0,7.403040981298798,0.664896688137547,13.021011672150511
function microbial,5,0,0.9066511931529703,0.0,7.403040981298798,0.664896688137547,13.021011672150511
abstract public,5,0,0.9066511931529703,0.0,7.403040981298798,0.664896688137547,13.021011672150511
functional endpoints,5,0,0.9066511931529703,0.0,7.403040981298798,0.664896688137547,13.021011672150511
functional profiles,5,0,0.9066511931529703,0.0,7.403040981298798,0.664896688137547,13.021011672150511
foundational dependency,5,0,0.9066511931529703,0.0,7.403040981298798,0.664896688137547,13.021011672150511
cdc executive,5,0,0.9066511931529703,0.0,7.403040981298798,0.664896688137547,13.021011672150511
outcomes reporting,5,0,0.9066511931529703,0.0,7.403040981298798,0.664896688137547,13.021011672150511
assessment domain,5,0,0.9066511931529703,0.0,7.403040981298798,0.664896688137547,13.021011672150511
access gaps,5,0,0.9066511931529703,0.0,7.403040981298798,0.664896688137547,13.021011672150511
one-carbon methylation,5,0,0.9066511931529703,0.0,7.403040981298798,0.664896688137547,13.021011672150511
follows evidence,5,0,0.9066511931529703,0.0,7.403040981298798,0.664896688137547,13.021011672150511
cdmrp priority,5,0,0.9066511931529703,0.0,7.403040981298798,0.664896688137547,13.021011672150511
tolerability privacy,5,0,0.9066511931529703,0.0,7.403040981298798,0.664896688137547,13.021011672150511
clinical indication,5,0,0.9066511931529703,0.0,7.403040981298798,0.664896688137547,13.021011672150511
report access,5,0,0.9066511931529703,0.0,7.403040981298798,0.664896688137547,13.021011672150511
state territories,3,5,0.543990715891782,0.3386799609840685,0.4717734198245882,0.6523240349145772,0.4015847596449311
autism programs,3,5,0.543990715891782,0.3386799609840685,0.4701061070840744,0.648852235702404,0.4015847596449311
genetic conditions,3,5,0.543990715891782,0.3386799609840685,0.4673724599609095,0.6431894487735043,0.4015847596449311
autism support,3,5,0.543990715891782,0.3386799609840685,0.4667373075120995,0.6418789135767805,0.4015847596449311
skills development,3,5,0.543990715891782,0.3386799609840685,0.4665252281322516,0.64144175544616,0.4015847596449311
immune function,3,5,0.543990715891782,0.3386799609840685,0.4661005251053627,0.6405669687631131,0.4015847596449311
autism portfolio,3,5,0.543990715891782,0.3386799609840685,0.46588790098290467,0.6401293399353148,0.4015847596449311
services housing,3,5,0.543990715891782,0.3386799609840685,0.46588790098290467,0.6401293399353148,0.4015847596449311
national data,3,5,0.543990715891782,0.3386799609840685,0.46503558153328406,0.6383772514944752,0.4015847596449311
treatment core,3,5,0.543990715891782,0.3386799609840685,0.464822044733884,0.6379388354098025,0.4015847596449311
proposed budgetary,3,5,0.543990715891782,0.3386799609840685,0.4646083246793733,0.6375002614578926,0.4015847596449311
disabilities communication,3,5,0.543990715891782,0.3386799609840685,0.4646083246793733,0.6375002614578926,0.4015847596449311
treatment target,3,5,0.543990715891782,0.3386799609840685,0.46439442112884066,0.6370615294996962,0.4015847596449311
research investment,7,14,1.2693116704141583,0.9483038907553918,0.28857512058128876,0.6276911784467174,0.38299205989912233
autism prevalence,7,14,1.2693116704141583,0.9483038907553918,0.28722093570102025,0.6240354008523182,0.38299205989912233
autistic adults,35,83,6.346558352070791,5.622087352335537,0.11633816587799206,0.5798452278721918,0.35564233989772376
genetic research,5,10,0.9066511931529703,0.677359921968137,0.2843728864672226,0.5209354678401764,0.2735657570708021
treatment trials,5,10,0.9066511931529703,0.677359921968137,0.2832533154108461,0.518398934185114,0.2735657570708021
research programs,9,20,1.6319721476753464,1.354719843936274,0.20076399221060015,0.5100952175306985,0.20995447239636
home community-based,4,8,0.7253209545223761,0.5418879375745096,0.29069417198063796,0.47883287833322125,0.21885260565664155
augmentative alternative,4,8,0.7253209545223761,0.5418879375745096,0.2893207448414987,0.4760197768096358,0.21885260565664155
community access,4,8,0.7253209545223761,0.5418879375745096,0.2843684422789998,0.4659315654858704,0.21885260565664155
environment interactions,4,8,0.7253209545223761,0.5418879375745096,0.2841688002021172,0.4655266821935926,0.21885260565664155
medical conditions,22,52,3.989265249873069,3.522271594234313,0.11787589938172172,0.4649900618189753,0.23552373905576074
restraint seclusion,4,8,0.7253209545223761,0.5418879375745096,0.28356915211950806,0.46431140345785826,0.21885260565664155
primary care,13,30,2.3572931021977226,2.032079765904411,0.14967780461789815,0.4548997953460193,0.19588399296825942
interventions treatment,6,13,1.087981431783564,0.8805678985585782,0.20578236679901352,0.41871054052658996,0.17870259688656787
studies determine,3,6,0.543990715891782,0.4064159531808822,0.29199226847014614,0.41699099541726514,0.16413945424248122
expressive language,3,6,0.543990715891782,0.4064159531808822,0.28754193941769834,0.4091000785937143,0.16413945424248122
autism diagnosis,8,18,1.4506419090447522,1.2192478595426466,0.1722156436973723,0.40822884824915884,0.1634090902394696
executive functioning,3,6,0.543990715891782,0.4064159531808822,0.28648601422276876,0.4072367071043027,0.16413945424248122
genetic epigenetics,3,6,0.543990715891782,0.4064159531808822,0.2862215050022563,0.406770464028066,0.16413945424248122
services federal,3,6,0.543990715891782,0.4064159531808822,0.28542670612080734,0.4053707723094555,0.16413945424248122
research determine,3,6,0.543990715891782,0.4064159531808822,0.2851613485403721,0.4049038871554523,0.16413945424248122
small studies,3,6,0.543990715891782,0.4064159531808822,0.28462999486085927,0.40396963422221066,0.16413945424248122
scientific findings,3,6,0.543990715891782,0.4064159531808822,0.2840977880518416,0.40303473694952996,0.16413945424248122
measures include,3,6,0.543990715891782,0.4064159531808822,0.2840977880518416,0.40303473694952996,0.16413945424248122
use existing,3,6,0.543990715891782,0.4064159531808822,0.2838313640578125,0.4025670463707067,0.16413945424248122
plan organized,3,6,0.543990715891782,0.4064159531808822,0.28356472598134097,0.4020991943285097,0.16413945424248122
genetic findings,3,6,0.543990715891782,0.4064159531808822,0.2827635245785274,0.400694668156376,0.16413945424248122
diagnostic evaluation,8,18,1.4506419090447522,1.2192478595426466,0.16891817160898626,0.39942200257944044,0.1634090902394696
including people,5,11,0.9066511931529703,0.7450959141649507,0.19237230622505486,0.35866814564826566,0.12902473352381016
direct support,5,11,0.9066511931529703,0.7450959141649507,0.19133362483878713,0.3564482882777392,0.12902473352381016
funded autism,5,11,0.9066511931529703,0.7450959141649507,0.19063955726651471,0.3549669174993104,0.12902473352381016
medical care,5,11,0.9066511931529703,0.7450959141649507,0.19029203806928763,0.3542257915922346,0.12902473352381016
developmental trajectory,11,26,1.9946326249365345,1.7611357971171564,0.1218573697991836,0.34088641093395994,0.11776186952788037
education employment,4,9,0.7253209545223761,0.6096239297713233,0.17666462536824135,0.29711552590887536,0.0817045451197348
including individuals,4,9,0.7253209545223761,0.6096239297713233,0.17558153552167077,0.29505274047790747,0.0817045451197348
families needs,4,9,0.7253209545223761,0.6096239297713233,0.16680391774307068,0.2784597522792186,0.0817045451197348
care act,19,48,3.4452745339812867,3.2513276254470576,0.06534620223898013,0.24420522302575892,0.04531145333520348
long-term outcomes,7,17,1.2693116704141583,1.1515118673458329,0.0938594101289496,0.21013445831232389,0.046392796395007374
state services,3,7,0.543990715891782,0.4741519453776959,0.13531989425676905,0.19740383687591412,0.03890635582770863
communication behavior,3,7,0.543990715891782,0.4741519453776959,0.1335107740553294,0.19450781573185383,0.03890635582770863
autism caregivers,3,7,0.543990715891782,0.4741519453776959,0.13078154527983443,0.1901533577899542,0.03890635582770863
especially important,3,7,0.543990715891782,0.4741519453776959,0.13047713848461662,0.18966875403205974,0.03890635582770863
work best,6,15,1.087981431783564,1.0160398829522055,0.06089857091671114,0.12639495763865977,0.019859986646821426
systematic review,4,10,0.7253209545223761,0.677359921968137,0.07173185112907454,0.1224779070393295,0.013239991097880932
co-occurring mental,9,23,1.6319721476753464,1.557927820526715,0.04140476684273153,0.10575305953316752,0.013851563140007905
metabolic immune,4,10,0.7253209545223761,0.677359921968137,0.062256084338635276,0.10560091515528341,0.013239991097880932
years autism,2,5,0.36266047726118805,0.3386799609840685,0.08030893467376465,0.09754385673930814,0.006619995548940466
plan recommendations,2,5,0.36266047726118805,0.3386799609840685,0.07336595307940641,0.08867906319167572,0.006619995548940466
adults life,2,5,0.36266047726118805,0.3386799609840685,0.07336595307940641,0.08867906319167572,0.006619995548940466
hhs partners,2,5,0.36266047726118805,0.3386799609840685,0.0719635173259281,0.08689884745307865,0.006619995548940466
information center,2,5,0.36266047726118805,0.3386799609840685,0.07149500216327986,0.0863049014893627,0.006619995548940466
make recommendations,2,5,0.36266047726118805,0.3386799609840685,0.07149500216327986,0.0863049014893627,0.006619995548940466
support systems,2,5,0.36266047726118805,0.3386799609840685,0.06772809028434246,0.08154356467640178,0.006619995548940466
ethnic socioeconomic,2,5,0.36266047726118805,0.3386799609840685,0.06725486359840183,0.0809471726539294,0.006619995548940466
studies population,2,5,0.36266047726118805,0.3386799609840685,0.06725486359840183,0.0809471726539294,0.006619995548940466
question plan,2,5,0.36266047726118805,0.3386799609840685,0.06678110876251964,0.08035050758365171,0.006619995548940466
implementation research,2,5,0.36266047726118805,0.3386799609840685,0.06678110876251964,0.08035050758365171,0.006619995548940466
federal coordination,2,5,0.36266047726118805,0.3386799609840685,0.0658320108868029,0.07915635728457196,0.006619995548940466
individuals studies,2,5,0.36266047726118805,0.3386799609840685,0.0658320108868029,0.07915635728457196,0.006619995548940466
interventions used,2,5,0.36266047726118805,0.3386799609840685,0.06535666596406564,0.07855887154753308,0.006619995548940466
clinical outcomes,2,5,0.36266047726118805,0.3386799609840685,0.06488078912556006,0.07796111174620776,0.006619995548940466
measures used,2,5,0.36266047726118805,0.3386799609840685,0.06488078912556006,0.07796111174620776,0.006619995548940466
network autism,2,5,0.36266047726118805,0.3386799609840685,0.06488078912556006,0.07796111174620776,0.006619995548940466
exposure immune,2,5,0.36266047726118805,0.3386799609840685,0.06488078912556006,0.07796111174620776,0.006619995548940466
services delivered,2,5,0.36266047726118805,0.3386799609840685,0.06344995763031314,0.07616618540706817,0.006619995548940466
national levels,2,5,0.36266047726118805,0.3386799609840685,0.062493392957057026,0.07496819284739036,0.006619995548940466
funded studies,2,5,0.36266047726118805,0.3386799609840685,0.062493392957057026,0.07496819284739036,0.006619995548940466
appropriate support,2,5,0.36266047726118805,0.3386799609840685,0.062493392957057026,0.07496819284739036,0.006619995548940466
emerging evidence,2,5,0.36266047726118805,0.3386799609840685,0.062493392957057026,0.07496819284739036,0.006619995548940466
timely diagnosis,2,5,0.36266047726118805,0.3386799609840685,0.06201430464698632,0.07436878329974385,0.006619995548940466
external experts,2,5,0.36266047726118805,0.3386799609840685,0.06201430464698632,0.07436878329974385,0.006619995548940466
prognosis treatment,2,5,0.36266047726118805,0.3386799609840685,0.06201430464698632,0.07436878329974385,0.006619995548940466
genetic contributions,2,5,0.36266047726118805,0.3386799609840685,0.06201430464698632,0.07436878329974385,0.006619995548940466
families life,2,5,0.36266047726118805,0.3386799609840685,0.061054511271789735,0.07316913638653533,0.006619995548940466
existing infrastructure,2,5,0.36266047726118805,0.3386799609840685,0.061054511271789735,0.07316913638653533,0.006619995548940466
environmental contributors,2,5,0.36266047726118805,0.3386799609840685,0.061054511271789735,0.07316913638653533,0.006619995548940466
regressive autism,2,5,0.36266047726118805,0.3386799609840685,0.061054511271789735,0.07316913638653533,0.006619995548940466
autism services,10,26,1.8133023863059405,1.7611357971171564,0.025762578204650666,0.06959983594599747,0.006127360247234204
families caregivers,10,26,1.8133023863059405,1.7611357971171564,0.025567083776904198,0.06906255448732987,0.006127360247234204
care education,5,13,0.9066511931529703,0.8805678985585782,0.024488137394962806,0.046739697344202295,0.003063680123617102
resources center,3,8,0.543990715891782,0.5418879375745096,0.022292869190396303,0.0335886120813479,3.2707623927638596e-05
research focus,3,8,0.543990715891782,0.5418879375745096,0.01785875248088864,0.026827391302509076,3.2707623927638596e-05
related services,3,8,0.543990715891782,0.5418879375745096,0.01594478279012357,0.02392138952957327,3.2707623927638596e-05
spoken language,3,8,0.543990715891782,0.5418879375745096,0.004613441263412454,0.006868996252239643,3.2707623927638596e-05
cognitive ability,3,8,0.543990715891782,0.5418879375745096,0.0033000115391406126,0.0049091095287215345,3.2707623927638596e-05
approximately children,3,8,0.543990715891782,0.5418879375745096,0.0023124191251291393,0.0034376963500543545,3.2707623927638596e-05
autistic students,3,8,0.543990715891782,0.5418879375745096,0.0006616090122690821,0.0009824810270448962,3.2707623927638596e-05
older age,3,8,0.543990715891782,0.5418879375745096,0.00033072102848663576,0.0004910082336721951,3.2707623927638596e-05
amino acid,3,8,0.543990715891782,0.5418879375745096,-0.0006633999661591616,-0.0009842710563841906,3.2707623927638596e-05
caregivers report,3,8,0.543990715891782,0.5418879375745096,-0.0016597125297810322,-0.002460843408562776,3.2707623927638596e-05
early childhood,4,11,0.7253209545223761,0.7450959141649507,-0.0015574043722050845,-0.0027324115117376537,0.002131242318527904
provide care,3,8,0.543990715891782,0.5418879375745096,-0.002991551791797775,-0.004431621752066567,3.2707623927638596e-05
validation studies,3,8,0.543990715891782,0.5418879375745096,-0.003658943408623827,-0.005417876043419464,3.2707623927638596e-05
hcbs waivers,4,11,0.7253209545223761,0.7450959141649507,-0.0222002126597598,-0.0384209385146648,0.002131242318527904
adaptive behavior,4,11,0.7253209545223761,0.7450959141649507,-0.025440984772862052,-0.04393588947950863,0.002131242318527904
features autism,4,11,0.7253209545223761,0.7450959141649507,-0.03173784423021786,-0.0545845485859182,0.002131242318527904
sleep disorder,8,22,1.4506419090447522,1.4901918283299014,-0.03034739463453917,-0.0738796412675354,0.004262484637055808
public comments,5,14,0.9066511931529703,0.9483038907553918,-0.04566258093184139,-0.08824324692006585,0.007485604664564549
research topics,2,6,0.36266047726118805,0.4064159531808822,-0.09483672791420261,-0.11838680553734081,0.019829835218075964
existing programs,2,6,0.36266047726118805,0.4064159531808822,-0.10714922540487848,-0.13272001127737754,0.019829835218075964
support care,2,6,0.36266047726118805,0.4064159531808822,-0.10871018537685373,-0.13452115123779254,0.019829835218075964
section address,2,6,0.36266047726118805,0.4064159531808822,-0.11079916900718167,-0.13692597422549616,0.019829835218075964
care adults,2,6,0.36266047726118805,0.4064159531808822,-0.11237171758709863,-0.13873207427307846,0.019829835218075964
biological process,2,6,0.36266047726118805,0.4064159531808822,-0.11342286467431073,-0.13993732562994685,0.019829835218075964
child adolescents,2,6,0.36266047726118805,0.4064159531808822,-0.1139492755040532,-0.14054030717999158,0.019829835218075964
strategies improve,2,6,0.36266047726118805,0.4064159531808822,-0.1139492755040532,-0.14054030717999158,0.019829835218075964
department defense,4,12,0.7253209545223761,0.8128319063617644,-0.07889192774410247,-0.14069584576536232,0.03965967043615193
public-private partnerships,2,6,0.36266047726118805,0.4064159531808822,-0.11606052323626415,-0.14295460954590952,0.019829835218075964
large scale,2,6,0.36266047726118805,0.4064159531808822,-0.11711952332833064,-0.14416318864188743,0.019829835218075964
tools including,2,6,0.36266047726118805,0.4064159531808822,-0.11818078464010462,-0.1453727213668001,0.019829835218075964
biological heterogeneity,2,6,0.36266047726118805,0.4064159531808822,-0.11818078464010462,-0.1453727213668001,0.019829835218075964
safety risk,2,6,0.36266047726118805,0.4064159531808822,-0.1197769335768637,-0.1471888112767648,0.019829835218075964
funding streams,2,6,0.36266047726118805,0.4064159531808822,-0.12031012236093375,-0.14779465276564197,0.019829835218075964
data quality,2,6,0.36266047726118805,0.4064159531808822,-0.12031012236093375,-0.14779465276564197,0.019829835218075964
symptoms sleep,2,6,0.36266047726118805,0.4064159531808822,-0.12084388236582377,-0.14840073361102757,0.019829835218075964
rare variants,2,6,0.36266047726118805,0.4064159531808822,-0.12084388236582377,-0.14840073361102757,0.019829835218075964
intensive support,2,6,0.36266047726118805,0.4064159531808822,-0.12084388236582377,-0.14840073361102757,0.019829835218075964
interventions remains,2,6,0.36266047726118805,0.4064159531808822,-0.12084388236582377,-0.14840073361102757,0.019829835218075964
treatment services,3,9,0.543990715891782,0.6096239297713233,-0.10749775470697998,-0.16304128519588734,0.029744752827113974
basic science,3,9,0.543990715891782,0.6096239297713233,-0.10958163398102272,-0.16598393211864693,0.029744752827113974
support community,3,9,0.543990715891782,0.6096239297713233,-0.1099298034804086,-0.16647482281147577,0.029744752827113974
clinical practices,3,9,0.543990715891782,0.6096239297713233,-0.11202398370309652,-0.16942286941673226,0.029744752827113974
answer question,3,9,0.543990715891782,0.6096239297713233,-0.1169451034230331,-0.17631971733806776,0.029744752827113974
diagnosis treatment,4,12,0.7253209545223761,0.8128319063617644,-0.10637470633834134,-0.18642917354147248,0.03965967043615193
autism autism,4,12,0.7253209545223761,0.8128319063617644,-0.11028034196420933,-0.19279926034962327,0.03965967043615193
secretary health,4,12,0.7253209545223761,0.8128319063617644,-0.11054181882780334,-0.1932246002238269,0.03965967043615193
genes environment,9,26,1.6319721476753464,1.7611357971171564,-0.08226533322509333,-0.21340866404370615,0.03926482256913144
health needs,5,15,0.9066511931529703,1.0160398829522055,-0.11532719306862127,-0.22470724372505985,0.04957458804518988
priority areas,3,10,0.543990715891782,0.677359921968137,-0.19442145712702086,-0.3018429693985929,0.11527843494459744
diagnosed autism,2,7,0.36266047726118805,0.4741519453776959,-0.24084310194885994,-0.30730815701332903,0.11727847945769454
co-occurring medical,9,27,1.6319721476753464,1.8288717893139697,-0.11908281309574065,-0.3105633258489887,0.0892342584813417
disabilities education,2,7,0.36266047726118805,0.4741519453776959,-0.24625079925429638,-0.31319699586669475,0.11727847945769454
families navigation,2,7,0.36266047726118805,0.4741519453776959,-0.2511641184382132,-0.318513531375852,0.11727847945769454
access health,2,7,0.36266047726118805,0.4741519453776959,-0.2517127857014092,-0.3191052297019658,0.11727847945769454
health records,2,7,0.36266047726118805,0.4741519453776959,-0.25501641168904854,-0.3226595111356246,0.11727847945769454
programs autism,2,7,0.36266047726118805,0.4741519453776959,-0.25556896169043597,-0.3232525739821449,0.11727847945769454
help identify,2,7,0.36266047726118805,0.4741519453776959,-0.2594524985717186,-0.3274094844154258,0.11727847945769454
small number,3,10,0.543990715891782,0.677359921968137,-0.21599658044628356,-0.3309932486135622,0.11527843494459744
young adulthood,2,7,0.36266047726118805,0.4741519453776959,-0.2650485103911837,-0.33336457192925434,0.11727847945769454
interventions including,3,10,0.543990715891782,0.677359921968137,-0.21783471343302985,-0.33344090634602586,0.11527843494459744
including limited,2,7,0.36266047726118805,0.4741519453776959,-0.2661745761884333,-0.3345579446469583,0.11727847945769454
methods used,2,7,0.36266047726118805,0.4741519453776959,-0.26843363317524194,-0.3369470498361888,0.11727847945769454
studies reported,2,7,0.36266047726118805,0.4741519453776959,-0.26843363317524194,-0.3369470498361888,0.11727847945769454
cognitive language,2,7,0.36266047726118805,0.4741519453776959,-0.26843363317524194,-0.3369470498361888,0.11727847945769454
funding mechanisms,4,13,0.7253209545223761,0.8805678985585782,-0.1916586623805756,-0.3379615145002987,0.1189666966622176
including genetic,2,7,0.36266047726118805,0.4741519453776959,-0.2695666400239318,-0.338142783429056,0.11727847945769454
developmental profiles,2,7,0.36266047726118805,0.4741519453776959,-0.270134016481288,-0.3387409457188475,0.11727847945769454
environmental research,2,7,0.36266047726118805,0.4741519453776959,-0.270134016481288,-0.3387409457188475,0.11727847945769454
levels support,3,10,0.543990715891782,0.677359921968137,-0.22190100558360903,-0.3388358349398493,0.11527843494459744
suicidal ideation,2,7,0.36266047726118805,0.4741519453776959,-0.2718396498660347,-0.34053661539170094,0.11727847945769454
improved access,2,7,0.36266047726118805,0.4741519453776959,-0.2718396498660347,-0.34053661539170094,0.11727847945769454
additional investment,2,7,0.36266047726118805,0.4741519453776959,-0.2718396498660347,-0.34053661539170094,0.11727847945769454
co-occurring intellectual,4,13,0.7253209545223761,0.8805678985585782,-0.19357038368080381,-0.34093637672541394,0.1189666966622176
assessment treatment,2,7,0.36266047726118805,0.4741519453776959,-0.2724093656461175,-0.3411355664465694,0.11727847945769454
screening results,2,7,0.36266047726118805,0.4741519453776959,-0.2729796687486594,-0.3417347148642773,0.11727847945769454
appropriate care,2,7,0.36266047726118805,0.4741519453776959,-0.2729796687486594,-0.3417347148642773,0.11727847945769454
conditions symptoms,2,7,0.36266047726118805,0.4741519453776959,-0.2729796687486594,-0.3417347148642773,0.11727847945769454
genetic syndrome,2,7,0.36266047726118805,0.4741519453776959,-0.2735505601752486,-0.34233406071305617,0.11727847945769454
data sources,5,16,0.9066511931529703,1.0837758751490192,-0.17738937209436045,-0.34883418785244236,0.12505413780422714
support development,5,16,0.9066511931529703,1.0837758751490192,-0.17891079991112058,-0.35149916554393856,0.12505413780422714
comparative effectiveness,7,22,1.2693116704141583,1.4901918283299014,-0.1558622400033478,-0.3626789704371569,0.14042233061778253
autism treatment,9,28,1.6319721476753464,1.8966077815107836,-0.15186898354689404,-0.3987066576763943,0.15773201060276598
autism symptoms,4,14,0.7253209545223761,0.9483038907553918,-0.26365514388137434,-0.46936021218170576,0.23455695891538908
diagnosis services,3,11,0.543990715891782,0.7450959141649507,-0.3099814952471345,-0.48031974226318436,0.24714855477701558
environmental influence,3,11,0.543990715891782,0.7450959141649507,-0.31611044269255295,-0.48807078669290843,0.24714855477701558
effective dissemination,0,5,0.0,0.3386799609840685,-5.456020607312983,-0.4900270093569256,3.1739895668823372
needed understanding,0,5,0.0,0.3386799609840685,-5.456020607312983,-0.4900270093569256,3.1739895668823372
approaches data,0,5,0.0,0.3386799609840685,-5.456020607312983,-0.4900270093569256,3.1739895668823372
possible studies,0,5,0.0,0.3386799609840685,-5.456020607312983,-0.4900270093569256,3.1739895668823372
lead fulfilling,0,5,0.0,0.3386799609840685,-5.456020607312983,-0.4900270093569256,3.1739895668823372
linkage data,0,5,0.0,0.3386799609840685,-5.456020607312983,-0.4900270093569256,3.1739895668823372
discussed research,0,5,0.0,0.3386799609840685,-5.456020607312983,-0.4900270093569256,3.1739895668823372
efforts collect,0,5,0.0,0.3386799609840685,-5.456020607312983,-0.4900270093569256,3.1739895668823372
informatics tools,0,5,0.0,0.3386799609840685,-5.456020607312983,-0.4900270093569256,3.1739895668823372
approaches scale,0,5,0.0,0.3386799609840685,-5.456020607312983,-0.4900270093569256,3.1739895668823372
outside autism,0,5,0.0,0.3386799609840685,-5.456020607312983,-0.4900270093569256,3.1739895668823372
systems needs,0,5,0.0,0.3386799609840685,-5.456020607312983,-0.4900270093569256,3.1739895668823372
approaches needed,0,5,0.0,0.3386799609840685,-5.456020607312983,-0.4900270093569256,3.1739895668823372
lead important,0,5,0.0,0.3386799609840685,-5.456020607312983,-0.4900270093569256,3.1739895668823372
davis sacramento,0,5,0.0,0.3386799609840685,-5.456020607312983,-0.4900270093569256,3.1739895668823372
purpose strategic,0,5,0.0,0.3386799609840685,-5.456020607312983,-0.4900270093569256,3.1739895668823372
flags asd,0,5,0.0,0.3386799609840685,-5.456020607312983,-0.4900270093569256,3.1739895668823372
limited supply,0,5,0.0,0.3386799609840685,-5.456020607312983,-0.4900270093569256,3.1739895668823372
implementing screening,0,5,0.0,0.3386799609840685,-5.456020607312983,-0.4900270093569256,3.1739895668823372
treatment wide,0,5,0.0,0.3386799609840685,-5.456020607312983,-0.4900270093569256,3.1739895668823372
vaccine advisory,0,5,0.0,0.3386799609840685,-5.456020607312983,-0.4900270093569256,3.1739895668823372
school psychology,0,5,0.0,0.3386799609840685,-5.456020607312983,-0.4900270093569256,3.1739895668823372
asd parallel,0,5,0.0,0.3386799609840685,-5.456020607312983,-0.4900270093569256,3.1739895668823372
portland state,0,5,0.0,0.3386799609840685,-5.456020607312983,-0.4900270093569256,3.1739895668823372
unique strengths,0,5,0.0,0.3386799609840685,-5.456020607312983,-0.4900270093569256,3.1739895668823372
sociodemographic characteristics,0,5,0.0,0.3386799609840685,-5.456020607312983,-0.4900270093569256,3.1739895668823372
families low,0,5,0.0,0.3386799609840685,-5.456020607312983,-0.4900270093569256,3.1739895668823372
large clinical,0,5,0.0,0.3386799609840685,-5.456020607312983,-0.4900270093569256,3.1739895668823372
demands postmortem,0,5,0.0,0.3386799609840685,-5.456020607312983,-0.4900270093569256,3.1739895668823372
brain organoids,0,5,0.0,0.3386799609840685,-5.456020607312983,-0.4900270093569256,3.1739895668823372
issues needs,0,5,0.0,0.3386799609840685,-5.456020607312983,-0.4900270093569256,3.1739895668823372
issues limited,0,5,0.0,0.3386799609840685,-5.456020607312983,-0.4900270093569256,3.1739895668823372
early efficacy,0,5,0.0,0.3386799609840685,-5.456020607312983,-0.4900270093569256,3.1739895668823372
present infants,0,5,0.0,0.3386799609840685,-5.456020607312983,-0.4900270093569256,3.1739895668823372
ipscs technology,0,5,0.0,0.3386799609840685,-5.456020607312983,-0.4900270093569256,3.1739895668823372
research ideas,0,5,0.0,0.3386799609840685,-5.456020607312983,-0.4900270093569256,3.1739895668823372
research human,0,5,0.0,0.3386799609840685,-5.456020607312983,-0.4900270093569256,3.1739895668823372
significantly advanced,0,5,0.0,0.3386799609840685,-5.456020607312983,-0.4900270093569256,3.1739895668823372
early assessment,0,5,0.0,0.3386799609840685,-5.456020607312983,-0.4900270093569256,3.1739895668823372
interventions meet,0,5,0.0,0.3386799609840685,-5.456020607312983,-0.4900270093569256,3.1739895668823372
educators scientists,0,5,0.0,0.3386799609840685,-5.456020607312983,-0.4900270093569256,3.1739895668823372
increasing diversity,0,5,0.0,0.3386799609840685,-5.456020607312983,-0.4900270093569256,3.1739895668823372
development adulthood,0,5,0.0,0.3386799609840685,-5.456020607312983,-0.4900270093569256,3.1739895668823372
donate biological,0,5,0.0,0.3386799609840685,-5.456020607312983,-0.4900270093569256,3.1739895668823372
diverse view,0,5,0.0,0.3386799609840685,-5.456020607312983,-0.4900270093569256,3.1739895668823372
interventions wide,0,5,0.0,0.3386799609840685,-5.456020607312983,-0.4900270093569256,3.1739895668823372
interventions particular,0,5,0.0,0.3386799609840685,-5.456020607312983,-0.4900270093569256,3.1739895668823372
candidate exposure,0,5,0.0,0.3386799609840685,-5.456020607312983,-0.4900270093569256,3.1739895668823372
development forward,0,5,0.0,0.3386799609840685,-5.456020607312983,-0.4900270093569256,3.1739895668823372
preventive measures,0,5,0.0,0.3386799609840685,-5.456020607312983,-0.4900270093569256,3.1739895668823372
preferentially enroll,0,5,0.0,0.3386799609840685,-5.456020607312983,-0.4900270093569256,3.1739895668823372
interventions far,0,5,0.0,0.3386799609840685,-5.456020607312983,-0.4900270093569256,3.1739895668823372
problems gastrointestinal,0,5,0.0,0.3386799609840685,-5.456020607312983,-0.4900270093569256,3.1739895668823372
severe disease,0,5,0.0,0.3386799609840685,-5.456020607312983,-0.4900270093569256,3.1739895668823372
appropriate diagnosis,0,5,0.0,0.3386799609840685,-5.456020607312983,-0.4900270093569256,3.1739895668823372
cases linked,0,5,0.0,0.3386799609840685,-5.456020607312983,-0.4900270093569256,3.1739895668823372
needed best,0,5,0.0,0.3386799609840685,-5.456020607312983,-0.4900270093569256,3.1739895668823372
offer opposing,0,5,0.0,0.3386799609840685,-5.456020607312983,-0.4900270093569256,3.1739895668823372
serve critical,0,5,0.0,0.3386799609840685,-5.456020607312983,-0.4900270093569256,3.1739895668823372
analytic approaches,0,5,0.0,0.3386799609840685,-5.456020607312983,-0.4900270093569256,3.1739895668823372
providers workforce,0,5,0.0,0.3386799609840685,-5.456020607312983,-0.4900270093569256,3.1739895668823372
sharing teamwork,0,5,0.0,0.3386799609840685,-5.456020607312983,-0.4900270093569256,3.1739895668823372
providers received,0,5,0.0,0.3386799609840685,-5.456020607312983,-0.4900270093569256,3.1739895668823372
interactions law,0,5,0.0,0.3386799609840685,-5.456020607312983,-0.4900270093569256,3.1739895668823372
apartment complex,0,5,0.0,0.3386799609840685,-5.456020607312983,-0.4900270093569256,3.1739895668823372
disorder spectrum,0,5,0.0,0.3386799609840685,-5.456020607312983,-0.4900270093569256,3.1739895668823372
known adults,0,5,0.0,0.3386799609840685,-5.456020607312983,-0.4900270093569256,3.1739895668823372
forms genetic,0,5,0.0,0.3386799609840685,-5.456020607312983,-0.4900270093569256,3.1739895668823372
individuals higher,0,5,0.0,0.3386799609840685,-5.456020607312983,-0.4900270093569256,3.1739895668823372
professor child,0,5,0.0,0.3386799609840685,-5.456020607312983,-0.4900270093569256,3.1739895668823372
forward partnerships,0,5,0.0,0.3386799609840685,-5.456020607312983,-0.4900270093569256,3.1739895668823372
opposing opinions,0,5,0.0,0.3386799609840685,-5.456020607312983,-0.4900270093569256,3.1739895668823372
systemic issues,0,5,0.0,0.3386799609840685,-5.456020607312983,-0.4900270093569256,3.1739895668823372
teamwork partnerships,0,5,0.0,0.3386799609840685,-5.456020607312983,-0.4900270093569256,3.1739895668823372
collection samples,0,5,0.0,0.3386799609840685,-5.456020607312983,-0.4900270093569256,3.1739895668823372
symptoms insight,0,5,0.0,0.3386799609840685,-5.456020607312983,-0.4900270093569256,3.1739895668823372
palmer palmer,0,5,0.0,0.3386799609840685,-5.456020607312983,-0.4900270093569256,3.1739895668823372
example children,0,5,0.0,0.3386799609840685,-5.456020607312983,-0.4900270093569256,3.1739895668823372
asd studied,0,5,0.0,0.3386799609840685,-5.456020607312983,-0.4900270093569256,3.1739895668823372
vital role,0,5,0.0,0.3386799609840685,-5.456020607312983,-0.4900270093569256,3.1739895668823372
participants needed,0,5,0.0,0.3386799609840685,-5.456020607312983,-0.4900270093569256,3.1739895668823372
concerted efforts,0,5,0.0,0.3386799609840685,-5.456020607312983,-0.4900270093569256,3.1739895668823372
asd mandell,0,5,0.0,0.3386799609840685,-5.456020607312983,-0.4900270093569256,3.1739895668823372
studies exploring,0,5,0.0,0.3386799609840685,-5.456020607312983,-0.4900270093569256,3.1739895668823372
spectrum partnerships,0,5,0.0,0.3386799609840685,-5.456020607312983,-0.4900270093569256,3.1739895668823372
spectrum likely,0,5,0.0,0.3386799609840685,-5.456020607312983,-0.4900270093569256,3.1739895668823372
current scientific,0,5,0.0,0.3386799609840685,-5.456020607312983,-0.4900270093569256,3.1739895668823372
consider impact,0,5,0.0,0.3386799609840685,-5.456020607312983,-0.4900270093569256,3.1739895668823372
plan development,0,5,0.0,0.3386799609840685,-5.456020607312983,-0.4900270093569256,3.1739895668823372
highlighted needs,0,5,0.0,0.3386799609840685,-5.456020607312983,-0.4900270093569256,3.1739895668823372
contracting covid,0,5,0.0,0.3386799609840685,-5.456020607312983,-0.4900270093569256,3.1739895668823372
report association,0,5,0.0,0.3386799609840685,-5.456020607312983,-0.4900270093569256,3.1739895668823372
notable studies,0,5,0.0,0.3386799609840685,-5.456020607312983,-0.4900270093569256,3.1739895668823372
control needed,0,5,0.0,0.3386799609840685,-5.456020607312983,-0.4900270093569256,3.1739895668823372
convened scientific,0,5,0.0,0.3386799609840685,-5.456020607312983,-0.4900270093569256,3.1739895668823372
plan years,0,5,0.0,0.3386799609840685,-5.456020607312983,-0.4900270093569256,3.1739895668823372
variety settings,0,5,0.0,0.3386799609840685,-5.456020607312983,-0.4900270093569256,3.1739895668823372
epilepsy asd,0,5,0.0,0.3386799609840685,-5.456020607312983,-0.4900270093569256,3.1739895668823372
epigenetics tags,0,5,0.0,0.3386799609840685,-5.456020607312983,-0.4900270093569256,3.1739895668823372
iacc believe,0,5,0.0,0.3386799609840685,-5.456020607312983,-0.4900270093569256,3.1739895668823372
panel presentation,0,5,0.0,0.3386799609840685,-5.456020607312983,-0.4900270093569256,3.1739895668823372
value cross-disciplinary,0,5,0.0,0.3386799609840685,-5.456020607312983,-0.4900270093569256,3.1739895668823372
partnerships action,0,5,0.0,0.3386799609840685,-5.456020607312983,-0.4900270093569256,3.1739895668823372
measures adults,0,5,0.0,0.3386799609840685,-5.456020607312983,-0.4900270093569256,3.1739895668823372
genes converge,0,5,0.0,0.3386799609840685,-5.456020607312983,-0.4900270093569256,3.1739895668823372
excellence pursue,0,5,0.0,0.3386799609840685,-5.456020607312983,-0.4900270093569256,3.1739895668823372
asd existing,0,5,0.0,0.3386799609840685,-5.456020607312983,-0.4900270093569256,3.1739895668823372
needs cost,0,5,0.0,0.3386799609840685,-5.456020607312983,-0.4900270093569256,3.1739895668823372
people wit,0,5,0.0,0.3386799609840685,-5.456020607312983,-0.4900270093569256,3.1739895668823372
extraordinary ventures,0,5,0.0,0.3386799609840685,-5.456020607312983,-0.4900270093569256,3.1739895668823372
comfortably offer,0,5,0.0,0.3386799609840685,-5.456020607312983,-0.4900270093569256,3.1739895668823372
ndar provide,0,5,0.0,0.3386799609840685,-5.456020607312983,-0.4900270093569256,3.1739895668823372
address committee's,0,5,0.0,0.3386799609840685,-5.456020607312983,-0.4900270093569256,3.1739895668823372
biomarkers help,0,5,0.0,0.3386799609840685,-5.456020607312983,-0.4900270093569256,3.1739895668823372
people especially,0,5,0.0,0.3386799609840685,-5.456020607312983,-0.4900270093569256,3.1739895668823372
regressive symptoms,0,5,0.0,0.3386799609840685,-5.456020607312983,-0.4900270093569256,3.1739895668823372
collecting storing,0,5,0.0,0.3386799609840685,-5.456020607312983,-0.4900270093569256,3.1739895668823372
person interventions,0,5,0.0,0.3386799609840685,-5.456020607312983,-0.4900270093569256,3.1739895668823372
expectations data,0,5,0.0,0.3386799609840685,-5.456020607312983,-0.4900270093569256,3.1739895668823372
budget fulfilled,0,5,0.0,0.3386799609840685,-5.456020607312983,-0.4900270093569256,3.1739895668823372
good outcomes,0,5,0.0,0.3386799609840685,-5.456020607312983,-0.4900270093569256,3.1739895668823372
reduce core,0,5,0.0,0.3386799609840685,-5.456020607312983,-0.4900270093569256,3.1739895668823372
community developing,0,5,0.0,0.3386799609840685,-5.456020607312983,-0.4900270093569256,3.1739895668823372
pharmaceutical industry,0,5,0.0,0.3386799609840685,-5.456020607312983,-0.4900270093569256,3.1739895668823372
existing repository,0,5,0.0,0.3386799609840685,-5.456020607312983,-0.4900270093569256,3.1739895668823372
wearable technology,0,5,0.0,0.3386799609840685,-5.456020607312983,-0.4900270093569256,3.1739895668823372
collaboration treat,0,5,0.0,0.3386799609840685,-5.456020607312983,-0.4900270093569256,3.1739895668823372
community particularly,0,5,0.0,0.3386799609840685,-5.456020607312983,-0.4900270093569256,3.1739895668823372
repository biospecimens,0,5,0.0,0.3386799609840685,-5.456020607312983,-0.4900270093569256,3.1739895668823372
asd exposure,0,5,0.0,0.3386799609840685,-5.456020607312983,-0.4900270093569256,3.1739895668823372
phenotypes data,0,5,0.0,0.3386799609840685,-5.456020607312983,-0.4900270093569256,3.1739895668823372
phenotypes identify,0,5,0.0,0.3386799609840685,-5.456020607312983,-0.4900270093569256,3.1739895668823372
good example,0,5,0.0,0.3386799609840685,-5.456020607312983,-0.4900270093569256,3.1739895668823372
asd tissue,0,5,0.0,0.3386799609840685,-5.456020607312983,-0.4900270093569256,3.1739895668823372
females remains,0,5,0.0,0.3386799609840685,-5.456020607312983,-0.4900270093569256,3.1739895668823372
met exceeded,0,5,0.0,0.3386799609840685,-5.456020607312983,-0.4900270093569256,3.1739895668823372
survey administrative,0,5,0.0,0.3386799609840685,-5.456020607312983,-0.4900270093569256,3.1739895668823372
means data,0,5,0.0,0.3386799609840685,-5.456020607312983,-0.4900270093569256,3.1739895668823372
population order,0,5,0.0,0.3386799609840685,-5.456020607312983,-0.4900270093569256,3.1739895668823372
autism females,0,5,0.0,0.3386799609840685,-5.456020607312983,-0.4900270093569256,3.1739895668823372
challenges remains,0,5,0.0,0.3386799609840685,-5.456020607312983,-0.4900270093569256,3.1739895668823372
tested potential,0,5,0.0,0.3386799609840685,-5.456020607312983,-0.4900270093569256,3.1739895668823372
population different,0,5,0.0,0.3386799609840685,-5.456020607312983,-0.4900270093569256,3.1739895668823372
long-term benefits,0,5,0.0,0.3386799609840685,-5.456020607312983,-0.4900270093569256,3.1739895668823372
cross-disciplinary approaches,0,5,0.0,0.3386799609840685,-5.456020607312983,-0.4900270093569256,3.1739895668823372
longer able,0,5,0.0,0.3386799609840685,-5.456020607312983,-0.4900270093569256,3.1739895668823372
research par,0,5,0.0,0.3386799609840685,-5.456020607312983,-0.4900270093569256,3.1739895668823372
brain response,0,5,0.0,0.3386799609840685,-5.456020607312983,-0.4900270093569256,3.1739895668823372
question iii,0,5,0.0,0.3386799609840685,-5.456020607312983,-0.4900270093569256,3.1739895668823372
autism discussed,0,5,0.0,0.3386799609840685,-5.456020607312983,-0.4900270093569256,3.1739895668823372
symptoms general,0,5,0.0,0.3386799609840685,-5.456020607312983,-0.4900270093569256,3.1739895668823372
critical life,0,5,0.0,0.3386799609840685,-5.456020607312983,-0.4900270093569256,3.1739895668823372
little rigorous,0,5,0.0,0.3386799609840685,-5.456020607312983,-0.4900270093569256,3.1739895668823372
gap understanding,0,5,0.0,0.3386799609840685,-5.456020607312983,-0.4900270093569256,3.1739895668823372
chapter summary,0,5,0.0,0.3386799609840685,-5.456020607312983,-0.4900270093569256,3.1739895668823372
person-centered planning,3,11,0.543990715891782,0.7450959141649507,-0.3188128013125162,-0.49146988940719666,0.24714855477701558
monitor federal,2,8,0.36266047726118805,0.5418879375745096,-0.3861651258225134,-0.4959267391326404,0.27873950510818624
higher rates,2,8,0.36266047726118805,0.5418879375745096,-0.391403370394972,-0.5011548588985718,0.27873950510818624
employment policy,2,8,0.36266047726118805,0.5418879375745096,-0.3925737386686592,-0.5023183765686366,0.27873950510818624
cognitive behavioral,2,8,0.36266047726118805,0.5418879375745096,-0.39433362930120275,-0.5040648211539704,0.27873950510818624
co-occurring psychiatric,2,8,0.36266047726118805,0.5418879375745096,-0.3984604205869804,-0.5081453090600299,0.27873950510818624
dissemination implementation,2,8,0.36266047726118805,0.5418879375745096,-0.3990523055499384,-0.5087288587538564,0.27873950510818624
predict response,2,8,0.36266047726118805,0.5418879375745096,-0.40202058160199705,-0.5116489425154793,0.27873950510818624
past decades,2,8,0.36266047726118805,0.5418879375745096,-0.40202058160199705,-0.5116489425154793,0.27873950510818624
research literature,2,8,0.36266047726118805,0.5418879375745096,-0.40202058160199705,-0.5116489425154793,0.27873950510818624
conditions autistic,2,8,0.36266047726118805,0.5418879375745096,-0.4026160139748871,-0.5122334262750421,0.27873950510818624
standardized protocols,2,8,0.36266047726118805,0.5418879375745096,-0.40321204105144126,-0.5128180656849265,0.27873950510818624
quality ahrq,1,5,0.18133023863059403,0.3386799609840685,-0.5343664915875319,-0.5156556865621676,0.3714573949167831
individuals high,2,8,0.36266047726118805,0.5418879375745096,-0.40620113198485086,-0.5157435971695268,0.27873950510818624
efficacy safety,2,8,0.36266047726118805,0.5418879375745096,-0.4068007483148417,-0.5163291702844068,0.27873950510818624
biomarkers exposure,0,5,0.0,0.3386799609840685,-5.274021641878283,-0.5188080919607804,3.1739895668823372
autism important,0,5,0.0,0.3386799609840685,-5.274021641878283,-0.5188080919607804,3.1739895668823372
asd frequently,0,5,0.0,0.3386799609840685,-5.274021641878283,-0.5188080919607804,3.1739895668823372
encourage families,0,5,0.0,0.3386799609840685,-5.274021641878283,-0.5188080919607804,3.1739895668823372
possible genetic,0,5,0.0,0.3386799609840685,-5.274021641878283,-0.5188080919607804,3.1739895668823372
findings regarding,0,5,0.0,0.3386799609840685,-5.274021641878283,-0.5188080919607804,3.1739895668823372
resources access,0,5,0.0,0.3386799609840685,-5.274021641878283,-0.5188080919607804,3.1739895668823372
tissue people,0,5,0.0,0.3386799609840685,-5.274021641878283,-0.5188080919607804,3.1739895668823372
future public,0,5,0.0,0.3386799609840685,-5.274021641878283,-0.5188080919607804,3.1739895668823372
asd ultimately,0,5,0.0,0.3386799609840685,-5.274021641878283,-0.5188080919607804,3.1739895668823372
group scientists,0,5,0.0,0.3386799609840685,-5.274021641878283,-0.5188080919607804,3.1739895668823372
diverse participants,0,5,0.0,0.3386799609840685,-5.274021641878283,-0.5188080919607804,3.1739895668823372
co-occurring disorder,0,5,0.0,0.3386799609840685,-5.274021641878283,-0.5188080919607804,3.1739895668823372
standardize data,0,5,0.0,0.3386799609840685,-5.274021641878283,-0.5188080919607804,3.1739895668823372
important develop,0,5,0.0,0.3386799609840685,-5.274021641878283,-0.5188080919607804,3.1739895668823372
facilitate rapid,0,5,0.0,0.3386799609840685,-5.274021641878283,-0.5188080919607804,3.1739895668823372
outcomes example,0,5,0.0,0.3386799609840685,-5.274021641878283,-0.5188080919607804,3.1739895668823372
asd terms,0,5,0.0,0.3386799609840685,-5.274021641878283,-0.5188080919607804,3.1739895668823372
services evidence,0,5,0.0,0.3386799609840685,-5.274021641878283,-0.5188080919607804,3.1739895668823372
access data,0,5,0.0,0.3386799609840685,-5.274021641878283,-0.5188080919607804,3.1739895668823372
atypical development,0,5,0.0,0.3386799609840685,-5.274021641878283,-0.5188080919607804,3.1739895668823372
training fellowship,0,5,0.0,0.3386799609840685,-5.274021641878283,-0.5188080919607804,3.1739895668823372
opportunities gaps,0,5,0.0,0.3386799609840685,-5.274021641878283,-0.5188080919607804,3.1739895668823372
interventions appropriate,0,5,0.0,0.3386799609840685,-5.274021641878283,-0.5188080919607804,3.1739895668823372
sensitivity anxiety,0,5,0.0,0.3386799609840685,-5.274021641878283,-0.5188080919607804,3.1739895668823372
supplements diet,0,5,0.0,0.3386799609840685,-5.274021641878283,-0.5188080919607804,3.1739895668823372
health development,0,5,0.0,0.3386799609840685,-5.274021641878283,-0.5188080919607804,3.1739895668823372
experience children,0,5,0.0,0.3386799609840685,-5.274021641878283,-0.5188080919607804,3.1739895668823372
studies treatment,0,5,0.0,0.3386799609840685,-5.274021641878283,-0.5188080919607804,3.1739895668823372
oregon health,0,5,0.0,0.3386799609840685,-5.274021641878283,-0.5188080919607804,3.1739895668823372
work iacc,0,5,0.0,0.3386799609840685,-5.274021641878283,-0.5188080919607804,3.1739895668823372
women lgbtqia,0,5,0.0,0.3386799609840685,-5.274021641878283,-0.5188080919607804,3.1739895668823372
order meet,0,5,0.0,0.3386799609840685,-5.274021641878283,-0.5188080919607804,3.1739895668823372
partnerships stakeholders,0,5,0.0,0.3386799609840685,-5.274021641878283,-0.5188080919607804,3.1739895668823372
cellular molecular,0,5,0.0,0.3386799609840685,-5.274021641878283,-0.5188080919607804,3.1739895668823372
difficult time,0,5,0.0,0.3386799609840685,-5.274021641878283,-0.5188080919607804,3.1739895668823372
services leading,0,5,0.0,0.3386799609840685,-5.274021641878283,-0.5188080919607804,3.1739895668823372
large-scale genetic,0,5,0.0,0.3386799609840685,-5.274021641878283,-0.5188080919607804,3.1739895668823372
sons daughters,0,5,0.0,0.3386799609840685,-5.274021641878283,-0.5188080919607804,3.1739895668823372
studies link,0,5,0.0,0.3386799609840685,-5.274021641878283,-0.5188080919607804,3.1739895668823372
research revealed,0,5,0.0,0.3386799609840685,-5.274021641878283,-0.5188080919607804,3.1739895668823372
regions dna,0,5,0.0,0.3386799609840685,-5.274021641878283,-0.5188080919607804,3.1739895668823372
review records,0,5,0.0,0.3386799609840685,-5.274021641878283,-0.5188080919607804,3.1739895668823372
field forward,0,5,0.0,0.3386799609840685,-5.274021641878283,-0.5188080919607804,3.1739895668823372
asd function,0,5,0.0,0.3386799609840685,-5.274021641878283,-0.5188080919607804,3.1739895668823372
services developed,0,5,0.0,0.3386799609840685,-5.274021641878283,-0.5188080919607804,3.1739895668823372
fulfilled recommended,0,5,0.0,0.3386799609840685,-5.274021641878283,-0.5188080919607804,3.1739895668823372
addressing housing,0,5,0.0,0.3386799609840685,-5.274021641878283,-0.5188080919607804,3.1739895668823372
interplay genetic,0,5,0.0,0.3386799609840685,-5.274021641878283,-0.5188080919607804,3.1739895668823372
promoting equity,0,5,0.0,0.3386799609840685,-5.274021641878283,-0.5188080919607804,3.1739895668823372
time accessing,0,5,0.0,0.3386799609840685,-5.274021641878283,-0.5188080919607804,3.1739895668823372
changes specific,0,5,0.0,0.3386799609840685,-5.274021641878283,-0.5188080919607804,3.1739895668823372
time resources,0,5,0.0,0.3386799609840685,-5.274021641878283,-0.5188080919607804,3.1739895668823372
evaluation differences,0,5,0.0,0.3386799609840685,-5.274021641878283,-0.5188080919607804,3.1739895668823372
best approach,0,5,0.0,0.3386799609840685,-5.274021641878283,-0.5188080919607804,3.1739895668823372
spectrum parents,0,5,0.0,0.3386799609840685,-5.274021641878283,-0.5188080919607804,3.1739895668823372
research additional,0,5,0.0,0.3386799609840685,-5.274021641878283,-0.5188080919607804,3.1739895668823372
poorer outcomes,0,5,0.0,0.3386799609840685,-5.274021641878283,-0.5188080919607804,3.1739895668823372
gap knowledge,0,5,0.0,0.3386799609840685,-5.274021641878283,-0.5188080919607804,3.1739895668823372
foundation launched,0,5,0.0,0.3386799609840685,-5.274021641878283,-0.5188080919607804,3.1739895668823372
advanced understanding,0,5,0.0,0.3386799609840685,-5.274021641878283,-0.5188080919607804,3.1739895668823372
provide biological,0,5,0.0,0.3386799609840685,-5.274021641878283,-0.5188080919607804,3.1739895668823372
based autism,0,5,0.0,0.3386799609840685,-5.274021641878283,-0.5188080919607804,3.1739895668823372
considerable progress,0,5,0.0,0.3386799609840685,-5.274021641878283,-0.5188080919607804,3.1739895668823372
asd measures,0,5,0.0,0.3386799609840685,-5.274021641878283,-0.5188080919607804,3.1739895668823372
matched control,0,5,0.0,0.3386799609840685,-5.274021641878283,-0.5188080919607804,3.1739895668823372
translated practices,0,5,0.0,0.3386799609840685,-5.274021641878283,-0.5188080919607804,3.1739895668823372
policy issues,0,5,0.0,0.3386799609840685,-5.274021641878283,-0.5188080919607804,3.1739895668823372
just beginning,0,5,0.0,0.3386799609840685,-5.274021641878283,-0.5188080919607804,3.1739895668823372
outcomes order,0,5,0.0,0.3386799609840685,-5.274021641878283,-0.5188080919607804,3.1739895668823372
continue coordinate,0,5,0.0,0.3386799609840685,-5.274021641878283,-0.5188080919607804,3.1739895668823372
continue research,0,5,0.0,0.3386799609840685,-5.274021641878283,-0.5188080919607804,3.1739895668823372
preliminary results,0,5,0.0,0.3386799609840685,-5.274021641878283,-0.5188080919607804,3.1739895668823372
adulthood research,0,5,0.0,0.3386799609840685,-5.274021641878283,-0.5188080919607804,3.1739895668823372
join registry,0,5,0.0,0.3386799609840685,-5.274021641878283,-0.5188080919607804,3.1739895668823372
barriers progress,0,5,0.0,0.3386799609840685,-5.274021641878283,-0.5188080919607804,3.1739895668823372
rapid progress,0,5,0.0,0.3386799609840685,-5.274021641878283,-0.5188080919607804,3.1739895668823372
school social,0,5,0.0,0.3386799609840685,-5.274021641878283,-0.5188080919607804,3.1739895668823372
development needed,0,5,0.0,0.3386799609840685,-5.274021641878283,-0.5188080919607804,3.1739895668823372
action research,0,5,0.0,0.3386799609840685,-5.274021641878283,-0.5188080919607804,3.1739895668823372
use screening,0,5,0.0,0.3386799609840685,-5.274021641878283,-0.5188080919607804,3.1739895668823372
data supporting,0,5,0.0,0.3386799609840685,-5.274021641878283,-0.5188080919607804,3.1739895668823372
suggest immune,0,5,0.0,0.3386799609840685,-5.274021641878283,-0.5188080919607804,3.1739895668823372
critical ensure,0,5,0.0,0.3386799609840685,-5.274021641878283,-0.5188080919607804,3.1739895668823372
methods measuring,0,5,0.0,0.3386799609840685,-5.274021641878283,-0.5188080919607804,3.1739895668823372
barriers families,0,5,0.0,0.3386799609840685,-5.274021641878283,-0.5188080919607804,3.1739895668823372
adults diagnosis,0,5,0.0,0.3386799609840685,-5.274021641878283,-0.5188080919607804,3.1739895668823372
risk development,0,5,0.0,0.3386799609840685,-5.274021641878283,-0.5188080919607804,3.1739895668823372
understand unique,0,5,0.0,0.3386799609840685,-5.274021641878283,-0.5188080919607804,3.1739895668823372
safety individuals,0,5,0.0,0.3386799609840685,-5.274021641878283,-0.5188080919607804,3.1739895668823372
parents advocates,0,5,0.0,0.3386799609840685,-5.274021641878283,-0.5188080919607804,3.1739895668823372
spectrum working,0,5,0.0,0.3386799609840685,-5.274021641878283,-0.5188080919607804,3.1739895668823372
residential support,0,5,0.0,0.3386799609840685,-5.274021641878283,-0.5188080919607804,3.1739895668823372
gaps remains,0,5,0.0,0.3386799609840685,-5.274021641878283,-0.5188080919607804,3.1739895668823372
discussed presentation,0,6,0.0,0.4064159531808822,-5.456027317681393,-0.5367983538315024,3.8087874802588044
discussed needs,0,6,0.0,0.4064159531808822,-5.456027317681393,-0.5367983538315024,3.8087874802588044
estimates epidemiologic,0,6,0.0,0.4064159531808822,-5.456027317681393,-0.5367983538315024,3.8087874802588044
group activities,0,6,0.0,0.4064159531808822,-5.456027317681393,-0.5367983538315024,3.8087874802588044
tissue repository,0,6,0.0,0.4064159531808822,-5.456027317681393,-0.5367983538315024,3.8087874802588044
families introduction,0,6,0.0,0.4064159531808822,-5.456027317681393,-0.5367983538315024,3.8087874802588044
quality-of-life measures,0,6,0.0,0.4064159531808822,-5.456027317681393,-0.5367983538315024,3.8087874802588044
treatment addition,0,6,0.0,0.4064159531808822,-5.456027317681393,-0.5367983538315024,3.8087874802588044
asd criminal,0,6,0.0,0.4064159531808822,-5.456027317681393,-0.5367983538315024,3.8087874802588044
understanding prevalence,0,6,0.0,0.4064159531808822,-5.456027317681393,-0.5367983538315024,3.8087874802588044
respect listen,0,6,0.0,0.4064159531808822,-5.456027317681393,-0.5367983538315024,3.8087874802588044
easy administers,0,6,0.0,0.4064159531808822,-5.456027317681393,-0.5367983538315024,3.8087874802588044
inequities disparities,0,6,0.0,0.4064159531808822,-5.456027317681393,-0.5367983538315024,3.8087874802588044
inform define,0,6,0.0,0.4064159531808822,-5.456027317681393,-0.5367983538315024,3.8087874802588044
epigenetics modifications,0,6,0.0,0.4064159531808822,-5.456027317681393,-0.5367983538315024,3.8087874802588044
range treatment,0,6,0.0,0.4064159531808822,-5.456027317681393,-0.5367983538315024,3.8087874802588044
discussion participants,0,6,0.0,0.4064159531808822,-5.456027317681393,-0.5367983538315024,3.8087874802588044
foster discussion,0,6,0.0,0.4064159531808822,-5.456027317681393,-0.5367983538315024,3.8087874802588044
rights dignity,0,6,0.0,0.4064159531808822,-5.456027317681393,-0.5367983538315024,3.8087874802588044
remote technology,0,6,0.0,0.4064159531808822,-5.456027317681393,-0.5367983538315024,3.8087874802588044
efficiently needs,0,6,0.0,0.4064159531808822,-5.456027317681393,-0.5367983538315024,3.8087874802588044
factors parental,0,6,0.0,0.4064159531808822,-5.456027317681393,-0.5367983538315024,3.8087874802588044
ganz rbrink,0,6,0.0,0.4064159531808822,-5.456027317681393,-0.5367983538315024,3.8087874802588044
focus coordinate,0,6,0.0,0.4064159531808822,-5.456027317681393,-0.5367983538315024,3.8087874802588044
rapidly efficiently,0,6,0.0,0.4064159531808822,-5.456027317681393,-0.5367983538315024,3.8087874802588044
asd nonverbal,0,6,0.0,0.4064159531808822,-5.456027317681393,-0.5367983538315024,3.8087874802588044
research forward,0,6,0.0,0.4064159531808822,-5.456027317681393,-0.5367983538315024,3.8087874802588044
underrepresented racial,0,6,0.0,0.4064159531808822,-5.456027317681393,-0.5367983538315024,3.8087874802588044
factors prevention,0,6,0.0,0.4064159531808822,-5.456027317681393,-0.5367983538315024,3.8087874802588044
autism presentation,0,6,0.0,0.4064159531808822,-5.456027317681393,-0.5367983538315024,3.8087874802588044
autism preferentially,0,6,0.0,0.4064159531808822,-5.456027317681393,-0.5367983538315024,3.8087874802588044
progression autism,0,6,0.0,0.4064159531808822,-5.456027317681393,-0.5367983538315024,3.8087874802588044
identifier guid,0,6,0.0,0.4064159531808822,-5.456027317681393,-0.5367983538315024,3.8087874802588044
samples needed,0,6,0.0,0.4064159531808822,-5.456027317681393,-0.5367983538315024,3.8087874802588044
research cbpr,0,6,0.0,0.4064159531808822,-5.456027317681393,-0.5367983538315024,3.8087874802588044
regarding possible,0,6,0.0,0.4064159531808822,-5.456027317681393,-0.5367983538315024,3.8087874802588044
treat respect,0,6,0.0,0.4064159531808822,-5.456027317681393,-0.5367983538315024,3.8087874802588044
improve public,0,6,0.0,0.4064159531808822,-5.456027317681393,-0.5367983538315024,3.8087874802588044
recent genetic,0,6,0.0,0.4064159531808822,-5.456027317681393,-0.5367983538315024,3.8087874802588044
factors necessary,0,6,0.0,0.4064159531808822,-5.456027317681393,-0.5367983538315024,3.8087874802588044
shared support,0,6,0.0,0.4064159531808822,-5.456027317681393,-0.5367983538315024,3.8087874802588044
medical symptoms,0,6,0.0,0.4064159531808822,-5.456027317681393,-0.5367983538315024,3.8087874802588044
profiles associated,0,6,0.0,0.4064159531808822,-5.456027317681393,-0.5367983538315024,3.8087874802588044
combination behavioral,0,6,0.0,0.4064159531808822,-5.456027317681393,-0.5367983538315024,3.8087874802588044
participants comfortably,0,6,0.0,0.4064159531808822,-5.456027317681393,-0.5367983538315024,3.8087874802588044
committee nvac,0,6,0.0,0.4064159531808822,-5.456027317681393,-0.5367983538315024,3.8087874802588044
common polygenic,0,6,0.0,0.4064159531808822,-5.456027317681393,-0.5367983538315024,3.8087874802588044
functional biological,0,6,0.0,0.4064159531808822,-5.456027317681393,-0.5367983538315024,3.8087874802588044
developmental brain,0,6,0.0,0.4064159531808822,-5.456027317681393,-0.5367983538315024,3.8087874802588044
number areas,0,6,0.0,0.4064159531808822,-5.456027317681393,-0.5367983538315024,3.8087874802588044
socioeconomic resources,0,6,0.0,0.4064159531808822,-5.456027317681393,-0.5367983538315024,3.8087874802588044
number exposure,0,6,0.0,0.4064159531808822,-5.456027317681393,-0.5367983538315024,3.8087874802588044
panel discussed,0,6,0.0,0.4064159531808822,-5.456027317681393,-0.5367983538315024,3.8087874802588044
speaks supported,0,6,0.0,0.4064159531808822,-5.456027317681393,-0.5367983538315024,3.8087874802588044
multiple causes,0,6,0.0,0.4064159531808822,-5.456027317681393,-0.5367983538315024,3.8087874802588044
addressed issues,0,6,0.0,0.4064159531808822,-5.456027317681393,-0.5367983538315024,3.8087874802588044
administers sensitive,0,6,0.0,0.4064159531808822,-5.456027317681393,-0.5367983538315024,3.8087874802588044
long covid,0,6,0.0,0.4064159531808822,-5.456027317681393,-0.5367983538315024,3.8087874802588044
challenges improving,0,6,0.0,0.4064159531808822,-5.456027317681393,-0.5367983538315024,3.8087874802588044
accessible researchers,0,6,0.0,0.4064159531808822,-5.456027317681393,-0.5367983538315024,3.8087874802588044
collection preservation,0,6,0.0,0.4064159531808822,-5.456027317681393,-0.5367983538315024,3.8087874802588044
post-mortem tissue,0,6,0.0,0.4064159531808822,-5.456027317681393,-0.5367983538315024,3.8087874802588044
nimh genetic,0,6,0.0,0.4064159531808822,-5.456027317681393,-0.5367983538315024,3.8087874802588044
presentation address,0,6,0.0,0.4064159531808822,-5.456027317681393,-0.5367983538315024,3.8087874802588044
studies center,0,6,0.0,0.4064159531808822,-5.456027317681393,-0.5367983538315024,3.8087874802588044
negative results,0,6,0.0,0.4064159531808822,-5.456027317681393,-0.5367983538315024,3.8087874802588044
described work,0,6,0.0,0.4064159531808822,-5.456027317681393,-0.5367983538315024,3.8087874802588044
skin fibroblasts,0,6,0.0,0.4064159531808822,-5.456027317681393,-0.5367983538315024,3.8087874802588044
silencing activation,0,6,0.0,0.4064159531808822,-5.456027317681393,-0.5367983538315024,3.8087874802588044
large asd,0,6,0.0,0.4064159531808822,-5.456027317681393,-0.5367983538315024,3.8087874802588044
ips cell,0,6,0.0,0.4064159531808822,-5.456027317681393,-0.5367983538315024,3.8087874802588044
practitioners educators,0,6,0.0,0.4064159531808822,-5.456027317681393,-0.5367983538315024,3.8087874802588044
introduction question,0,6,0.0,0.4064159531808822,-5.456027317681393,-0.5367983538315024,3.8087874802588044
boys men,0,6,0.0,0.4064159531808822,-5.456027317681393,-0.5367983538315024,3.8087874802588044
participants panel,0,6,0.0,0.4064159531808822,-5.456027317681393,-0.5367983538315024,3.8087874802588044
biospecimens people,0,6,0.0,0.4064159531808822,-5.456027317681393,-0.5367983538315024,3.8087874802588044
activation genes,0,6,0.0,0.4064159531808822,-5.456027317681393,-0.5367983538315024,3.8087874802588044
cognitive signs,0,6,0.0,0.4064159531808822,-5.456027317681393,-0.5367983538315024,3.8087874802588044
needs focus,0,6,0.0,0.4064159531808822,-5.456027317681393,-0.5367983538315024,3.8087874802588044
significant challenging,0,6,0.0,0.4064159531808822,-5.456027317681393,-0.5367983538315024,3.8087874802588044
years seen,0,6,0.0,0.4064159531808822,-5.456027317681393,-0.5367983538315024,3.8087874802588044
number samples,0,6,0.0,0.4064159531808822,-5.456027317681393,-0.5367983538315024,3.8087874802588044
syndromic asd,0,6,0.0,0.4064159531808822,-5.456027317681393,-0.5367983538315024,3.8087874802588044
center director,0,6,0.0,0.4064159531808822,-5.456027317681393,-0.5367983538315024,3.8087874802588044
campaign encourage,0,6,0.0,0.4064159531808822,-5.456027317681393,-0.5367983538315024,3.8087874802588044
measures easy,0,6,0.0,0.4064159531808822,-5.456027317681393,-0.5367983538315024,3.8087874802588044
value emphasized,0,6,0.0,0.4064159531808822,-5.456027317681393,-0.5367983538315024,3.8087874802588044
best people,0,6,0.0,0.4064159531808822,-5.456027317681393,-0.5367983538315024,3.8087874802588044
core behavior,0,6,0.0,0.4064159531808822,-5.456027317681393,-0.5367983538315024,3.8087874802588044
open mind,0,6,0.0,0.4064159531808822,-5.456027317681393,-0.5367983538315024,3.8087874802588044
initiative including,0,6,0.0,0.4064159531808822,-5.456027317681393,-0.5367983538315024,3.8087874802588044
cell therapy,0,6,0.0,0.4064159531808822,-5.456027317681393,-0.5367983538315024,3.8087874802588044
making differences,0,6,0.0,0.4064159531808822,-5.456027317681393,-0.5367983538315024,3.8087874802588044
physical distancing,0,6,0.0,0.4064159531808822,-5.456027317681393,-0.5367983538315024,3.8087874802588044
cellular levels,0,6,0.0,0.4064159531808822,-5.456027317681393,-0.5367983538315024,3.8087874802588044
census bureau,0,6,0.0,0.4064159531808822,-5.456027317681393,-0.5367983538315024,3.8087874802588044
minority background,0,6,0.0,0.4064159531808822,-5.456027317681393,-0.5367983538315024,3.8087874802588044
value iacc,0,6,0.0,0.4064159531808822,-5.456027317681393,-0.5367983538315024,3.8087874802588044
options children,0,6,0.0,0.4064159531808822,-5.456027317681393,-0.5367983538315024,3.8087874802588044
phases life,0,6,0.0,0.4064159531808822,-5.456027317681393,-0.5367983538315024,3.8087874802588044
population community,0,6,0.0,0.4064159531808822,-5.456027317681393,-0.5367983538315024,3.8087874802588044
phenotypes asd,0,6,0.0,0.4064159531808822,-5.456027317681393,-0.5367983538315024,3.8087874802588044
context asd,0,6,0.0,0.4064159531808822,-5.456027317681393,-0.5367983538315024,3.8087874802588044
supported simons,0,6,0.0,0.4064159531808822,-5.456027317681393,-0.5367983538315024,3.8087874802588044
disabilities programs,1,5,0.18133023863059403,0.3386799609840685,-0.5684440105688253,-0.5383596188926502,0.3714573949167831
integrated employment,1,5,0.18133023863059403,0.3386799609840685,-0.5696115626641269,-0.5391203841840175,0.3714573949167831
girls autism,0,5,0.0,0.3386799609840685,-5.120193449367106,-0.5439448383977904,3.1739895668823372
workshop held,0,5,0.0,0.3386799609840685,-5.120193449367106,-0.5439448383977904,3.1739895668823372
asd work,0,5,0.0,0.3386799609840685,-5.120193449367106,-0.5439448383977904,3.1739895668823372
needs training,0,5,0.0,0.3386799609840685,-5.120193449367106,-0.5439448383977904,3.1739895668823372
measures treatment,0,5,0.0,0.3386799609840685,-5.120193449367106,-0.5439448383977904,3.1739895668823372
demonstrated efficacy,0,5,0.0,0.3386799609840685,-5.120193449367106,-0.5439448383977904,3.1739895668823372
years add,0,5,0.0,0.3386799609840685,-5.120193449367106,-0.5439448383977904,3.1739895668823372
know needs,0,5,0.0,0.3386799609840685,-5.120193449367106,-0.5439448383977904,3.1739895668823372
aspects brain,0,5,0.0,0.3386799609840685,-5.120193449367106,-0.5439448383977904,3.1739895668823372
human resources,0,5,0.0,0.3386799609840685,-5.120193449367106,-0.5439448383977904,3.1739895668823372
brain autistic,0,5,0.0,0.3386799609840685,-5.120193449367106,-0.5439448383977904,3.1739895668823372
spectrum increased,0,5,0.0,0.3386799609840685,-5.120193449367106,-0.5439448383977904,3.1739895668823372
measures developed,0,5,0.0,0.3386799609840685,-5.120193449367106,-0.5439448383977904,3.1739895668823372
specific treatment,0,5,0.0,0.3386799609840685,-5.120193449367106,-0.5439448383977904,3.1739895668823372
pediatrics vanderbilt,0,5,0.0,0.3386799609840685,-5.120193449367106,-0.5439448383977904,3.1739895668823372
collection data,0,5,0.0,0.3386799609840685,-5.120193449367106,-0.5439448383977904,3.1739895668823372
people co-occurring,0,5,0.0,0.3386799609840685,-5.120193449367106,-0.5439448383977904,3.1739895668823372
return investment,0,5,0.0,0.3386799609840685,-5.120193449367106,-0.5439448383977904,3.1739895668823372
biological consequences,0,5,0.0,0.3386799609840685,-5.120193449367106,-0.5439448383977904,3.1739895668823372
baton rouge,0,5,0.0,0.3386799609840685,-5.120193449367106,-0.5439448383977904,3.1739895668823372
addressed question,0,5,0.0,0.3386799609840685,-5.120193449367106,-0.5439448383977904,3.1739895668823372
exceeded recommended,0,5,0.0,0.3386799609840685,-5.120193449367106,-0.5439448383977904,3.1739895668823372
understanding genes,0,5,0.0,0.3386799609840685,-5.120193449367106,-0.5439448383977904,3.1739895668823372
review interventions,0,5,0.0,0.3386799609840685,-5.120193449367106,-0.5439448383977904,3.1739895668823372
new areas,0,5,0.0,0.3386799609840685,-5.120193449367106,-0.5439448383977904,3.1739895668823372
commonly co-occur,0,5,0.0,0.3386799609840685,-5.120193449367106,-0.5439448383977904,3.1739895668823372
compared males,0,5,0.0,0.3386799609840685,-5.120193449367106,-0.5439448383977904,3.1739895668823372
impairment communication,0,5,0.0,0.3386799609840685,-5.120193449367106,-0.5439448383977904,3.1739895668823372
better assess,0,5,0.0,0.3386799609840685,-5.120193449367106,-0.5439448383977904,3.1739895668823372
important resources,0,5,0.0,0.3386799609840685,-5.120193449367106,-0.5439448383977904,3.1739895668823372
unique asd,0,5,0.0,0.3386799609840685,-5.120193449367106,-0.5439448383977904,3.1739895668823372
understand interactions,0,5,0.0,0.3386799609840685,-5.120193449367106,-0.5439448383977904,3.1739895668823372
group interventions,0,5,0.0,0.3386799609840685,-5.120193449367106,-0.5439448383977904,3.1739895668823372
response rates,0,5,0.0,0.3386799609840685,-5.120193449367106,-0.5439448383977904,3.1739895668823372
methods identifying,0,5,0.0,0.3386799609840685,-5.120193449367106,-0.5439448383977904,3.1739895668823372
autism association,0,5,0.0,0.3386799609840685,-5.120193449367106,-0.5439448383977904,3.1739895668823372
community partnerships,0,5,0.0,0.3386799609840685,-5.120193449367106,-0.5439448383977904,3.1739895668823372
council disabilities,0,5,0.0,0.3386799609840685,-5.120193449367106,-0.5439448383977904,3.1739895668823372
important needs,0,5,0.0,0.3386799609840685,-5.120193449367106,-0.5439448383977904,3.1739895668823372
cost effective,0,5,0.0,0.3386799609840685,-5.120193449367106,-0.5439448383977904,3.1739895668823372
neurotypical individuals,0,5,0.0,0.3386799609840685,-5.120193449367106,-0.5439448383977904,3.1739895668823372
genetic influence,0,5,0.0,0.3386799609840685,-5.120193449367106,-0.5439448383977904,3.1739895668823372
studies necessary,0,5,0.0,0.3386799609840685,-5.120193449367106,-0.5439448383977904,3.1739895668823372
disadvantaged population,0,5,0.0,0.3386799609840685,-5.120193449367106,-0.5439448383977904,3.1739895668823372
studies high,0,5,0.0,0.3386799609840685,-5.120193449367106,-0.5439448383977904,3.1739895668823372
early ages,0,5,0.0,0.3386799609840685,-5.120193449367106,-0.5439448383977904,3.1739895668823372
challenges asd,0,5,0.0,0.3386799609840685,-5.120193449367106,-0.5439448383977904,3.1739895668823372
different genes,0,5,0.0,0.3386799609840685,-5.120193449367106,-0.5439448383977904,3.1739895668823372
non-human primate,0,5,0.0,0.3386799609840685,-5.120193449367106,-0.5439448383977904,3.1739895668823372
disorder additional,0,5,0.0,0.3386799609840685,-5.120193449367106,-0.5439448383977904,3.1739895668823372
cell types,0,5,0.0,0.3386799609840685,-5.120193449367106,-0.5439448383977904,3.1739895668823372
diagnosis assessment,0,5,0.0,0.3386799609840685,-5.120193449367106,-0.5439448383977904,3.1739895668823372
technology allow,0,5,0.0,0.3386799609840685,-5.120193449367106,-0.5439448383977904,3.1739895668823372
investigation earli,0,5,0.0,0.3386799609840685,-5.120193449367106,-0.5439448383977904,3.1739895668823372
objectives plan,0,5,0.0,0.3386799609840685,-5.120193449367106,-0.5439448383977904,3.1739895668823372
investigate differences,0,5,0.0,0.3386799609840685,-5.120193449367106,-0.5439448383977904,3.1739895668823372
significant growth,0,5,0.0,0.3386799609840685,-5.120193449367106,-0.5439448383977904,3.1739895668823372
asd response,0,5,0.0,0.3386799609840685,-5.120193449367106,-0.5439448383977904,3.1739895668823372
asd resources,0,5,0.0,0.3386799609840685,-5.120193449367106,-0.5439448383977904,3.1739895668823372
increasing evidence,0,5,0.0,0.3386799609840685,-5.120193449367106,-0.5439448383977904,3.1739895668823372
interventions tools,0,5,0.0,0.3386799609840685,-5.120193449367106,-0.5439448383977904,3.1739895668823372
develop services,0,5,0.0,0.3386799609840685,-5.120193449367106,-0.5439448383977904,3.1739895668823372
autistic behavior,0,5,0.0,0.3386799609840685,-5.120193449367106,-0.5439448383977904,3.1739895668823372
issues identified,0,5,0.0,0.3386799609840685,-5.120193449367106,-0.5439448383977904,3.1739895668823372
child's health,0,5,0.0,0.3386799609840685,-5.120193449367106,-0.5439448383977904,3.1739895668823372
information adults,0,5,0.0,0.3386799609840685,-5.120193449367106,-0.5439448383977904,3.1739895668823372
abnormal behavior,0,5,0.0,0.3386799609840685,-5.120193449367106,-0.5439448383977904,3.1739895668823372
submicroscopic deletions,0,5,0.0,0.3386799609840685,-5.120193449367106,-0.5439448383977904,3.1739895668823372
children public,0,5,0.0,0.3386799609840685,-5.120193449367106,-0.5439448383977904,3.1739895668823372
accessing needed,0,5,0.0,0.3386799609840685,-5.120193449367106,-0.5439448383977904,3.1739895668823372
directed medical,1,5,0.18133023863059403,0.3386799609840685,-0.5814041073022462,-0.5467417641181763,0.3714573949167831
congressionally directed,1,5,0.18133023863059403,0.3386799609840685,-0.5825952104451826,-0.5475052634100119,0.3714573949167831
individuals diagnosed,1,5,0.18133023863059403,0.3386799609840685,-0.5825952104451826,-0.5475052634100119,0.3714573949167831
activities federal,1,5,0.18133023863059403,0.3386799609840685,-0.5825952104451826,-0.5475052634100119,0.3714573949167831
report provide,1,5,0.18133023863059403,0.3386799609840685,-0.5837884948899887,-0.5482690080701298,0.3714573949167831
diagnosis children,1,5,0.18133023863059403,0.3386799609840685,-0.5873815046876416,-0.5505617087105498,0.3714573949167831
community support,1,5,0.18133023863059403,0.3386799609840685,-0.5922031417928029,-0.5536220439286835,0.3714573949167831
health health,1,5,0.18133023863059403,0.3386799609840685,-0.5922031417928029,-0.5536220439286835,0.3714573949167831
competitive employment,1,5,0.18133023863059403,0.3386799609840685,-0.5934141258955776,-0.5543877311958694,0.3714573949167831
report congress,3,12,0.543990715891782,0.8128319063617644,-0.3453274094566048,-0.5560307639255193,0.41810925766227935
social behavioral,1,5,0.18133023863059403,0.3386799609840685,-0.5970605713558683,-0.5566862317859155,0.3714573949167831
services department,1,5,0.18133023863059403,0.3386799609840685,-0.5982805748009383,-0.5574528762187249,0.3714573949167831
diagnostic treatment,1,5,0.18133023863059403,0.3386799609840685,-0.6007274075136184,-0.55898687772929,0.3714573949167831
causes autism,1,5,0.18133023863059403,0.3386799609840685,-0.6019542513611906,-0.5597542335499929,0.3714573949167831
fetal brain,1,5,0.18133023863059403,0.3386799609840685,-0.6019542513611906,-0.5597542335499929,0.3714573949167831
outcomes studies,1,5,0.18133023863059403,0.3386799609840685,-0.6031833899797672,-0.5605218252329895,0.3714573949167831
question specific,1,5,0.18133023863059403,0.3386799609840685,-0.6068846483910555,-0.5628260089901058,0.3714573949167831
technology development,1,5,0.18133023863059403,0.3386799609840685,-0.6068846483910555,-0.5628260089901058,0.3714573949167831
wit asd,0,6,0.0,0.4064159531808822,-5.30214546822941,-0.5633800925448437,3.8087874802588044
mri methods,0,6,0.0,0.4064159531808822,-5.30214546822941,-0.5633800925448437,3.8087874802588044
understanding factors,0,6,0.0,0.4064159531808822,-5.30214546822941,-0.5633800925448437,3.8087874802588044
motor development,0,6,0.0,0.4064159531808822,-5.30214546822941,-0.5633800925448437,3.8087874802588044
accessing appropriate,0,6,0.0,0.4064159531808822,-5.30214546822941,-0.5633800925448437,3.8087874802588044
research biological,0,6,0.0,0.4064159531808822,-5.30214546822941,-0.5633800925448437,3.8087874802588044
diagnostic approaches,0,6,0.0,0.4064159531808822,-5.30214546822941,-0.5633800925448437,3.8087874802588044
participatory action,0,6,0.0,0.4064159531808822,-5.30214546822941,-0.5633800925448437,3.8087874802588044
focus making,0,6,0.0,0.4064159531808822,-5.30214546822941,-0.5633800925448437,3.8087874802588044
rare mutations,0,6,0.0,0.4064159531808822,-5.30214546822941,-0.5633800925448437,3.8087874802588044
advances studies,0,6,0.0,0.4064159531808822,-5.30214546822941,-0.5633800925448437,3.8087874802588044
spectrum example,0,6,0.0,0.4064159531808822,-5.30214546822941,-0.5633800925448437,3.8087874802588044
function asd,0,6,0.0,0.4064159531808822,-5.30214546822941,-0.5633800925448437,3.8087874802588044
recent review,0,6,0.0,0.4064159531808822,-5.30214546822941,-0.5633800925448437,3.8087874802588044
recent work,0,6,0.0,0.4064159531808822,-5.30214546822941,-0.5633800925448437,3.8087874802588044
inspire research,0,6,0.0,0.4064159531808822,-5.30214546822941,-0.5633800925448437,3.8087874802588044
accelerate inspire,0,6,0.0,0.4064159531808822,-5.30214546822941,-0.5633800925448437,3.8087874802588044
systems research,0,6,0.0,0.4064159531808822,-5.30214546822941,-0.5633800925448437,3.8087874802588044
different levels,0,6,0.0,0.4064159531808822,-5.30214546822941,-0.5633800925448437,3.8087874802588044
research highest,0,6,0.0,0.4064159531808822,-5.30214546822941,-0.5633800925448437,3.8087874802588044
differences types,0,6,0.0,0.4064159531808822,-5.30214546822941,-0.5633800925448437,3.8087874802588044
example recent,0,6,0.0,0.4064159531808822,-5.30214546822941,-0.5633800925448437,3.8087874802588044
attention needed,0,6,0.0,0.4064159531808822,-5.30214546822941,-0.5633800925448437,3.8087874802588044
objectives note,0,6,0.0,0.4064159531808822,-5.30214546822941,-0.5633800925448437,3.8087874802588044
disorder currently,0,6,0.0,0.4064159531808822,-5.30214546822941,-0.5633800925448437,3.8087874802588044
experience people,0,6,0.0,0.4064159531808822,-5.30214546822941,-0.5633800925448437,3.8087874802588044
multiple domain,0,6,0.0,0.4064159531808822,-5.30214546822941,-0.5633800925448437,3.8087874802588044
remains unclear,0,6,0.0,0.4064159531808822,-5.30214546822941,-0.5633800925448437,3.8087874802588044
duplication genetic,0,6,0.0,0.4064159531808822,-5.30214546822941,-0.5633800925448437,3.8087874802588044
leading delays,0,6,0.0,0.4064159531808822,-5.30214546822941,-0.5633800925448437,3.8087874802588044
genomics studies,0,6,0.0,0.4064159531808822,-5.30214546822941,-0.5633800925448437,3.8087874802588044
target interventions,0,6,0.0,0.4064159531808822,-5.30214546822941,-0.5633800925448437,3.8087874802588044
using new,0,6,0.0,0.4064159531808822,-5.30214546822941,-0.5633800925448437,3.8087874802588044
gastrointestinal disturbances,0,6,0.0,0.4064159531808822,-5.30214546822941,-0.5633800925448437,3.8087874802588044
investment needed,0,6,0.0,0.4064159531808822,-5.30214546822941,-0.5633800925448437,3.8087874802588044
stereotyped behavior,0,6,0.0,0.4064159531808822,-5.30214546822941,-0.5633800925448437,3.8087874802588044
increase public,0,6,0.0,0.4064159531808822,-5.30214546822941,-0.5633800925448437,3.8087874802588044
families medical,0,6,0.0,0.4064159531808822,-5.30214546822941,-0.5633800925448437,3.8087874802588044
coordinate accelerate,0,6,0.0,0.4064159531808822,-5.30214546822941,-0.5633800925448437,3.8087874802588044
activities section,0,6,0.0,0.4064159531808822,-5.30214546822941,-0.5633800925448437,3.8087874802588044
strengths weakness,0,6,0.0,0.4064159531808822,-5.30214546822941,-0.5633800925448437,3.8087874802588044
including needs,0,6,0.0,0.4064159531808822,-5.30214546822941,-0.5633800925448437,3.8087874802588044
increasing demands,0,6,0.0,0.4064159531808822,-5.30214546822941,-0.5633800925448437,3.8087874802588044
trials demonstrated,0,6,0.0,0.4064159531808822,-5.30214546822941,-0.5633800925448437,3.8087874802588044
increasing recognition,0,6,0.0,0.4064159531808822,-5.30214546822941,-0.5633800925448437,3.8087874802588044
necessary infrastructure,0,6,0.0,0.4064159531808822,-5.30214546822941,-0.5633800925448437,3.8087874802588044
interventions recent,0,6,0.0,0.4064159531808822,-5.30214546822941,-0.5633800925448437,3.8087874802588044
repository genomics,0,6,0.0,0.4064159531808822,-5.30214546822941,-0.5633800925448437,3.8087874802588044
animal studies,0,6,0.0,0.4064159531808822,-5.30214546822941,-0.5633800925448437,3.8087874802588044
samples nimh,0,6,0.0,0.4064159531808822,-5.30214546822941,-0.5633800925448437,3.8087874802588044
growing body,0,6,0.0,0.4064159531808822,-5.30214546822941,-0.5633800925448437,3.8087874802588044
educational services,1,5,0.18133023863059403,0.3386799609840685,-0.6081230401972295,-0.5635945376260513,0.3714573949167831
identify new,1,5,0.18133023863059403,0.3386799609840685,-0.6093637640010083,-0.564363298845425,0.3714573949167831
brain growth,1,5,0.18133023863059403,0.3386799609840685,-0.6093637640010083,-0.564363298845425,0.3714573949167831
early intensive,1,5,0.18133023863059403,0.3386799609840685,-0.6093637640010083,-0.564363298845425,0.3714573949167831
outcomes autism,1,5,0.18133023863059403,0.3386799609840685,-0.6106068273533669,-0.5651322919738391,0.3714573949167831
model autism,1,5,0.18133023863059403,0.3386799609840685,-0.6118522378410152,-0.5659015163305894,0.3714573949167831
brain bank,0,5,0.0,0.3386799609840685,-4.986984440082573,-0.5662820638676035,3.1739895668823372
needed research,0,5,0.0,0.3386799609840685,-4.986984440082573,-0.5662820638676035,3.1739895668823372
families participate,0,5,0.0,0.3386799609840685,-4.986984440082573,-0.5662820638676035,3.1739895668823372
types data,0,5,0.0,0.3386799609840685,-4.986984440082573,-0.5662820638676035,3.1739895668823372
recent progress,0,5,0.0,0.3386799609840685,-4.986984440082573,-0.5662820638676035,3.1739895668823372
needs greater,0,5,0.0,0.3386799609840685,-4.986984440082573,-0.5662820638676035,3.1739895668823372
meta-analysis studies,0,5,0.0,0.3386799609840685,-4.986984440082573,-0.5662820638676035,3.1739895668823372
highlights iacc,0,5,0.0,0.3386799609840685,-4.986984440082573,-0.5662820638676035,3.1739895668823372
strengths challenges,0,5,0.0,0.3386799609840685,-4.986984440082573,-0.5662820638676035,3.1739895668823372
asd previous,0,5,0.0,0.3386799609840685,-4.986984440082573,-0.5662820638676035,3.1739895668823372
treatment lead,0,5,0.0,0.3386799609840685,-4.986984440082573,-0.5662820638676035,3.1739895668823372
verbal individuals,0,5,0.0,0.3386799609840685,-4.986984440082573,-0.5662820638676035,3.1739895668823372
studies brain,0,5,0.0,0.3386799609840685,-4.986984440082573,-0.5662820638676035,3.1739895668823372
children needs,0,5,0.0,0.3386799609840685,-4.986984440082573,-0.5662820638676035,3.1739895668823372
health organizations,0,5,0.0,0.3386799609840685,-4.986984440082573,-0.5662820638676035,3.1739895668823372
conditions intellectual,0,5,0.0,0.3386799609840685,-4.986984440082573,-0.5662820638676035,3.1739895668823372
tissue research,0,5,0.0,0.3386799609840685,-4.986984440082573,-0.5662820638676035,3.1739895668823372
group convened,0,5,0.0,0.3386799609840685,-4.986984440082573,-0.5662820638676035,3.1739895668823372
minority community,0,5,0.0,0.3386799609840685,-4.986984440082573,-0.5662820638676035,3.1739895668823372
held workshop,0,5,0.0,0.3386799609840685,-4.986984440082573,-0.5662820638676035,3.1739895668823372
years progress,0,5,0.0,0.3386799609840685,-4.986984440082573,-0.5662820638676035,3.1739895668823372
strategies reduce,0,5,0.0,0.3386799609840685,-4.986984440082573,-0.5662820638676035,3.1739895668823372
center collaborative,0,5,0.0,0.3386799609840685,-4.986984440082573,-0.5662820638676035,3.1739895668823372
families core,0,5,0.0,0.3386799609840685,-4.986984440082573,-0.5662820638676035,3.1739895668823372
greater understanding,0,5,0.0,0.3386799609840685,-4.986984440082573,-0.5662820638676035,3.1739895668823372
combining data,0,5,0.0,0.3386799609840685,-4.986984440082573,-0.5662820638676035,3.1739895668823372
asd specifically,0,5,0.0,0.3386799609840685,-4.986984440082573,-0.5662820638676035,3.1739895668823372
research introduction,0,5,0.0,0.3386799609840685,-4.986984440082573,-0.5662820638676035,3.1739895668823372
funded government,0,5,0.0,0.3386799609840685,-4.986984440082573,-0.5662820638676035,3.1739895668823372
biomarkers predict,0,5,0.0,0.3386799609840685,-4.986984440082573,-0.5662820638676035,3.1739895668823372
risk longitudinal,0,5,0.0,0.3386799609840685,-4.986984440082573,-0.5662820638676035,3.1739895668823372
infrastructure support,0,5,0.0,0.3386799609840685,-4.986984440082573,-0.5662820638676035,3.1739895668823372
congress passed,0,5,0.0,0.3386799609840685,-4.986984440082573,-0.5662820638676035,3.1739895668823372
asd causes,0,5,0.0,0.3386799609840685,-4.986984440082573,-0.5662820638676035,3.1739895668823372
approximately subjects,0,5,0.0,0.3386799609840685,-4.986984440082573,-0.5662820638676035,3.1739895668823372
efficacy behavioral,0,5,0.0,0.3386799609840685,-4.986984440082573,-0.5662820638676035,3.1739895668823372
determine long-term,0,5,0.0,0.3386799609840685,-4.986984440082573,-0.5662820638676035,3.1739895668823372
early infancy,0,5,0.0,0.3386799609840685,-4.986984440082573,-0.5662820638676035,3.1739895668823372
symptoms building,0,5,0.0,0.3386799609840685,-4.986984440082573,-0.5662820638676035,3.1739895668823372
coverage individuals,0,5,0.0,0.3386799609840685,-4.986984440082573,-0.5662820638676035,3.1739895668823372
validate tools,0,5,0.0,0.3386799609840685,-4.986984440082573,-0.5662820638676035,3.1739895668823372
issues faced,0,5,0.0,0.3386799609840685,-4.986984440082573,-0.5662820638676035,3.1739895668823372
significant needs,0,5,0.0,0.3386799609840685,-4.986984440082573,-0.5662820638676035,3.1739895668823372
early access,0,5,0.0,0.3386799609840685,-4.986984440082573,-0.5662820638676035,3.1739895668823372
earlier life,0,5,0.0,0.3386799609840685,-4.986984440082573,-0.5662820638676035,3.1739895668823372
date studies,0,5,0.0,0.3386799609840685,-4.986984440082573,-0.5662820638676035,3.1739895668823372
interventions use,0,5,0.0,0.3386799609840685,-4.986984440082573,-0.5662820638676035,3.1739895668823372
private foundation,0,5,0.0,0.3386799609840685,-4.986984440082573,-0.5662820638676035,3.1739895668823372
levels children,0,5,0.0,0.3386799609840685,-4.986984440082573,-0.5662820638676035,3.1739895668823372
use community,0,5,0.0,0.3386799609840685,-4.986984440082573,-0.5662820638676035,3.1739895668823372
institute medicine,0,5,0.0,0.3386799609840685,-4.986984440082573,-0.5662820638676035,3.1739895668823372
diagnosis families,0,5,0.0,0.3386799609840685,-4.986984440082573,-0.5662820638676035,3.1739895668823372
specific time,0,5,0.0,0.3386799609840685,-4.986984440082573,-0.5662820638676035,3.1739895668823372
progress areas,0,5,0.0,0.3386799609840685,-4.986984440082573,-0.5662820638676035,3.1739895668823372
autism specifically,0,5,0.0,0.3386799609840685,-4.986984440082573,-0.5662820638676035,3.1739895668823372
variants associated,0,5,0.0,0.3386799609840685,-4.986984440082573,-0.5662820638676035,3.1739895668823372
individuals experience,0,5,0.0,0.3386799609840685,-4.986984440082573,-0.5662820638676035,3.1739895668823372
inform prognosis,0,5,0.0,0.3386799609840685,-4.986984440082573,-0.5662820638676035,3.1739895668823372
autism lifespan,1,5,0.18133023863059403,0.3386799609840685,-0.61310000308662,-0.5666709712286059,0.3714573949167831
focus research,1,5,0.18133023863059403,0.3386799609840685,-0.6143501307490329,-0.5674406559744036,0.3714573949167831
determine interventions,1,5,0.18133023863059403,0.3386799609840685,-0.6143501307490329,-0.5674406559744036,0.3714573949167831
support large-scale,1,5,0.18133023863059403,0.3386799609840685,-0.6156026285235185,-0.5682105698680348,0.3714573949167831
research environmental,1,5,0.18133023863059403,0.3386799609840685,-0.6156026285235185,-0.5682105698680348,0.3714573949167831
compared general,1,5,0.18133023863059403,0.3386799609840685,-0.6168575041419864,-0.5689807122030396,0.3714573949167831
social work,1,5,0.18133023863059403,0.3386799609840685,-0.6168575041419864,-0.5689807122030396,0.3714573949167831
group people,1,5,0.18133023863059403,0.3386799609840685,-0.6168575041419864,-0.5689807122030396,0.3714573949167831
research policy,1,5,0.18133023863059403,0.3386799609840685,-0.6168575041419864,-0.5689807122030396,0.3714573949167831
surveillance programs,1,5,0.18133023863059403,0.3386799609840685,-0.6181147653732175,-0.5697510822663918,0.3714573949167831
improved identification,1,5,0.18133023863059403,0.3386799609840685,-0.6181147653732175,-0.5697510822663918,0.3714573949167831
development communication,1,5,0.18133023863059403,0.3386799609840685,-0.6181147653732175,-0.5697510822663918,0.3714573949167831
genes identified,1,5,0.18133023863059403,0.3386799609840685,-0.6181147653732175,-0.5697510822663918,0.3714573949167831
adults transition,1,5,0.18133023863059403,0.3386799609840685,-0.6181147653732175,-0.5697510822663918,0.3714573949167831
number variants,1,5,0.18133023863059403,0.3386799609840685,-0.6181147653732175,-0.5697510822663918,0.3714573949167831
data infrastructure,1,5,0.18133023863059403,0.3386799609840685,-0.6181147653732175,-0.5697510822663918,0.3714573949167831
state policy,1,5,0.18133023863059403,0.3386799609840685,-0.6181147653732175,-0.5697510822663918,0.3714573949167831
pediatrics care,1,5,0.18133023863059403,0.3386799609840685,-0.6181147653732175,-0.5697510822663918,0.3714573949167831
develop biomarkers,1,5,0.18133023863059403,0.3386799609840685,-0.6193744200231048,-0.5705216793384547,0.3714573949167831
clinical developmental,1,5,0.18133023863059403,0.3386799609840685,-0.6193744200231048,-0.5705216793384547,0.3714573949167831
cause asd,1,5,0.18133023863059403,0.3386799609840685,-0.6193744200231048,-0.5705216793384547,0.3714573949167831
research identified,1,5,0.18133023863059403,0.3386799609840685,-0.6193744200231048,-0.5705216793384547,0.3714573949167831
scientific studies,1,5,0.18133023863059403,0.3386799609840685,-0.6219009409893701,-0.5720635515967817,0.3714573949167831
asd specific,1,5,0.18133023863059403,0.3386799609840685,-0.6219009409893701,-0.5720635515967817,0.3714573949167831
needs addressed,1,5,0.18133023863059403,0.3386799609840685,-0.6219009409893701,-0.5720635515967817,0.3714573949167831
understanding population,1,5,0.18133023863059403,0.3386799609840685,-0.6219009409893701,-0.5720635515967817,0.3714573949167831
plan updated,1,5,0.18133023863059403,0.3386799609840685,-0.6219009409893701,-0.5720635515967817,0.3714573949167831
school systems,1,5,0.18133023863059403,0.3386799609840685,-0.6231678231052022,-0.5728348253102379,0.3714573949167831
school provide,1,5,0.18133023863059403,0.3386799609840685,-0.6231678231052022,-0.5728348253102379,0.3714573949167831
families face,1,5,0.18133023863059403,0.3386799609840685,-0.6231678231052022,-0.5728348253102379,0.3714573949167831
autism time,1,5,0.18133023863059403,0.3386799609840685,-0.6231678231052022,-0.5728348253102379,0.3714573949167831
support strategies,1,5,0.18133023863059403,0.3386799609840685,-0.6231678231052022,-0.5728348253102379,0.3714573949167831
aac use,1,5,0.18133023863059403,0.3386799609840685,-0.6231678231052022,-0.5728348253102379,0.3714573949167831
workforce development,5,18,0.9066511931529703,1.2192478595426466,-0.28595821720471726,-0.5728406377887744,0.3624025887889677
rigorous studies,1,5,0.18133023863059403,0.3386799609840685,-0.6244371302390768,-0.5736063230866824,0.3714573949167831
direct observation,1,5,0.18133023863059403,0.3386799609840685,-0.6244371302390768,-0.5736063230866824,0.3714573949167831
estimated approximately,1,5,0.18133023863059403,0.3386799609840685,-0.6244371302390768,-0.5736063230866824,0.3714573949167831
culturally linguistically,1,5,0.18133023863059403,0.3386799609840685,-0.6244371302390768,-0.5736063230866824,0.3714573949167831
address housing,1,5,0.18133023863059403,0.3386799609840685,-0.6244371302390768,-0.5736063230866824,0.3714573949167831
different interventions,1,5,0.18133023863059403,0.3386799609840685,-0.6244371302390768,-0.5736063230866824,0.3714573949167831
population adults,1,5,0.18133023863059403,0.3386799609840685,-0.6244371302390768,-0.5736063230866824,0.3714573949167831
needed studies,1,5,0.18133023863059403,0.3386799609840685,-0.6244371302390768,-0.5736063230866824,0.3714573949167831
provide timely,1,5,0.18133023863059403,0.3386799609840685,-0.6244371302390768,-0.5736063230866824,0.3714573949167831
going forward,1,5,0.18133023863059403,0.3386799609840685,-0.6257088703859939,-0.5743780441726294,0.3714573949167831
lead autism,1,5,0.18133023863059403,0.3386799609840685,-0.6257088703859939,-0.5743780441726294,0.3714573949167831
network studies,1,5,0.18133023863059403,0.3386799609840685,-0.6257088703859939,-0.5743780441726294,0.3714573949167831
environment research,1,5,0.18133023863059403,0.3386799609840685,-0.6257088703859939,-0.5743780441726294,0.3714573949167831
autism complex,1,5,0.18133023863059403,0.3386799609840685,-0.6257088703859939,-0.5743780441726294,0.3714573949167831
developmental period,1,5,0.18133023863059403,0.3386799609840685,-0.6257088703859939,-0.5743780441726294,0.3714573949167831
future work,1,5,0.18133023863059403,0.3386799609840685,-0.6257088703859939,-0.5743780441726294,0.3714573949167831
research autistic,1,5,0.18133023863059403,0.3386799609840685,-0.6257088703859939,-0.5743780441726294,0.3714573949167831
instruments use,1,5,0.18133023863059403,0.3386799609840685,-0.6257088703859939,-0.5743780441726294,0.3714573949167831
published results,1,5,0.18133023863059403,0.3386799609840685,-0.6257088703859939,-0.5743780441726294,0.3714573949167831
studies biological,1,5,0.18133023863059403,0.3386799609840685,-0.6269830515795096,-0.575149987807672,0.3714573949167831
neural mechanisms,1,5,0.18133023863059403,0.3386799609840685,-0.6269830515795096,-0.575149987807672,0.3714573949167831
support continued,1,5,0.18133023863059403,0.3386799609840685,-0.6269830515795096,-0.575149987807672,0.3714573949167831
development plan,1,5,0.18133023863059403,0.3386799609840685,-0.6269830515795096,-0.575149987807672,0.3714573949167831
interventions needed,1,5,0.18133023863059403,0.3386799609840685,-0.6269830515795096,-0.575149987807672,0.3714573949167831
different combination,1,5,0.18133023863059403,0.3386799609840685,-0.6269830515795096,-0.575149987807672,0.3714573949167831
needs employment,1,5,0.18133023863059403,0.3386799609840685,-0.6269830515795096,-0.575149987807672,0.3714573949167831
important advances,1,5,0.18133023863059403,0.3386799609840685,-0.6269830515795096,-0.575149987807672,0.3714573949167831
research trials,1,5,0.18133023863059403,0.3386799609840685,-0.6269830515795096,-0.575149987807672,0.3714573949167831
standardized data,1,5,0.18133023863059403,0.3386799609840685,-0.6269830515795096,-0.575149987807672,0.3714573949167831
currently limited,1,5,0.18133023863059403,0.3386799609840685,-0.6269830515795096,-0.575149987807672,0.3714573949167831
linked specific,1,5,0.18133023863059403,0.3386799609840685,-0.6269830515795096,-0.575149987807672,0.3714573949167831
including intellectual,1,5,0.18133023863059403,0.3386799609840685,-0.6282596818919686,-0.5759221532244153,0.3714573949167831
interventions identify,1,5,0.18133023863059403,0.3386799609840685,-0.6282596818919686,-0.5759221532244153,0.3714573949167831
features human,1,5,0.18133023863059403,0.3386799609840685,-0.6282596818919686,-0.5759221532244153,0.3714573949167831
challenges individuals,1,5,0.18133023863059403,0.3386799609840685,-0.6282596818919686,-0.5759221532244153,0.3714573949167831
plan identify,1,5,0.18133023863059403,0.3386799609840685,-0.6282596818919686,-0.5759221532244153,0.3714573949167831
educational behavioral,1,5,0.18133023863059403,0.3386799609840685,-0.6282596818919686,-0.5759221532244153,0.3714573949167831
core behavioral,1,5,0.18133023863059403,0.3386799609840685,-0.6282596818919686,-0.5759221532244153,0.3714573949167831
summary iacc,1,5,0.18133023863059403,0.3386799609840685,-0.6282596818919686,-0.5759221532244153,0.3714573949167831
care services,4,15,0.7253209545223761,1.0160398829522055,-0.32054134806754675,-0.5788446689635652,0.3819577520681112
factors lead,0,7,0.0,0.4741519453776959,-5.456034028095221,-0.579809202863692,4.443585393635272
big data,0,7,0.0,0.4741519453776959,-5.456034028095221,-0.579809202863692,4.443585393635272
world health,0,7,0.0,0.4741519453776959,-5.456034028095221,-0.579809202863692,4.443585393635272
remains area,0,7,0.0,0.4741519453776959,-5.456034028095221,-0.579809202863692,4.443585393635272
asd similarly,0,7,0.0,0.4741519453776959,-5.456034028095221,-0.579809202863692,4.443585393635272
criteria diagnosis,0,7,0.0,0.4741519453776959,-5.456034028095221,-0.579809202863692,4.443585393635272
mechanisms action,0,7,0.0,0.4741519453776959,-5.456034028095221,-0.579809202863692,4.443585393635272
parent-report screening,0,7,0.0,0.4741519453776959,-5.456034028095221,-0.579809202863692,4.443585393635272
genes environmental,0,7,0.0,0.4741519453776959,-5.456034028095221,-0.579809202863692,4.443585393635272
detection risk,0,7,0.0,0.4741519453776959,-5.456034028095221,-0.579809202863692,4.443585393635272
partners research,0,7,0.0,0.4741519453776959,-5.456034028095221,-0.579809202863692,4.443585393635272
areas emerged,0,7,0.0,0.4741519453776959,-5.456034028095221,-0.579809202863692,4.443585393635272
addition necessary,0,7,0.0,0.4741519453776959,-5.456034028095221,-0.579809202863692,4.443585393635272
productive lives,0,7,0.0,0.4741519453776959,-5.456034028095221,-0.579809202863692,4.443585393635272
ability disabilities,0,7,0.0,0.4741519453776959,-5.456034028095221,-0.579809202863692,4.443585393635272
healthcare experience,0,7,0.0,0.4741519453776959,-5.456034028095221,-0.579809202863692,4.443585393635272
asd poses,0,7,0.0,0.4741519453776959,-5.456034028095221,-0.579809202863692,4.443585393635272
current data,0,7,0.0,0.4741519453776959,-5.456034028095221,-0.579809202863692,4.443585393635272
understanding best,0,7,0.0,0.4741519453776959,-5.456034028095221,-0.579809202863692,4.443585393635272
pursue innovative,0,7,0.0,0.4741519453776959,-5.456034028095221,-0.579809202863692,4.443585393635272
adulthood older,0,7,0.0,0.4741519453776959,-5.456034028095221,-0.579809202863692,4.443585393635272
human infrastructure,0,7,0.0,0.4741519453776959,-5.456034028095221,-0.579809202863692,4.443585393635272
mitigation efforts,0,7,0.0,0.4741519453776959,-5.456034028095221,-0.579809202863692,4.443585393635272
possible vaccine,0,7,0.0,0.4741519453776959,-5.456034028095221,-0.579809202863692,4.443585393635272
iacc adopted,0,7,0.0,0.4741519453776959,-5.456034028095221,-0.579809202863692,4.443585393635272
lgbtqia individuals,0,7,0.0,0.4741519453776959,-5.456034028095221,-0.579809202863692,4.443585393635272
differences policy,0,7,0.0,0.4741519453776959,-5.456034028095221,-0.579809202863692,4.443585393635272
explain asd,0,7,0.0,0.4741519453776959,-5.456034028095221,-0.579809202863692,4.443585393635272
co-occurring conditions,62,180,11.24247479509683,12.192478595426467,-0.08540011666693914,-0.5825407664299936,0.30743974866141954
unmet needs,7,24,1.2693116704141583,1.6256638127235288,-0.2491336999923508,-0.5832747323906137,0.34668552744264014
individuals intellectual,5,18,0.9066511931529703,1.2192478595426466,-0.2929661416168692,-0.5844702816177042,0.3624025887889677
research scientists,0,5,0.0,0.3386799609840685,-4.869523683857118,-0.5863918601751386,3.1739895668823372
vocational skills,0,5,0.0,0.3386799609840685,-4.869523683857118,-0.5863918601751386,3.1739895668823372
identified priority,0,5,0.0,0.3386799609840685,-4.869523683857118,-0.5863918601751386,3.1739895668823372
enable people,0,5,0.0,0.3386799609840685,-4.869523683857118,-0.5863918601751386,3.1739895668823372
receive diagnosis,0,5,0.0,0.3386799609840685,-4.869523683857118,-0.5863918601751386,3.1739895668823372
longitudinal investigation,0,5,0.0,0.3386799609840685,-4.869523683857118,-0.5863918601751386,3.1739895668823372
kevin avonte's,0,5,0.0,0.3386799609840685,-4.869523683857118,-0.5863918601751386,3.1739895668823372
reported having,0,5,0.0,0.3386799609840685,-4.869523683857118,-0.5863918601751386,3.1739895668823372
strong evidence,0,5,0.0,0.3386799609840685,-4.869523683857118,-0.5863918601751386,3.1739895668823372
population support,0,5,0.0,0.3386799609840685,-4.869523683857118,-0.5863918601751386,3.1739895668823372
elevated risk,0,5,0.0,0.3386799609840685,-4.869523683857118,-0.5863918601751386,3.1739895668823372
inform policy,0,5,0.0,0.3386799609840685,-4.869523683857118,-0.5863918601751386,3.1739895668823372
disorder schizophrenia,0,5,0.0,0.3386799609840685,-4.869523683857118,-0.5863918601751386,3.1739895668823372
years ago,0,5,0.0,0.3386799609840685,-4.869523683857118,-0.5863918601751386,3.1739895668823372
methods asd,0,5,0.0,0.3386799609840685,-4.869523683857118,-0.5863918601751386,3.1739895668823372
increase health,0,5,0.0,0.3386799609840685,-4.869523683857118,-0.5863918601751386,3.1739895668823372
studies comparing,0,5,0.0,0.3386799609840685,-4.869523683857118,-0.5863918601751386,3.1739895668823372
highest priority,0,5,0.0,0.3386799609840685,-4.869523683857118,-0.5863918601751386,3.1739895668823372
research involving,0,5,0.0,0.3386799609840685,-4.869523683857118,-0.5863918601751386,3.1739895668823372
developed help,0,5,0.0,0.3386799609840685,-4.869523683857118,-0.5863918601751386,3.1739895668823372
development particularly,0,5,0.0,0.3386799609840685,-4.869523683857118,-0.5863918601751386,3.1739895668823372
research goal,0,5,0.0,0.3386799609840685,-4.869523683857118,-0.5863918601751386,3.1739895668823372
identify best,0,5,0.0,0.3386799609840685,-4.869523683857118,-0.5863918601751386,3.1739895668823372
differences development,0,5,0.0,0.3386799609840685,-4.869523683857118,-0.5863918601751386,3.1739895668823372
therapy improve,0,5,0.0,0.3386799609840685,-4.869523683857118,-0.5863918601751386,3.1739895668823372
specific subpopulations,0,5,0.0,0.3386799609840685,-4.869523683857118,-0.5863918601751386,3.1739895668823372
self-determined lives,0,5,0.0,0.3386799609840685,-4.869523683857118,-0.5863918601751386,3.1739895668823372
disorder epilepsy,0,5,0.0,0.3386799609840685,-4.869523683857118,-0.5863918601751386,3.1739895668823372
recent advances,0,5,0.0,0.3386799609840685,-4.869523683857118,-0.5863918601751386,3.1739895668823372
data federal,0,5,0.0,0.3386799609840685,-4.869523683857118,-0.5863918601751386,3.1739895668823372
factors warrant,0,5,0.0,0.3386799609840685,-4.869523683857118,-0.5863918601751386,3.1739895668823372
improve pharmacological,0,5,0.0,0.3386799609840685,-4.869523683857118,-0.5863918601751386,3.1739895668823372
avonte's law,0,5,0.0,0.3386799609840685,-4.869523683857118,-0.5863918601751386,3.1739895668823372
needs access,0,5,0.0,0.3386799609840685,-4.869523683857118,-0.5863918601751386,3.1739895668823372
important understand,0,5,0.0,0.3386799609840685,-4.869523683857118,-0.5863918601751386,3.1739895668823372
adults conduct,0,5,0.0,0.3386799609840685,-4.869523683857118,-0.5863918601751386,3.1739895668823372
goal children,0,5,0.0,0.3386799609840685,-4.869523683857118,-0.5863918601751386,3.1739895668823372
curry school,0,5,0.0,0.3386799609840685,-4.869523683857118,-0.5863918601751386,3.1739895668823372
expressed concerns,0,5,0.0,0.3386799609840685,-4.869523683857118,-0.5863918601751386,3.1739895668823372
large data,0,5,0.0,0.3386799609840685,-4.869523683857118,-0.5863918601751386,3.1739895668823372
environ mental,0,5,0.0,0.3386799609840685,-4.869523683857118,-0.5863918601751386,3.1739895668823372
data gathering,0,5,0.0,0.3386799609840685,-4.869523683857118,-0.5863918601751386,3.1739895668823372
compared neurotypical,0,5,0.0,0.3386799609840685,-4.869523683857118,-0.5863918601751386,3.1739895668823372
scientific community,0,5,0.0,0.3386799609840685,-4.869523683857118,-0.5863918601751386,3.1739895668823372
create improve,0,5,0.0,0.3386799609840685,-4.869523683857118,-0.5863918601751386,3.1739895668823372
great needs,0,5,0.0,0.3386799609840685,-4.869523683857118,-0.5863918601751386,3.1739895668823372
providers policy,0,5,0.0,0.3386799609840685,-4.869523683857118,-0.5863918601751386,3.1739895668823372
genomics research,0,5,0.0,0.3386799609840685,-4.869523683857118,-0.5863918601751386,3.1739895668823372
studies human,0,6,0.0,0.4064159531808822,-5.168882833720186,-0.5870625683657041,3.8087874802588044
current treatment,0,6,0.0,0.4064159531808822,-5.168882833720186,-0.5870625683657041,3.8087874802588044
identified individuals,0,6,0.0,0.4064159531808822,-5.168882833720186,-0.5870625683657041,3.8087874802588044
asd range,0,6,0.0,0.4064159531808822,-5.168882833720186,-0.5870625683657041,3.8087874802588044
studies genes,0,6,0.0,0.4064159531808822,-5.168882833720186,-0.5870625683657041,3.8087874802588044
acceptance inclusion,0,6,0.0,0.4064159531808822,-5.168882833720186,-0.5870625683657041,3.8087874802588044
important services,0,6,0.0,0.4064159531808822,-5.168882833720186,-0.5870625683657041,3.8087874802588044
question needs,0,6,0.0,0.4064159531808822,-5.168882833720186,-0.5870625683657041,3.8087874802588044
fellowship grants,0,6,0.0,0.4064159531808822,-5.168882833720186,-0.5870625683657041,3.8087874802588044
families diverse,0,6,0.0,0.4064159531808822,-5.168882833720186,-0.5870625683657041,3.8087874802588044
objectives addressing,0,6,0.0,0.4064159531808822,-5.168882833720186,-0.5870625683657041,3.8087874802588044
levels ability,0,6,0.0,0.4064159531808822,-5.168882833720186,-0.5870625683657041,3.8087874802588044
biomarkers treatment,0,6,0.0,0.4064159531808822,-5.168882833720186,-0.5870625683657041,3.8087874802588044
efforts help,0,6,0.0,0.4064159531808822,-5.168882833720186,-0.5870625683657041,3.8087874802588044
interventions aimed,0,6,0.0,0.4064159531808822,-5.168882833720186,-0.5870625683657041,3.8087874802588044
specific symptoms,0,6,0.0,0.4064159531808822,-5.168882833720186,-0.5870625683657041,3.8087874802588044
interactions genes,0,6,0.0,0.4064159531808822,-5.168882833720186,-0.5870625683657041,3.8087874802588044
focused studies,0,6,0.0,0.4064159531808822,-5.168882833720186,-0.5870625683657041,3.8087874802588044
remains important,0,6,0.0,0.4064159531808822,-5.168882833720186,-0.5870625683657041,3.8087874802588044
better characterize,0,6,0.0,0.4064159531808822,-5.168882833720186,-0.5870625683657041,3.8087874802588044
potentially identify,0,6,0.0,0.4064159531808822,-5.168882833720186,-0.5870625683657041,3.8087874802588044
knowledge experience,0,6,0.0,0.4064159531808822,-5.168882833720186,-0.5870625683657041,3.8087874802588044
limited availability,0,6,0.0,0.4064159531808822,-5.168882833720186,-0.5870625683657041,3.8087874802588044
services developmental,0,6,0.0,0.4064159531808822,-5.168882833720186,-0.5870625683657041,3.8087874802588044
partnerships research,0,6,0.0,0.4064159531808822,-5.168882833720186,-0.5870625683657041,3.8087874802588044
existing datasets,0,6,0.0,0.4064159531808822,-5.168882833720186,-0.5870625683657041,3.8087874802588044
close gaps,0,6,0.0,0.4064159531808822,-5.168882833720186,-0.5870625683657041,3.8087874802588044
asd characteristics,0,6,0.0,0.4064159531808822,-5.168882833720186,-0.5870625683657041,3.8087874802588044
emerging opportunities,0,6,0.0,0.4064159531808822,-5.168882833720186,-0.5870625683657041,3.8087874802588044
positive changes,0,6,0.0,0.4064159531808822,-5.168882833720186,-0.5870625683657041,3.8087874802588044
opportunities autism,0,6,0.0,0.4064159531808822,-5.168882833720186,-0.5870625683657041,3.8087874802588044
needs biomarkers,0,6,0.0,0.4064159531808822,-5.168882833720186,-0.5870625683657041,3.8087874802588044
influence environmental,0,6,0.0,0.4064159531808822,-5.168882833720186,-0.5870625683657041,3.8087874802588044
services issues,0,6,0.0,0.4064159531808822,-5.168882833720186,-0.5870625683657041,3.8087874802588044
area needs,0,7,0.0,0.4741519453776959,-5.3227330633735335,-0.6046287949506185,4.443585393635272
harvard medical,0,7,0.0,0.4741519453776959,-5.3227330633735335,-0.6046287949506185,4.443585393635272
unique opportunities,0,7,0.0,0.4741519453776959,-5.3227330633735335,-0.6046287949506185,4.443585393635272
currently asd,0,7,0.0,0.4741519453776959,-5.3227330633735335,-0.6046287949506185,4.443585393635272
treatment effective,0,7,0.0,0.4741519453776959,-5.3227330633735335,-0.6046287949506185,4.443585393635272
future direction,0,7,0.0,0.4741519453776959,-5.3227330633735335,-0.6046287949506185,4.443585393635272
experts review,0,7,0.0,0.4741519453776959,-5.3227330633735335,-0.6046287949506185,4.443585393635272
autism tissue,0,7,0.0,0.4741519453776959,-5.3227330633735335,-0.6046287949506185,4.443585393635272
autistic researchers,0,7,0.0,0.4741519453776959,-5.3227330633735335,-0.6046287949506185,4.443585393635272
time window,0,7,0.0,0.4741519453776959,-5.3227330633735335,-0.6046287949506185,4.443585393635272
example research,0,7,0.0,0.4741519453776959,-5.3227330633735335,-0.6046287949506185,4.443585393635272
different trajectory,0,7,0.0,0.4741519453776959,-5.3227330633735335,-0.6046287949506185,4.443585393635272
additionally research,0,7,0.0,0.4741519453776959,-5.3227330633735335,-0.6046287949506185,4.443585393635272
effectiveness studies,0,7,0.0,0.4741519453776959,-5.3227330633735335,-0.6046287949506185,4.443585393635272
mobile applications,0,7,0.0,0.4741519453776959,-5.3227330633735335,-0.6046287949506185,4.443585393635272
subjects research,0,7,0.0,0.4741519453776959,-5.3227330633735335,-0.6046287949506185,4.443585393635272
standardized screening,0,7,0.0,0.4741519453776959,-5.3227330633735335,-0.6046287949506185,4.443585393635272
community-based participatory,0,7,0.0,0.4741519453776959,-5.3227330633735335,-0.6046287949506185,4.443585393635272
iii caused,0,7,0.0,0.4741519453776959,-5.3227330633735335,-0.6046287949506185,4.443585393635272
environmental studies,0,7,0.0,0.4741519453776959,-5.3227330633735335,-0.6046287949506185,4.443585393635272
genomics resources,0,7,0.0,0.4741519453776959,-5.3227330633735335,-0.6046287949506185,4.443585393635272
complex disorder,0,7,0.0,0.4741519453776959,-5.3227330633735335,-0.6046287949506185,4.443585393635272
necessary develop,0,7,0.0,0.4741519453776959,-5.3227330633735335,-0.6046287949506185,4.443585393635272
training workforce,0,7,0.0,0.4741519453776959,-5.3227330633735335,-0.6046287949506185,4.443585393635272
associated genetic,0,7,0.0,0.4741519453776959,-5.3227330633735335,-0.6046287949506185,4.443585393635272
gaps knowledge,0,7,0.0,0.4741519453776959,-5.3227330633735335,-0.6046287949506185,4.443585393635272
people iacc,0,5,0.0,0.3386799609840685,-4.76448534378811,-0.6046814625906913,3.1739895668823372
population needs,0,5,0.0,0.3386799609840685,-4.76448534378811,-0.6046814625906913,3.1739895668823372
interactions central,0,5,0.0,0.3386799609840685,-4.76448534378811,-0.6046814625906913,3.1739895668823372
accelerate pipeline,0,5,0.0,0.3386799609840685,-4.76448534378811,-0.6046814625906913,3.1739895668823372
interact specific,0,5,0.0,0.3386799609840685,-4.76448534378811,-0.6046814625906913,3.1739895668823372
additionally studies,0,5,0.0,0.3386799609840685,-4.76448534378811,-0.6046814625906913,3.1739895668823372
variation access,0,5,0.0,0.3386799609840685,-4.76448534378811,-0.6046814625906913,3.1739895668823372
network biobanks,0,5,0.0,0.3386799609840685,-4.76448534378811,-0.6046814625906913,3.1739895668823372
important area,0,5,0.0,0.3386799609840685,-4.76448534378811,-0.6046814625906913,3.1739895668823372
gray matter,0,5,0.0,0.3386799609840685,-4.76448534378811,-0.6046814625906913,3.1739895668823372
knowledge multiple,0,5,0.0,0.3386799609840685,-4.76448534378811,-0.6046814625906913,3.1739895668823372
multiple environmental,0,5,0.0,0.3386799609840685,-4.76448534378811,-0.6046814625906913,3.1739895668823372
lack research,0,5,0.0,0.3386799609840685,-4.76448534378811,-0.6046814625906913,3.1739895668823372
multiple exposure,0,5,0.0,0.3386799609840685,-4.76448534378811,-0.6046814625906913,3.1739895668823372
neurodevelopment females,0,5,0.0,0.3386799609840685,-4.76448534378811,-0.6046814625906913,3.1739895668823372
providing care,0,5,0.0,0.3386799609840685,-4.76448534378811,-0.6046814625906913,3.1739895668823372
genetic changes,0,5,0.0,0.3386799609840685,-4.76448534378811,-0.6046814625906913,3.1739895668823372
platform conducting,0,5,0.0,0.3386799609840685,-4.76448534378811,-0.6046814625906913,3.1739895668823372
improve sensitivity,0,5,0.0,0.3386799609840685,-4.76448534378811,-0.6046814625906913,3.1739895668823372
new model,0,5,0.0,0.3386799609840685,-4.76448534378811,-0.6046814625906913,3.1739895668823372
larger studies,0,5,0.0,0.3386799609840685,-4.76448534378811,-0.6046814625906913,3.1739895668823372
adults interventions,0,5,0.0,0.3386799609840685,-4.76448534378811,-0.6046814625906913,3.1739895668823372
asd discovered,0,5,0.0,0.3386799609840685,-4.76448534378811,-0.6046814625906913,3.1739895668823372
issues asd,0,5,0.0,0.3386799609840685,-4.76448534378811,-0.6046814625906913,3.1739895668823372
means merge,0,5,0.0,0.3386799609840685,-4.76448534378811,-0.6046814625906913,3.1739895668823372
improve identification,0,5,0.0,0.3386799609840685,-4.76448534378811,-0.6046814625906913,3.1739895668823372
area needed,0,5,0.0,0.3386799609840685,-4.76448534378811,-0.6046814625906913,3.1739895668823372
iacc introduction,0,5,0.0,0.3386799609840685,-4.76448534378811,-0.6046814625906913,3.1739895668823372
nih supported,0,5,0.0,0.3386799609840685,-4.76448534378811,-0.6046814625906913,3.1739895668823372
introduction interagency,0,5,0.0,0.3386799609840685,-4.76448534378811,-0.6046814625906913,3.1739895668823372
met infrastructure,0,5,0.0,0.3386799609840685,-4.76448534378811,-0.6046814625906913,3.1739895668823372
included objectives,0,5,0.0,0.3386799609840685,-4.76448534378811,-0.6046814625906913,3.1739895668823372
interventions implemented,0,5,0.0,0.3386799609840685,-4.76448534378811,-0.6046814625906913,3.1739895668823372
mechanisms manifest,0,5,0.0,0.3386799609840685,-4.76448534378811,-0.6046814625906913,3.1739895668823372
link administrative,0,5,0.0,0.3386799609840685,-4.76448534378811,-0.6046814625906913,3.1739895668823372
individuals caregivers,0,5,0.0,0.3386799609840685,-4.76448534378811,-0.6046814625906913,3.1739895668823372
identified genetic,0,5,0.0,0.3386799609840685,-4.76448534378811,-0.6046814625906913,3.1739895668823372
levels existing,0,5,0.0,0.3386799609840685,-4.76448534378811,-0.6046814625906913,3.1739895668823372
future progress,0,5,0.0,0.3386799609840685,-4.76448534378811,-0.6046814625906913,3.1739895668823372
agencies health,0,5,0.0,0.3386799609840685,-4.76448534378811,-0.6046814625906913,3.1739895668823372
carefully characterized,0,5,0.0,0.3386799609840685,-4.76448534378811,-0.6046814625906913,3.1739895668823372
development disorder,0,5,0.0,0.3386799609840685,-4.76448534378811,-0.6046814625906913,3.1739895668823372
disabilities example,0,5,0.0,0.3386799609840685,-4.76448534378811,-0.6046814625906913,3.1739895668823372
services meet,0,5,0.0,0.3386799609840685,-4.76448534378811,-0.6046814625906913,3.1739895668823372
expand efforts,0,5,0.0,0.3386799609840685,-4.76448534378811,-0.6046814625906913,3.1739895668823372
expand number,0,5,0.0,0.3386799609840685,-4.76448534378811,-0.6046814625906913,3.1739895668823372
development strategic,0,5,0.0,0.3386799609840685,-4.76448534378811,-0.6046814625906913,3.1739895668823372
develop research,0,5,0.0,0.3386799609840685,-4.76448534378811,-0.6046814625906913,3.1739895668823372
detecting autism,0,5,0.0,0.3386799609840685,-4.76448534378811,-0.6046814625906913,3.1739895668823372
facilitate data,0,5,0.0,0.3386799609840685,-4.76448534378811,-0.6046814625906913,3.1739895668823372
research necessary,0,5,0.0,0.3386799609840685,-4.76448534378811,-0.6046814625906913,3.1739895668823372
brain samples,0,5,0.0,0.3386799609840685,-4.76448534378811,-0.6046814625906913,3.1739895668823372
response outcomes,0,5,0.0,0.3386799609840685,-4.76448534378811,-0.6046814625906913,3.1739895668823372
cost services,0,5,0.0,0.3386799609840685,-4.76448534378811,-0.6046814625906913,3.1739895668823372
spectrum adults,0,5,0.0,0.3386799609840685,-4.76448534378811,-0.6046814625906913,3.1739895668823372
spectrum needs,0,5,0.0,0.3386799609840685,-4.76448534378811,-0.6046814625906913,3.1739895668823372
assess variation,0,5,0.0,0.3386799609840685,-4.76448534378811,-0.6046814625906913,3.1739895668823372
concerns asd,0,5,0.0,0.3386799609840685,-4.76448534378811,-0.6046814625906913,3.1739895668823372
comprehensive early,0,5,0.0,0.3386799609840685,-4.76448534378811,-0.6046814625906913,3.1739895668823372
tools designed,0,5,0.0,0.3386799609840685,-4.76448534378811,-0.6046814625906913,3.1739895668823372
comparison linkage,0,5,0.0,0.3386799609840685,-4.76448534378811,-0.6046814625906913,3.1739895668823372
community means,0,5,0.0,0.3386799609840685,-4.76448534378811,-0.6046814625906913,3.1739895668823372
existing new,0,5,0.0,0.3386799609840685,-4.76448534378811,-0.6046814625906913,3.1739895668823372
supported area,0,5,0.0,0.3386799609840685,-4.76448534378811,-0.6046814625906913,3.1739895668823372
systems cellular,0,5,0.0,0.3386799609840685,-4.76448534378811,-0.6046814625906913,3.1739895668823372
autism sequencing,0,5,0.0,0.3386799609840685,-4.76448534378811,-0.6046814625906913,3.1739895668823372
caa public,0,5,0.0,0.3386799609840685,-4.76448534378811,-0.6046814625906913,3.1739895668823372
school education,0,5,0.0,0.3386799609840685,-4.76448534378811,-0.6046814625906913,3.1739895668823372
emphasize needs,0,5,0.0,0.3386799609840685,-4.76448534378811,-0.6046814625906913,3.1739895668823372
risk treatment,0,5,0.0,0.3386799609840685,-4.76448534378811,-0.6046814625906913,3.1739895668823372
subsequent pregnancy,0,5,0.0,0.3386799609840685,-4.76448534378811,-0.6046814625906913,3.1739895668823372
etiology risk,0,5,0.0,0.3386799609840685,-4.76448534378811,-0.6046814625906913,3.1739895668823372
characterized cohort,0,5,0.0,0.3386799609840685,-4.76448534378811,-0.6046814625906913,3.1739895668823372
attention include,0,5,0.0,0.3386799609840685,-4.76448534378811,-0.6046814625906913,3.1739895668823372
mixed results,0,6,0.0,0.4064159531808822,-5.051368483957964,-0.6084360406832865,3.8087874802588044
relatively little,0,6,0.0,0.4064159531808822,-5.051368483957964,-0.6084360406832865,3.8087874802588044
iacc recommends,0,6,0.0,0.4064159531808822,-5.051368483957964,-0.6084360406832865,3.8087874802588044
entire autism,0,6,0.0,0.4064159531808822,-5.051368483957964,-0.6084360406832865,3.8087874802588044
conditions individuals,0,6,0.0,0.4064159531808822,-5.051368483957964,-0.6084360406832865,3.8087874802588044
plan issued,0,6,0.0,0.4064159531808822,-5.051368483957964,-0.6084360406832865,3.8087874802588044
emphasize importance,0,6,0.0,0.4064159531808822,-5.051368483957964,-0.6084360406832865,3.8087874802588044
cost effectiveness,0,6,0.0,0.4064159531808822,-5.051368483957964,-0.6084360406832865,3.8087874802588044
role asd,0,6,0.0,0.4064159531808822,-5.051368483957964,-0.6084360406832865,3.8087874802588044
widely accessible,0,6,0.0,0.4064159531808822,-5.051368483957964,-0.6084360406832865,3.8087874802588044
home model,0,6,0.0,0.4064159531808822,-5.051368483957964,-0.6084360406832865,3.8087874802588044
implicated asd,0,6,0.0,0.4064159531808822,-5.051368483957964,-0.6084360406832865,3.8087874802588044
currently used,0,6,0.0,0.4064159531808822,-5.051368483957964,-0.6084360406832865,3.8087874802588044
increase community,0,6,0.0,0.4064159531808822,-5.051368483957964,-0.6084360406832865,3.8087874802588044
services remains,0,6,0.0,0.4064159531808822,-5.051368483957964,-0.6084360406832865,3.8087874802588044
interventions based,0,6,0.0,0.4064159531808822,-5.051368483957964,-0.6084360406832865,3.8087874802588044
sexual orientation,0,6,0.0,0.4064159531808822,-5.051368483957964,-0.6084360406832865,3.8087874802588044
mutations associated,0,6,0.0,0.4064159531808822,-5.051368483957964,-0.6084360406832865,3.8087874802588044
prevent development,0,6,0.0,0.4064159531808822,-5.051368483957964,-0.6084360406832865,3.8087874802588044
develop support,0,6,0.0,0.4064159531808822,-5.051368483957964,-0.6084360406832865,3.8087874802588044
areas concerns,0,6,0.0,0.4064159531808822,-5.051368483957964,-0.6084360406832865,3.8087874802588044
imaging data,0,6,0.0,0.4064159531808822,-5.051368483957964,-0.6084360406832865,3.8087874802588044
large diverse,0,6,0.0,0.4064159531808822,-5.051368483957964,-0.6084360406832865,3.8087874802588044
large-scale multidisciplinary,0,6,0.0,0.4064159531808822,-5.051368483957964,-0.6084360406832865,3.8087874802588044
data research,0,6,0.0,0.4064159531808822,-5.051368483957964,-0.6084360406832865,3.8087874802588044
asd especially,0,6,0.0,0.4064159531808822,-5.051368483957964,-0.6084360406832865,3.8087874802588044
relationship asd,0,6,0.0,0.4064159531808822,-5.051368483957964,-0.6084360406832865,3.8087874802588044
individuals spectrum,0,6,0.0,0.4064159531808822,-5.051368483957964,-0.6084360406832865,3.8087874802588044
long waiting,0,6,0.0,0.4064159531808822,-5.051368483957964,-0.6084360406832865,3.8087874802588044
highlighting needs,0,6,0.0,0.4064159531808822,-5.051368483957964,-0.6084360406832865,3.8087874802588044
studies revealed,0,6,0.0,0.4064159531808822,-5.051368483957964,-0.6084360406832865,3.8087874802588044
organized seven,0,6,0.0,0.4064159531808822,-5.051368483957964,-0.6084360406832865,3.8087874802588044
cause syndromic,0,6,0.0,0.4064159531808822,-5.051368483957964,-0.6084360406832865,3.8087874802588044
outreach activities,0,6,0.0,0.4064159531808822,-5.051368483957964,-0.6084360406832865,3.8087874802588044
communicate effectively,0,6,0.0,0.4064159531808822,-5.051368483957964,-0.6084360406832865,3.8087874802588044
needs assistance,0,6,0.0,0.4064159531808822,-5.051368483957964,-0.6084360406832865,3.8087874802588044
federal state,3,12,0.543990715891782,0.8128319063617644,-0.39297317949447397,-0.6157008239492983,0.41810925766227935
autism needed,0,8,0.0,0.5418879375745096,-5.456040738554464,-0.6198428728716527,5.078383307011739
example develop,0,8,0.0,0.5418879375745096,-5.456040738554464,-0.6198428728716527,5.078383307011739
services sectors,0,8,0.0,0.5418879375745096,-5.456040738554464,-0.6198428728716527,5.078383307011739
objectives launch,0,8,0.0,0.5418879375745096,-5.456040738554464,-0.6198428728716527,5.078383307011739
develop culturally,0,8,0.0,0.5418879375745096,-5.456040738554464,-0.6198428728716527,5.078383307011739
vision statement,0,8,0.0,0.5418879375745096,-5.456040738554464,-0.6198428728716527,5.078383307011739
asd facilitate,0,8,0.0,0.5418879375745096,-5.456040738554464,-0.6198428728716527,5.078383307011739
covid autism,0,8,0.0,0.5418879375745096,-5.456040738554464,-0.6198428728716527,5.078383307011739
measures biomarkers,0,8,0.0,0.5418879375745096,-5.456040738554464,-0.6198428728716527,5.078383307011739
studies diverse,0,8,0.0,0.5418879375745096,-5.456040738554464,-0.6198428728716527,5.078383307011739
urgent question,0,8,0.0,0.5418879375745096,-5.456040738554464,-0.6198428728716527,5.078383307011739
profoundly improve,0,8,0.0,0.5418879375745096,-5.456040738554464,-0.6198428728716527,5.078383307011739
genetic repository,0,8,0.0,0.5418879375745096,-5.456040738554464,-0.6198428728716527,5.078383307011739
example support,0,8,0.0,0.5418879375745096,-5.456040738554464,-0.6198428728716527,5.078383307011739
differences lives,0,8,0.0,0.5418879375745096,-5.456040738554464,-0.6198428728716527,5.078383307011739
spontaneous deletions,0,8,0.0,0.5418879375745096,-5.456040738554464,-0.6198428728716527,5.078383307011739
addendum question,0,8,0.0,0.5418879375745096,-5.456040738554464,-0.6198428728716527,5.078383307011739
emerged past,0,8,0.0,0.5418879375745096,-5.456040738554464,-0.6198428728716527,5.078383307011739
population levels,0,8,0.0,0.5418879375745096,-5.456040738554464,-0.6198428728716527,5.078383307011739
external planning,0,8,0.0,0.5418879375745096,-5.456040738554464,-0.6198428728716527,5.078383307011739
question cumulative,0,8,0.0,0.5418879375745096,-5.456040738554464,-0.6198428728716527,5.078383307011739
biological bases,0,8,0.0,0.5418879375745096,-5.456040738554464,-0.6198428728716527,5.078383307011739
conditions autism,3,12,0.543990715891782,0.8128319063617644,-0.3965005686551617,-0.6199812579454758,0.41810925766227935
add total,0,5,0.0,0.3386799609840685,-4.6694972357973885,-0.6214520934484661,3.1739895668823372
neurodevelopmental mechanisms,0,5,0.0,0.3386799609840685,-4.6694972357973885,-0.6214520934484661,3.1739895668823372
international network,0,5,0.0,0.3386799609840685,-4.6694972357973885,-0.6214520934484661,3.1739895668823372
activities outreach,0,5,0.0,0.3386799609840685,-4.6694972357973885,-0.6214520934484661,3.1739895668823372
interventions focus,0,5,0.0,0.3386799609840685,-4.6694972357973885,-0.6214520934484661,3.1739895668823372
studies coded,0,5,0.0,0.3386799609840685,-4.6694972357973885,-0.6214520934484661,3.1739895668823372
sharing autism,0,5,0.0,0.3386799609840685,-4.6694972357973885,-0.6214520934484661,3.1739895668823372
new approaches,0,5,0.0,0.3386799609840685,-4.6694972357973885,-0.6214520934484661,3.1739895668823372
allowing comparison,0,5,0.0,0.3386799609840685,-4.6694972357973885,-0.6214520934484661,3.1739895668823372
claims data,0,5,0.0,0.3386799609840685,-4.6694972357973885,-0.6214520934484661,3.1739895668823372
development molecular,0,5,0.0,0.3386799609840685,-4.6694972357973885,-0.6214520934484661,3.1739895668823372
preconception prenatal,0,5,0.0,0.3386799609840685,-4.6694972357973885,-0.6214520934484661,3.1739895668823372
shifted question,0,5,0.0,0.3386799609840685,-4.6694972357973885,-0.6214520934484661,3.1739895668823372
interventions siblings,0,5,0.0,0.3386799609840685,-4.6694972357973885,-0.6214520934484661,3.1739895668823372
types studies,0,5,0.0,0.3386799609840685,-4.6694972357973885,-0.6214520934484661,3.1739895668823372
autistic females,0,5,0.0,0.3386799609840685,-4.6694972357973885,-0.6214520934484661,3.1739895668823372
single genes,0,5,0.0,0.3386799609840685,-4.6694972357973885,-0.6214520934484661,3.1739895668823372
studies answer,0,5,0.0,0.3386799609840685,-4.6694972357973885,-0.6214520934484661,3.1739895668823372
services care,0,5,0.0,0.3386799609840685,-4.6694972357973885,-0.6214520934484661,3.1739895668823372
years later,0,5,0.0,0.3386799609840685,-4.6694972357973885,-0.6214520934484661,3.1739895668823372
infrastructure question,0,5,0.0,0.3386799609840685,-4.6694972357973885,-0.6214520934484661,3.1739895668823372
role epigenetics,0,5,0.0,0.3386799609840685,-4.6694972357973885,-0.6214520934484661,3.1739895668823372
understand process,0,5,0.0,0.3386799609840685,-4.6694972357973885,-0.6214520934484661,3.1739895668823372
caused objectives,0,5,0.0,0.3386799609840685,-4.6694972357973885,-0.6214520934484661,3.1739895668823372
enhance social,0,5,0.0,0.3386799609840685,-4.6694972357973885,-0.6214520934484661,3.1739895668823372
identify adults,0,5,0.0,0.3386799609840685,-4.6694972357973885,-0.6214520934484661,3.1739895668823372
building block,0,5,0.0,0.3386799609840685,-4.6694972357973885,-0.6214520934484661,3.1739895668823372
asd benefits,0,5,0.0,0.3386799609840685,-4.6694972357973885,-0.6214520934484661,3.1739895668823372
impact quality,0,5,0.0,0.3386799609840685,-4.6694972357973885,-0.6214520934484661,3.1739895668823372
asd earlier,0,5,0.0,0.3386799609840685,-4.6694972357973885,-0.6214520934484661,3.1739895668823372
efforts facilitate,0,5,0.0,0.3386799609840685,-4.6694972357973885,-0.6214520934484661,3.1739895668823372
objectives shifted,0,5,0.0,0.3386799609840685,-4.6694972357973885,-0.6214520934484661,3.1739895668823372
improving safety,0,5,0.0,0.3386799609840685,-4.6694972357973885,-0.6214520934484661,3.1739895668823372
scott michael,0,5,0.0,0.3386799609840685,-4.6694972357973885,-0.6214520934484661,3.1739895668823372
including population,0,5,0.0,0.3386799609840685,-4.6694972357973885,-0.6214520934484661,3.1739895668823372
understand effects,0,5,0.0,0.3386799609840685,-4.6694972357973885,-0.6214520934484661,3.1739895668823372
domain goal,0,5,0.0,0.3386799609840685,-4.6694972357973885,-0.6214520934484661,3.1739895668823372
independence people,0,5,0.0,0.3386799609840685,-4.6694972357973885,-0.6214520934484661,3.1739895668823372
based recent,0,5,0.0,0.3386799609840685,-4.6694972357973885,-0.6214520934484661,3.1739895668823372
reducing premature,0,5,0.0,0.3386799609840685,-4.6694972357973885,-0.6214520934484661,3.1739895668823372
discovered inform,0,5,0.0,0.3386799609840685,-4.6694972357973885,-0.6214520934484661,3.1739895668823372
years recent,0,5,0.0,0.3386799609840685,-4.6694972357973885,-0.6214520934484661,3.1739895668823372
existing large,0,5,0.0,0.3386799609840685,-4.6694972357973885,-0.6214520934484661,3.1739895668823372
infrastructure develop,0,5,0.0,0.3386799609840685,-4.6694972357973885,-0.6214520934484661,3.1739895668823372
clinical community,0,5,0.0,0.3386799609840685,-4.6694972357973885,-0.6214520934484661,3.1739895668823372
functional basis,0,5,0.0,0.3386799609840685,-4.6694972357973885,-0.6214520934484661,3.1739895668823372
goal causes,0,5,0.0,0.3386799609840685,-4.6694972357973885,-0.6214520934484661,3.1739895668823372
goal community,0,5,0.0,0.3386799609840685,-4.6694972357973885,-0.6214520934484661,3.1739895668823372
molecular neurodevelopmental,0,5,0.0,0.3386799609840685,-4.6694972357973885,-0.6214520934484661,3.1739895668823372
community partners,0,5,0.0,0.3386799609840685,-4.6694972357973885,-0.6214520934484661,3.1739895668823372
researchers effectively,0,5,0.0,0.3386799609840685,-4.6694972357973885,-0.6214520934484661,3.1739895668823372
mortality enhancing,0,5,0.0,0.3386799609840685,-4.6694972357973885,-0.6214520934484661,3.1739895668823372
pipeline research,0,5,0.0,0.3386799609840685,-4.6694972357973885,-0.6214520934484661,3.1739895668823372
column revision,0,5,0.0,0.3386799609840685,-4.6694972357973885,-0.6214520934484661,3.1739895668823372
researchers continue,0,5,0.0,0.3386799609840685,-4.6694972357973885,-0.6214520934484661,3.1739895668823372
michael robertson,0,5,0.0,0.3386799609840685,-4.6694972357973885,-0.6214520934484661,3.1739895668823372
biorepository data,0,5,0.0,0.3386799609840685,-4.6694972357973885,-0.6214520934484661,3.1739895668823372
needs early,0,5,0.0,0.3386799609840685,-4.6694972357973885,-0.6214520934484661,3.1739895668823372
specific funding,0,5,0.0,0.3386799609840685,-4.6694972357973885,-0.6214520934484661,3.1739895668823372
collection brain,0,5,0.0,0.3386799609840685,-4.6694972357973885,-0.6214520934484661,3.1739895668823372
value individuals,0,5,0.0,0.3386799609840685,-4.6694972357973885,-0.6214520934484661,3.1739895668823372
people disorder,0,5,0.0,0.3386799609840685,-4.6694972357973885,-0.6214520934484661,3.1739895668823372
current objectives,0,5,0.0,0.3386799609840685,-4.6694972357973885,-0.6214520934484661,3.1739895668823372
needed analyze,0,5,0.0,0.3386799609840685,-4.6694972357973885,-0.6214520934484661,3.1739895668823372
little evidence,0,5,0.0,0.3386799609840685,-4.6694972357973885,-0.6214520934484661,3.1739895668823372
coordination integrated,0,5,0.0,0.3386799609840685,-4.6694972357973885,-0.6214520934484661,3.1739895668823372
spectrum question,0,5,0.0,0.3386799609840685,-4.6694972357973885,-0.6214520934484661,3.1739895668823372
personalized treatment,0,5,0.0,0.3386799609840685,-4.6694972357973885,-0.6214520934484661,3.1739895668823372
contribute structural,0,5,0.0,0.3386799609840685,-4.6694972357973885,-0.6214520934484661,3.1739895668823372
mentioned objectives,0,5,0.0,0.3386799609840685,-4.6694972357973885,-0.6214520934484661,3.1739895668823372
placebo-controlled trials,0,5,0.0,0.3386799609840685,-4.6694972357973885,-0.6214520934484661,3.1739895668823372
national council,0,5,0.0,0.3386799609840685,-4.6694972357973885,-0.6214520934484661,3.1739895668823372
make significant,0,5,0.0,0.3386799609840685,-4.6694972357973885,-0.6214520934484661,3.1739895668823372
commonly used,3,12,0.543990715891782,0.8128319063617644,-0.3992586314103157,-0.6233152308746777,0.41810925766227935
surveillance systems,3,12,0.543990715891782,0.8128319063617644,-0.4016328924873136,-0.6261762269687141,0.41810925766227935
communication challenges,3,12,0.543990715891782,0.8128319063617644,-0.4016328924873136,-0.6261762269687141,0.41810925766227935
play key,0,7,0.0,0.4741519453776959,-5.205180402526951,-0.6270704753604908,4.443585393635272
population specific,0,7,0.0,0.4741519453776959,-5.205180402526951,-0.6270704753604908,4.443585393635272
studies highlighted,0,7,0.0,0.4741519453776959,-5.205180402526951,-0.6270704753604908,4.443585393635272
disparities services,0,7,0.0,0.4741519453776959,-5.205180402526951,-0.6270704753604908,4.443585393635272
reasons disparities,0,7,0.0,0.4741519453776959,-5.205180402526951,-0.6270704753604908,4.443585393635272
benefits treatment,0,7,0.0,0.4741519453776959,-5.205180402526951,-0.6270704753604908,4.443585393635272
negative impact,0,7,0.0,0.4741519453776959,-5.205180402526951,-0.6270704753604908,4.443585393635272
diverse settings,0,7,0.0,0.4741519453776959,-5.205180402526951,-0.6270704753604908,4.443585393635272
tissue programs,0,7,0.0,0.4741519453776959,-5.205180402526951,-0.6270704753604908,4.443585393635272
limited knowledge,0,7,0.0,0.4741519453776959,-5.205180402526951,-0.6270704753604908,4.443585393635272
vary greatly,0,7,0.0,0.4741519453776959,-5.205180402526951,-0.6270704753604908,4.443585393635272
different genetic,0,7,0.0,0.4741519453776959,-5.205180402526951,-0.6270704753604908,4.443585393635272
understanding role,0,7,0.0,0.4741519453776959,-5.205180402526951,-0.6270704753604908,4.443585393635272
intellectual impairment,0,7,0.0,0.4741519453776959,-5.205180402526951,-0.6270704753604908,4.443585393635272
common rare,0,7,0.0,0.4741519453776959,-5.205180402526951,-0.6270704753604908,4.443585393635272
current diagnostic,0,7,0.0,0.4741519453776959,-5.205180402526951,-0.6270704753604908,4.443585393635272
new data,0,7,0.0,0.4741519453776959,-5.205180402526951,-0.6270704753604908,4.443585393635272
culturally diverse,0,7,0.0,0.4741519453776959,-5.205180402526951,-0.6270704753604908,4.443585393635272
new criteria,0,7,0.0,0.4741519453776959,-5.205180402526951,-0.6270704753604908,4.443585393635272
genes pathways,0,7,0.0,0.4741519453776959,-5.205180402526951,-0.6270704753604908,4.443585393635272
special healthcare,0,7,0.0,0.4741519453776959,-5.205180402526951,-0.6270704753604908,4.443585393635272
needs critical,0,6,0.0,0.4064159531808822,-4.94627658201196,-0.6279209716912736,3.8087874802588044
health workers,0,6,0.0,0.4064159531808822,-4.94627658201196,-0.6279209716912736,3.8087874802588044
model used,0,6,0.0,0.4064159531808822,-4.94627658201196,-0.6279209716912736,3.8087874802588044
administrative databases,0,6,0.0,0.4064159531808822,-4.94627658201196,-0.6279209716912736,3.8087874802588044
implicated autism,0,6,0.0,0.4064159531808822,-4.94627658201196,-0.6279209716912736,3.8087874802588044
increasing number,0,6,0.0,0.4064159531808822,-4.94627658201196,-0.6279209716912736,3.8087874802588044
represent progress,0,6,0.0,0.4064159531808822,-4.94627658201196,-0.6279209716912736,3.8087874802588044
outcomes lifespan,0,6,0.0,0.4064159531808822,-4.94627658201196,-0.6279209716912736,3.8087874802588044
needs continued,0,6,0.0,0.4064159531808822,-4.94627658201196,-0.6279209716912736,3.8087874802588044
asd detection,0,6,0.0,0.4064159531808822,-4.94627658201196,-0.6279209716912736,3.8087874802588044
younger older,0,6,0.0,0.4064159531808822,-4.94627658201196,-0.6279209716912736,3.8087874802588044
unmet healthcare,0,6,0.0,0.4064159531808822,-4.94627658201196,-0.6279209716912736,3.8087874802588044
called objectives,0,6,0.0,0.4064159531808822,-4.94627658201196,-0.6279209716912736,3.8087874802588044
changes core,0,6,0.0,0.4064159531808822,-4.94627658201196,-0.6279209716912736,3.8087874802588044
clinical diagnoses,0,6,0.0,0.4064159531808822,-4.94627658201196,-0.6279209716912736,3.8087874802588044
investment area,0,6,0.0,0.4064159531808822,-4.94627658201196,-0.6279209716912736,3.8087874802588044
nih launched,0,6,0.0,0.4064159531808822,-4.94627658201196,-0.6279209716912736,3.8087874802588044
alterations brain,0,6,0.0,0.4064159531808822,-4.94627658201196,-0.6279209716912736,3.8087874802588044
develop better,0,6,0.0,0.4064159531808822,-4.94627658201196,-0.6279209716912736,3.8087874802588044
treatment irritability,0,6,0.0,0.4064159531808822,-4.94627658201196,-0.6279209716912736,3.8087874802588044
trials rcts,0,6,0.0,0.4064159531808822,-4.94627658201196,-0.6279209716912736,3.8087874802588044
differences prevalence,0,6,0.0,0.4064159531808822,-4.94627658201196,-0.6279209716912736,3.8087874802588044
diagnosing asd,0,6,0.0,0.4064159531808822,-4.94627658201196,-0.6279209716912736,3.8087874802588044
individuals severe,0,6,0.0,0.4064159531808822,-4.94627658201196,-0.6279209716912736,3.8087874802588044
pediatrics university,0,6,0.0,0.4064159531808822,-4.94627658201196,-0.6279209716912736,3.8087874802588044
long-term impact,0,6,0.0,0.4064159531808822,-4.94627658201196,-0.6279209716912736,3.8087874802588044
social function,0,6,0.0,0.4064159531808822,-4.94627658201196,-0.6279209716912736,3.8087874802588044
covid vaccine,0,6,0.0,0.4064159531808822,-4.94627658201196,-0.6279209716912736,3.8087874802588044
lifespan autistic,0,6,0.0,0.4064159531808822,-4.94627658201196,-0.6279209716912736,3.8087874802588044
research adults,0,6,0.0,0.4064159531808822,-4.94627658201196,-0.6279209716912736,3.8087874802588044
influence autism,0,6,0.0,0.4064159531808822,-4.94627658201196,-0.6279209716912736,3.8087874802588044
interventions core,0,6,0.0,0.4064159531808822,-4.94627658201196,-0.6279209716912736,3.8087874802588044
scientific discovery,3,12,0.543990715891782,0.8128319063617644,-0.404016642357762,-0.6290402732460745,0.41810925766227935
interventions trials,3,12,0.543990715891782,0.8128319063617644,-0.40521209550764503,-0.6304734399944745,0.41810925766227935
choice school,0,5,0.0,0.3386799609840685,-4.582807826912976,-0.6369334490392138,3.1739895668823372
services addition,0,5,0.0,0.3386799609840685,-4.582807826912976,-0.6369334490392138,3.1739895668823372
community levels,0,5,0.0,0.3386799609840685,-4.582807826912976,-0.6369334490392138,3.1739895668823372
brain atlas,0,5,0.0,0.3386799609840685,-4.582807826912976,-0.6369334490392138,3.1739895668823372
potential value,0,5,0.0,0.3386799609840685,-4.582807826912976,-0.6369334490392138,3.1739895668823372
subtypes children,0,5,0.0,0.3386799609840685,-4.582807826912976,-0.6369334490392138,3.1739895668823372
lead asd,0,5,0.0,0.3386799609840685,-4.582807826912976,-0.6369334490392138,3.1739895668823372
women asd,0,5,0.0,0.3386799609840685,-4.582807826912976,-0.6369334490392138,3.1739895668823372
state offer,0,5,0.0,0.3386799609840685,-4.582807826912976,-0.6369334490392138,3.1739895668823372
lifespan individuals,0,5,0.0,0.3386799609840685,-4.582807826912976,-0.6369334490392138,3.1739895668823372
ensure consistency,0,5,0.0,0.3386799609840685,-4.582807826912976,-0.6369334490392138,3.1739895668823372
children regressive,0,5,0.0,0.3386799609840685,-4.582807826912976,-0.6369334490392138,3.1739895668823372
implement approaches,0,5,0.0,0.3386799609840685,-4.582807826912976,-0.6369334490392138,3.1739895668823372
low socioeconomic,0,5,0.0,0.3386799609840685,-4.582807826912976,-0.6369334490392138,3.1739895668823372
accurately identify,0,5,0.0,0.3386799609840685,-4.582807826912976,-0.6369334490392138,3.1739895668823372
plan particular,0,5,0.0,0.3386799609840685,-4.582807826912976,-0.6369334490392138,3.1739895668823372
adults studies,0,5,0.0,0.3386799609840685,-4.582807826912976,-0.6369334490392138,3.1739895668823372
donation basic,0,5,0.0,0.3386799609840685,-4.582807826912976,-0.6369334490392138,3.1739895668823372
needs develop,0,5,0.0,0.3386799609840685,-4.582807826912976,-0.6369334490392138,3.1739895668823372
specifically focus,0,5,0.0,0.3386799609840685,-4.582807826912976,-0.6369334490392138,3.1739895668823372
studies people,0,5,0.0,0.3386799609840685,-4.582807826912976,-0.6369334490392138,3.1739895668823372
methods improve,0,5,0.0,0.3386799609840685,-4.582807826912976,-0.6369334490392138,3.1739895668823372
early stage,0,5,0.0,0.3386799609840685,-4.582807826912976,-0.6369334490392138,3.1739895668823372
best support,0,5,0.0,0.3386799609840685,-4.582807826912976,-0.6369334490392138,3.1739895668823372
professor psychology,0,5,0.0,0.3386799609840685,-4.582807826912976,-0.6369334490392138,3.1739895668823372
new strategic,0,5,0.0,0.3386799609840685,-4.582807826912976,-0.6369334490392138,3.1739895668823372
effects asd,0,5,0.0,0.3386799609840685,-4.582807826912976,-0.6369334490392138,3.1739895668823372
address critical,0,5,0.0,0.3386799609840685,-4.582807826912976,-0.6369334490392138,3.1739895668823372
molecular target,0,5,0.0,0.3386799609840685,-4.582807826912976,-0.6369334490392138,3.1739895668823372
surveillance activities,0,5,0.0,0.3386799609840685,-4.582807826912976,-0.6369334490392138,3.1739895668823372
research discovery,0,5,0.0,0.3386799609840685,-4.582807826912976,-0.6369334490392138,3.1739895668823372
fragile rett,0,5,0.0,0.3386799609840685,-4.582807826912976,-0.6369334490392138,3.1739895668823372
asd patients,0,5,0.0,0.3386799609840685,-4.582807826912976,-0.6369334490392138,3.1739895668823372
genes contribute,0,5,0.0,0.3386799609840685,-4.582807826912976,-0.6369334490392138,3.1739895668823372
facilitate incorporate,0,5,0.0,0.3386799609840685,-4.582807826912976,-0.6369334490392138,3.1739895668823372
help autistic,0,5,0.0,0.3386799609840685,-4.582807826912976,-0.6369334490392138,3.1739895668823372
goal maximizing,0,5,0.0,0.3386799609840685,-4.582807826912976,-0.6369334490392138,3.1739895668823372
research implement,0,5,0.0,0.3386799609840685,-4.582807826912976,-0.6369334490392138,3.1739895668823372
focused developing,0,5,0.0,0.3386799609840685,-4.582807826912976,-0.6369334490392138,3.1739895668823372
asd biological,0,8,0.0,0.5418879375745096,-5.3384593279787715,-0.643209678483211,5.078383307011739
needed fully,0,8,0.0,0.5418879375745096,-5.3384593279787715,-0.643209678483211,5.078383307011739
emphasized importance,0,8,0.0,0.5418879375745096,-5.3384593279787715,-0.643209678483211,5.078383307011739
researchers needs,0,8,0.0,0.5418879375745096,-5.3384593279787715,-0.643209678483211,5.078383307011739
nimh repository,0,8,0.0,0.5418879375745096,-5.3384593279787715,-0.643209678483211,5.078383307011739
lifespan plan,0,8,0.0,0.5418879375745096,-5.3384593279787715,-0.643209678483211,5.078383307011739
collection storage,0,8,0.0,0.5418879375745096,-5.3384593279787715,-0.643209678483211,5.078383307011739
budget number,0,8,0.0,0.5418879375745096,-5.3384593279787715,-0.643209678483211,5.078383307011739
characteristics people,0,8,0.0,0.5418879375745096,-5.3384593279787715,-0.643209678483211,5.078383307011739
understand mechanisms,0,8,0.0,0.5418879375745096,-5.3384593279787715,-0.643209678483211,5.078383307011739
kennedy krieger,0,8,0.0,0.5418879375745096,-5.3384593279787715,-0.643209678483211,5.078383307011739
improve functioning,0,8,0.0,0.5418879375745096,-5.3384593279787715,-0.643209678483211,5.078383307011739
syndromic forms,0,8,0.0,0.5418879375745096,-5.3384593279787715,-0.643209678483211,5.078383307011739
mutations cause,0,8,0.0,0.5418879375745096,-5.3384593279787715,-0.643209678483211,5.078383307011739
sharing research,0,8,0.0,0.5418879375745096,-5.3384593279787715,-0.643209678483211,5.078383307011739
underrepresented underserved,0,8,0.0,0.5418879375745096,-5.3384593279787715,-0.643209678483211,5.078383307011739
function brain,0,8,0.0,0.5418879375745096,-5.3384593279787715,-0.643209678483211,5.078383307011739
projects underway,0,8,0.0,0.5418879375745096,-5.3384593279787715,-0.643209678483211,5.078383307011739
support policy,0,8,0.0,0.5418879375745096,-5.3384593279787715,-0.643209678483211,5.078383307011739
gut microbiome,0,6,0.0,0.4064159531808822,-4.851234943775889,-0.6458285685930915,3.8087874802588044
efforts develop,0,6,0.0,0.4064159531808822,-4.851234943775889,-0.6458285685930915,3.8087874802588044
relationship conditions,0,6,0.0,0.4064159531808822,-4.851234943775889,-0.6458285685930915,3.8087874802588044
cultural competency,0,6,0.0,0.4064159531808822,-4.851234943775889,-0.6458285685930915,3.8087874802588044
identify age,0,6,0.0,0.4064159531808822,-4.851234943775889,-0.6458285685930915,3.8087874802588044
linkage systems,0,6,0.0,0.4064159531808822,-4.851234943775889,-0.6458285685930915,3.8087874802588044
samples collected,0,6,0.0,0.4064159531808822,-4.851234943775889,-0.6458285685930915,3.8087874802588044
work needs,0,6,0.0,0.4064159531808822,-4.851234943775889,-0.6458285685930915,3.8087874802588044
community benefits,0,6,0.0,0.4064159531808822,-4.851234943775889,-0.6458285685930915,3.8087874802588044
test methods,0,6,0.0,0.4064159531808822,-4.851234943775889,-0.6458285685930915,3.8087874802588044
immune interactions,0,6,0.0,0.4064159531808822,-4.851234943775889,-0.6458285685930915,3.8087874802588044
diagnoses asd,0,6,0.0,0.4064159531808822,-4.851234943775889,-0.6458285685930915,3.8087874802588044
number participants,0,6,0.0,0.4064159531808822,-4.851234943775889,-0.6458285685930915,3.8087874802588044
objectives complete,0,6,0.0,0.4064159531808822,-4.851234943775889,-0.6458285685930915,3.8087874802588044
training opportunities,0,6,0.0,0.4064159531808822,-4.851234943775889,-0.6458285685930915,3.8087874802588044
advocacy group,0,6,0.0,0.4064159531808822,-4.851234943775889,-0.6458285685930915,3.8087874802588044
outreach campaign,0,6,0.0,0.4064159531808822,-4.851234943775889,-0.6458285685930915,3.8087874802588044
community potential,0,6,0.0,0.4064159531808822,-4.851234943775889,-0.6458285685930915,3.8087874802588044
research disparities,0,6,0.0,0.4064159531808822,-4.851234943775889,-0.6458285685930915,3.8087874802588044
reducing risk,0,6,0.0,0.4064159531808822,-4.851234943775889,-0.6458285685930915,3.8087874802588044
spectrum ages,0,6,0.0,0.4064159531808822,-4.851234943775889,-0.6458285685930915,3.8087874802588044
systems possible,0,6,0.0,0.4064159531808822,-4.851234943775889,-0.6458285685930915,3.8087874802588044
subpopulations people,0,6,0.0,0.4064159531808822,-4.851234943775889,-0.6458285685930915,3.8087874802588044
families include,0,6,0.0,0.4064159531808822,-4.851234943775889,-0.6458285685930915,3.8087874802588044
treatment strategies,0,7,0.0,0.4741519453776959,-5.1000502086103445,-0.6475658904575144,4.443585393635272
medical practitioners,0,7,0.0,0.4741519453776959,-5.1000502086103445,-0.6475658904575144,4.443585393635272
better meet,0,7,0.0,0.4741519453776959,-5.1000502086103445,-0.6475658904575144,4.443585393635272
body research,0,7,0.0,0.4741519453776959,-5.1000502086103445,-0.6475658904575144,4.443585393635272
spectrum interventions,0,7,0.0,0.4741519453776959,-5.1000502086103445,-0.6475658904575144,4.443585393635272
needs girls,0,7,0.0,0.4741519453776959,-5.1000502086103445,-0.6475658904575144,4.443585393635272
depression suicide,0,7,0.0,0.4741519453776959,-5.1000502086103445,-0.6475658904575144,4.443585393635272
including older,0,7,0.0,0.4741519453776959,-5.1000502086103445,-0.6475658904575144,4.443585393635272
asd people,0,7,0.0,0.4741519453776959,-5.1000502086103445,-0.6475658904575144,4.443585393635272
settings community,0,7,0.0,0.4741519453776959,-5.1000502086103445,-0.6475658904575144,4.443585393635272
association asd,0,7,0.0,0.4741519453776959,-5.1000502086103445,-0.6475658904575144,4.443585393635272
building adaptive,0,7,0.0,0.4741519453776959,-5.1000502086103445,-0.6475658904575144,4.443585393635272
preterm birth,0,7,0.0,0.4741519453776959,-5.1000502086103445,-0.6475658904575144,4.443585393635272
key role,0,7,0.0,0.4741519453776959,-5.1000502086103445,-0.6475658904575144,4.443585393635272
use technology,0,7,0.0,0.4741519453776959,-5.1000502086103445,-0.6475658904575144,4.443585393635272
support data,0,7,0.0,0.4741519453776959,-5.1000502086103445,-0.6475658904575144,4.443585393635272
reducing core,0,7,0.0,0.4741519453776959,-5.1000502086103445,-0.6475658904575144,4.443585393635272
disparities health,0,7,0.0,0.4741519453776959,-5.1000502086103445,-0.6475658904575144,4.443585393635272
order identify,0,7,0.0,0.4741519453776959,-5.1000502086103445,-0.6475658904575144,4.443585393635272
disseminating research,0,7,0.0,0.4741519453776959,-5.1000502086103445,-0.6475658904575144,4.443585393635272
advocacy community,0,5,0.0,0.3386799609840685,-4.503086983703035,-0.6513050779158265,3.1739895668823372
mechanisms brain,0,5,0.0,0.3386799609840685,-4.503086983703035,-0.6513050779158265,3.1739895668823372
medication targeting,0,5,0.0,0.3386799609840685,-4.503086983703035,-0.6513050779158265,3.1739895668823372
autism receive,0,5,0.0,0.3386799609840685,-4.503086983703035,-0.6513050779158265,3.1739895668823372
coordination services,0,5,0.0,0.3386799609840685,-4.503086983703035,-0.6513050779158265,3.1739895668823372
core asd,0,5,0.0,0.3386799609840685,-4.503086983703035,-0.6513050779158265,3.1739895668823372
division research,0,5,0.0,0.3386799609840685,-4.503086983703035,-0.6513050779158265,3.1739895668823372
interventions adolescents,0,5,0.0,0.3386799609840685,-4.503086983703035,-0.6513050779158265,3.1739895668823372
asd evaluate,0,5,0.0,0.3386799609840685,-4.503086983703035,-0.6513050779158265,3.1739895668823372
severe disabilities,0,5,0.0,0.3386799609840685,-4.503086983703035,-0.6513050779158265,3.1739895668823372
specific molecular,0,5,0.0,0.3386799609840685,-4.503086983703035,-0.6513050779158265,3.1739895668823372
specific genotypes,0,5,0.0,0.3386799609840685,-4.503086983703035,-0.6513050779158265,3.1739895668823372
social stimuli,0,5,0.0,0.3386799609840685,-4.503086983703035,-0.6513050779158265,3.1739895668823372
interventions important,0,5,0.0,0.3386799609840685,-4.503086983703035,-0.6513050779158265,3.1739895668823372
cost-effectiveness evidence-based,0,5,0.0,0.3386799609840685,-4.503086983703035,-0.6513050779158265,3.1739895668823372
agencies community,0,5,0.0,0.3386799609840685,-4.503086983703035,-0.6513050779158265,3.1739895668823372
underlying neural,0,5,0.0,0.3386799609840685,-4.503086983703035,-0.6513050779158265,3.1739895668823372
development genetic,0,5,0.0,0.3386799609840685,-4.503086983703035,-0.6513050779158265,3.1739895668823372
practitioners families,0,5,0.0,0.3386799609840685,-4.503086983703035,-0.6513050779158265,3.1739895668823372
factors iacc,0,5,0.0,0.3386799609840685,-4.503086983703035,-0.6513050779158265,3.1739895668823372
research suggested,0,5,0.0,0.3386799609840685,-4.503086983703035,-0.6513050779158265,3.1739895668823372
effectiveness different,0,5,0.0,0.3386799609840685,-4.503086983703035,-0.6513050779158265,3.1739895668823372
average years,0,5,0.0,0.3386799609840685,-4.503086983703035,-0.6513050779158265,3.1739895668823372
university virginia,0,5,0.0,0.3386799609840685,-4.503086983703035,-0.6513050779158265,3.1739895668823372
based studies,0,5,0.0,0.3386799609840685,-4.503086983703035,-0.6513050779158265,3.1739895668823372
risk markers,0,5,0.0,0.3386799609840685,-4.503086983703035,-0.6513050779158265,3.1739895668823372
understand causes,0,5,0.0,0.3386799609840685,-4.503086983703035,-0.6513050779158265,3.1739895668823372
studies specifically,0,5,0.0,0.3386799609840685,-4.503086983703035,-0.6513050779158265,3.1739895668823372
collaborative projects,0,5,0.0,0.3386799609840685,-4.503086983703035,-0.6513050779158265,3.1739895668823372
understanding environmental,0,5,0.0,0.3386799609840685,-4.503086983703035,-0.6513050779158265,3.1739895668823372
genes cause,0,5,0.0,0.3386799609840685,-4.503086983703035,-0.6513050779158265,3.1739895668823372
autism develop,0,5,0.0,0.3386799609840685,-4.503086983703035,-0.6513050779158265,3.1739895668823372
peer-mediated interventions,0,5,0.0,0.3386799609840685,-4.503086983703035,-0.6513050779158265,3.1739895668823372
multiple factors,0,5,0.0,0.3386799609840685,-4.503086983703035,-0.6513050779158265,3.1739895668823372
recently completed,0,5,0.0,0.3386799609840685,-4.503086983703035,-0.6513050779158265,3.1739895668823372
public input,2,9,0.36266047726118805,0.6096239297713233,-0.5065730786357712,-0.6566894546386834,0.49052100197599113
wide use,0,9,0.0,0.6096239297713233,-5.456047449059124,-0.6574434566197364,5.713181220388207
early warning,0,9,0.0,0.6096239297713233,-5.456047449059124,-0.6574434566197364,5.713181220388207
asd subpopulations,0,9,0.0,0.6096239297713233,-5.456047449059124,-0.6574434566197364,5.713181220388207
studies require,0,9,0.0,0.6096239297713233,-5.456047449059124,-0.6574434566197364,5.713181220388207
bases asd,0,9,0.0,0.6096239297713233,-5.456047449059124,-0.6574434566197364,5.713181220388207
efforts needs,0,9,0.0,0.6096239297713233,-5.456047449059124,-0.6574434566197364,5.713181220388207
larger samples,0,9,0.0,0.6096239297713233,-5.456047449059124,-0.6574434566197364,5.713181220388207
molecular basis,0,9,0.0,0.6096239297713233,-5.456047449059124,-0.6574434566197364,5.713181220388207
krieger institute,0,9,0.0,0.6096239297713233,-5.456047449059124,-0.6574434566197364,5.713181220388207
introduction aspirational,0,9,0.0,0.6096239297713233,-5.456047449059124,-0.6574434566197364,5.713181220388207
asd know,0,9,0.0,0.6096239297713233,-5.456047449059124,-0.6574434566197364,5.713181220388207
asd heterogeneity,0,9,0.0,0.6096239297713233,-5.456047449059124,-0.6574434566197364,5.713181220388207
prenatal development,0,9,0.0,0.6096239297713233,-5.456047449059124,-0.6574434566197364,5.713181220388207
presentation iacc,0,9,0.0,0.6096239297713233,-5.456047449059124,-0.6574434566197364,5.713181220388207
foster research,0,6,0.0,0.4064159531808822,-4.764492036249683,-0.6623962847696967,3.8087874802588044
research collaboration,0,6,0.0,0.4064159531808822,-4.764492036249683,-0.6623962847696967,3.8087874802588044
question development,0,6,0.0,0.4064159531808822,-4.764492036249683,-0.6623962847696967,3.8087874802588044
asd social,0,6,0.0,0.4064159531808822,-4.764492036249683,-0.6623962847696967,3.8087874802588044
asd challenges,0,6,0.0,0.4064159531808822,-4.764492036249683,-0.6623962847696967,3.8087874802588044
iom report,0,6,0.0,0.4064159531808822,-4.764492036249683,-0.6623962847696967,3.8087874802588044
based parents,0,6,0.0,0.4064159531808822,-4.764492036249683,-0.6623962847696967,3.8087874802588044
intent objectives,0,6,0.0,0.4064159531808822,-4.764492036249683,-0.6623962847696967,3.8087874802588044
aligned current,0,6,0.0,0.4064159531808822,-4.764492036249683,-0.6623962847696967,3.8087874802588044
lead prevention,0,6,0.0,0.4064159531808822,-4.764492036249683,-0.6623962847696967,3.8087874802588044
asd currently,0,6,0.0,0.4064159531808822,-4.764492036249683,-0.6623962847696967,3.8087874802588044
preemption challenges,0,6,0.0,0.4064159531808822,-4.764492036249683,-0.6623962847696967,3.8087874802588044
expand existing,0,6,0.0,0.4064159531808822,-4.764492036249683,-0.6623962847696967,3.8087874802588044
access implement,0,6,0.0,0.4064159531808822,-4.764492036249683,-0.6623962847696967,3.8087874802588044
biorepository infrastructure,0,6,0.0,0.4064159531808822,-4.764492036249683,-0.6623962847696967,3.8087874802588044
common co-occurring,0,6,0.0,0.4064159531808822,-4.764492036249683,-0.6623962847696967,3.8087874802588044
repetitive stereotyped,0,6,0.0,0.4064159531808822,-4.764492036249683,-0.6623962847696967,3.8087874802588044
training professionals,0,6,0.0,0.4064159531808822,-4.764492036249683,-0.6623962847696967,3.8087874802588044
scale implement,0,6,0.0,0.4064159531808822,-4.764492036249683,-0.6623962847696967,3.8087874802588044
individuals research,0,6,0.0,0.4064159531808822,-4.764492036249683,-0.6623962847696967,3.8087874802588044
biobanks collection,0,6,0.0,0.4064159531808822,-4.764492036249683,-0.6623962847696967,3.8087874802588044
administrative records,0,6,0.0,0.4064159531808822,-4.764492036249683,-0.6623962847696967,3.8087874802588044
asd occur,0,6,0.0,0.4064159531808822,-4.764492036249683,-0.6623962847696967,3.8087874802588044
outcomes following,0,6,0.0,0.4064159531808822,-4.764492036249683,-0.6623962847696967,3.8087874802588044
progress work,0,6,0.0,0.4064159531808822,-4.764492036249683,-0.6623962847696967,3.8087874802588044
identifying children,0,6,0.0,0.4064159531808822,-4.764492036249683,-0.6623962847696967,3.8087874802588044
value brain,0,6,0.0,0.4064159531808822,-4.764492036249683,-0.6623962847696967,3.8087874802588044
policy changes,0,6,0.0,0.4064159531808822,-4.764492036249683,-0.6623962847696967,3.8087874802588044
community individuals,0,6,0.0,0.4064159531808822,-4.764492036249683,-0.6623962847696967,3.8087874802588044
efforts expand,0,6,0.0,0.4064159531808822,-4.764492036249683,-0.6623962847696967,3.8087874802588044
factors people,0,6,0.0,0.4064159531808822,-4.764492036249683,-0.6623962847696967,3.8087874802588044
safety reducing,0,6,0.0,0.4064159531808822,-4.764492036249683,-0.6623962847696967,3.8087874802588044
relevant autism,2,9,0.36266047726118805,0.6096239297713233,-0.5138751901788865,-0.6634650218397307,0.49052100197599113
major challenges,0,8,0.0,0.5418879375745096,-5.233300396749938,-0.6645802519211149,5.078383307011739
asd potential,0,8,0.0,0.5418879375745096,-5.233300396749938,-0.6645802519211149,5.078383307011739
understanding brain,0,8,0.0,0.5418879375745096,-5.233300396749938,-0.6645802519211149,5.078383307011739
studies exposure,0,8,0.0,0.5418879375745096,-5.233300396749938,-0.6645802519211149,5.078383307011739
significant advances,0,8,0.0,0.5418879375745096,-5.233300396749938,-0.6645802519211149,5.078383307011739
significant challenges,0,8,0.0,0.5418879375745096,-5.233300396749938,-0.6645802519211149,5.078383307011739
cumulative funding,0,8,0.0,0.5418879375745096,-5.233300396749938,-0.6645802519211149,5.078383307011739
data definition,0,8,0.0,0.5418879375745096,-5.233300396749938,-0.6645802519211149,5.078383307011739
make possible,0,8,0.0,0.5418879375745096,-5.233300396749938,-0.6645802519211149,5.078383307011739
interventions maximize,0,8,0.0,0.5418879375745096,-5.233300396749938,-0.6645802519211149,5.078383307011739
mechanisms underlie,0,8,0.0,0.5418879375745096,-5.233300396749938,-0.6645802519211149,5.078383307011739
emphasis placed,0,8,0.0,0.5418879375745096,-5.233300396749938,-0.6645802519211149,5.078383307011739
discussed chapter,0,8,0.0,0.5418879375745096,-5.233300396749938,-0.6645802519211149,5.078383307011739
thomas insel,0,5,0.0,0.3386799609840685,-4.429300772437985,-0.6647102457311133,3.1739895668823372
studies infants,0,5,0.0,0.3386799609840685,-4.429300772437985,-0.6647102457311133,3.1739895668823372
asd determine,0,5,0.0,0.3386799609840685,-4.429300772437985,-0.6647102457311133,3.1739895668823372
studies provided,0,5,0.0,0.3386799609840685,-4.429300772437985,-0.6647102457311133,3.1739895668823372
promote growth,0,5,0.0,0.3386799609840685,-4.429300772437985,-0.6647102457311133,3.1739895668823372
asd opportunities,0,5,0.0,0.3386799609840685,-4.429300772437985,-0.6647102457311133,3.1739895668823372
subsequent authorization,0,5,0.0,0.3386799609840685,-4.429300772437985,-0.6647102457311133,3.1739895668823372
autism subtypes,0,5,0.0,0.3386799609840685,-4.429300772437985,-0.6647102457311133,3.1739895668823372
autism recent,0,5,0.0,0.3386799609840685,-4.429300772437985,-0.6647102457311133,3.1739895668823372
healthcare systems,0,5,0.0,0.3386799609840685,-4.429300772437985,-0.6647102457311133,3.1739895668823372
increases funding,0,5,0.0,0.3386799609840685,-4.429300772437985,-0.6647102457311133,3.1739895668823372
projects identify,0,5,0.0,0.3386799609840685,-4.429300772437985,-0.6647102457311133,3.1739895668823372
functioning community,0,5,0.0,0.3386799609840685,-4.429300772437985,-0.6647102457311133,3.1739895668823372
development function,0,5,0.0,0.3386799609840685,-4.429300772437985,-0.6647102457311133,3.1739895668823372
genetic differences,0,5,0.0,0.3386799609840685,-4.429300772437985,-0.6647102457311133,3.1739895668823372
conduct comparative,0,5,0.0,0.3386799609840685,-4.429300772437985,-0.6647102457311133,3.1739895668823372
special diet,0,5,0.0,0.3386799609840685,-4.429300772437985,-0.6647102457311133,3.1739895668823372
symptoms including,0,5,0.0,0.3386799609840685,-4.429300772437985,-0.6647102457311133,3.1739895668823372
asd adulthood,0,5,0.0,0.3386799609840685,-4.429300772437985,-0.6647102457311133,3.1739895668823372
treatment personalization,0,5,0.0,0.3386799609840685,-4.429300772437985,-0.6647102457311133,3.1739895668823372
asd increased,0,5,0.0,0.3386799609840685,-4.429300772437985,-0.6647102457311133,3.1739895668823372
facilitate development,0,5,0.0,0.3386799609840685,-4.429300772437985,-0.6647102457311133,3.1739895668823372
life asd,0,5,0.0,0.3386799609840685,-4.429300772437985,-0.6647102457311133,3.1739895668823372
david amaral,0,5,0.0,0.3386799609840685,-4.429300772437985,-0.6647102457311133,3.1739895668823372
clinical subtypes,0,5,0.0,0.3386799609840685,-4.429300772437985,-0.6647102457311133,3.1739895668823372
asd pregnancy,0,5,0.0,0.3386799609840685,-4.429300772437985,-0.6647102457311133,3.1739895668823372
kevin pelphrey,0,5,0.0,0.3386799609840685,-4.429300772437985,-0.6647102457311133,3.1739895668823372
component effective,0,5,0.0,0.3386799609840685,-4.429300772437985,-0.6647102457311133,3.1739895668823372
short long-term,0,5,0.0,0.3386799609840685,-4.429300772437985,-0.6647102457311133,3.1739895668823372
provided new,0,5,0.0,0.3386799609840685,-4.429300772437985,-0.6647102457311133,3.1739895668823372
life individuals,2,9,0.36266047726118805,0.6096239297713233,-0.5157140016762494,-0.6651615447544889,0.49052100197599113
lives independently,2,9,0.36266047726118805,0.6096239297713233,-0.5157140016762494,-0.6651615447544889,0.49052100197599113
community life,2,9,0.36266047726118805,0.6096239297713233,-0.5157140016762494,-0.6651615447544889,0.49052100197599113
identify genetic,2,9,0.36266047726118805,0.6096239297713233,-0.5163281300014582,-0.6657272855172871,0.49052100197599113
abnormal brain,0,7,0.0,0.4741519453776959,-5.004970297503105,-0.6664346901112878,4.443585393635272
subjects data,0,7,0.0,0.4741519453776959,-5.004970297503105,-0.6664346901112878,4.443585393635272
reported asd,0,7,0.0,0.4741519453776959,-5.004970297503105,-0.6664346901112878,4.443585393635272
complex needs,0,7,0.0,0.4741519453776959,-5.004970297503105,-0.6664346901112878,4.443585393635272
children using,0,7,0.0,0.4741519453776959,-5.004970297503105,-0.6664346901112878,4.443585393635272
important consider,0,7,0.0,0.4741519453776959,-5.004970297503105,-0.6664346901112878,4.443585393635272
influence asd,0,7,0.0,0.4741519453776959,-5.004970297503105,-0.6664346901112878,4.443585393635272
combination therapy,0,7,0.0,0.4741519453776959,-5.004970297503105,-0.6664346901112878,4.443585393635272
epidemiologic studies,0,7,0.0,0.4741519453776959,-5.004970297503105,-0.6664346901112878,4.443585393635272
use data,0,7,0.0,0.4741519453776959,-5.004970297503105,-0.6664346901112878,4.443585393635272
needs understand,0,7,0.0,0.4741519453776959,-5.004970297503105,-0.6664346901112878,4.443585393635272
expanded include,0,7,0.0,0.4741519453776959,-5.004970297503105,-0.6664346901112878,4.443585393635272
increase accessibility,0,7,0.0,0.4741519453776959,-5.004970297503105,-0.6664346901112878,4.443585393635272
needed support,2,9,0.36266047726118805,0.6096239297713233,-0.5181741022531643,-0.667425206159902,0.49052100197599113
adults families,2,9,0.36266047726118805,0.6096239297713233,-0.5194077497266996,-0.6685577344776584,0.49052100197599113
support adults,2,9,0.36266047726118805,0.6096239297713233,-0.5194077497266996,-0.6685577344776584,0.49052100197599113
increase autism,2,9,0.36266047726118805,0.6096239297713233,-0.5206438059378318,-0.6696907270744279,0.49052100197599113
role autism,2,9,0.36266047726118805,0.6096239297713233,-0.5212627398212213,-0.6702573972876897,0.49052100197599113
epilepsy autism,2,9,0.36266047726118805,0.6096239297713233,-0.5225024241672536,-0.6713910851600486,0.49052100197599113
housing needs,2,9,0.36266047726118805,0.6096239297713233,-0.5225024241672536,-0.6713910851600486,0.49052100197599113
plan committee,2,9,0.36266047726118805,0.6096239297713233,-0.5225024241672536,-0.6713910851600486,0.49052100197599113
different opinions,0,5,0.0,0.3386799609840685,-4.360629558331418,-0.6772652682141169,3.1739895668823372
childhood development,0,5,0.0,0.3386799609840685,-4.360629558331418,-0.6772652682141169,3.1739895668823372
research shows,0,5,0.0,0.3386799609840685,-4.360629558331418,-0.6772652682141169,3.1739895668823372
conditions adults,0,5,0.0,0.3386799609840685,-4.360629558331418,-0.6772652682141169,3.1739895668823372
early months,0,5,0.0,0.3386799609840685,-4.360629558331418,-0.6772652682141169,3.1739895668823372
health interview,0,5,0.0,0.3386799609840685,-4.360629558331418,-0.6772652682141169,3.1739895668823372
settings studies,0,5,0.0,0.3386799609840685,-4.360629558331418,-0.6772652682141169,3.1739895668823372
international research,0,5,0.0,0.3386799609840685,-4.360629558331418,-0.6772652682141169,3.1739895668823372
interdisciplinary practices,0,5,0.0,0.3386799609840685,-4.360629558331418,-0.6772652682141169,3.1739895668823372
period years,0,5,0.0,0.3386799609840685,-4.360629558331418,-0.6772652682141169,3.1739895668823372
asd particularly,0,5,0.0,0.3386799609840685,-4.360629558331418,-0.6772652682141169,3.1739895668823372
inclusion accessibility,0,5,0.0,0.3386799609840685,-4.360629558331418,-0.6772652682141169,3.1739895668823372
research consortium,0,5,0.0,0.3386799609840685,-4.360629558331418,-0.6772652682141169,3.1739895668823372
nih office,0,5,0.0,0.3386799609840685,-4.360629558331418,-0.6772652682141169,3.1739895668823372
recently published,0,5,0.0,0.3386799609840685,-4.360629558331418,-0.6772652682141169,3.1739895668823372
association studies,0,5,0.0,0.3386799609840685,-4.360629558331418,-0.6772652682141169,3.1739895668823372
trials medication,0,5,0.0,0.3386799609840685,-4.360629558331418,-0.6772652682141169,3.1739895668823372
network published,0,5,0.0,0.3386799609840685,-4.360629558331418,-0.6772652682141169,3.1739895668823372
policy practice-level,0,5,0.0,0.3386799609840685,-4.360629558331418,-0.6772652682141169,3.1739895668823372
diversity equity,0,5,0.0,0.3386799609840685,-4.360629558331418,-0.6772652682141169,3.1739895668823372
autism person,0,5,0.0,0.3386799609840685,-4.360629558331418,-0.6772652682141169,3.1739895668823372
in-service training,0,5,0.0,0.3386799609840685,-4.360629558331418,-0.6772652682141169,3.1739895668823372
practice-level coordination,0,5,0.0,0.3386799609840685,-4.360629558331418,-0.6772652682141169,3.1739895668823372
delivered childhood,0,5,0.0,0.3386799609840685,-4.360629558331418,-0.6772652682141169,3.1739895668823372
practices community,0,5,0.0,0.3386799609840685,-4.360629558331418,-0.6772652682141169,3.1739895668823372
detect asd,0,5,0.0,0.3386799609840685,-4.360629558331418,-0.6772652682141169,3.1739895668823372
multiple areas,0,6,0.0,0.4064159531808822,-4.684717725973453,-0.6778098375578179,3.8087874802588044
specific autism,0,6,0.0,0.4064159531808822,-4.684717725973453,-0.6778098375578179,3.8087874802588044
critical research,0,6,0.0,0.4064159531808822,-4.684717725973453,-0.6778098375578179,3.8087874802588044
federal officials,0,6,0.0,0.4064159531808822,-4.684717725973453,-0.6778098375578179,3.8087874802588044
biological markers,0,6,0.0,0.4064159531808822,-4.684717725973453,-0.6778098375578179,3.8087874802588044
understand prevalence,0,6,0.0,0.4064159531808822,-4.684717725973453,-0.6778098375578179,3.8087874802588044
develop adapt,0,6,0.0,0.4064159531808822,-4.684717725973453,-0.6778098375578179,3.8087874802588044
autism adults,0,6,0.0,0.4064159531808822,-4.684717725973453,-0.6778098375578179,3.8087874802588044
existing research,0,6,0.0,0.4064159531808822,-4.684717725973453,-0.6778098375578179,3.8087874802588044
autism environment,0,6,0.0,0.4064159531808822,-4.684717725973453,-0.6778098375578179,3.8087874802588044
needs improved,0,6,0.0,0.4064159531808822,-4.684717725973453,-0.6778098375578179,3.8087874802588044
field iacc,0,6,0.0,0.4064159531808822,-4.684717725973453,-0.6778098375578179,3.8087874802588044
quality services,0,6,0.0,0.4064159531808822,-4.684717725973453,-0.6778098375578179,3.8087874802588044
include individuals,0,6,0.0,0.4064159531808822,-4.684717725973453,-0.6778098375578179,3.8087874802588044
spectrum community,0,6,0.0,0.4064159531808822,-4.684717725973453,-0.6778098375578179,3.8087874802588044
markers asd,0,6,0.0,0.4064159531808822,-4.684717725973453,-0.6778098375578179,3.8087874802588044
impact individuals,0,6,0.0,0.4064159531808822,-4.684717725973453,-0.6778098375578179,3.8087874802588044
impact environmental,0,6,0.0,0.4064159531808822,-4.684717725973453,-0.6778098375578179,3.8087874802588044
high cost,0,6,0.0,0.4064159531808822,-4.684717725973453,-0.6778098375578179,3.8087874802588044
cord blood,0,6,0.0,0.4064159531808822,-4.684717725973453,-0.6778098375578179,3.8087874802588044
autism-related services,0,6,0.0,0.4064159531808822,-4.684717725973453,-0.6778098375578179,3.8087874802588044
environment charge,0,6,0.0,0.4064159531808822,-4.684717725973453,-0.6778098375578179,3.8087874802588044
minority population,0,6,0.0,0.4064159531808822,-4.684717725973453,-0.6778098375578179,3.8087874802588044
asd genes,0,6,0.0,0.4064159531808822,-4.684717725973453,-0.6778098375578179,3.8087874802588044
mechanisms asd,0,6,0.0,0.4064159531808822,-4.684717725973453,-0.6778098375578179,3.8087874802588044
wandering behavior,0,6,0.0,0.4064159531808822,-4.684717725973453,-0.6778098375578179,3.8087874802588044
outcomes adults,0,6,0.0,0.4064159531808822,-4.684717725973453,-0.6778098375578179,3.8087874802588044
process early,0,6,0.0,0.4064159531808822,-4.684717725973453,-0.6778098375578179,3.8087874802588044
health lifespan,0,6,0.0,0.4064159531808822,-4.684717725973453,-0.6778098375578179,3.8087874802588044
markers environmental,0,6,0.0,0.4064159531808822,-4.684717725973453,-0.6778098375578179,3.8087874802588044
asd differences,0,6,0.0,0.4064159531808822,-4.684717725973453,-0.6778098375578179,3.8087874802588044
autism fragile,0,6,0.0,0.4064159531808822,-4.684717725973453,-0.6778098375578179,3.8087874802588044
ways increase,0,6,0.0,0.4064159531808822,-4.684717725973453,-0.6778098375578179,3.8087874802588044
summary question,0,6,0.0,0.4064159531808822,-4.684717725973453,-0.6778098375578179,3.8087874802588044
autism continue,0,6,0.0,0.4064159531808822,-4.684717725973453,-0.6778098375578179,3.8087874802588044
autism compared,0,6,0.0,0.4064159531808822,-4.684717725973453,-0.6778098375578179,3.8087874802588044
children's studies,0,6,0.0,0.4064159531808822,-4.684717725973453,-0.6778098375578179,3.8087874802588044
acceptance accommodations,0,6,0.0,0.4064159531808822,-4.684717725973453,-0.6778098375578179,3.8087874802588044
asd clinical,0,6,0.0,0.4064159531808822,-4.684717725973453,-0.6778098375578179,3.8087874802588044
rapid replication,0,6,0.0,0.4064159531808822,-4.684717725973453,-0.6778098375578179,3.8087874802588044
research subjects,0,9,0.0,0.6096239297713233,-5.350866155713437,-0.6795858266245126,5.713181220388207
recommended number,0,9,0.0,0.6096239297713233,-5.350866155713437,-0.6795858266245126,5.713181220388207
exposure studies,0,9,0.0,0.6096239297713233,-5.350866155713437,-0.6795858266245126,5.713181220388207
development screening,0,9,0.0,0.6096239297713233,-5.350866155713437,-0.6795858266245126,5.713181220388207
postmortem tissue,0,9,0.0,0.6096239297713233,-5.350866155713437,-0.6795858266245126,5.713181220388207
met recommended,0,9,0.0,0.6096239297713233,-5.350866155713437,-0.6795858266245126,5.713181220388207
asd epilepsy,0,9,0.0,0.6096239297713233,-5.350866155713437,-0.6795858266245126,5.713181220388207
best ways,0,9,0.0,0.6096239297713233,-5.350866155713437,-0.6795858266245126,5.713181220388207
emerged years,0,9,0.0,0.6096239297713233,-5.350866155713437,-0.6795858266245126,5.713181220388207
final rule,0,9,0.0,0.6096239297713233,-5.350866155713437,-0.6795858266245126,5.713181220388207
duplication efforts,0,9,0.0,0.6096239297713233,-5.350866155713437,-0.6795858266245126,5.713181220388207
individuals multiple,0,7,0.0,0.4741519453776959,-4.918189136190847,-0.683920886541103,4.443585393635272
autism needs,0,7,0.0,0.4741519453776959,-4.918189136190847,-0.683920886541103,4.443585393635272
human rights,0,7,0.0,0.4741519453776959,-4.918189136190847,-0.683920886541103,4.443585393635272
identify people,0,7,0.0,0.4741519453776959,-4.918189136190847,-0.683920886541103,4.443585393635272
biology co-occurring,0,7,0.0,0.4741519453776959,-4.918189136190847,-0.683920886541103,4.443585393635272
asd cost,0,7,0.0,0.4741519453776959,-4.918189136190847,-0.683920886541103,4.443585393635272
basis autism,0,7,0.0,0.4741519453776959,-4.918189136190847,-0.683920886541103,4.443585393635272
studies date,0,7,0.0,0.4741519453776959,-4.918189136190847,-0.683920886541103,4.443585393635272
autistic women,0,7,0.0,0.4741519453776959,-4.918189136190847,-0.683920886541103,4.443585393635272
diverse samples,0,7,0.0,0.4741519453776959,-4.918189136190847,-0.683920886541103,4.443585393635272
services types,0,7,0.0,0.4741519453776959,-4.918189136190847,-0.683920886541103,4.443585393635272
efficacy widely,0,7,0.0,0.4741519453776959,-4.918189136190847,-0.683920886541103,4.443585393635272
period development,0,7,0.0,0.4741519453776959,-4.918189136190847,-0.683920886541103,4.443585393635272
phenotypes including,0,7,0.0,0.4741519453776959,-4.918189136190847,-0.683920886541103,4.443585393635272
studied use,0,7,0.0,0.4741519453776959,-4.918189136190847,-0.683920886541103,4.443585393635272
facilitate communication,0,7,0.0,0.4741519453776959,-4.918189136190847,-0.683920886541103,4.443585393635272
needs researchers,0,7,0.0,0.4741519453776959,-4.918189136190847,-0.683920886541103,4.443585393635272
variation asd,0,7,0.0,0.4741519453776959,-4.918189136190847,-0.683920886541103,4.443585393635272
approaches facilitate,0,7,0.0,0.4741519453776959,-4.918189136190847,-0.683920886541103,4.443585393635272
affect brain,0,7,0.0,0.4741519453776959,-4.918189136190847,-0.683920886541103,4.443585393635272
expand scope,0,7,0.0,0.4741519453776959,-4.918189136190847,-0.683920886541103,4.443585393635272
infrastructure systems,0,7,0.0,0.4741519453776959,-4.918189136190847,-0.683920886541103,4.443585393635272
pediatrics aap,0,7,0.0,0.4741519453776959,-4.918189136190847,-0.683920886541103,4.443585393635272
spectrum including,0,7,0.0,0.4741519453776959,-4.918189136190847,-0.683920886541103,4.443585393635272
rigorously studied,0,7,0.0,0.4741519453776959,-4.918189136190847,-0.683920886541103,4.443585393635272
foundation nih,0,8,0.0,0.5418879375745096,-5.138191760739296,-0.6842815570088296,5.078383307011739
financial planning,0,8,0.0,0.5418879375745096,-5.138191760739296,-0.6842815570088296,5.078383307011739
people spectrum,0,8,0.0,0.5418879375745096,-5.138191760739296,-0.6842815570088296,5.078383307011739
plan future,0,8,0.0,0.5418879375745096,-5.138191760739296,-0.6842815570088296,5.078383307011739
resilience factors,0,8,0.0,0.5418879375745096,-5.138191760739296,-0.6842815570088296,5.078383307011739
underrepresented group,0,8,0.0,0.5418879375745096,-5.138191760739296,-0.6842815570088296,5.078383307011739
based behavioral,0,8,0.0,0.5418879375745096,-5.138191760739296,-0.6842815570088296,5.078383307011739
disabilities services,6,22,1.087981431783564,1.4901918283299014,-0.3149762911719787,-0.6882221495085667,0.49429710955403117
development center,0,5,0.0,0.3386799609840685,-4.296412591132512,-0.6890659927942442,3.1739895668823372
promote interdisciplinary,0,5,0.0,0.3386799609840685,-4.296412591132512,-0.6890659927942442,3.1739895668823372
studies novel,0,5,0.0,0.3386799609840685,-4.296412591132512,-0.6890659927942442,3.1739895668823372
disorder dsm,0,5,0.0,0.3386799609840685,-4.296412591132512,-0.6890659927942442,3.1739895668823372
care facilities,0,5,0.0,0.3386799609840685,-4.296412591132512,-0.6890659927942442,3.1739895668823372
studies supported,0,5,0.0,0.3386799609840685,-4.296412591132512,-0.6890659927942442,3.1739895668823372
meeting iacc,0,5,0.0,0.3386799609840685,-4.296412591132512,-0.6890659927942442,3.1739895668823372
behavioral problems,0,5,0.0,0.3386799609840685,-4.296412591132512,-0.6890659927942442,3.1739895668823372
strengthen understanding,0,5,0.0,0.3386799609840685,-4.296412591132512,-0.6890659927942442,3.1739895668823372
model esdm,0,5,0.0,0.3386799609840685,-4.296412591132512,-0.6890659927942442,3.1739895668823372
released report,0,5,0.0,0.3386799609840685,-4.296412591132512,-0.6890659927942442,3.1739895668823372
child care,0,5,0.0,0.3386799609840685,-4.296412591132512,-0.6890659927942442,3.1739895668823372
detection access,0,5,0.0,0.3386799609840685,-4.296412591132512,-0.6890659927942442,3.1739895668823372
pharmacological medical,0,5,0.0,0.3386799609840685,-4.296412591132512,-0.6890659927942442,3.1739895668823372
iacc budget,0,5,0.0,0.3386799609840685,-4.296412591132512,-0.6890659927942442,3.1739895668823372
psychosocial developmental,0,5,0.0,0.3386799609840685,-4.296412591132512,-0.6890659927942442,3.1739895668823372
guide future,0,5,0.0,0.3386799609840685,-4.296412591132512,-0.6890659927942442,3.1739895668823372
order facilitate,0,6,0.0,0.4064159531808822,-4.610878079189593,-0.692217494296791,3.8087874802588044
individuals ages,0,6,0.0,0.4064159531808822,-4.610878079189593,-0.692217494296791,3.8087874802588044
provide new,0,6,0.0,0.4064159531808822,-4.610878079189593,-0.692217494296791,3.8087874802588044
integrated services,0,6,0.0,0.4064159531808822,-4.610878079189593,-0.692217494296791,3.8087874802588044
electroencephalography eeg,0,6,0.0,0.4064159531808822,-4.610878079189593,-0.692217494296791,3.8087874802588044
families people,0,6,0.0,0.4064159531808822,-4.610878079189593,-0.692217494296791,3.8087874802588044
conditions people,0,6,0.0,0.4064159531808822,-4.610878079189593,-0.692217494296791,3.8087874802588044
inclusion independence,0,6,0.0,0.4064159531808822,-4.610878079189593,-0.692217494296791,3.8087874802588044
varying levels,0,6,0.0,0.4064159531808822,-4.610878079189593,-0.692217494296791,3.8087874802588044
identification interventions,0,6,0.0,0.4064159531808822,-4.610878079189593,-0.692217494296791,3.8087874802588044
lifespan research,0,6,0.0,0.4064159531808822,-4.610878079189593,-0.692217494296791,3.8087874802588044
psychology university,0,6,0.0,0.4064159531808822,-4.610878079189593,-0.692217494296791,3.8087874802588044
important new,0,6,0.0,0.4064159531808822,-4.610878079189593,-0.692217494296791,3.8087874802588044
complex tsc,0,6,0.0,0.4064159531808822,-4.610878079189593,-0.692217494296791,3.8087874802588044
support group,0,6,0.0,0.4064159531808822,-4.610878079189593,-0.692217494296791,3.8087874802588044
seven general,0,6,0.0,0.4064159531808822,-4.610878079189593,-0.692217494296791,3.8087874802588044
publications iacc,0,6,0.0,0.4064159531808822,-4.610878079189593,-0.692217494296791,3.8087874802588044
people risk,0,10,0.0,0.677359921968137,-5.4560541596092005,-0.6930071042458618,6.3479791337646745
services approaches,0,10,0.0,0.677359921968137,-5.4560541596092005,-0.6930071042458618,6.3479791337646745
years long-term,0,10,0.0,0.677359921968137,-5.4560541596092005,-0.6930071042458618,6.3479791337646745
asd link,0,10,0.0,0.677359921968137,-5.4560541596092005,-0.6930071042458618,6.3479791337646745
note objectives,0,10,0.0,0.677359921968137,-5.4560541596092005,-0.6930071042458618,6.3479791337646745
data shared,0,10,0.0,0.677359921968137,-5.4560541596092005,-0.6930071042458618,6.3479791337646745
national vaccine,0,10,0.0,0.677359921968137,-5.4560541596092005,-0.6930071042458618,6.3479791337646745
activities discussed,0,10,0.0,0.677359921968137,-5.4560541596092005,-0.6930071042458618,6.3479791337646745
include research,1,6,0.18133023863059403,0.4064159531808822,-0.7145476998646512,-0.6990727469067887,0.6713613586511797
difficulties accessing,0,9,0.0,0.6096239297713233,-5.255735166099951,-0.7000213281901921,5.713181220388207
role immune,0,9,0.0,0.6096239297713233,-5.255735166099951,-0.7000213281901921,5.713181220388207
interventions options,0,9,0.0,0.6096239297713233,-5.255735166099951,-0.7000213281901921,5.713181220388207
iacc working,0,9,0.0,0.6096239297713233,-5.255735166099951,-0.7000213281901921,5.713181220388207
population settings,0,9,0.0,0.6096239297713233,-5.255735166099951,-0.7000213281901921,5.713181220388207
scientific workshop,0,9,0.0,0.6096239297713233,-5.255735166099951,-0.7000213281901921,5.713181220388207
skills studies,0,5,0.0,0.3386799609840685,-4.236109419879531,-0.7001924212502443,3.1739895668823372
researchers able,0,5,0.0,0.3386799609840685,-4.236109419879531,-0.7001924212502443,3.1739895668823372
used help,0,5,0.0,0.3386799609840685,-4.236109419879531,-0.7001924212502443,3.1739895668823372
role development,0,5,0.0,0.3386799609840685,-4.236109419879531,-0.7001924212502443,3.1739895668823372
organizations broader,0,5,0.0,0.3386799609840685,-4.236109419879531,-0.7001924212502443,3.1739895668823372
independence integration,0,5,0.0,0.3386799609840685,-4.236109419879531,-0.7001924212502443,3.1739895668823372
vertically note,0,5,0.0,0.3386799609840685,-4.236109419879531,-0.7001924212502443,3.1739895668823372
reduce disabling,0,5,0.0,0.3386799609840685,-4.236109419879531,-0.7001924212502443,3.1739895668823372
plan caused,0,5,0.0,0.3386799609840685,-4.236109419879531,-0.7001924212502443,3.1739895668823372
increase asd,0,5,0.0,0.3386799609840685,-4.236109419879531,-0.7001924212502443,3.1739895668823372
objectives studies,0,5,0.0,0.3386799609840685,-4.236109419879531,-0.7001924212502443,3.1739895668823372
research health,0,5,0.0,0.3386799609840685,-4.236109419879531,-0.7001924212502443,3.1739895668823372
question followed,0,5,0.0,0.3386799609840685,-4.236109419879531,-0.7001924212502443,3.1739895668823372
severely affected,0,5,0.0,0.3386799609840685,-4.236109419879531,-0.7001924212502443,3.1739895668823372
question address,0,5,0.0,0.3386799609840685,-4.236109419879531,-0.7001924212502443,3.1739895668823372
interventions designed,0,5,0.0,0.3386799609840685,-4.236109419879531,-0.7001924212502443,3.1739895668823372
expand knowledge,0,7,0.0,0.4741519453776959,-4.838376591199383,-0.7002154128380058,4.443585393635272
help address,0,7,0.0,0.4741519453776959,-4.838376591199383,-0.7002154128380058,4.443585393635272
coordinated efforts,0,7,0.0,0.4741519453776959,-4.838376591199383,-0.7002154128380058,4.443585393635272
identify ways,0,7,0.0,0.4741519453776959,-4.838376591199383,-0.7002154128380058,4.443585393635272
severity symptoms,0,7,0.0,0.4741519453776959,-4.838376591199383,-0.7002154128380058,4.443585393635272
goal reducing,0,7,0.0,0.4741519453776959,-4.838376591199383,-0.7002154128380058,4.443585393635272
provide platform,0,7,0.0,0.4741519453776959,-4.838376591199383,-0.7002154128380058,4.443585393635272
based services,0,7,0.0,0.4741519453776959,-4.838376591199383,-0.7002154128380058,4.443585393635272
trajectory autism,0,7,0.0,0.4741519453776959,-4.838376591199383,-0.7002154128380058,4.443585393635272
determine best,0,7,0.0,0.4741519453776959,-4.838376591199383,-0.7002154128380058,4.443585393635272
asd changes,0,7,0.0,0.4741519453776959,-4.838376591199383,-0.7002154128380058,4.443585393635272
geographic location,0,7,0.0,0.4741519453776959,-4.838376591199383,-0.7002154128380058,4.443585393635272
prevention preemption,0,7,0.0,0.4741519453776959,-4.838376591199383,-0.7002154128380058,4.443585393635272
development diagnostic,0,7,0.0,0.4741519453776959,-4.838376591199383,-0.7002154128380058,4.443585393635272
education university,0,7,0.0,0.4741519453776959,-4.838376591199383,-0.7002154128380058,4.443585393635272
promote positive,0,7,0.0,0.4741519453776959,-4.838376591199383,-0.7002154128380058,4.443585393635272
contributions data,0,7,0.0,0.4741519453776959,-4.838376591199383,-0.7002154128380058,4.443585393635272
asd needed,0,7,0.0,0.4741519453776959,-4.838376591199383,-0.7002154128380058,4.443585393635272
years revised,0,7,0.0,0.4741519453776959,-4.838376591199383,-0.7002154128380058,4.443585393635272
interventions provide,0,7,0.0,0.4741519453776959,-4.838376591199383,-0.7002154128380058,4.443585393635272
support contributions,0,7,0.0,0.4741519453776959,-4.838376591199383,-0.7002154128380058,4.443585393635272
cost asd,0,7,0.0,0.4741519453776959,-4.838376591199383,-0.7002154128380058,4.443585393635272
children addm,0,8,0.0,0.5418879375745096,-5.051381886924416,-0.7025632878762639,5.078383307011739
parental age,0,8,0.0,0.5418879375745096,-5.051381886924416,-0.7025632878762639,5.078383307011739
environmental causes,0,8,0.0,0.5418879375745096,-5.051381886924416,-0.7025632878762639,5.078383307011739
effective improving,0,8,0.0,0.5418879375745096,-5.051381886924416,-0.7025632878762639,5.078383307011739
received training,0,8,0.0,0.5418879375745096,-5.051381886924416,-0.7025632878762639,5.078383307011739
likely experience,0,8,0.0,0.5418879375745096,-5.051381886924416,-0.7025632878762639,5.078383307011739
opportunities individuals,0,8,0.0,0.5418879375745096,-5.051381886924416,-0.7025632878762639,5.078383307011739
adults healthcare,0,8,0.0,0.5418879375745096,-5.051381886924416,-0.7025632878762639,5.078383307011739
order ensure,0,8,0.0,0.5418879375745096,-5.051381886924416,-0.7025632878762639,5.078383307011739
related medical,0,8,0.0,0.5418879375745096,-5.051381886924416,-0.7025632878762639,5.078383307011739
housing model,0,8,0.0,0.5418879375745096,-5.051381886924416,-0.7025632878762639,5.078383307011739
increased investment,0,8,0.0,0.5418879375745096,-5.051381886924416,-0.7025632878762639,5.078383307011739
genetic markers,0,8,0.0,0.5418879375745096,-5.051381886924416,-0.7025632878762639,5.078383307011739
asd affect,0,8,0.0,0.5418879375745096,-5.051381886924416,-0.7025632878762639,5.078383307011739
chapter iacc,0,6,0.0,0.4064159531808822,-4.542153461083705,-0.7057396929331706,3.8087874802588044
medical providers,0,6,0.0,0.4064159531808822,-4.542153461083705,-0.7057396929331706,3.8087874802588044
policy department,0,6,0.0,0.4064159531808822,-4.542153461083705,-0.7057396929331706,3.8087874802588044
asd new,0,6,0.0,0.4064159531808822,-4.542153461083705,-0.7057396929331706,3.8087874802588044
identification biomarkers,0,6,0.0,0.4064159531808822,-4.542153461083705,-0.7057396929331706,3.8087874802588044
challenges related,0,6,0.0,0.4064159531808822,-4.542153461083705,-0.7057396929331706,3.8087874802588044
asd limited,0,6,0.0,0.4064159531808822,-4.542153461083705,-0.7057396929331706,3.8087874802588044
tensor imaging,0,6,0.0,0.4064159531808822,-4.542153461083705,-0.7057396929331706,3.8087874802588044
implications asd,0,6,0.0,0.4064159531808822,-4.542153461083705,-0.7057396929331706,3.8087874802588044
relationship access,0,6,0.0,0.4064159531808822,-4.542153461083705,-0.7057396929331706,3.8087874802588044
oral health,0,6,0.0,0.4064159531808822,-4.542153461083705,-0.7057396929331706,3.8087874802588044
imaging dti,0,6,0.0,0.4064159531808822,-4.542153461083705,-0.7057396929331706,3.8087874802588044
tools interventions,0,6,0.0,0.4064159531808822,-4.542153461083705,-0.7057396929331706,3.8087874802588044
years test,0,6,0.0,0.4064159531808822,-4.542153461083705,-0.7057396929331706,3.8087874802588044
surveillance provide,0,6,0.0,0.4064159531808822,-4.542153461083705,-0.7057396929331706,3.8087874802588044
used treatment,0,6,0.0,0.4064159531808822,-4.542153461083705,-0.7057396929331706,3.8087874802588044
unnecessarily duplicative,0,6,0.0,0.4064159531808822,-4.542153461083705,-0.7057396929331706,3.8087874802588044
screening methods,0,6,0.0,0.4064159531808822,-4.542153461083705,-0.7057396929331706,3.8087874802588044
autism typically,0,6,0.0,0.4064159531808822,-4.542153461083705,-0.7057396929331706,3.8087874802588044
help develop,0,6,0.0,0.4064159531808822,-4.542153461083705,-0.7057396929331706,3.8087874802588044
privately funded,0,6,0.0,0.4064159531808822,-4.542153461083705,-0.7057396929331706,3.8087874802588044
existing interventions,0,6,0.0,0.4064159531808822,-4.542153461083705,-0.7057396929331706,3.8087874802588044
individualized interventions,0,6,0.0,0.4064159531808822,-4.542153461083705,-0.7057396929331706,3.8087874802588044
development support,0,6,0.0,0.4064159531808822,-4.542153461083705,-0.7057396929331706,3.8087874802588044
diffusion tensor,0,6,0.0,0.4064159531808822,-4.542153461083705,-0.7057396929331706,3.8087874802588044
navigation services,0,5,0.0,0.3386799609840685,-4.179272353294268,-0.7107120829667842,3.1739895668823372
caa subsequent,0,5,0.0,0.3386799609840685,-4.179272353294268,-0.7107120829667842,3.1739895668823372
link autism,0,5,0.0,0.3386799609840685,-4.179272353294268,-0.7107120829667842,3.1739895668823372
vast majority,0,5,0.0,0.3386799609840685,-4.179272353294268,-0.7107120829667842,3.1739895668823372
disabilities department,0,5,0.0,0.3386799609840685,-4.179272353294268,-0.7107120829667842,3.1739895668823372
center disabilities,0,5,0.0,0.3386799609840685,-4.179272353294268,-0.7107120829667842,3.1739895668823372
initiated projects,0,5,0.0,0.3386799609840685,-4.179272353294268,-0.7107120829667842,3.1739895668823372
focus identifying,0,5,0.0,0.3386799609840685,-4.179272353294268,-0.7107120829667842,3.1739895668823372
machine learning,0,5,0.0,0.3386799609840685,-4.179272353294268,-0.7107120829667842,3.1739895668823372
asd year-old,0,5,0.0,0.3386799609840685,-4.179272353294268,-0.7107120829667842,3.1739895668823372
children receiving,0,5,0.0,0.3386799609840685,-4.179272353294268,-0.7107120829667842,3.1739895668823372
asd girls,0,5,0.0,0.3386799609840685,-4.179272353294268,-0.7107120829667842,3.1739895668823372
accessing services,0,5,0.0,0.3386799609840685,-4.179272353294268,-0.7107120829667842,3.1739895668823372
tools use,0,5,0.0,0.3386799609840685,-4.179272353294268,-0.7107120829667842,3.1739895668823372
asd-related services,0,5,0.0,0.3386799609840685,-4.179272353294268,-0.7107120829667842,3.1739895668823372
total column,0,5,0.0,0.3386799609840685,-4.179272353294268,-0.7107120829667842,3.1739895668823372
assess impact,0,5,0.0,0.3386799609840685,-4.179272353294268,-0.7107120829667842,3.1739895668823372
well-being autistic,0,5,0.0,0.3386799609840685,-4.179272353294268,-0.7107120829667842,3.1739895668823372
issues autism,0,5,0.0,0.3386799609840685,-4.179272353294268,-0.7107120829667842,3.1739895668823372
active duty,0,5,0.0,0.3386799609840685,-4.179272353294268,-0.7107120829667842,3.1739895668823372
focused adults,0,10,0.0,0.677359921968137,-5.360905279540825,-0.7140992537903091,6.3479791337646745
underserved group,0,10,0.0,0.677359921968137,-5.360905279540825,-0.7140992537903091,6.3479791337646745
clinical data,0,10,0.0,0.677359921968137,-5.360905279540825,-0.7140992537903091,6.3479791337646745
symptoms profiles,0,10,0.0,0.677359921968137,-5.360905279540825,-0.7140992537903091,6.3479791337646745
efficacy dissemination,0,7,0.0,0.4741519453776959,-4.764498728756818,-0.7154707651909746,4.443585393635272
specific biological,0,7,0.0,0.4741519453776959,-4.764498728756818,-0.7154707651909746,4.443585393635272
executive function,0,7,0.0,0.4741519453776959,-4.764498728756818,-0.7154707651909746,4.443585393635272
particularly important,0,7,0.0,0.4741519453776959,-4.764498728756818,-0.7154707651909746,4.443585393635272
research addition,0,7,0.0,0.4741519453776959,-4.764498728756818,-0.7154707651909746,4.443585393635272
girls boys,0,7,0.0,0.4741519453776959,-4.764498728756818,-0.7154707651909746,4.443585393635272
edition iacc,0,7,0.0,0.4741519453776959,-4.764498728756818,-0.7154707651909746,4.443585393635272
general topics,0,7,0.0,0.4741519453776959,-4.764498728756818,-0.7154707651909746,4.443585393635272
adults research,0,7,0.0,0.4741519453776959,-4.764498728756818,-0.7154707651909746,4.443585393635272
existing tools,0,7,0.0,0.4741519453776959,-4.764498728756818,-0.7154707651909746,4.443585393635272
symptoms people,0,7,0.0,0.4741519453776959,-4.764498728756818,-0.7154707651909746,4.443585393635272
housing people,0,7,0.0,0.4741519453776959,-4.764498728756818,-0.7154707651909746,4.443585393635272
asd subtypes,0,7,0.0,0.4741519453776959,-4.764498728756818,-0.7154707651909746,4.443585393635272
data sets,0,7,0.0,0.4741519453776959,-4.764498728756818,-0.7154707651909746,4.443585393635272
challenges barriers,0,7,0.0,0.4741519453776959,-4.764498728756818,-0.7154707651909746,4.443585393635272
autism impact,0,7,0.0,0.4741519453776959,-4.764498728756818,-0.7154707651909746,4.443585393635272
co-occurring symptoms,0,7,0.0,0.4741519453776959,-4.764498728756818,-0.7154707651909746,4.443585393635272
brain circuitry,0,7,0.0,0.4741519453776959,-4.764498728756818,-0.7154707651909746,4.443585393635272
status race,0,6,0.0,0.4064159531808822,-4.477883121377015,-0.7184757260857628,3.8087874802588044
research test,0,6,0.0,0.4064159531808822,-4.477883121377015,-0.7184757260857628,3.8087874802588044
support received,0,6,0.0,0.4064159531808822,-4.477883121377015,-0.7184757260857628,3.8087874802588044
develop enhance,0,6,0.0,0.4064159531808822,-4.477883121377015,-0.7184757260857628,3.8087874802588044
siblings research,0,6,0.0,0.4064159531808822,-4.477883121377015,-0.7184757260857628,3.8087874802588044
related objectives,0,6,0.0,0.4064159531808822,-4.477883121377015,-0.7184757260857628,3.8087874802588044
novel treatment,0,6,0.0,0.4064159531808822,-4.477883121377015,-0.7184757260857628,3.8087874802588044
needs increased,0,6,0.0,0.4064159531808822,-4.477883121377015,-0.7184757260857628,3.8087874802588044
period time,0,6,0.0,0.4064159531808822,-4.477883121377015,-0.7184757260857628,3.8087874802588044
policy advisor,0,6,0.0,0.4064159531808822,-4.477883121377015,-0.7184757260857628,3.8087874802588044
ethnicity gender,0,6,0.0,0.4064159531808822,-4.477883121377015,-0.7184757260857628,3.8087874802588044
order improve,0,6,0.0,0.4064159531808822,-4.477883121377015,-0.7184757260857628,3.8087874802588044
continued investment,0,9,0.0,0.6096239297713233,-5.168902947191372,-0.7190046676156661,5.713181220388207
needed increase,0,9,0.0,0.6096239297713233,-5.168902947191372,-0.7190046676156661,5.713181220388207
advances field,0,9,0.0,0.6096239297713233,-5.168902947191372,-0.7190046676156661,5.713181220388207
early career,0,9,0.0,0.6096239297713233,-5.168902947191372,-0.7190046676156661,5.713181220388207
families society,0,9,0.0,0.6096239297713233,-5.168902947191372,-0.7190046676156661,5.713181220388207
progress area,0,9,0.0,0.6096239297713233,-5.168902947191372,-0.7190046676156661,5.713181220388207
etiology asd,0,8,0.0,0.5418879375745096,-4.971540641823063,-0.7196208959505942,5.078383307011739
population research,0,8,0.0,0.5418879375745096,-4.971540641823063,-0.7196208959505942,5.078383307011739
behavioral phenotypes,0,8,0.0,0.5418879375745096,-4.971540641823063,-0.7196208959505942,5.078383307011739
recent report,0,8,0.0,0.5418879375745096,-4.971540641823063,-0.7196208959505942,5.078383307011739
young months,0,8,0.0,0.5418879375745096,-4.971540641823063,-0.7196208959505942,5.078383307011739
role environmental,0,8,0.0,0.5418879375745096,-4.971540641823063,-0.7196208959505942,5.078383307011739
additional studies,0,8,0.0,0.5418879375745096,-4.971540641823063,-0.7196208959505942,5.078383307011739
ethical issues,0,8,0.0,0.5418879375745096,-4.971540641823063,-0.7196208959505942,5.078383307011739
impact research,0,8,0.0,0.5418879375745096,-4.971540641823063,-0.7196208959505942,5.078383307011739
medical dental,0,8,0.0,0.5418879375745096,-4.971540641823063,-0.7196208959505942,5.078383307011739
interventions practices,0,8,0.0,0.5418879375745096,-4.971540641823063,-0.7196208959505942,5.078383307011739
programs increase,0,5,0.0,0.3386799609840685,-4.125526376036287,-0.7206825461180111,3.1739895668823372
health social,0,5,0.0,0.3386799609840685,-4.125526376036287,-0.7206825461180111,3.1739895668823372
awareness asd,0,5,0.0,0.3386799609840685,-4.125526376036287,-0.7206825461180111,3.1739895668823372
asd promote,0,5,0.0,0.3386799609840685,-4.125526376036287,-0.7206825461180111,3.1739895668823372
families child,0,5,0.0,0.3386799609840685,-4.125526376036287,-0.7206825461180111,3.1739895668823372
changes prevalence,0,5,0.0,0.3386799609840685,-4.125526376036287,-0.7206825461180111,3.1739895668823372
public services,0,5,0.0,0.3386799609840685,-4.125526376036287,-0.7206825461180111,3.1739895668823372
improve community,0,5,0.0,0.3386799609840685,-4.125526376036287,-0.7206825461180111,3.1739895668823372
include information,0,5,0.0,0.3386799609840685,-4.125526376036287,-0.7206825461180111,3.1739895668823372
picture exchange,0,5,0.0,0.3386799609840685,-4.125526376036287,-0.7206825461180111,3.1739895668823372
potential treatment,0,5,0.0,0.3386799609840685,-4.125526376036287,-0.7206825461180111,3.1739895668823372
indian health,1,6,0.18133023863059403,0.4064159531808822,-0.7589122789371672,-0.725099589843922,0.6713613586511797
science policy,1,6,0.18133023863059403,0.4064159531808822,-0.7589122789371672,-0.725099589843922,0.6713613586511797
target core,0,11,0.0,0.7450959141649507,-5.456060870204697,-0.7268328767343986,6.982777047141141
brain stimulation,0,11,0.0,0.7450959141649507,-5.456060870204697,-0.7268328767343986,6.982777047141141
neural circuits,4,16,0.7253209545223761,1.0837758751490192,-0.4047226818580896,-0.7273345236859273,0.5574790102163725
adolescents young,1,6,0.18133023863059403,0.4064159531808822,-0.7651303386871859,-0.7286259676749317,0.6713613586511797
public school,1,6,0.18133023863059403,0.4064159531808822,-0.7663806005246254,-0.7293314657601526,0.6713613586511797
transitioning adulthood,1,6,0.18133023863059403,0.4064159531808822,-0.7663806005246254,-0.7293314657601526,0.6713613586511797
important information,0,7,0.0,0.4741519453776959,-4.695735914034488,-0.7298108667139998,4.443585393635272
additional support,0,7,0.0,0.4741519453776959,-4.695735914034488,-0.7298108667139998,4.443585393635272
research results,0,7,0.0,0.4741519453776959,-4.695735914034488,-0.7298108667139998,4.443585393635272
increased prevalence,0,7,0.0,0.4741519453776959,-4.695735914034488,-0.7298108667139998,4.443585393635272
goal discover,0,7,0.0,0.4741519453776959,-4.695735914034488,-0.7298108667139998,4.443585393635272
early possible,0,7,0.0,0.4741519453776959,-4.695735914034488,-0.7298108667139998,4.443585393635272
future efforts,0,7,0.0,0.4741519453776959,-4.695735914034488,-0.7298108667139998,4.443585393635272
potential impact,0,7,0.0,0.4741519453776959,-4.695735914034488,-0.7298108667139998,4.443585393635272
parkinson's disease,0,7,0.0,0.4741519453776959,-4.695735914034488,-0.7298108667139998,4.443585393635272
asd known,0,7,0.0,0.4741519453776959,-4.695735914034488,-0.7298108667139998,4.443585393635272
safety mortality,0,7,0.0,0.4741519453776959,-4.695735914034488,-0.7298108667139998,4.443585393635272
patterns brain,0,7,0.0,0.4741519453776959,-4.695735914034488,-0.7298108667139998,4.443585393635272
additional efforts,0,7,0.0,0.4741519453776959,-4.695735914034488,-0.7298108667139998,4.443585393635272
levels functioning,0,7,0.0,0.4741519453776959,-4.695735914034488,-0.7298108667139998,4.443585393635272
specialized training,0,7,0.0,0.4741519453776959,-4.695735914034488,-0.7298108667139998,4.443585393635272
shown effective,0,7,0.0,0.4741519453776959,-4.695735914034488,-0.7298108667139998,4.443585393635272
social cognition,0,5,0.0,0.3386799609840685,-4.074554222484956,-0.7301533201990053,3.1739895668823372
disparities autism,0,5,0.0,0.3386799609840685,-4.074554222484956,-0.7301533201990053,3.1739895668823372
significant impact,0,5,0.0,0.3386799609840685,-4.074554222484956,-0.7301533201990053,3.1739895668823372
reclassified objectives,0,5,0.0,0.3386799609840685,-4.074554222484956,-0.7301533201990053,3.1739895668823372
column reading,0,5,0.0,0.3386799609840685,-4.074554222484956,-0.7301533201990053,3.1739895668823372
column vertically,0,5,0.0,0.3386799609840685,-4.074554222484956,-0.7301533201990053,3.1739895668823372
integration people,0,5,0.0,0.3386799609840685,-4.074554222484956,-0.7301533201990053,3.1739895668823372
membership composed,0,5,0.0,0.3386799609840685,-4.074554222484956,-0.7301533201990053,3.1739895668823372
appear strategic,0,5,0.0,0.3386799609840685,-4.074554222484956,-0.7301533201990053,3.1739895668823372
community interventions,0,5,0.0,0.3386799609840685,-4.074554222484956,-0.7301533201990053,3.1739895668823372
imaging fmri,0,5,0.0,0.3386799609840685,-4.074554222484956,-0.7301533201990053,3.1739895668823372
indicated column,0,5,0.0,0.3386799609840685,-4.074554222484956,-0.7301533201990053,3.1739895668823372
trends funding,0,5,0.0,0.3386799609840685,-4.074554222484956,-0.7301533201990053,3.1739895668823372
training education,0,5,0.0,0.3386799609840685,-4.074554222484956,-0.7301533201990053,3.1739895668823372
efforts address,0,5,0.0,0.3386799609840685,-4.074554222484956,-0.7301533201990053,3.1739895668823372
center nashville,0,5,0.0,0.3386799609840685,-4.074554222484956,-0.7301533201990053,3.1739895668823372
associated reclassified,0,5,0.0,0.3386799609840685,-4.074554222484956,-0.7301533201990053,3.1739895668823372
particular years,0,5,0.0,0.3386799609840685,-4.074554222484956,-0.7301533201990053,3.1739895668823372
asd improve,0,5,0.0,0.3386799609840685,-4.074554222484956,-0.7301533201990053,3.1739895668823372
children reported,0,5,0.0,0.3386799609840685,-4.074554222484956,-0.7301533201990053,3.1739895668823372
reading column,0,5,0.0,0.3386799609840685,-4.074554222484956,-0.7301533201990053,3.1739895668823372
ongoing efforts,0,6,0.0,0.4064159531808822,-4.417526609079861,-0.7305085098936448,3.8087874802588044
emerging areas,0,6,0.0,0.4064159531808822,-4.417526609079861,-0.7305085098936448,3.8087874802588044
health providers,0,6,0.0,0.4064159531808822,-4.417526609079861,-0.7305085098936448,3.8087874802588044
conditions associated,0,6,0.0,0.4064159531808822,-4.417526609079861,-0.7305085098936448,3.8087874802588044
cohort children,0,6,0.0,0.4064159531808822,-4.417526609079861,-0.7305085098936448,3.8087874802588044
autism include,0,6,0.0,0.4064159531808822,-4.417526609079861,-0.7305085098936448,3.8087874802588044
support new,0,6,0.0,0.4064159531808822,-4.417526609079861,-0.7305085098936448,3.8087874802588044
opinions community,0,6,0.0,0.4064159531808822,-4.417526609079861,-0.7305085098936448,3.8087874802588044
benefits spectrum,0,6,0.0,0.4064159531808822,-4.417526609079861,-0.7305085098936448,3.8087874802588044
research development,1,6,0.18133023863059403,0.4064159531808822,-0.7739293043798625,-0.7335659240702608,0.6713613586511797
challenges people,0,10,0.0,0.677359921968137,-5.274055176267957,-0.7337101051195335,6.3479791337646745
research settings,0,10,0.0,0.677359921968137,-5.274055176267957,-0.7337101051195335,6.3479791337646745
genomics regions,0,10,0.0,0.677359921968137,-5.274055176267957,-0.7337101051195335,6.3479791337646745
limited research,0,8,0.0,0.5418879375745096,-4.89763409165532,-0.7356105407564539,5.078383307011739
outcomes spectrum,0,8,0.0,0.5418879375745096,-4.89763409165532,-0.7356105407564539,5.078383307011739
occurrence asd,0,8,0.0,0.5418879375745096,-4.89763409165532,-0.7356105407564539,5.078383307011739
adults lifespan,0,8,0.0,0.5418879375745096,-4.89763409165532,-0.7356105407564539,5.078383307011739
addition studies,0,8,0.0,0.5418879375745096,-4.89763409165532,-0.7356105407564539,5.078383307011739
recent prevalence,0,8,0.0,0.5418879375745096,-4.89763409165532,-0.7356105407564539,5.078383307011739
biological features,0,8,0.0,0.5418879375745096,-4.89763409165532,-0.7356105407564539,5.078383307011739
attention deficits,1,6,0.18133023863059403,0.4064159531808822,-0.7777342740586501,-0.7356840498150456,0.6713613586511797
act idea,1,6,0.18133023863059403,0.4064159531808822,-0.7777342740586501,-0.7356840498150456,0.6713613586511797
agencies provide,1,6,0.18133023863059403,0.4064159531808822,-0.7790071809707886,-0.7363902172691044,0.6713613586511797
additional information,1,6,0.18133023863059403,0.4064159531808822,-0.7790071809707886,-0.7363902172691044,0.6713613586511797
neurotypical peer,0,9,0.0,0.6096239297713233,-5.089039365500602,-0.7367352820429276,5.713181220388207
cases asd,0,9,0.0,0.6096239297713233,-5.089039365500602,-0.7367352820429276,5.713181220388207
lead targeted,0,9,0.0,0.6096239297713233,-5.089039365500602,-0.7367352820429276,5.713181220388207
therapeutic approaches,0,9,0.0,0.6096239297713233,-5.089039365500602,-0.7367352820429276,5.713181220388207
provide data,0,9,0.0,0.6096239297713233,-5.089039365500602,-0.7367352820429276,5.713181220388207
genetic information,0,9,0.0,0.6096239297713233,-5.089039365500602,-0.7367352820429276,5.713181220388207
healthcare professionals,0,9,0.0,0.6096239297713233,-5.089039365500602,-0.7367352820429276,5.713181220388207
covid infection,0,9,0.0,0.6096239297713233,-5.089039365500602,-0.7367352820429276,5.713181220388207
individuals lifespan,1,6,0.18133023863059403,0.4064159531808822,-0.7802823918089246,-0.7370964456358505,0.6713613586511797
families community,1,6,0.18133023863059403,0.4064159531808822,-0.7828397544989993,-0.7385090805970497,0.6713613586511797
child's development,1,6,0.18133023863059403,0.4064159531808822,-0.7828397544989993,-0.7385090805970497,0.6713613586511797
services improve,1,6,0.18133023863059403,0.4064159531808822,-0.7828397544989993,-0.7385090805970497,0.6713613586511797
demographic factors,0,5,0.0,0.3386799609840685,-4.026085096041916,-0.7391673200332907,3.1739895668823372
providing comprehensive,0,5,0.0,0.3386799609840685,-4.026085096041916,-0.7391673200332907,3.1739895668823372
reflected question,0,5,0.0,0.3386799609840685,-4.026085096041916,-0.7391673200332907,3.1739895668823372
studies published,0,5,0.0,0.3386799609840685,-4.026085096041916,-0.7391673200332907,3.1739895668823372
incorporate funding,0,5,0.0,0.3386799609840685,-4.026085096041916,-0.7391673200332907,3.1739895668823372
understanding biological,0,5,0.0,0.3386799609840685,-4.026085096041916,-0.7391673200332907,3.1739895668823372
opportunities people,0,5,0.0,0.3386799609840685,-4.026085096041916,-0.7391673200332907,3.1739895668823372
practices papers,0,5,0.0,0.3386799609840685,-4.026085096041916,-0.7391673200332907,3.1739895668823372
observation schedule,0,5,0.0,0.3386799609840685,-4.026085096041916,-0.7391673200332907,3.1739895668823372
functional magnetic,0,5,0.0,0.3386799609840685,-4.026085096041916,-0.7391673200332907,3.1739895668823372
private autism,0,5,0.0,0.3386799609840685,-4.026085096041916,-0.7391673200332907,3.1739895668823372
projects address,0,5,0.0,0.3386799609840685,-4.026085096041916,-0.7391673200332907,3.1739895668823372
medicine university,0,5,0.0,0.3386799609840685,-4.026085096041916,-0.7391673200332907,3.1739895668823372
measures social,0,5,0.0,0.3386799609840685,-4.026085096041916,-0.7391673200332907,3.1739895668823372
university pennsylvania,0,5,0.0,0.3386799609840685,-4.026085096041916,-0.7391673200332907,3.1739895668823372
children months,0,5,0.0,0.3386799609840685,-4.026085096041916,-0.7391673200332907,3.1739895668823372
question total,0,5,0.0,0.3386799609840685,-4.026085096041916,-0.7391673200332907,3.1739895668823372
research institutions,0,5,0.0,0.3386799609840685,-4.026085096041916,-0.7391673200332907,3.1739895668823372
behavior asd,0,5,0.0,0.3386799609840685,-4.026085096041916,-0.7391673200332907,3.1739895668823372
caa renewed,0,5,0.0,0.3386799609840685,-4.026085096041916,-0.7391673200332907,3.1739895668823372
levels services,0,5,0.0,0.3386799609840685,-4.026085096041916,-0.7391673200332907,3.1739895668823372
medical officer,0,5,0.0,0.3386799609840685,-4.026085096041916,-0.7391673200332907,3.1739895668823372
support improve,1,6,0.18133023863059403,0.4064159531808822,-0.785406420942083,-0.7399219456000387,0.6713613586511797
autism center,3,13,0.543990715891782,0.8805678985585782,-0.4677146973697255,-0.7405445126777463,0.6224977915199967
improving lives,1,6,0.18133023863059403,0.4064159531808822,-0.7866932616006874,-0.7406284614895224,0.6713613586511797
early adulthood,1,6,0.18133023863059403,0.4064159531808822,-0.7866932616006874,-0.7406284614895224,0.6713613586511797
help families,1,6,0.18133023863059403,0.4064159531808822,-0.7879824505026747,-0.7413350314203467,0.6713613586511797
complementary alternative,0,6,0.0,0.4064159531808822,-4.360636232886147,-0.7419080652238591,3.8087874802588044
unmet services,0,6,0.0,0.4064159531808822,-4.360636232886147,-0.7419080652238591,3.8087874802588044
autism institute,0,6,0.0,0.4064159531808822,-4.360636232886147,-0.7419080652238591,3.8087874802588044
used identify,0,6,0.0,0.4064159531808822,-4.360636232886147,-0.7419080652238591,3.8087874802588044
social impairment,0,6,0.0,0.4064159531808822,-4.360636232886147,-0.7419080652238591,3.8087874802588044
question million,0,6,0.0,0.4064159531808822,-4.360636232886147,-0.7419080652238591,3.8087874802588044
self advocates,0,6,0.0,0.4064159531808822,-4.360636232886147,-0.7419080652238591,3.8087874802588044
high-quality evidence-based,0,6,0.0,0.4064159531808822,-4.360636232886147,-0.7419080652238591,3.8087874802588044
effective services,0,6,0.0,0.4064159531808822,-4.360636232886147,-0.7419080652238591,3.8087874802588044
studies demonstrate,0,6,0.0,0.4064159531808822,-4.360636232886147,-0.7419080652238591,3.8087874802588044
spectrum develop,0,6,0.0,0.4064159531808822,-4.360636232886147,-0.7419080652238591,3.8087874802588044
health agencies,1,6,0.18133023863059403,0.4064159531808822,-0.7892739951558827,-0.7420416542195017,0.6713613586511797
exposure asd,0,7,0.0,0.4741519453776959,-4.63142739673936,-0.7433379226982209,4.443585393635272
areas represented,0,7,0.0,0.4741519453776959,-4.63142739673936,-0.7433379226982209,4.443585393635272
day programs,0,7,0.0,0.4741519453776959,-4.63142739673936,-0.7433379226982209,4.443585393635272
group research,0,7,0.0,0.4741519453776959,-4.63142739673936,-0.7433379226982209,4.443585393635272
improvement social,0,7,0.0,0.4741519453776959,-4.63142739673936,-0.7433379226982209,4.443585393635272
critical role,0,7,0.0,0.4741519453776959,-4.63142739673936,-0.7433379226982209,4.443585393635272
multi-site studies,0,7,0.0,0.4741519453776959,-4.63142739673936,-0.7433379226982209,4.443585393635272
plan total,0,7,0.0,0.4741519453776959,-4.63142739673936,-0.7433379226982209,4.443585393635272
help treatment,0,7,0.0,0.4741519453776959,-4.63142739673936,-0.7433379226982209,4.443585393635272
increase understanding,0,7,0.0,0.4741519453776959,-4.63142739673936,-0.7433379226982209,4.443585393635272
using data,1,6,0.18133023863059403,0.4064159531808822,-0.7918641819241152,-0.7434550536902368,0.6713613586511797
medicaid waivers,1,6,0.18133023863059403,0.4064159531808822,-0.7931628392323073,-0.7441618279751183,0.6713613586511797
long-term care,1,6,0.18133023863059403,0.4064159531808822,-0.7944638826784995,-0.7448686503548166,0.6713613586511797
agencies state,1,6,0.18133023863059403,0.4064159531808822,-0.7944638826784995,-0.7448686503548166,0.6713613586511797
data indicate,1,6,0.18133023863059403,0.4064159531808822,-0.7944638826784995,-0.7448686503548166,0.6713613586511797
effects environmental,1,6,0.18133023863059403,0.4064159531808822,-0.7944638826784995,-0.7448686503548166,0.6713613586511797
children including,1,6,0.18133023863059403,0.4064159531808822,-0.7944638826784995,-0.7448686503548166,0.6713613586511797
population individuals,1,6,0.18133023863059403,0.4064159531808822,-0.7944638826784995,-0.7448686503548166,0.6713613586511797
population use,1,6,0.18133023863059403,0.4064159531808822,-0.797073158768022,-0.7462824345341524,0.6713613586511797
person person,1,6,0.18133023863059403,0.4064159531808822,-0.797073158768022,-0.7462824345341524,0.6713613586511797
multiple sources,1,6,0.18133023863059403,0.4064159531808822,-0.7983814068942738,-0.7469893938805389,0.6713613586511797
tools services,1,6,0.18133023863059403,0.4064159531808822,-0.7983814068942738,-0.7469893938805389,0.6713613586511797
opportunities community,1,6,0.18133023863059403,0.4064159531808822,-0.7983814068942738,-0.7469893938805389,0.6713613586511797
use standardized,1,6,0.18133023863059403,0.4064159531808822,-0.7983814068942738,-0.7469893938805389,0.6713613586511797
outcomes question,1,6,0.18133023863059403,0.4064159531808822,-0.7996920721248255,-0.7476963964151164,0.6713613586511797
plan focus,1,6,0.18133023863059403,0.4064159531808822,-0.7996920721248255,-0.7476963964151164,0.6713613586511797
needs increase,1,6,0.18133023863059403,0.4064159531808822,-0.7996920721248255,-0.7476963964151164,0.6713613586511797
families engagement,1,6,0.18133023863059403,0.4064159531808822,-0.7996920721248255,-0.7476963964151164,0.6713613586511797
iacc meeting,0,5,0.0,0.3386799609840685,-3.979886015089779,-0.7477620080917121,3.1739895668823372
question appear,0,5,0.0,0.3386799609840685,-3.979886015089779,-0.7477620080917121,3.1739895668823372
autism characteristics,0,5,0.0,0.3386799609840685,-3.979886015089779,-0.7477620080917121,3.1739895668823372
department pediatrics,0,5,0.0,0.3386799609840685,-3.979886015089779,-0.7477620080917121,3.1739895668823372
social support,0,5,0.0,0.3386799609840685,-3.979886015089779,-0.7477620080917121,3.1739895668823372
eligibility criteria,0,5,0.0,0.3386799609840685,-3.979886015089779,-0.7477620080917121,3.1739895668823372
prevalence rates,0,5,0.0,0.3386799609840685,-3.979886015089779,-0.7477620080917121,3.1739895668823372
surveillance asd,0,5,0.0,0.3386799609840685,-3.979886015089779,-0.7477620080917121,3.1739895668823372
aimed identifying,0,5,0.0,0.3386799609840685,-3.979886015089779,-0.7477620080917121,3.1739895668823372
asd age,0,5,0.0,0.3386799609840685,-3.979886015089779,-0.7477620080917121,3.1739895668823372
researchers represent,0,5,0.0,0.3386799609840685,-3.979886015089779,-0.7477620080917121,3.1739895668823372
services coordination,1,6,0.18133023863059403,0.4064159531808822,-0.8010051622935226,-0.7484034408899863,0.6713613586511797
access healthcare,1,6,0.18133023863059403,0.4064159531808822,-0.8010051622935226,-0.7484034408899863,0.6713613586511797
research epidemiology,1,6,0.18133023863059403,0.4064159531808822,-0.8010051622935226,-0.7484034408899863,0.6713613586511797
data resources,1,6,0.18133023863059403,0.4064159531808822,-0.8010051622935226,-0.7484034408899863,0.6713613586511797
diverse group,1,6,0.18133023863059403,0.4064159531808822,-0.8023206852715905,-0.749110526048635,0.6713613586511797
make difficult,1,6,0.18133023863059403,0.4064159531808822,-0.8023206852715905,-0.749110526048635,0.6713613586511797
provide useful,1,6,0.18133023863059403,0.4064159531808822,-0.8036386489678709,-0.7498176506258735,0.6713613586511797
state science,1,6,0.18133023863059403,0.4064159531808822,-0.8036386489678709,-0.7498176506258735,0.6713613586511797
susceptibility genes,1,6,0.18133023863059403,0.4064159531808822,-0.8036386489678709,-0.7498176506258735,0.6713613586511797
services effective,1,6,0.18133023863059403,0.4064159531808822,-0.8036386489678709,-0.7498176506258735,0.6713613586511797
technology including,1,6,0.18133023863059403,0.4064159531808822,-0.8036386489678709,-0.7498176506258735,0.6713613586511797
interventions response,1,6,0.18133023863059403,0.4064159531808822,-0.8036386489678709,-0.7498176506258735,0.6713613586511797
common individuals,1,6,0.18133023863059403,0.4064159531808822,-0.8036386489678709,-0.7498176506258735,0.6713613586511797
dna methylation,1,6,0.18133023863059403,0.4064159531808822,-0.8036386489678709,-0.7498176506258735,0.6713613586511797
stage development,1,6,0.18133023863059403,0.4064159531808822,-0.8049590613290523,-0.750524813347766,0.6713613586511797
complex genetic,1,6,0.18133023863059403,0.4064159531808822,-0.8049590613290523,-0.750524813347766,0.6713613586511797
symptoms behavior,1,6,0.18133023863059403,0.4064159531808822,-0.8049590613290523,-0.750524813347766,0.6713613586511797
autism experience,1,6,0.18133023863059403,0.4064159531808822,-0.8049590613290523,-0.750524813347766,0.6713613586511797
needs intensive,1,6,0.18133023863059403,0.4064159531808822,-0.8049590613290523,-0.750524813347766,0.6713613586511797
measurement tools,1,6,0.18133023863059403,0.4064159531808822,-0.8049590613290523,-0.750524813347766,0.6713613586511797
varying degree,1,6,0.18133023863059403,0.4064159531808822,-0.8049590613290523,-0.750524813347766,0.6713613586511797
asd development,0,8,0.0,0.5418879375745096,-4.828842601584487,-0.7506591644580564,5.078383307011739
focus developing,0,8,0.0,0.5418879375745096,-4.828842601584487,-0.7506591644580564,5.078383307011739
improved understanding,0,8,0.0,0.5418879375745096,-4.828842601584487,-0.7506591644580564,5.078383307011739
community health,0,8,0.0,0.5418879375745096,-4.828842601584487,-0.7506591644580564,5.078383307011739
community housing,0,8,0.0,0.5418879375745096,-4.828842601584487,-0.7506591644580564,5.078383307011739
positive results,0,8,0.0,0.5418879375745096,-4.828842601584487,-0.7506591644580564,5.078383307011739
detecting asd,0,8,0.0,0.5418879375745096,-4.828842601584487,-0.7506591644580564,5.078383307011739
factors identified,0,8,0.0,0.5418879375745096,-4.828842601584487,-0.7506591644580564,5.078383307011739
achieve goal,0,8,0.0,0.5418879375745096,-4.828842601584487,-0.7506591644580564,5.078383307011739
disorder associated,0,8,0.0,0.5418879375745096,-4.828842601584487,-0.7506591644580564,5.078383307011739
advances speed,0,8,0.0,0.5418879375745096,-4.828842601584487,-0.7506591644580564,5.078383307011739
kaiser permanente,0,8,0.0,0.5418879375745096,-4.828842601584487,-0.7506591644580564,5.078383307011739
synaptic function,1,6,0.18133023863059403,0.4064159531808822,-0.8062819303399227,-0.7512320129315803,0.6713613586511797
genome sequencing,1,6,0.18133023863059403,0.4064159531808822,-0.8062819303399227,-0.7512320129315803,0.6713613586511797
immune cell,1,6,0.18133023863059403,0.4064159531808822,-0.8062819303399227,-0.7512320129315803,0.6713613586511797
attention needs,1,6,0.18133023863059403,0.4064159531808822,-0.8062819303399227,-0.7512320129315803,0.6713613586511797
research use,1,6,0.18133023863059403,0.4064159531808822,-0.8062819303399227,-0.7512320129315803,0.6713613586511797
current future,1,6,0.18133023863059403,0.4064159531808822,-0.8062819303399227,-0.7512320129315803,0.6713613586511797
services availability,1,6,0.18133023863059403,0.4064159531808822,-0.8062819303399227,-0.7512320129315803,0.6713613586511797
individuals underserved,1,6,0.18133023863059403,0.4064159531808822,-0.8062819303399227,-0.7512320129315803,0.6713613586511797
findings establish,1,6,0.18133023863059403,0.4064159531808822,-0.8076072640236074,-0.7519392480857181,0.6713613586511797
research attention,1,6,0.18133023863059403,0.4064159531808822,-0.8076072640236074,-0.7519392480857181,0.6713613586511797
estimated billion,1,6,0.18133023863059403,0.4064159531808822,-0.8076072640236074,-0.7519392480857181,0.6713613586511797
medical school,0,10,0.0,0.677359921968137,-5.194173716300391,-0.7520426609612296,6.3479791337646745
sensory issues,0,10,0.0,0.677359921968137,-5.194173716300391,-0.7520426609612296,6.3479791337646745
cell ipscs,0,10,0.0,0.677359921968137,-5.194173716300391,-0.7520426609612296,6.3479791337646745
exposure data,1,6,0.18133023863059403,0.4064159531808822,-0.8089350704418141,-0.7526465175096542,0.6713613586511797
unique identifier,1,6,0.18133023863059403,0.4064159531808822,-0.8089350704418141,-0.7526465175096542,0.6713613586511797
diversity studies,1,6,0.18133023863059403,0.4064159531808822,-0.8089350704418141,-0.7526465175096542,0.6713613586511797
statement purpose,1,6,0.18133023863059403,0.4064159531808822,-0.8089350704418141,-0.7526465175096542,0.6713613586511797
psychiatric conditions,3,13,0.543990715891782,0.8805678985585782,-0.47814757202080393,-0.752663560308079,0.6224977915199967
model policy,0,6,0.0,0.4064159531808822,-4.306836977427579,-0.7527341101201606,3.8087874802588044
studies samples,0,6,0.0,0.4064159531808822,-4.306836977427579,-0.7527341101201606,3.8087874802588044
institute autism,0,6,0.0,0.4064159531808822,-4.306836977427579,-0.7527341101201606,3.8087874802588044
development coordination,0,6,0.0,0.4064159531808822,-4.306836977427579,-0.7527341101201606,3.8087874802588044
interventions using,0,6,0.0,0.4064159531808822,-4.306836977427579,-0.7527341101201606,3.8087874802588044
health people,0,6,0.0,0.4064159531808822,-4.306836977427579,-0.7527341101201606,3.8087874802588044
individuals services,0,6,0.0,0.4064159531808822,-4.306836977427579,-0.7527341101201606,3.8087874802588044
population children,0,6,0.0,0.4064159531808822,-4.306836977427579,-0.7527341101201606,3.8087874802588044
asd advocates,0,6,0.0,0.4064159531808822,-4.306836977427579,-0.7527341101201606,3.8087874802588044
high-risk infants,0,6,0.0,0.4064159531808822,-4.306836977427579,-0.7527341101201606,3.8087874802588044
receive asd,0,6,0.0,0.4064159531808822,-4.306836977427579,-0.7527341101201606,3.8087874802588044
cdc's addm,0,6,0.0,0.4064159531808822,-4.306836977427579,-0.7527341101201606,3.8087874802588044
bipolar disorder,0,6,0.0,0.4064159531808822,-4.306836977427579,-0.7527341101201606,3.8087874802588044
services address,0,6,0.0,0.4064159531808822,-4.306836977427579,-0.7527341101201606,3.8087874802588044
goal interventions,0,9,0.0,0.6096239297713233,-5.015110487242859,-0.75337256246668,5.713181220388207
biological basis,0,9,0.0,0.6096239297713233,-5.015110487242859,-0.75337256246668,5.713181220388207
data ndar,0,9,0.0,0.6096239297713233,-5.015110487242859,-0.75337256246668,5.713181220388207
asd prenatal,0,9,0.0,0.6096239297713233,-5.015110487242859,-0.75337256246668,5.713181220388207
studies design,3,13,0.543990715891782,0.8805678985585782,-0.48058030703654175,-0.755467032856022,0.6224977915199967
increasing access,0,5,0.0,0.3386799609840685,-3.9357550842241853,-0.7559702969985181,3.1739895668823372
initiative sfari,0,5,0.0,0.3386799609840685,-3.9357550842241853,-0.7559702969985181,3.1739895668823372
guidance hhs,0,5,0.0,0.3386799609840685,-3.9357550842241853,-0.7559702969985181,3.1739895668823372
diagnostic statistical,0,5,0.0,0.3386799609840685,-3.9357550842241853,-0.7559702969985181,3.1739895668823372
years research,0,5,0.0,0.3386799609840685,-3.9357550842241853,-0.7559702969985181,3.1739895668823372
syndrome rett,0,7,0.0,0.4741519453776959,-4.5710327258675285,-0.7561373130881973,4.443585393635272
risk genetic,0,7,0.0,0.4741519453776959,-4.5710327258675285,-0.7561373130881973,4.443585393635272
early developmental,0,7,0.0,0.4741519453776959,-4.5710327258675285,-0.7561373130881973,4.443585393635272
current asd,0,7,0.0,0.4741519453776959,-4.5710327258675285,-0.7561373130881973,4.443585393635272
diagnose asd,0,7,0.0,0.4741519453776959,-4.5710327258675285,-0.7561373130881973,4.443585393635272
collect store,0,7,0.0,0.4741519453776959,-4.5710327258675285,-0.7561373130881973,4.443585393635272
population-based surveillance,0,7,0.0,0.4741519453776959,-4.5710327258675285,-0.7561373130881973,4.443585393635272
exchange agre,0,7,0.0,0.4741519453776959,-4.5710327258675285,-0.7561373130881973,4.443585393635272
crosscutting themes,0,12,0.0,0.8128319063617644,-5.456067580845611,-0.7591531144342633,7.617574960517609
face mask,0,12,0.0,0.8128319063617644,-5.456067580845611,-0.7591531144342633,7.617574960517609
sharing data,0,12,0.0,0.8128319063617644,-5.456067580845611,-0.7591531144342633,7.617574960517609
addition strategic,0,12,0.0,0.8128319063617644,-5.456067580845611,-0.7591531144342633,7.617574960517609
boxes labeled,0,12,0.0,0.8128319063617644,-5.456067580845611,-0.7591531144342633,7.617574960517609
gaps emerged,0,12,0.0,0.8128319063617644,-5.456067580845611,-0.7591531144342633,7.617574960517609
objectives boxes,0,12,0.0,0.8128319063617644,-5.456067580845611,-0.7591531144342633,7.617574960517609
purposes unmarked,0,12,0.0,0.8128319063617644,-5.456067580845611,-0.7591531144342633,7.617574960517609
objectives entirely,0,12,0.0,0.8128319063617644,-5.456067580845611,-0.7591531144342633,7.617574960517609
progress development,0,12,0.0,0.8128319063617644,-5.456067580845611,-0.7591531144342633,7.617574960517609
programs children,0,6,0.0,0.4064159531808822,-4.255811577055704,-0.7630380245591213,3.8087874802588044
share common,0,6,0.0,0.4064159531808822,-4.255811577055704,-0.7630380245591213,3.8087874802588044
cognitive social,0,6,0.0,0.4064159531808822,-4.255811577055704,-0.7630380245591213,3.8087874802588044
autism genes,0,6,0.0,0.4064159531808822,-4.255811577055704,-0.7630380245591213,3.8087874802588044
citation interagency,0,6,0.0,0.4064159531808822,-4.255811577055704,-0.7630380245591213,3.8087874802588044
asd health,0,6,0.0,0.4064159531808822,-4.255811577055704,-0.7630380245591213,3.8087874802588044
studies develop,0,6,0.0,0.4064159531808822,-4.255811577055704,-0.7630380245591213,3.8087874802588044
specific population,0,6,0.0,0.4064159531808822,-4.255811577055704,-0.7630380245591213,3.8087874802588044
distinguished professor,0,6,0.0,0.4064159531808822,-4.255811577055704,-0.7630380245591213,3.8087874802588044
services center,0,6,0.0,0.4064159531808822,-4.255811577055704,-0.7630380245591213,3.8087874802588044
office research,0,6,0.0,0.4064159531808822,-4.255811577055704,-0.7630380245591213,3.8087874802588044
base benefits,0,6,0.0,0.4064159531808822,-4.255811577055704,-0.7630380245591213,3.8087874802588044
evaluate effectiveness,0,6,0.0,0.4064159531808822,-4.255811577055704,-0.7630380245591213,3.8087874802588044
francis collins,0,5,0.0,0.3386799609840685,-3.8935161985991726,-0.763821270651352,3.1739895668823372
goal objectives,0,5,0.0,0.3386799609840685,-3.8935161985991726,-0.763821270651352,3.1739895668823372
act reconstituted,0,5,0.0,0.3386799609840685,-3.8935161985991726,-0.763821270651352,3.1739895668823372
research providing,0,5,0.0,0.3386799609840685,-3.8935161985991726,-0.763821270651352,3.1739895668823372
tepper singer,0,5,0.0,0.3386799609840685,-3.8935161985991726,-0.763821270651352,3.1739895668823372
linda birnbaum,0,5,0.0,0.3386799609840685,-3.8935161985991726,-0.763821270651352,3.1739895668823372
community accelerate,0,5,0.0,0.3386799609840685,-3.8935161985991726,-0.763821270651352,3.1739895668823372
advocates services,0,5,0.0,0.3386799609840685,-3.8935161985991726,-0.763821270651352,3.1739895668823372
follow-up studies,0,5,0.0,0.3386799609840685,-3.8935161985991726,-0.763821270651352,3.1739895668823372
school-aged children,0,5,0.0,0.3386799609840685,-3.8935161985991726,-0.763821270651352,3.1739895668823372
activities concerning,0,5,0.0,0.3386799609840685,-3.8935161985991726,-0.763821270651352,3.1739895668823372
congress children's,0,5,0.0,0.3386799609840685,-3.8935161985991726,-0.763821270651352,3.1739895668823372
alison tepper,0,5,0.0,0.3386799609840685,-3.8935161985991726,-0.763821270651352,3.1739895668823372
manual mental,0,5,0.0,0.3386799609840685,-3.8935161985991726,-0.763821270651352,3.1739895668823372
syndrome tuberous,0,8,0.0,0.5418879375745096,-4.764505421309513,-0.764871495419109,5.078383307011739
training support,0,8,0.0,0.5418879375745096,-4.764505421309513,-0.764871495419109,5.078383307011739
plan incorporate,0,8,0.0,0.5418879375745096,-4.764505421309513,-0.764871495419109,5.078383307011739
accommodations inclusion,0,8,0.0,0.5418879375745096,-4.764505421309513,-0.764871495419109,5.078383307011739
different population,0,8,0.0,0.5418879375745096,-4.764505421309513,-0.764871495419109,5.078383307011739
research gaps,0,8,0.0,0.5418879375745096,-4.764505421309513,-0.764871495419109,5.078383307011739
patterns behavior,0,8,0.0,0.5418879375745096,-4.764505421309513,-0.764871495419109,5.078383307011739
maximize health,0,8,0.0,0.5418879375745096,-4.764505421309513,-0.764871495419109,5.078383307011739
opportunities objectives,0,11,0.0,0.7450959141649507,-5.289300035179561,-0.7658882924419788,6.982777047141141
help explain,0,11,0.0,0.7450959141649507,-5.289300035179561,-0.7658882924419788,6.982777047141141
number adults,0,11,0.0,0.7450959141649507,-5.289300035179561,-0.7658882924419788,6.982777047141141
course asd,0,11,0.0,0.7450959141649507,-5.289300035179561,-0.7658882924419788,6.982777047141141
san diego,0,7,0.0,0.4741519453776959,-4.514104210098669,-0.7682811649748111,4.443585393635272
sites use,0,7,0.0,0.4741519453776959,-4.514104210098669,-0.7682811649748111,4.443585393635272
school public,0,7,0.0,0.4741519453776959,-4.514104210098669,-0.7682811649748111,4.443585393635272
impact health,0,7,0.0,0.4741519453776959,-4.514104210098669,-0.7682811649748111,4.443585393635272
receive early,0,7,0.0,0.4741519453776959,-4.514104210098669,-0.7682811649748111,4.443585393635272
studies target,0,7,0.0,0.4741519453776959,-4.514104210098669,-0.7682811649748111,4.443585393635272
planning services,0,7,0.0,0.4741519453776959,-4.514104210098669,-0.7682811649748111,4.443585393635272
special attention,0,9,0.0,0.6096239297713233,-4.946296677576596,-0.7690461141598701,5.713181220388207
challenges disabilities,0,9,0.0,0.6096239297713233,-4.946296677576596,-0.7690461141598701,5.713181220388207
biological materials,0,9,0.0,0.6096239297713233,-4.946296677576596,-0.7690461141598701,5.713181220388207
needs address,0,9,0.0,0.6096239297713233,-4.946296677576596,-0.7690461141598701,5.713181220388207
developing autism,0,9,0.0,0.6096239297713233,-4.946296677576596,-0.7690461141598701,5.713181220388207
asd additionally,0,9,0.0,0.6096239297713233,-4.946296677576596,-0.7690461141598701,5.713181220388207
ultimate goal,0,9,0.0,0.6096239297713233,-4.946296677576596,-0.7690461141598701,5.713181220388207
forms asd,0,10,0.0,0.677359921968137,-5.120226965850232,-0.7692592031372265,6.3479791337646745
professor neurology,0,10,0.0,0.677359921968137,-5.120226965850232,-0.7692592031372265,6.3479791337646745
risk resilience,0,10,0.0,0.677359921968137,-5.120226965850232,-0.7692592031372265,6.3479791337646745
vaccine asd,0,10,0.0,0.677359921968137,-5.120226965850232,-0.7692592031372265,6.3479791337646745
prenatal vitamin,0,5,0.0,0.3386799609840685,-3.853014830027238,-0.7713407663356942,3.1739895668823372
social attention,0,5,0.0,0.3386799609840685,-3.853014830027238,-0.7713407663356942,3.1739895668823372
statistical manual,0,5,0.0,0.3386799609840685,-3.853014830027238,-0.7713407663356942,3.1739895668823372
low-income families,0,5,0.0,0.3386799609840685,-3.853014830027238,-0.7713407663356942,3.1739895668823372
committee charged,0,5,0.0,0.3386799609840685,-3.853014830027238,-0.7713407663356942,3.1739895668823372
detection autism,0,5,0.0,0.3386799609840685,-3.853014830027238,-0.7713407663356942,3.1739895668823372
increase skills,0,5,0.0,0.3386799609840685,-3.853014830027238,-0.7713407663356942,3.1739895668823372
services goal,0,5,0.0,0.3386799609840685,-3.853014830027238,-0.7713407663356942,3.1739895668823372
cost associated,0,5,0.0,0.3386799609840685,-3.853014830027238,-0.7713407663356942,3.1739895668823372
symptoms children,0,6,0.0,0.4064159531808822,-4.207289235144371,-0.772864362825993,3.8087874802588044
data individuals,0,6,0.0,0.4064159531808822,-4.207289235144371,-0.772864362825993,3.8087874802588044
behavior studies,0,6,0.0,0.4064159531808822,-4.207289235144371,-0.772864362825993,3.8087874802588044
update iacc,0,6,0.0,0.4064159531808822,-4.207289235144371,-0.772864362825993,3.8087874802588044
support asd,0,6,0.0,0.4064159531808822,-4.207289235144371,-0.772864362825993,3.8087874802588044
revision strategic,0,6,0.0,0.4064159531808822,-4.207289235144371,-0.772864362825993,3.8087874802588044
asd assess,0,6,0.0,0.4064159531808822,-4.207289235144371,-0.772864362825993,3.8087874802588044
community-based support,0,6,0.0,0.4064159531808822,-4.207289235144371,-0.772864362825993,3.8087874802588044
health nsch,0,6,0.0,0.4064159531808822,-4.207289235144371,-0.772864362825993,3.8087874802588044
collect information,0,6,0.0,0.4064159531808822,-4.207289235144371,-0.772864362825993,3.8087874802588044
health research,2,10,0.36266047726118805,0.677359921968137,-0.5849990645332017,-0.7764699496486751,0.7429147898335662
san francisco,0,8,0.0,0.5418879375745096,-4.704082099818484,-0.7783350477844784,5.078383307011739
adults outcomes,0,8,0.0,0.5418879375745096,-4.704082099818484,-0.7783350477844784,5.078383307011739
paternal age,0,8,0.0,0.5418879375745096,-4.704082099818484,-0.7783350477844784,5.078383307011739
families research,0,8,0.0,0.5418879375745096,-4.704082099818484,-0.7783350477844784,5.078383307011739
settings iacc,0,8,0.0,0.5418879375745096,-4.704082099818484,-0.7783350477844784,5.078383307011739
progress identifying,0,12,0.0,0.8128319063617644,-5.376159288441473,-0.778527081132029,7.617574960517609
phenotypic data,0,12,0.0,0.8128319063617644,-5.376159288441473,-0.778527081132029,7.617574960517609
unmarked question,0,12,0.0,0.8128319063617644,-5.376159288441473,-0.778527081132029,7.617574960517609
genetic materials,0,12,0.0,0.8128319063617644,-5.376159288441473,-0.778527081132029,7.617574960517609
spirit collaboration,0,12,0.0,0.8128319063617644,-5.376159288441473,-0.778527081132029,7.617574960517609
committee equipped,0,5,0.0,0.3386799609840685,-3.8141146400427512,-0.7785518490339569,3.1739895668823372
funding information,0,5,0.0,0.3386799609840685,-3.8141146400427512,-0.7785518490339569,3.1739895668823372
skills levels,0,5,0.0,0.3386799609840685,-3.8141146400427512,-0.7785518490339569,3.1739895668823372
research landscape,0,5,0.0,0.3386799609840685,-3.8141146400427512,-0.7785518490339569,3.1739895668823372
science national,0,5,0.0,0.3386799609840685,-3.8141146400427512,-0.7785518490339569,3.1739895668823372
ensure committee,0,5,0.0,0.3386799609840685,-3.8141146400427512,-0.7785518490339569,3.1739895668823372
health plan,0,5,0.0,0.3386799609840685,-3.8141146400427512,-0.7785518490339569,3.1739895668823372
impact covid,0,5,0.0,0.3386799609840685,-3.8141146400427512,-0.7785518490339569,3.1739895668823372
roster chair,0,5,0.0,0.3386799609840685,-3.8141146400427512,-0.7785518490339569,3.1739895668823372
membership committee,0,5,0.0,0.3386799609840685,-3.8141146400427512,-0.7785518490339569,3.1739895668823372
factors environmental,0,5,0.0,0.3386799609840685,-3.8141146400427512,-0.7785518490339569,3.1739895668823372
programs improve,0,5,0.0,0.3386799609840685,-3.8141146400427512,-0.7785518490339569,3.1739895668823372
projects addressing,0,5,0.0,0.3386799609840685,-3.8141146400427512,-0.7785518490339569,3.1739895668823372
studies iacc,0,7,0.0,0.4741519453776959,-4.460266834050275,-0.779831013763143,4.443585393635272
needs transitioning,0,7,0.0,0.4741519453776959,-4.460266834050275,-0.779831013763143,4.443585393635272
equity inclusion,0,7,0.0,0.4741519453776959,-4.460266834050275,-0.779831013763143,4.443585393635272
outreach efforts,0,7,0.0,0.4741519453776959,-4.460266834050275,-0.779831013763143,4.443585393635272
non-profit organizations,0,7,0.0,0.4741519453776959,-4.460266834050275,-0.779831013763143,4.443585393635272
individuals co-occurring,0,7,0.0,0.4741519453776959,-4.460266834050275,-0.779831013763143,4.443585393635272
field autism,0,7,0.0,0.4741519453776959,-4.460266834050275,-0.779831013763143,4.443585393635272
comparative studies,0,7,0.0,0.4741519453776959,-4.460266834050275,-0.779831013763143,4.443585393635272
behavioral features,0,7,0.0,0.4741519453776959,-4.460266834050275,-0.779831013763143,4.443585393635272
brain cell,0,7,0.0,0.4741519453776959,-4.460266834050275,-0.779831013763143,4.443585393635272
develop methods,0,7,0.0,0.4741519453776959,-4.460266834050275,-0.779831013763143,4.443585393635272
providers training,0,7,0.0,0.4741519453776959,-4.460266834050275,-0.779831013763143,4.443585393635272
potential benefits,0,7,0.0,0.4741519453776959,-4.460266834050275,-0.779831013763143,4.443585393635272
research early,0,7,0.0,0.4741519453776959,-4.460266834050275,-0.779831013763143,4.443585393635272
enhance access,0,6,0.0,0.4064159531808822,-4.161036970048432,-0.7822520339399827,3.8087874802588044
develop asd,0,6,0.0,0.4064159531808822,-4.161036970048432,-0.7822520339399827,3.8087874802588044
years indicated,0,6,0.0,0.4064159531808822,-4.161036970048432,-0.7822520339399827,3.8087874802588044
behavioral symptoms,0,6,0.0,0.4064159531808822,-4.161036970048432,-0.7822520339399827,3.8087874802588044
associated objectives,0,6,0.0,0.4064159531808822,-4.161036970048432,-0.7822520339399827,3.8087874802588044
objectives achieved,0,6,0.0,0.4064159531808822,-4.161036970048432,-0.7822520339399827,3.8087874802588044
baby siblings,0,6,0.0,0.4064159531808822,-4.161036970048432,-0.7822520339399827,3.8087874802588044
increased access,0,9,0.0,0.6096239297713233,-4.881937186195904,-0.7838628910644238,5.713181220388207
studies question,0,9,0.0,0.6096239297713233,-4.881937186195904,-0.7838628910644238,5.713181220388207
tissue bank,0,9,0.0,0.6096239297713233,-4.881937186195904,-0.7838628910644238,5.713181220388207
community practices,0,9,0.0,0.6096239297713233,-4.881937186195904,-0.7838628910644238,5.713181220388207
existing screening,0,9,0.0,0.6096239297713233,-4.881937186195904,-0.7838628910644238,5.713181220388207
basis asd,0,9,0.0,0.6096239297713233,-4.881937186195904,-0.7838628910644238,5.713181220388207
highlights needs,0,9,0.0,0.6096239297713233,-4.881937186195904,-0.7838628910644238,5.713181220388207
diverse background,0,9,0.0,0.6096239297713233,-4.881937186195904,-0.7838628910644238,5.713181220388207
speed efficacy,0,9,0.0,0.6096239297713233,-4.881937186195904,-0.7838628910644238,5.713181220388207
funded nih,0,5,0.0,0.3386799609840685,-3.7766947325150397,-0.7854752012106324,3.1739895668823372
include wide,0,5,0.0,0.3386799609840685,-3.7766947325150397,-0.7854752012106324,3.1739895668823372
characteristics autism,0,5,0.0,0.3386799609840685,-3.7766947325150397,-0.7854752012106324,3.1739895668823372
years studies,0,5,0.0,0.3386799609840685,-3.7766947325150397,-0.7854752012106324,3.1739895668823372
care individuals,0,5,0.0,0.3386799609840685,-3.7766947325150397,-0.7854752012106324,3.1739895668823372
asd diagnoses,0,5,0.0,0.3386799609840685,-3.7766947325150397,-0.7854752012106324,3.1739895668823372
address co-occurring,0,10,0.0,0.677359921968137,-5.051395290072824,-0.7854917192824585,6.3479791337646745
needs improve,0,10,0.0,0.677359921968137,-5.051395290072824,-0.7854917192824585,6.3479791337646745
interventions iacc,0,7,0.0,0.4741519453776959,-4.40920333205969,-0.7908398205466725,4.443585393635272
settings including,0,7,0.0,0.4741519453776959,-4.40920333205969,-0.7908398205466725,4.443585393635272
post-secondary education,0,7,0.0,0.4741519453776959,-4.40920333205969,-0.7908398205466725,4.443585393635272
annual iacc,0,7,0.0,0.4741519453776959,-4.40920333205969,-0.7908398205466725,4.443585393635272
rare genetic,0,7,0.0,0.4741519453776959,-4.40920333205969,-0.7908398205466725,4.443585393635272
convene workshop,0,7,0.0,0.4741519453776959,-4.40920333205969,-0.7908398205466725,4.443585393635272
children intellectual,0,7,0.0,0.4741519453776959,-4.40920333205969,-0.7908398205466725,4.443585393635272
studies directly,0,8,0.0,0.5418879375745096,-4.647124945783068,-0.7911237730581789,5.078383307011739
large-scale longitudinal,0,8,0.0,0.5418879375745096,-4.647124945783068,-0.7911237730581789,5.078383307011739
develop measures,0,8,0.0,0.5418879375745096,-4.647124945783068,-0.7911237730581789,5.078383307011739
ways improve,0,8,0.0,0.5418879375745096,-4.647124945783068,-0.7911237730581789,5.078383307011739
autism addition,0,8,0.0,0.5418879375745096,-4.647124945783068,-0.7911237730581789,5.078383307011739
improve screening,0,8,0.0,0.5418879375745096,-4.647124945783068,-0.7911237730581789,5.078383307011739
charge studies,0,8,0.0,0.5418879375745096,-4.647124945783068,-0.7911237730581789,5.078383307011739
california san,0,6,0.0,0.4064159531808822,-4.1168528863358045,-0.7912352345465996,3.8087874802588044
director research,0,6,0.0,0.4064159531808822,-4.1168528863358045,-0.7912352345465996,3.8087874802588044
genes implicated,0,6,0.0,0.4064159531808822,-4.1168528863358045,-0.7912352345465996,3.8087874802588044
objectives reflected,0,6,0.0,0.4064159531808822,-4.1168528863358045,-0.7912352345465996,3.8087874802588044
skills social,0,6,0.0,0.4064159531808822,-4.1168528863358045,-0.7912352345465996,3.8087874802588044
director autism,0,6,0.0,0.4064159531808822,-4.1168528863358045,-0.7912352345465996,3.8087874802588044
captured portfolio,0,6,0.0,0.4064159531808822,-4.1168528863358045,-0.7912352345465996,3.8087874802588044
services national,0,6,0.0,0.4064159531808822,-4.1168528863358045,-0.7912352345465996,3.8087874802588044
career development,0,6,0.0,0.4064159531808822,-4.1168528863358045,-0.7912352345465996,3.8087874802588044
efficacy cost-effectiveness,0,6,0.0,0.4064159531808822,-4.1168528863358045,-0.7912352345465996,3.8087874802588044
asd diagnosed,0,6,0.0,0.4064159531808822,-4.1168528863358045,-0.7912352345465996,3.8087874802588044
note projects,0,6,0.0,0.4064159531808822,-4.1168528863358045,-0.7912352345465996,3.8087874802588044
coded differently,0,5,0.0,0.3386799609840685,-3.7406474061514476,-0.7921294456617356,3.1739895668823372
educational interventions,0,5,0.0,0.3386799609840685,-3.7406474061514476,-0.7921294456617356,3.1739895668823372
differently previous,0,5,0.0,0.3386799609840685,-3.7406474061514476,-0.7921294456617356,3.1739895668823372
continue build,0,5,0.0,0.3386799609840685,-3.7406474061514476,-0.7921294456617356,3.1739895668823372
plan significantly,0,12,0.0,0.8128319063617644,-5.302185713487299,-0.7967458151993594,7.617574960517609
clarification purposes,0,12,0.0,0.8128319063617644,-5.302185713487299,-0.7967458151993594,7.617574960517609
outcomes adulthood,0,12,0.0,0.8128319063617644,-5.302185713487299,-0.7967458151993594,7.617574960517609
changes slightly,0,12,0.0,0.8128319063617644,-5.302185713487299,-0.7967458151993594,7.617574960517609
network ian,0,12,0.0,0.8128319063617644,-5.302185713487299,-0.7967458151993594,7.617574960517609
modified clarification,0,12,0.0,0.8128319063617644,-5.302185713487299,-0.7967458151993594,7.617574960517609
modified objectives,0,12,0.0,0.8128319063617644,-5.302185713487299,-0.7967458151993594,7.617574960517609
significantly modified,0,12,0.0,0.8128319063617644,-5.302185713487299,-0.7967458151993594,7.617574960517609
sleep issues,0,12,0.0,0.8128319063617644,-5.302185713487299,-0.7967458151993594,7.617574960517609
slightly modified,0,12,0.0,0.8128319063617644,-5.302185713487299,-0.7967458151993594,7.617574960517609
communication dissemination,0,9,0.0,0.6096239297713233,-4.821491562084022,-0.7979122898569405,5.713181220388207
studies address,0,9,0.0,0.6096239297713233,-4.821491562084022,-0.7979122898569405,5.713181220388207
develop improved,0,9,0.0,0.6096239297713233,-4.821491562084022,-0.7979122898569405,5.713181220388207
opportunities needs,0,9,0.0,0.6096239297713233,-4.821491562084022,-0.7979122898569405,5.713181220388207
exome sequencing,0,9,0.0,0.6096239297713233,-4.821491562084022,-0.7979122898569405,5.713181220388207
quality research,0,9,0.0,0.6096239297713233,-4.821491562084022,-0.7979122898569405,5.713181220388207
goal research,0,9,0.0,0.6096239297713233,-4.821491562084022,-0.7979122898569405,5.713181220388207
used studies,0,9,0.0,0.6096239297713233,-4.821491562084022,-0.7979122898569405,5.713181220388207
including autistic,2,10,0.36266047726118805,0.677359921968137,-0.6093792192107834,-0.7981504742006799,0.7429147898335662
versions plan,0,5,0.0,0.3386799609840685,-3.7058763015653486,-0.7985314148672538,3.1739895668823372
walter koroshetz,0,5,0.0,0.3386799609840685,-3.7058763015653486,-0.7985314148672538,3.1739895668823372
private sectors,0,5,0.0,0.3386799609840685,-3.7058763015653486,-0.7985314148672538,3.1739895668823372
excellence ace,0,5,0.0,0.3386799609840685,-3.7058763015653486,-0.7985314148672538,3.1739895668823372
autism girls,0,5,0.0,0.3386799609840685,-3.7058763015653486,-0.7985314148672538,3.1739895668823372
intellectual ability,0,5,0.0,0.3386799609840685,-3.7058763015653486,-0.7985314148672538,3.1739895668823372
cohort studies,2,10,0.36266047726118805,0.677359921968137,-0.6100004669241184,-0.7986941984040598,0.7429147898335662
communication aac,2,10,0.36266047726118805,0.677359921968137,-0.611244720801654,-0.7997818922730986,0.7429147898335662
trials interventions,0,6,0.0,0.4064159531808822,-4.074560879132834,-0.7998441945334502,3.8087874802588044
plan research,0,6,0.0,0.4064159531808822,-4.074560879132834,-0.7998441945334502,3.8087874802588044
molecular mechanisms,0,6,0.0,0.4064159531808822,-4.074560879132834,-0.7998441945334502,3.8087874802588044
diagnostic observation,0,6,0.0,0.4064159531808822,-4.074560879132834,-0.7998441945334502,3.8087874802588044
tools used,0,6,0.0,0.4064159531808822,-4.074560879132834,-0.7998441945334502,3.8087874802588044
detailed information,0,6,0.0,0.4064159531808822,-4.074560879132834,-0.7998441945334502,3.8087874802588044
research national,0,6,0.0,0.4064159531808822,-4.074560879132834,-0.7998441945334502,3.8087874802588044
needs developed,0,11,0.0,0.7450959141649507,-5.14649235518578,-0.8003668758177951,6.982777047141141
associated symptoms,0,11,0.0,0.7450959141649507,-5.14649235518578,-0.8003668758177951,6.982777047141141
needed order,0,11,0.0,0.7450959141649507,-5.14649235518578,-0.8003668758177951,6.982777047141141
dna samples,0,11,0.0,0.7450959141649507,-5.14649235518578,-0.8003668758177951,6.982777047141141
asd brain,0,11,0.0,0.7450959141649507,-5.14649235518578,-0.8003668758177951,6.982777047141141
speaks simons,0,11,0.0,0.7450959141649507,-5.14649235518578,-0.8003668758177951,6.982777047141141
brain donation,0,11,0.0,0.7450959141649507,-5.14649235518578,-0.8003668758177951,6.982777047141141
highest quality,0,10,0.0,0.677359921968137,-4.987017938659154,-0.8008491542787514,6.3479791337646745
network atn,0,10,0.0,0.677359921968137,-4.987017938659154,-0.8008491542787514,6.3479791337646745
autism adulthood,0,10,0.0,0.677359921968137,-4.987017938659154,-0.8008491542787514,6.3479791337646745
coming years,0,10,0.0,0.677359921968137,-4.987017938659154,-0.8008491542787514,6.3479791337646745
known genetic,0,10,0.0,0.677359921968137,-4.987017938659154,-0.8008491542787514,6.3479791337646745
understanding underlying,0,7,0.0,0.4741519453776959,-4.360642907486579,-0.8013535253840823,4.443585393635272
took place,0,7,0.0,0.4741519453776959,-4.360642907486579,-0.8013535253840823,4.443585393635272
services iacc,0,7,0.0,0.4741519453776959,-4.360642907486579,-0.8013535253840823,4.443585393635272
individuals affected,0,7,0.0,0.4741519453776959,-4.360642907486579,-0.8013535253840823,4.443585393635272
asd help,0,7,0.0,0.4741519453776959,-4.360642907486579,-0.8013535253840823,4.443585393635272
basic clinical,0,7,0.0,0.4741519453776959,-4.360642907486579,-0.8013535253840823,4.443585393635272
aspects autism,0,7,0.0,0.4741519453776959,-4.360642907486579,-0.8013535253840823,4.443585393635272
data asd,0,7,0.0,0.4741519453776959,-4.360642907486579,-0.8013535253840823,4.443585393635272
interchangeably document,0,7,0.0,0.4741519453776959,-4.360642907486579,-0.8013535253840823,4.443585393635272
asd results,0,7,0.0,0.4741519453776959,-4.360642907486579,-0.8013535253840823,4.443585393635272
language regression,2,10,0.36266047726118805,0.677359921968137,-0.6143656575912502,-0.8025025531404206,0.7429147898335662
reducing disabilities,0,8,0.0,0.5418879375745096,-4.593258943812758,-0.8033007808062266,5.078383307011739
address objectives,0,8,0.0,0.5418879375745096,-4.593258943812758,-0.8033007808062266,5.078383307011739
ethical legal,0,8,0.0,0.5418879375745096,-4.593258943812758,-0.8033007808062266,5.078383307011739
effects interventions,0,8,0.0,0.5418879375745096,-4.593258943812758,-0.8033007808062266,5.078383307011739
families history,2,10,0.36266047726118805,0.677359921968137,-0.616245322321948,-0.8041359227016313,0.7429147898335662
speech language,0,5,0.0,0.3386799609840685,-3.672294862598406,-0.8046963772226071,3.1739895668823372
providing advice,0,5,0.0,0.3386799609840685,-3.672294862598406,-0.8046963772226071,3.1739895668823372
continuing education,0,5,0.0,0.3386799609840685,-3.672294862598406,-0.8046963772226071,3.1739895668823372
question related,0,5,0.0,0.3386799609840685,-3.672294862598406,-0.8046963772226071,3.1739895668823372
awareness autism,0,5,0.0,0.3386799609840685,-3.672294862598406,-0.8046963772226071,3.1739895668823372
administration intellectual,0,5,0.0,0.3386799609840685,-3.672294862598406,-0.8046963772226071,3.1739895668823372
services baltimore,0,5,0.0,0.3386799609840685,-3.672294862598406,-0.8046963772226071,3.1739895668823372
waiting list,2,10,0.36266047726118805,0.677359921968137,-0.6175014076814875,-0.8052252390968794,0.7429147898335662
existing data,2,10,0.36266047726118805,0.677359921968137,-0.6193900184977306,-0.8068598161885974,0.7429147898335662
professor psychiatry,0,6,0.0,0.4064159531808822,-4.034006420224358,-0.8081057790882925,3.8087874802588044
rates asd,0,6,0.0,0.4064159531808822,-4.034006420224358,-0.8081057790882925,3.8087874802588044
lifespan iacc,0,6,0.0,0.4064159531808822,-4.034006420224358,-0.8081057790882925,3.8087874802588044
including behavioral,0,6,0.0,0.4064159531808822,-4.034006420224358,-0.8081057790882925,3.8087874802588044
funding support,0,6,0.0,0.4064159531808822,-4.034006420224358,-0.8081057790882925,3.8087874802588044
hhs issues,0,6,0.0,0.4064159531808822,-4.034006420224358,-0.8081057790882925,3.8087874802588044
anxiety disorder,0,6,0.0,0.4064159531808822,-4.034006420224358,-0.8081057790882925,3.8087874802588044
represent variety,0,6,0.0,0.4064159531808822,-4.034006420224358,-0.8081057790882925,3.8087874802588044
interventions developed,2,10,0.36266047726118805,0.677359921968137,-0.6212840321620341,-0.8084951132007598,0.7429147898335662
studies needs,0,13,0.0,0.8805678985585782,-5.382090394275737,-0.8088112125034461,8.252372873894076
gastrointestinal problems,2,10,0.36266047726118805,0.677359921968137,-0.6231834753041117,-0.8101311266263005,0.7429147898335662
group center,0,5,0.0,0.3386799609840685,-3.6398250500333393,-0.8106382282381555,3.1739895668823372
employment opportunities,0,5,0.0,0.3386799609840685,-3.6398250500333393,-0.8106382282381555,3.1739895668823372
disabilities administration,0,5,0.0,0.3386799609840685,-3.6398250500333393,-0.8106382282381555,3.1739895668823372
biological behavioral,0,5,0.0,0.3386799609840685,-3.6398250500333393,-0.8106382282381555,3.1739895668823372
data regarding,0,9,0.0,0.6096239297713233,-4.76451211390777,-0.8112698712924539,5.713181220388207
social implications,0,9,0.0,0.6096239297713233,-4.76451211390777,-0.8112698712924539,5.713181220388207
additional attention,0,9,0.0,0.6096239297713233,-4.76451211390777,-0.8112698712924539,5.713181220388207
short recommendations,0,9,0.0,0.6096239297713233,-4.76451211390777,-0.8112698712924539,5.713181220388207
systems advances,0,9,0.0,0.6096239297713233,-4.76451211390777,-0.8112698712924539,5.713181220388207
development effective,0,9,0.0,0.6096239297713233,-4.76451211390777,-0.8112698712924539,5.713181220388207
lifespan people,0,9,0.0,0.6096239297713233,-4.76451211390777,-0.8112698712924539,5.713181220388207
studies large,0,9,0.0,0.6096239297713233,-4.76451211390777,-0.8112698712924539,5.713181220388207
far short,0,9,0.0,0.6096239297713233,-4.76451211390777,-0.8112698712924539,5.713181220388207
fall far,0,9,0.0,0.6096239297713233,-4.76451211390777,-0.8112698712924539,5.713181220388207
child autism,0,9,0.0,0.6096239297713233,-4.76451211390777,-0.8112698712924539,5.713181220388207
life transition,0,9,0.0,0.6096239297713233,-4.76451211390777,-0.8112698712924539,5.713181220388207
studies focusing,0,9,0.0,0.6096239297713233,-4.76451211390777,-0.8112698712924539,5.713181220388207
general public,0,7,0.0,0.4741519453776959,-4.314352578671622,-0.8114122599477555,4.443585393635272
information collected,0,7,0.0,0.4741519453776959,-4.314352578671622,-0.8114122599477555,4.443585393635272
years launch,0,7,0.0,0.4741519453776959,-4.314352578671622,-0.8114122599477555,4.443585393635272
weight gains,0,7,0.0,0.4741519453776959,-4.314352578671622,-0.8114122599477555,4.443585393635272
board members,0,7,0.0,0.4741519453776959,-4.314352578671622,-0.8114122599477555,4.443585393635272
regions brain,0,7,0.0,0.4741519453776959,-4.314352578671622,-0.8114122599477555,4.443585393635272
activities total,0,7,0.0,0.4741519453776959,-4.314352578671622,-0.8114122599477555,4.443585393635272
translation research,2,10,0.36266047726118805,0.677359921968137,-0.6250883747457578,-0.8117678529095101,0.7429147898335662
development brain,0,12,0.0,0.8128319063617644,-5.233327221134903,-0.8139454271960915,7.617574960517609
labeled new,0,12,0.0,0.8128319063617644,-5.233327221134903,-0.8139454271960915,7.617574960517609
general developmental,0,8,0.0,0.5418879375745096,-4.5421668282369065,-0.8149204016166632,5.078383307011739
identifying genetic,0,8,0.0,0.5418879375745096,-4.5421668282369065,-0.8149204016166632,5.078383307011739
technology used,0,8,0.0,0.5418879375745096,-4.5421668282369065,-0.8149204016166632,5.078383307011739
studies understand,0,8,0.0,0.5418879375745096,-4.5421668282369065,-0.8149204016166632,5.078383307011739
existing state,0,8,0.0,0.5418879375745096,-4.5421668282369065,-0.8149204016166632,5.078383307011739
dissemination evidence-based,0,8,0.0,0.5418879375745096,-4.5421668282369065,-0.8149204016166632,5.078383307011739
years identify,0,8,0.0,0.5418879375745096,-4.5421668282369065,-0.8149204016166632,5.078383307011739
autism development,0,10,0.0,0.677359921968137,-4.9265544605893545,-0.8154225888474038,6.3479791337646745
brain connectivity,0,10,0.0,0.677359921968137,-4.9265544605893545,-0.8154225888474038,6.3479791337646745
deficits hyperactivity,0,6,0.0,0.4064159531808822,-3.9950531711171173,-0.8160439793926886,3.8087874802588044
modified checklist,0,6,0.0,0.4064159531808822,-3.9950531711171173,-0.8160439793926886,3.8087874802588044
asd higher,0,6,0.0,0.4064159531808822,-3.9950531711171173,-0.8160439793926886,3.8087874802588044
children likely,0,6,0.0,0.4064159531808822,-3.9950531711171173,-0.8160439793926886,3.8087874802588044
pilot studies,0,6,0.0,0.4064159531808822,-3.9950531711171173,-0.8160439793926886,3.8087874802588044
identical twins,0,6,0.0,0.4064159531808822,-3.9950531711171173,-0.8160439793926886,3.8087874802588044
education training,0,6,0.0,0.4064159531808822,-3.9950531711171173,-0.8160439793926886,3.8087874802588044
important studies,0,11,0.0,0.7450959141649507,-5.08210038364073,-0.816213348507264,6.982777047141141
raise awareness,0,11,0.0,0.7450959141649507,-5.08210038364073,-0.816213348507264,6.982777047141141
question recognize,0,5,0.0,0.3386799609840685,-3.608396259591421,-0.81636965306961,3.1739895668823372
community stakeholders,0,5,0.0,0.3386799609840685,-3.608396259591421,-0.81636965306961,3.1739895668823372
asd-related research,0,5,0.0,0.3386799609840685,-3.608396259591421,-0.81636965306961,3.1739895668823372
explore early,0,5,0.0,0.3386799609840685,-3.608396259591421,-0.81636965306961,3.1739895668823372
copied suggested,0,5,0.0,0.3386799609840685,-3.608396259591421,-0.81636965306961,3.1739895668823372
help improve,0,5,0.0,0.3386799609840685,-3.608396259591421,-0.81636965306961,3.1739895668823372
area learned,0,14,0.0,0.9483038907553918,-5.456081002263696,-0.819981097911703,8.887170787270543
testing interventions,0,7,0.0,0.4741519453776959,-4.2701304501685815,-0.8210513061110434,4.443585393635272
patients asd,0,7,0.0,0.4741519453776959,-4.2701304501685815,-0.8210513061110434,4.443585393635272
research research,0,7,0.0,0.4741519453776959,-4.2701304501685815,-0.8210513061110434,4.443585393635272
underlying biological,0,7,0.0,0.4741519453776959,-4.2701304501685815,-0.8210513061110434,4.443585393635272
used interchangeably,0,7,0.0,0.4741519453776959,-4.2701304501685815,-0.8210513061110434,4.443585393635272
recommendations question,0,7,0.0,0.4741519453776959,-4.2701304501685815,-0.8210513061110434,4.443585393635272
domain reproduced,0,5,0.0,0.3386799609840685,-3.577944406477556,-0.8219022654262738,3.1739895668823372
information materials,0,5,0.0,0.3386799609840685,-3.577944406477556,-0.8219022654262738,3.1739895668823372
progress adulthood,0,5,0.0,0.3386799609840685,-3.577944406477556,-0.8219022654262738,3.1739895668823372
data used,0,5,0.0,0.3386799609840685,-3.577944406477556,-0.8219022654262738,3.1739895668823372
research organizations,0,5,0.0,0.3386799609840685,-3.577944406477556,-0.8219022654262738,3.1739895668823372
public domain,0,5,0.0,0.3386799609840685,-3.577944406477556,-0.8219022654262738,3.1739895668823372
studies used,0,5,0.0,0.3386799609840685,-3.577944406477556,-0.8219022654262738,3.1739895668823372
materials appearing,0,5,0.0,0.3386799609840685,-3.577944406477556,-0.8219022654262738,3.1739895668823372
reproduced copied,0,5,0.0,0.3386799609840685,-3.577944406477556,-0.8219022654262738,3.1739895668823372
appearing report,0,5,0.0,0.3386799609840685,-3.577944406477556,-0.8219022654262738,3.1739895668823372
asd state,0,5,0.0,0.3386799609840685,-3.577944406477556,-0.8219022654262738,3.1739895668823372
diagnostic criteria,4,17,0.7253209545223761,1.1515118673458329,-0.4513294407768136,-0.8222904852323538,0.7580400676070633
speech therapy,0,6,0.0,0.4064159531808822,-3.9575802356528484,-0.8236803159794619,3.8087874802588044
university school,0,6,0.0,0.4064159531808822,-3.9575802356528484,-0.8236803159794619,3.8087874802588044
variety perspectives,0,6,0.0,0.4064159531808822,-3.9575802356528484,-0.8236803159794619,3.8087874802588044
equipped address,0,6,0.0,0.4064159531808822,-3.9575802356528484,-0.8236803159794619,3.8087874802588044
objectives partially,0,6,0.0,0.4064159531808822,-3.9575802356528484,-0.8236803159794619,3.8087874802588044
nutritional supplements,0,9,0.0,0.6096239297713233,-4.710623826271805,-0.8240001334267812,5.713181220388207
objectives met,0,9,0.0,0.6096239297713233,-4.710623826271805,-0.8240001334267812,5.713181220388207
enabling development,0,9,0.0,0.6096239297713233,-4.710623826271805,-0.8240001334267812,5.713181220388207
merge link,0,9,0.0,0.6096239297713233,-4.710623826271805,-0.8240001334267812,5.713181220388207
support maximize,0,9,0.0,0.6096239297713233,-4.710623826271805,-0.8240001334267812,5.713181220388207
interventions effective,0,9,0.0,0.6096239297713233,-4.710623826271805,-0.8240001334267812,5.713181220388207
asd behavioral,0,9,0.0,0.6096239297713233,-4.710623826271805,-0.8240001334267812,5.713181220388207
structural functional,0,9,0.0,0.6096239297713233,-4.710623826271805,-0.8240001334267812,5.713181220388207
genetic environment,0,9,0.0,0.6096239297713233,-4.710623826271805,-0.8240001334267812,5.713181220388207
databases allow,0,9,0.0,0.6096239297713233,-4.710623826271805,-0.8240001334267812,5.713181220388207
improving quality,0,9,0.0,0.6096239297713233,-4.710623826271805,-0.8240001334267812,5.713181220388207
safe effective,0,9,0.0,0.6096239297713233,-4.710623826271805,-0.8240001334267812,5.713181220388207
mutations genes,0,8,0.0,0.5418879375745096,-4.493577802407195,-0.8260297758110002,5.078383307011739
adults question,0,8,0.0,0.5418879375745096,-4.493577802407195,-0.8260297758110002,5.078383307011739
help understand,0,8,0.0,0.5418879375745096,-4.493577802407195,-0.8260297758110002,5.078383307011739
gaps opportunities,0,8,0.0,0.5418879375745096,-4.493577802407195,-0.8260297758110002,5.078383307011739
science university,0,8,0.0,0.5418879375745096,-4.493577802407195,-0.8260297758110002,5.078383307011739
community research,0,8,0.0,0.5418879375745096,-4.493577802407195,-0.8260297758110002,5.078383307011739
legal social,0,8,0.0,0.5418879375745096,-4.493577802407195,-0.8260297758110002,5.078383307011739
practices iacc,0,8,0.0,0.5418879375745096,-4.493577802407195,-0.8260297758110002,5.078383307011739
children united,0,8,0.0,0.5418879375745096,-4.493577802407195,-0.8260297758110002,5.078383307011739
studies suggested,0,8,0.0,0.5418879375745096,-4.493577802407195,-0.8260297758110002,5.078383307011739
maternal paternal,0,8,0.0,0.5418879375745096,-4.493577802407195,-0.8260297758110002,5.078383307011739
asd important,0,8,0.0,0.5418879375745096,-4.493577802407195,-0.8260297758110002,5.078383307011739
research process,0,13,0.0,0.8805678985585782,-5.313221582289188,-0.8264353188263206,8.252372873894076
black hispanic,0,5,0.0,0.3386799609840685,-3.5484111466264228,-0.8272467268914431,3.1739895668823372
plan projects,0,5,0.0,0.3386799609840685,-3.5484111466264228,-0.8272467268914431,3.1739895668823372
ages months,0,5,0.0,0.3386799609840685,-3.5484111466264228,-0.8272467268914431,3.1739895668823372
community needs,0,10,0.0,0.677359921968137,-4.869557164527148,-0.8292890233066141,6.3479791337646745
asd reported,0,10,0.0,0.677359921968137,-4.869557164527148,-0.8292890233066141,6.3479791337646745
new addition,0,12,0.0,0.8128319063617644,-5.168923061071748,-0.8302383075073726,7.617574960517609
traits autism,0,12,0.0,0.8128319063617644,-5.168923061071748,-0.8302383075073726,7.617574960517609
fully understand,0,12,0.0,0.8128319063617644,-5.168923061071748,-0.8302383075073726,7.617574960517609
cases autism,0,12,0.0,0.8128319063617644,-5.168923061071748,-0.8302383075073726,7.617574960517609
evaluation research,0,7,0.0,0.4741519453776959,-4.2278004170896555,-0.8303018622778827,4.443585393635272
asd ages,0,7,0.0,0.4741519453776959,-4.2278004170896555,-0.8303018622778827,4.443585393635272
including studies,0,7,0.0,0.4741519453776959,-4.2278004170896555,-0.8303018622778827,4.443585393635272
imaging techniques,0,7,0.0,0.4741519453776959,-4.2278004170896555,-0.8303018622778827,4.443585393635272
co-occurring health,0,7,0.0,0.4741519453776959,-4.2278004170896555,-0.8303018622778827,4.443585393635272
providers researchers,0,6,0.0,0.4064159531808822,-3.92147991251133,-0.8310341729105734,3.8087874802588044
outcomes asd,0,6,0.0,0.4064159531808822,-3.92147991251133,-0.8310341729105734,3.8087874802588044
parent-mediated interventions,0,6,0.0,0.4064159531808822,-3.92147991251133,-0.8310341729105734,3.8087874802588044
checklist autism,0,6,0.0,0.4064159531808822,-3.92147991251133,-0.8310341729105734,3.8087874802588044
access utilization,0,11,0.0,0.7450959141649507,-5.021622289937936,-0.8312607947276364,6.982777047141141
objectives develop,0,11,0.0,0.7450959141649507,-5.021622289937936,-0.8312607947276364,6.982777047141141
potential role,0,11,0.0,0.7450959141649507,-5.021622289937936,-0.8312607947276364,6.982777047141141
understanding biology,0,11,0.0,0.7450959141649507,-5.021622289937936,-0.8312607947276364,6.982777047141141
disease prevention,0,5,0.0,0.3386799609840685,-3.519743210862739,-0.8324128499033684,3.1739895668823372
asd provide,0,9,0.0,0.6096239297713233,-4.65950943350064,-0.8361586147906768,5.713181220388207
understand relationship,0,9,0.0,0.6096239297713233,-4.65950943350064,-0.8361586147906768,5.713181220388207
data suggest,0,9,0.0,0.6096239297713233,-4.65950943350064,-0.8361586147906768,5.713181220388207
development life,0,9,0.0,0.6096239297713233,-4.65950943350064,-0.8361586147906768,5.713181220388207
subtypes asd,0,9,0.0,0.6096239297713233,-4.65950943350064,-0.8361586147906768,5.713181220388207
asd females,0,9,0.0,0.6096239297713233,-4.65950943350064,-0.8361586147906768,5.713181220388207
genetic resources,0,9,0.0,0.6096239297713233,-4.65950943350064,-0.8361586147906768,5.713181220388207
resources exchange,0,9,0.0,0.6096239297713233,-4.65950943350064,-0.8361586147906768,5.713181220388207
objectives fall,0,9,0.0,0.6096239297713233,-4.65950943350064,-0.8361586147906768,5.713181220388207
strategies reducing,0,9,0.0,0.6096239297713233,-4.65950943350064,-0.8361586147906768,5.713181220388207
research provide,0,8,0.0,0.5418879375745096,-4.447258884656327,-0.836670094009374,5.078383307011739
understand impact,0,8,0.0,0.5418879375745096,-4.447258884656327,-0.836670094009374,5.078383307011739
autism example,0,8,0.0,0.5418879375745096,-4.447258884656327,-0.836670094009374,5.078383307011739
safety issues,0,8,0.0,0.5418879375745096,-4.447258884656327,-0.836670094009374,5.078383307011739
potential causes,0,8,0.0,0.5418879375745096,-4.447258884656327,-0.836670094009374,5.078383307011739
detection important,0,5,0.0,0.3386799609840685,-3.491891832881933,-0.8374096870302101,3.1739895668823372
described iacc,0,5,0.0,0.3386799609840685,-3.491891832881933,-0.8374096870302101,3.1739895668823372
iacc provide,0,5,0.0,0.3386799609840685,-3.491891832881933,-0.8374096870302101,3.1739895668823372
age children,0,5,0.0,0.3386799609840685,-3.491891832881933,-0.8374096870302101,3.1739895668823372
information asd,0,5,0.0,0.3386799609840685,-3.491891832881933,-0.8374096870302101,3.1739895668823372
learned past,0,14,0.0,0.9483038907553918,-5.387203342413269,-0.8379981767956883,8.887170787270543
government private,0,6,0.0,0.4064159531808822,-3.8866558422784117,-0.8381230766515606,3.8087874802588044
excellence developmental,0,6,0.0,0.4064159531808822,-3.8866558422784117,-0.8381230766515606,3.8087874802588044
transition adults,0,7,0.0,0.4741519453776959,-4.187207951205556,-0.8391916623052552,4.443585393635272
research shown,0,7,0.0,0.4741519453776959,-4.187207951205556,-0.8391916623052552,4.443585393635272
access early,0,7,0.0,0.4741519453776959,-4.187207951205556,-0.8391916623052552,4.443585393635272
impact early,0,7,0.0,0.4741519453776959,-4.187207951205556,-0.8391916623052552,4.443585393635272
childhood autism,0,7,0.0,0.4741519453776959,-4.187207951205556,-0.8391916623052552,4.443585393635272
higher education,0,5,0.0,0.3386799609840685,-3.464812255621272,-0.8422456086875172,3.1739895668823372
diagnostic assessment,0,10,0.0,0.677359921968137,-4.815651035074085,-0.8425141977787489,6.3479791337646745
speaks autism,0,10,0.0,0.677359921968137,-4.815651035074085,-0.8425141977787489,6.3479791337646745
changes brain,0,10,0.0,0.677359921968137,-4.815651035074085,-0.8425141977787489,6.3479791337646745
asd access,0,10,0.0,0.677359921968137,-4.815651035074085,-0.8425141977787489,6.3479791337646745
important research,0,10,0.0,0.677359921968137,-4.815651035074085,-0.8425141977787489,6.3479791337646745
personalized interventions,0,10,0.0,0.677359921968137,-4.815651035074085,-0.8425141977787489,6.3479791337646745
gender differences,0,13,0.0,0.8805678985585782,-5.248807105258724,-0.843138807323394,8.252372873894076
nih neurobiobank,0,13,0.0,0.8805678985585782,-5.248807105258724,-0.843138807323394,8.252372873894076
science niehs,0,6,0.0,0.4064159531808822,-3.8530214687682562,-0.8449629303586078,3.8087874802588044
factors autism,0,6,0.0,0.4064159531808822,-3.8530214687682562,-0.8449629303586078,3.8087874802588044
effective reducing,0,11,0.0,0.7450959141649507,-4.9646103827390355,-0.8455875170921098,6.982777047141141
mental physical,0,11,0.0,0.7450959141649507,-4.9646103827390355,-0.8455875170921098,6.982777047141141
response treatment,0,11,0.0,0.7450959141649507,-4.9646103827390355,-0.8455875170921098,6.982777047141141
older adulthood,0,11,0.0,0.7450959141649507,-4.9646103827390355,-0.8455875170921098,6.982777047141141
needed area,0,11,0.0,0.7450959141649507,-4.9646103827390355,-0.8455875170921098,6.982777047141141
targeted treatment,0,11,0.0,0.7450959141649507,-4.9646103827390355,-0.8455875170921098,6.982777047141141
researchers clinicians,0,11,0.0,0.7450959141649507,-4.9646103827390355,-0.8455875170921098,6.982777047141141
access interventions,0,11,0.0,0.7450959141649507,-4.9646103827390355,-0.8455875170921098,6.982777047141141
pharmacological interventions,0,11,0.0,0.7450959141649507,-4.9646103827390355,-0.8455875170921098,6.982777047141141
plan did,0,12,0.0,0.8128319063617644,-5.108432782274445,-0.8457184512235296,7.617574960517609
core associated,0,12,0.0,0.8128319063617644,-5.108432782274445,-0.8457184512235296,7.617574960517609
sense urgency,0,12,0.0,0.8128319063617644,-5.108432782274445,-0.8457184512235296,7.617574960517609
participatory research,0,12,0.0,0.8128319063617644,-5.108432782274445,-0.8457184512235296,7.617574960517609
biomarkers asd,0,8,0.0,0.5418879375745096,-4.403008179530087,-0.8468775779786497,5.078383307011739
services asd,0,8,0.0,0.5418879375745096,-4.403008179530087,-0.8468775779786497,5.078383307011739
efforts autism,0,8,0.0,0.5418879375745096,-4.403008179530087,-0.8468775779786497,5.078383307011739
support infrastructure,0,8,0.0,0.5418879375745096,-4.403008179530087,-0.8468775779786497,5.078383307011739
improving access,0,8,0.0,0.5418879375745096,-4.403008179530087,-0.8468775779786497,5.078383307011739
community use,0,8,0.0,0.5418879375745096,-4.403008179530087,-0.8468775779786497,5.078383307011739
early autism,0,5,0.0,0.3386799609840685,-3.438463303473304,-0.8469283710617168,3.1739895668823372
siblings asd,0,5,0.0,0.3386799609840685,-3.438463303473304,-0.8469283710617168,3.1739895668823372
agencies department,0,5,0.0,0.3386799609840685,-3.438463303473304,-0.8469283710617168,3.1739895668823372
enhance services,0,7,0.0,0.4741519453776959,-4.148216714008907,-0.8477454800516306,4.443585393635272
studies showed,0,7,0.0,0.4741519453776959,-4.148216714008907,-0.8477454800516306,4.443585393635272
postnatal period,0,9,0.0,0.6096239297713233,-4.6108981389411205,-0.8477935143604184,5.713181220388207
goal improving,0,9,0.0,0.6096239297713233,-4.6108981389411205,-0.8477935143604184,5.713181220388207
spectrum research,0,9,0.0,0.6096239297713233,-4.6108981389411205,-0.8477935143604184,5.713181220388207
early behavioral,0,9,0.0,0.6096239297713233,-4.6108981389411205,-0.8477935143604184,5.713181220388207
community including,0,9,0.0,0.6096239297713233,-4.6108981389411205,-0.8477935143604184,5.713181220388207
rural areas,0,9,0.0,0.6096239297713233,-4.6108981389411205,-0.8477935143604184,5.713181220388207
challenges desired,0,15,0.0,1.0160398829522055,-5.456087713040871,-0.8487621164155199,9.521968700647012
progress aspirational,0,15,0.0,1.0160398829522055,-5.456087713040871,-0.8487621164155199,9.521968700647012
discussion challenges,0,15,0.0,1.0160398829522055,-5.456087713040871,-0.8487621164155199,9.521968700647012
noted question,0,15,0.0,1.0160398829522055,-5.456087713040871,-0.8487621164155199,9.521968700647012
share data,0,15,0.0,1.0160398829522055,-5.456087713040871,-0.8487621164155199,9.521968700647012
funding specific,0,5,0.0,0.3386799609840685,-3.412807010076092,-0.8514651756952728,3.1739895668823372
charged coordinating,0,5,0.0,0.3386799609840685,-3.412807010076092,-0.8514651756952728,3.1739895668823372
community services,0,6,0.0,0.4064159531808822,-3.820498752736121,-0.8515682119342043,3.8087874802588044
school settings,0,6,0.0,0.4064159531808822,-3.820498752736121,-0.8515682119342043,3.8087874802588044
services received,0,6,0.0,0.4064159531808822,-3.820498752736121,-0.8515682119342043,3.8087874802588044
medical issues,0,14,0.0,0.9483038907553918,-5.322780019635902,-0.8550817853426603,8.887170787270543
met funding,0,10,0.0,0.677359921968137,-4.764518806551587,-0.8551547313408563,6.3479791337646745
changes asd,0,10,0.0,0.677359921968137,-4.764518806551587,-0.8551547313408563,6.3479791337646745
identify asd,0,10,0.0,0.677359921968137,-4.764518806551587,-0.8551547313408563,6.3479791337646745
pregnancy early,0,10,0.0,0.677359921968137,-4.764518806551587,-0.8551547313408563,6.3479791337646745
administration rockville,0,5,0.0,0.3386799609840685,-3.387808293234757,-0.8558627219414896,3.1739895668823372
criteria asd,0,5,0.0,0.3386799609840685,-3.387808293234757,-0.8558627219414896,3.1739895668823372
language ability,0,7,0.0,0.4741519453776959,-4.1107058093273405,-0.8559855442111272,4.443585393635272
involved autism,0,7,0.0,0.4741519453776959,-4.1107058093273405,-0.8559855442111272,4.443585393635272
impact asd,0,7,0.0,0.4741519453776959,-4.1107058093273405,-0.8559855442111272,4.443585393635272
research aimed,0,7,0.0,0.4741519453776959,-4.1107058093273405,-0.8559855442111272,4.443585393635272
parents legal,0,7,0.0,0.4741519453776959,-4.1107058093273405,-0.8559855442111272,4.443585393635272
local agencies,0,7,0.0,0.4741519453776959,-4.1107058093273405,-0.8559855442111272,4.443585393635272
school age,0,8,0.0,0.5418879375745096,-4.360649582132716,-0.856684264907475,5.078383307011739
progress field,0,8,0.0,0.5418879375745096,-4.360649582132716,-0.856684264907475,5.078383307011739
clinical settings,0,8,0.0,0.5418879375745096,-4.360649582132716,-0.856684264907475,5.078383307011739
asd develop,0,8,0.0,0.5418879375745096,-4.360649582132716,-0.856684264907475,5.078383307011739
interventions approaches,0,8,0.0,0.5418879375745096,-4.360649582132716,-0.856684264907475,5.078383307011739
asd support,0,6,0.0,0.4064159531808822,-3.7890170898758466,-0.8579521424255687,3.8087874802588044
array federal,0,6,0.0,0.4064159531808822,-3.7890170898758466,-0.8579521424255687,3.8087874802588044
previous versions,0,6,0.0,0.4064159531808822,-3.7890170898758466,-0.8579521424255687,3.8087874802588044
state autism,0,6,0.0,0.4064159531808822,-3.7890170898758466,-0.8579521424255687,3.8087874802588044
objectives years,0,6,0.0,0.4064159531808822,-3.7890170898758466,-0.8579521424255687,3.8087874802588044
president autism,0,6,0.0,0.4064159531808822,-3.7890170898758466,-0.8579521424255687,3.8087874802588044
chronic conditions,0,6,0.0,0.4064159531808822,-3.7890170898758466,-0.8579521424255687,3.8087874802588044
insurance mandates,0,6,0.0,0.4064159531808822,-3.7890170898758466,-0.8579521424255687,3.8087874802588044
funding levels,1,7,0.18133023863059403,0.4741519453776959,-0.8703858965711433,-0.8588295554149261,1.0194651479623855
services covered,0,9,0.0,0.6096239297713233,-4.564556960921124,-0.8589469567500394,5.713181220388207
health emergency,0,9,0.0,0.6096239297713233,-4.564556960921124,-0.8589469567500394,5.713181220388207
detection asd,0,9,0.0,0.6096239297713233,-4.564556960921124,-0.8589469567500394,5.713181220388207
lessons learned,0,9,0.0,0.6096239297713233,-4.564556960921124,-0.8589469567500394,5.713181220388207
needed services,0,9,0.0,0.6096239297713233,-4.564556960921124,-0.8589469567500394,5.713181220388207
asd experience,0,9,0.0,0.6096239297713233,-4.564556960921124,-0.8589469567500394,5.713181220388207
environmental chemicals,0,13,0.0,0.8805678985585782,-5.188306512159922,-0.8590169526503669,8.252372873894076
neural circuitry,0,13,0.0,0.8805678985585782,-5.188306512159922,-0.8590169526503669,8.252372873894076
recent data,0,13,0.0,0.8805678985585782,-5.188306512159922,-0.8590169526503669,8.252372873894076
housing issues,0,11,0.0,0.7450959141649507,-4.910689646643508,-0.8592603793449755,6.982777047141141
asd understand,0,11,0.0,0.7450959141649507,-4.910689646643508,-0.8592603793449755,6.982777047141141
factors play,0,11,0.0,0.7450959141649507,-4.910689646643508,-0.8592603793449755,6.982777047141141
asd similar,0,11,0.0,0.7450959141649507,-4.910689646643508,-0.8592603793449755,6.982777047141141
implemented community,0,11,0.0,0.7450959141649507,-4.910689646643508,-0.8592603793449755,6.982777047141141
insurance plan,0,11,0.0,0.7450959141649507,-4.910689646643508,-0.8592603793449755,6.982777047141141
potential biomarkers,0,11,0.0,0.7450959141649507,-4.910689646643508,-0.8592603793449755,6.982777047141141
asd related,0,5,0.0,0.3386799609840685,-3.3634346699892372,-0.8601272532965022,3.1739895668823372
report public,0,5,0.0,0.3386799609840685,-3.3634346699892372,-0.8601272532965022,3.1739895668823372
development research,0,7,0.0,0.4741519453776959,-4.074567535826555,-0.8639318820706356,4.443585393635272
issues challenges,0,7,0.0,0.4741519453776959,-4.074567535826555,-0.8639318820706356,4.443585393635272
impact autism,0,7,0.0,0.4741519453776959,-4.074567535826555,-0.8639318820706356,4.443585393635272
issues surrounding,0,7,0.0,0.4741519453776959,-4.074567535826555,-0.8639318820706356,4.443585393635272
autism disabilities,0,6,0.0,0.4064159531808822,-3.7585123953649386,-0.8641268299814541,3.8087874802588044
special health,0,5,0.0,0.3386799609840685,-3.339656006021853,-0.8642645984528085,3.1739895668823372
training services,0,5,0.0,0.3386799609840685,-3.339656006021853,-0.8642645984528085,3.1739895668823372
years asd,0,5,0.0,0.3386799609840685,-3.339656006021853,-0.8642645984528085,3.1739895668823372
better outcomes,0,8,0.0,0.5418879375745096,-4.3200285642269645,-0.8661186409391981,5.078383307011739
new treatment,0,8,0.0,0.5418879375745096,-4.3200285642269645,-0.8661186409391981,5.078383307011739
research important,0,15,0.0,1.0160398829522055,-5.391656721983427,-0.8661995682538313,9.521968700647012
recent findings,0,15,0.0,1.0160398829522055,-5.391656721983427,-0.8661995682538313,9.521968700647012
faced individuals,0,10,0.0,0.677359921968137,-4.715889682303402,-0.8672597699603309,6.3479791337646745
replication studies,0,10,0.0,0.677359921968137,-4.715889682303402,-0.8672597699603309,6.3479791337646745
tracking involvement,0,10,0.0,0.677359921968137,-4.715889682303402,-0.8672597699603309,6.3479791337646745
different types,0,10,0.0,0.677359921968137,-4.715889682303402,-0.8672597699603309,6.3479791337646745
postnatal development,0,10,0.0,0.677359921968137,-4.715889682303402,-0.8672597699603309,6.3479791337646745
specific research,0,5,0.0,0.3386799609840685,-3.31644429455503,-0.8682802077851911,3.1739895668823372
children age,0,5,0.0,0.3386799609840685,-3.31644429455503,-0.8682802077851911,3.1739895668823372
education rehabilitative,0,5,0.0,0.3386799609840685,-3.31644429455503,-0.8682802077851911,3.1739895668823372
community based,0,9,0.0,0.6096239297713233,-4.520284003981606,-0.8696559926971371,5.713181220388207
allow tracking,0,9,0.0,0.6096239297713233,-4.520284003981606,-0.8696559926971371,5.713181220388207
asd order,0,9,0.0,0.6096239297713233,-4.520284003981606,-0.8696559926971371,5.713181220388207
autism field,0,9,0.0,0.6096239297713233,-4.520284003981606,-0.8696559926971371,5.713181220388207
services autism,0,9,0.0,0.6096239297713233,-4.520284003981606,-0.8696559926971371,5.713181220388207
needs community,0,9,0.0,0.6096239297713233,-4.520284003981606,-0.8696559926971371,5.713181220388207
families services,0,7,0.0,0.4741519453776959,-4.039705534078321,-0.871602606435938,4.443585393635272
autistic self,0,7,0.0,0.4741519453776959,-4.039705534078321,-0.871602606435938,4.443585393635272
autism toddlers,0,7,0.0,0.4741519453776959,-4.039705534078321,-0.871602606435938,4.443585393635272
asd goal,0,7,0.0,0.4741519453776959,-4.039705534078321,-0.871602606435938,4.443585393635272
advocacy network,0,7,0.0,0.4741519453776959,-4.039705534078321,-0.871602606435938,4.443585393635272
address challenges,0,11,0.0,0.7450959141649507,-4.859542815970698,-0.8723369780595756,6.982777047141141
functional structural,0,11,0.0,0.7450959141649507,-4.859542815970698,-0.8723369780595756,6.982777047141141
budget million,0,11,0.0,0.7450959141649507,-4.859542815970698,-0.8723369780595756,6.982777047141141
observational studies,0,12,0.0,0.8128319063617644,-4.997475779056032,-0.8745468931529399,7.617574960517609
imaging studies,0,12,0.0,0.8128319063617644,-4.997475779056032,-0.8745468931529399,7.617574960517609
adolescence adulthood,0,8,0.0,0.5418879375745096,-4.281008787297507,-0.8752061577233853,5.078383307011739
mind institute,0,8,0.0,0.5418879375745096,-4.281008787297507,-0.8752061577233853,5.078383307011739
areas needs,0,8,0.0,0.5418879375745096,-4.281008787297507,-0.8752061577233853,5.078383307011739
community-based interventions,0,8,0.0,0.5418879375745096,-4.281008787297507,-0.8752061577233853,5.078383307011739
asd treatment,0,8,0.0,0.5418879375745096,-4.281008787297507,-0.8752061577233853,5.078383307011739
response interventions,0,8,0.0,0.5418879375745096,-4.281008787297507,-0.8752061577233853,5.078383307011739
disabilities co-occurring,0,8,0.0,0.5418879375745096,-4.281008787297507,-0.8752061577233853,5.078383307011739
conditions related,0,8,0.0,0.5418879375745096,-4.281008787297507,-0.8752061577233853,5.078383307011739
prevalence characteristics,0,6,0.0,0.4064159531808822,-3.7002056099105367,-0.8758920695872797,3.8087874802588044
advocacy organizations,0,6,0.0,0.4064159531808822,-3.7002056099105367,-0.8758920695872797,3.8087874802588044
presentation highlights,0,16,0.0,1.0837758751490192,-5.456094423863465,-0.8765988226604211,10.156766614023478
mouse model,1,7,0.18133023863059403,0.4741519453776959,-0.9075027939330749,-0.8781827807627182,1.0194651479623855
wandering elopement,3,14,0.543990715891782,0.9483038907553918,-0.555260270966663,-0.8784057256692939,0.8558030538854053
asd united,0,10,0.0,0.677359921968137,-4.6695306806543115,-0.8788722737190562,6.3479791337646745
policy makers,0,10,0.0,0.677359921968137,-4.6695306806543115,-0.8788722737190562,6.3479791337646745
history asd,0,10,0.0,0.677359921968137,-4.6695306806543115,-0.8788722737190562,6.3479791337646745
studies funded,0,10,0.0,0.677359921968137,-4.6695306806543115,-0.8788722737190562,6.3479791337646745
executive director,0,10,0.0,0.677359921968137,-4.6695306806543115,-0.8788722737190562,6.3479791337646745
research monitor,0,7,0.0,0.4741519453776959,-4.006033247882744,-0.8790141567304747,4.443585393635272
coordination federal,0,7,0.0,0.4741519453776959,-4.006033247882744,-0.8790141567304747,4.443585393635272
concerning autism,0,7,0.0,0.4741519453776959,-4.006033247882744,-0.8790141567304747,4.443585393635272
autism screening,0,5,0.0,0.3386799609840685,-3.249958762227477,-0.879646108966739,3.1739895668823372
tools resources,0,9,0.0,0.6096239297713233,-4.477903163221985,-0.8799533991687437,5.713181220388207
community choice,0,9,0.0,0.6096239297713233,-4.477903163221985,-0.8799533991687437,5.713181220388207
report autism,0,9,0.0,0.6096239297713233,-4.477903163221985,-0.8799533991687437,5.713181220388207
develop improve,0,9,0.0,0.6096239297713233,-4.477903163221985,-0.8799533991687437,5.713181220388207
social functioning,0,9,0.0,0.6096239297713233,-4.477903163221985,-0.8799533991687437,5.713181220388207
asd general,0,9,0.0,0.6096239297713233,-4.477903163221985,-0.8799533991687437,5.713181220388207
citation follows,0,6,0.0,0.4064159531808822,-3.6723014834325554,-0.8815023047655567,3.8087874802588044
follows suggested,0,6,0.0,0.4064159531808822,-3.6723014834325554,-0.8815023047655567,3.8087874802588044
copyright information,0,6,0.0,0.4064159531808822,-3.6723014834325554,-0.8815023047655567,3.8087874802588044
services services,1,7,0.18133023863059403,0.4741519453776959,-0.9164405931809618,-0.8826915349128264,1.0194651479623855
interactive autism,0,15,0.0,1.0160398829522055,-5.331139618681794,-0.8827891498572468,9.521968700647012
entirely new,0,15,0.0,1.0160398829522055,-5.331139618681794,-0.8827891498572468,9.521968700647012
innovative research,1,7,0.18133023863059403,0.4741519453776959,-0.9177263170282064,-0.8833353594496536,1.0194651479623855
asd evaluation,0,8,0.0,0.5418879375745096,-4.243469355164033,-0.8839696571927735,5.078383307011739
asd time,0,8,0.0,0.5418879375745096,-4.243469355164033,-0.8839696571927735,5.078383307011739
genetic disorder,0,8,0.0,0.5418879375745096,-4.243469355164033,-0.8839696571927735,5.078383307011739
coded question,0,8,0.0,0.5418879375745096,-4.243469355164033,-0.8839696571927735,5.078383307011739
reconstituted combating,0,8,0.0,0.5418879375745096,-4.243469355164033,-0.8839696571927735,5.078383307011739
spectrum people,0,11,0.0,0.7450959141649507,-4.810899094062282,-0.8848673158737297,6.982777047141141
research enhance,0,7,0.0,0.4741519453776959,-3.9734726379810397,-0.8861815028484173,4.443585393635272
behavioral treatment,0,7,0.0,0.4741519453776959,-3.9734726379810397,-0.8861815028484173,4.443585393635272
self advocacy,0,7,0.0,0.4741519453776959,-3.9734726379810397,-0.8861815028484173,4.443585393635272
communication social,1,7,0.18133023863059403,0.4741519453776959,-0.9241887428725182,-0.8865533285599279,1.0194651479623855
needed identify,0,14,0.0,0.9483038907553918,-5.205227340883207,-0.8868195677512639,8.887170787270543
update summary,1,7,0.18133023863059403,0.4741519453776959,-0.9254880384853212,-0.8871966815978235,1.0194651479623855
school district,1,7,0.18133023863059403,0.4741519453776959,-0.9267896207709256,-0.8878399509776308,1.0194651479623855
potential environmental,0,12,0.0,0.8128319063617644,-4.946316773550857,-0.8880215699269961,7.617574960517609
greater number,0,12,0.0,0.8128319063617644,-4.946316773550857,-0.8880215699269961,7.617574960517609
imaging mri,0,12,0.0,0.8128319063617644,-4.946316773550857,-0.8880215699269961,7.617574960517609
findings community,0,12,0.0,0.8128319063617644,-4.946316773550857,-0.8880215699269961,7.617574960517609
access screening,0,12,0.0,0.8128319063617644,-4.946316773550857,-0.8880215699269961,7.617574960517609
progress iacc,1,7,0.18133023863059403,0.4741519453776959,-0.9280934968767092,-0.8884831352261773,1.0194651479623855
iacc continue,0,13,0.0,0.8805678985585782,-5.077328888331808,-0.8886078031517355,8.252372873894076
moving forward,0,13,0.0,0.8805678985585782,-5.077328888331808,-0.8886078031517355,8.252372873894076
asd require,0,13,0.0,0.8805678985585782,-5.077328888331808,-0.8886078031517355,8.252372873894076
services help,1,7,0.18133023863059403,0.4741519453776959,-0.9293996739830543,-0.8891262328614534,1.0194651479623855
research better,0,9,0.0,0.6096239297713233,-4.4372599104001935,-0.8898683257830636,5.713181220388207
parents report,0,9,0.0,0.6096239297713233,-4.4372599104001935,-0.8898683257830636,5.713181220388207
development strategies,0,10,0.0,0.677359921968137,-4.625239906142182,-0.8900300348675397,6.3479791337646745
respite care,1,7,0.18133023863059403,0.4741519453776959,-0.9320189600852764,-0.8904121623196893,1.0194651479623855
likely receive,1,7,0.18133023863059403,0.4741519453776959,-0.9333320836088337,-0.8910549911339708,1.0194651479623855
strategic plan's,1,7,0.18133023863059403,0.4741519453776959,-0.9333320836088337,-0.8910549911339708,1.0194651479623855
coordination state,1,7,0.18133023863059403,0.4741519453776959,-0.9333320836088337,-0.8910549911339708,1.0194651479623855
help ensure,1,7,0.18133023863059403,0.4741519453776959,-0.9346475371887255,-0.8916977273175034,1.0194651479623855
topics areas,0,6,0.0,0.4064159531808822,-3.6187675497384504,-0.8922217632815259,3.8087874802588044
studies genetic,1,7,0.18133023863059403,0.4741519453776959,-0.9359653281734914,-0.8923403693432606,1.0194651479623855
community-based settings,0,8,0.0,0.5418879375745096,-4.207302566484303,-0.8924297236193193,5.078383307011739
new existing,0,8,0.0,0.5418879375745096,-4.207302566484303,-0.8924297236193193,5.078383307011739
support delivered,0,8,0.0,0.5418879375745096,-4.207302566484303,-0.8924297236193193,5.078383307011739
females protective,0,8,0.0,0.5418879375745096,-4.207302566484303,-0.8924297236193193,5.078383307011739
contribute development,0,8,0.0,0.5418879375745096,-4.207302566484303,-0.8924297236193193,5.078383307011739
include autism,0,7,0.0,0.4741519453776959,-3.941953100053013,-0.893118318514929,4.443585393635272
gaps research,0,7,0.0,0.4741519453776959,-3.941953100053013,-0.893118318514929,4.443585393635272
required develop,0,7,0.0,0.4741519453776959,-3.941953100053013,-0.893118318514929,4.443585393635272
developmental milestones,0,7,0.0,0.4741519453776959,-3.941953100053013,-0.893118318514929,4.443585393635272
iacc interagency,0,7,0.0,0.4741519453776959,-3.941953100053013,-0.893118318514929,4.443585393635272
successful transition,0,7,0.0,0.4741519453776959,-3.941953100053013,-0.893118318514929,4.443585393635272
prevention atlanta,0,7,0.0,0.4741519453776959,-3.941953100053013,-0.893118318514929,4.443585393635272
home community,1,7,0.18133023863059403,0.4741519453776959,-0.9386079519232808,-0.8936253647673345,1.0194651479623855
studies interventions,1,7,0.18133023863059403,0.4741519453776959,-0.9386079519232808,-0.8936253647673345,1.0194651479623855
studies identified,1,7,0.18133023863059403,0.4741519453776959,-0.9386079519232808,-0.8936253647673345,1.0194651479623855
services hcbs,1,7,0.18133023863059403,0.4741519453776959,-0.9386079519232808,-0.8936253647673345,1.0194651479623855
medical treatment,1,7,0.18133023863059403,0.4741519453776959,-0.9399327995575089,-0.894267715065416,1.0194651479623855
strategies address,1,7,0.18133023863059403,0.4741519453776959,-0.9425896037790729,-0.8955521130129,1.0194651479623855
services workforce,1,7,0.18133023863059403,0.4741519453776959,-0.9439215754456711,-0.8961941575056585,1.0194651479623855
supported research,1,7,0.18133023863059403,0.4741519453776959,-0.9439215754456711,-0.8961941575056585,1.0194651479623855
research interventions,1,7,0.18133023863059403,0.4741519453776959,-0.9452559369281008,-0.8968360968907717,1.0194651479623855
studies including,0,11,0.0,0.7450959141649507,-4.764525499240966,-0.8968951086459652,6.982777047141141
age months,0,6,0.0,0.4064159531808822,-3.5930586004984946,-0.8973466068952107,3.8087874802588044
children children,0,6,0.0,0.4064159531808822,-3.5930586004984946,-0.8973466068952107,3.8087874802588044
barriers services,1,7,0.18133023863059403,0.4741519453776959,-0.9465926958550028,-0.897477929565988,1.0194651479623855
identification genetic,1,7,0.18133023863059403,0.4741519453776959,-0.9479318598910211,-0.8981196539193651,1.0194651479623855
identify address,1,7,0.18133023863059403,0.4741519453776959,-0.9479318598910211,-0.8981196539193651,1.0194651479623855
new findings,0,15,0.0,1.0160398829522055,-5.274088711793807,-0.8986134022063114,9.521968700647012
large samples,0,15,0.0,1.0160398829522055,-5.274088711793807,-0.8986134022063114,9.521968700647012
needs support,1,7,0.18133023863059403,0.4741519453776959,-0.9492734367370304,-0.8987612683292052,1.0194651479623855
benefits individuals,1,7,0.18133023863059403,0.4741519453776959,-0.9492734367370304,-0.8987612683292052,1.0194651479623855
community autism,1,7,0.18133023863059403,0.4741519453776959,-0.9506174341303666,-0.8994027711639927,1.0194651479623855
work community,1,7,0.18133023863059403,0.4741519453776959,-0.9506174341303666,-0.8994027711639927,1.0194651479623855
interventions people,0,9,0.0,0.6096239297713233,-4.398217906996091,-0.8994268219496561,5.713181220388207
address health,0,9,0.0,0.6096239297713233,-4.398217906996091,-0.8994268219496561,5.713181220388207
development iacc,0,9,0.0,0.6096239297713233,-4.398217906996091,-0.8994268219496561,5.713181220388207
address wide,0,9,0.0,0.6096239297713233,-4.398217906996091,-0.8994268219496561,5.713181220388207
kinds services,0,7,0.0,0.4741519453776959,-3.911410549262154,-0.8998371295118721,4.443585393635272
elderly health,0,7,0.0,0.4741519453776959,-3.911410549262154,-0.8998371295118721,4.443585393635272
needed maximize,0,7,0.0,0.4741519453776959,-3.911410549262154,-0.8998371295118721,4.443585393635272
disabled elderly,0,7,0.0,0.4741519453776959,-3.911410549262154,-0.8998371295118721,4.443585393635272
families information,0,7,0.0,0.4741519453776959,-3.911410549262154,-0.8998371295118721,4.443585393635272
established congress,0,7,0.0,0.4741519453776959,-3.911410549262154,-0.8998371295118721,4.443585393635272
disorder adhd,0,7,0.0,0.4741519453776959,-3.911410549262154,-0.8998371295118721,4.443585393635272
provide training,0,7,0.0,0.4741519453776959,-3.911410549262154,-0.8998371295118721,4.443585393635272
special population,1,7,0.18133023863059403,0.4741519453776959,-0.9519638598450566,-0.900044160782326,1.0194651479623855
housing support,1,7,0.18133023863059403,0.4741519453776959,-0.9519638598450566,-0.900044160782326,1.0194651479623855
delays diagnosis,1,7,0.18133023863059403,0.4741519453776959,-0.9533127216920505,-0.9006854355328534,1.0194651479623855
lifelong support,1,7,0.18133023863059403,0.4741519453776959,-0.9533127216920505,-0.9006854355328534,1.0194651479623855
involvement people,0,10,0.0,0.677359921968137,-4.582841253863341,-0.9007664920933868,6.3479791337646745
environmental genetic,0,10,0.0,0.677359921968137,-4.582841253863341,-0.9007664920933868,6.3479791337646745
provide insight,0,12,0.0,0.8128319063617644,-4.897660880227907,-0.9009401649754727,7.617574960517609
test efficacy,0,12,0.0,0.8128319063617644,-4.897660880227907,-0.9009401649754727,7.617574960517609
children aged,2,11,0.36266047726118805,0.7450959141649507,-0.6706035776287482,-0.9012524306416563,1.0287831458053227
pathways genetic,1,7,0.18133023863059403,0.4741519453776959,-0.9546640275194527,-0.9013265937542014,1.0194651479623855
support address,1,7,0.18133023863059403,0.4741519453776959,-0.9546640275194527,-0.9013265937542014,1.0194651479623855
order better,0,14,0.0,0.9483038907553918,-5.1512752781625295,-0.9016250467767859,8.887170787270543
studies adults,0,14,0.0,0.9483038907553918,-5.1512752781625295,-0.9016250467767859,8.887170787270543
timely manner,1,7,0.18133023863059403,0.4741519453776959,-0.9560177852127545,-0.901967633774905,1.0194651479623855
efforts include,0,13,0.0,0.8805678985585782,-5.026159576516365,-0.9024486515751561,8.252372873894076
genes mutations,0,13,0.0,0.8805678985585782,-5.026159576516365,-0.9024486515751561,8.252372873894076
factors studies,0,13,0.0,0.8805678985585782,-5.026159576516365,-0.9024486515751561,8.252372873894076
prenatal period,1,7,0.18133023863059403,0.4741519453776959,-0.9573740026950865,-0.9026085539133542,1.0194651479623855
symptoms associated,1,7,0.18133023863059403,0.4741519453776959,-0.9573740026950865,-0.9026085539133542,1.0194651479623855
families acf,0,5,0.0,0.3386799609840685,-3.110534778599405,-0.90272546268155,3.1739895668823372
biomarkers identify,1,7,0.18133023863059403,0.4741519453776959,-0.9587326879274372,-0.9032493524777039,1.0194651479623855
improve symptoms,1,7,0.18133023863059403,0.4741519453776959,-0.9587326879274372,-0.9032493524777039,1.0194651479623855
subsequent edition,0,17,0.0,1.1515118673458329,-5.456101134731483,-0.9035784956592142,10.791564527399945
note date,0,17,0.0,1.1515118673458329,-5.456101134731483,-0.9035784956592142,10.791564527399945
date appear,0,17,0.0,1.1515118673458329,-5.456101134731483,-0.9035784956592142,10.791564527399945
appear objectives,0,17,0.0,1.1515118673458329,-5.456101134731483,-0.9035784956592142,10.791564527399945
objectives indicate,0,17,0.0,1.1515118673458329,-5.456101134731483,-0.9035784956592142,10.791564527399945
indicate years,0,17,0.0,1.1515118673458329,-5.456101134731483,-0.9035784956592142,10.791564527399945
date noted,0,17,0.0,1.1515118673458329,-5.456101134731483,-0.9035784956592142,10.791564527399945
revision date,0,17,0.0,1.1515118673458329,-5.456101134731483,-0.9035784956592142,10.791564527399945
revised subsequent,0,17,0.0,1.1515118673458329,-5.456101134731483,-0.9035784956592142,10.791564527399945
require large,1,7,0.18133023863059403,0.4741519453776959,-0.9614574936769547,-0.9045305780652032,1.0194651479623855
exposure science,1,7,0.18133023863059403,0.4741519453776959,-0.9614574936769547,-0.9045305780652032,1.0194651479623855
research require,1,7,0.18133023863059403,0.4741519453776959,-0.9614574936769547,-0.9045305780652032,1.0194651479623855
biology risk,0,5,0.0,0.3386799609840685,-3.092160317442687,-0.9056802534913287,3.1739895668823372
overall asd,0,7,0.0,0.4741519453776959,-3.8817866415017708,-0.9063494410536942,4.443585393635272
improving health,0,7,0.0,0.4741519453776959,-3.8817866415017708,-0.9063494410536942,4.443585393635272
detection interventions,0,7,0.0,0.4741519453776959,-3.8817866415017708,-0.9063494410536942,4.443585393635272
health professionals,0,7,0.0,0.4741519453776959,-3.8817866415017708,-0.9063494410536942,4.443585393635272
reauthorization act,0,6,0.0,0.4064159531808822,-3.5435810411902704,-0.9071615667463789,3.8087874802588044
use asd,0,11,0.0,0.7450959141649507,-4.720220136042549,-0.9084588194035954,6.982777047141141
goal develop,0,11,0.0,0.7450959141649507,-4.720220136042549,-0.9084588194035954,6.982777047141141
address core,0,11,0.0,0.7450959141649507,-4.720220136042549,-0.9084588194035954,6.982777047141141
prevalence data,0,11,0.0,0.7450959141649507,-4.720220136042549,-0.9084588194035954,6.982777047141141
enhance research,0,11,0.0,0.7450959141649507,-4.720220136042549,-0.9084588194035954,6.982777047141141
help researchers,0,11,0.0,0.7450959141649507,-4.720220136042549,-0.9084588194035954,6.982777047141141
local government,0,8,0.0,0.5418879375745096,-4.13871128496978,-0.9085123226359281,5.078383307011739
psychiatry pediatrics,0,8,0.0,0.5418879375745096,-4.13871128496978,-0.9085123226359281,5.078383307011739
risk assessment,0,8,0.0,0.5418879375745096,-4.13871128496978,-0.9085123226359281,5.078383307011739
aggressive behavior,0,8,0.0,0.5418879375745096,-4.13871128496978,-0.9085123226359281,5.078383307011739
dental services,0,8,0.0,0.5418879375745096,-4.13871128496978,-0.9085123226359281,5.078383307011739
interventions outcomes,0,9,0.0,0.6096239297713233,-4.360656256824553,-0.9086522704175445,5.713181220388207
asd field,0,9,0.0,0.6096239297713233,-4.360656256824553,-0.9086522704175445,5.713181220388207
older children,0,9,0.0,0.6096239297713233,-4.360656256824553,-0.9086522704175445,5.713181220388207
progress understanding,0,16,0.0,1.0837758751490192,-5.3385129953818815,-0.9096449953079047,10.156766614023478
group members,0,16,0.0,1.0837758751490192,-5.3385129953818815,-0.9096449953079047,10.156766614023478
targeted interventions,5,21,0.9066511931529703,1.4224558361330877,-0.4501882011135976,-0.9105308340505288,0.895069384664029
focused interventions,0,10,0.0,0.677359921968137,-4.542180195572637,-0.9111113884736666,6.3479791337646745
practices research,0,10,0.0,0.677359921968137,-4.542180195572637,-0.9111113884736666,6.3479791337646745
factors associated,2,11,0.36266047726118805,0.7450959141649507,-0.6821964547382446,-0.9111290313500012,1.0287831458053227
biology underlying,0,6,0.0,0.4064159531808822,-3.5197498137900105,-0.9118643007239381,3.8087874802588044
department housing,0,6,0.0,0.4064159531808822,-3.5197498137900105,-0.9118643007239381,3.8087874802588044
members iacc,0,6,0.0,0.4064159531808822,-3.5197498137900105,-0.9118643007239381,3.8087874802588044
care children,0,6,0.0,0.4064159531808822,-3.5197498137900105,-0.9118643007239381,3.8087874802588044
disabling aspects,0,6,0.0,0.4064159531808822,-3.5197498137900105,-0.9118643007239381,3.8087874802588044
programs group,0,7,0.0,0.4741519453776959,-3.8530281075552573,-0.9126658477647245,4.443585393635272
development national,0,7,0.0,0.4741519453776959,-3.8530281075552573,-0.9126658477647245,4.443585393635272
autism network,0,15,0.0,1.0160398829522055,-5.2201289859151405,-0.9137428458781482,9.521968700647012
projects focused,0,5,0.0,0.3386799609840685,-3.0390455066265165,-0.9140942670212083,3.1739895668823372
challenges opportunities,0,13,0.0,0.8805678985585782,-4.977493379544827,-0.915724389662607,8.252372873894076
types interventions,0,13,0.0,0.8805678985585782,-4.977493379544827,-0.915724389662607,8.252372873894076
postmortem brain,0,14,0.0,0.9483038907553918,-5.100097129060487,-0.9158048901405883,8.887170787270543
autism brainnet,0,14,0.0,0.9483038907553918,-5.100097129060487,-0.9158048901405883,8.887170787270543
agencies involved,0,8,0.0,0.5418879375745096,-4.10612219666047,-0.916167154849724,5.078383307011739
provide information,0,5,0.0,0.3386799609840685,-3.021971032575296,-0.9167569665427798,3.1739895668823372
committee meeting,0,9,0.0,0.6096239297713233,-4.324467258538535,-0.9175657466522579,5.713181220388207
benefits early,0,9,0.0,0.6096239297713233,-4.324467258538535,-0.9175657466522579,5.713181220388207
higher levels,0,9,0.0,0.6096239297713233,-4.324467258538535,-0.9175657466522579,5.713181220388207
funding trends,0,7,0.0,0.4741519453776959,-3.8250861810767667,-0.9187961290567142,4.443585393635272
identification children,0,7,0.0,0.4741519453776959,-3.8250861810767667,-0.9187961290567142,4.443585393635272
skills interventions,0,7,0.0,0.4741519453776959,-3.8250861810767667,-0.9187961290567142,4.443585393635272
portfolio analyses,0,7,0.0,0.4741519453776959,-3.8250861810767667,-0.9187961290567142,4.443585393635272
asd likely,0,7,0.0,0.4741519453776959,-3.8250861810767667,-0.9187961290567142,4.443585393635272
receive funding,0,5,0.0,0.3386799609840685,-3.0051937672378095,-0.9193524626832269,3.1739895668823372
services families,0,11,0.0,0.7450959141649507,-4.677806899561288,-0.9195924854240011,6.982777047141141
development implementation,0,11,0.0,0.7450959141649507,-4.677806899561288,-0.9195924854240011,6.982777047141141
lives community,0,11,0.0,0.7450959141649507,-4.677806899561288,-0.9195924854240011,6.982777047141141
university medical,0,11,0.0,0.7450959141649507,-4.677806899561288,-0.9195924854240011,6.982777047141141
new tools,0,11,0.0,0.7450959141649507,-4.677806899561288,-0.9195924854240011,6.982777047141141
address gaps,0,11,0.0,0.7450959141649507,-4.677806899561288,-0.9195924854240011,6.982777047141141
recommendations support,0,10,0.0,0.677359921968137,-4.50312039274684,-0.9210913080879531,6.3479791337646745
implementation evidence-based,0,10,0.0,0.677359921968137,-4.50312039274684,-0.9210913080879531,6.3479791337646745
projects related,0,5,0.0,0.3386799609840685,-2.9887037163682315,-0.9218828654770055,3.1739895668823372
north carolina,0,5,0.0,0.3386799609840685,-2.9887037163682315,-0.9218828654770055,3.1739895668823372
basic research,0,8,0.0,0.5418879375745096,-4.074574192566121,-0.9235835398025883,5.078383307011739
new insight,0,8,0.0,0.5418879375745096,-4.074574192566121,-0.9235835398025883,5.078383307011739
assistant secretary,0,5,0.0,0.3386799609840685,-2.972491381352567,-0.924350187916589,3.1739895668823372
signs act,0,5,0.0,0.3386799609840685,-2.972491381352567,-0.924350187916589,3.1739895668823372
research improve,0,7,0.0,0.4741519453776959,-3.797916104962331,-0.9247493321908561,4.443585393635272
investment asd,0,7,0.0,0.4741519453776959,-3.797916104962331,-0.9247493321908561,4.443585393635272
data analysis,0,7,0.0,0.4741519453776959,-3.797916104962331,-0.9247493321908561,4.443585393635272
associated increased,0,7,0.0,0.4741519453776959,-3.797916104962331,-0.9247493321908561,4.443585393635272
outcomes workshop,0,16,0.0,1.0837758751490192,-5.284546562453594,-0.9250774587189656,10.156766614023478
committee strategic,0,16,0.0,1.0837758751490192,-5.284546562453594,-0.9250774587189656,10.156766614023478
asd recent,0,16,0.0,1.0837758751490192,-5.284546562453594,-0.9250774587189656,10.156766614023478
disorder stroke,0,6,0.0,0.4064159531808822,-3.4515554894751457,-0.9252209254453106,3.8087874802588044
disparities early,0,6,0.0,0.4064159531808822,-3.4515554894751457,-0.9252209254453106,3.8087874802588044
forms autism,0,12,0.0,0.8128319063617644,-4.806957589626844,-0.925281402832433,7.617574960517609
legal guardians,0,9,0.0,0.6096239297713233,-4.289554552697071,-0.9261863188909666,5.713181220388207
fraternal twins,0,9,0.0,0.6096239297713233,-4.289554552697071,-0.9261863188909666,5.713181220388207
asd individuals,0,9,0.0,0.6096239297713233,-4.289554552697071,-0.9261863188909666,5.713181220388207
facial expression,0,9,0.0,0.6096239297713233,-4.289554552697071,-0.9261863188909666,5.713181220388207
behavior research,0,5,0.0,0.3386799609840685,-2.9565477269687808,-0.9267563518778499,3.1739895668823372
number children,2,11,0.36266047726118805,0.7450959141649507,-0.7009131769247237,-0.926763082081513,1.0287831458053227
opportunities studies,0,15,0.0,1.0160398829522055,-5.168943175361331,-0.9282382586773863,9.521968700647012
provide guidance,2,11,0.36266047726118805,0.7450959141649507,-0.7028133775843237,-0.9283290101143195,1.0287831458053227
improve understanding,0,13,0.0,0.8805678985585782,-4.9310973157374285,-0.928480058001193,8.252372873894076
adults spectrum,0,13,0.0,0.8805678985585782,-4.9310973157374285,-0.928480058001193,8.252372873894076
factors treatment,0,5,0.0,0.3386799609840685,-2.9408641517264247,-0.9291031935958995,3.1739895668823372
services model,2,11,0.36266047726118805,0.7450959141649507,-0.7040831136544945,-0.9293732075485294,1.0287831458053227
used interventions,0,14,0.0,0.9483038907553918,-5.051422096915529,-0.9294112682394307,8.887170787270543
safety efficacy,0,14,0.0,0.9483038907553918,-5.051422096915529,-0.9294112682394307,8.887170787270543
private investment,0,6,0.0,0.4064159531808822,-3.4298426234847206,-0.9294393319300301,3.8087874802588044
programs national,0,6,0.0,0.4064159531808822,-3.4298426234847206,-0.9294393319300301,3.8087874802588044
edition plan,0,18,0.0,1.2192478595426466,-5.456107845644922,-0.9297757450317705,11.426362440776414
desired outcomes,0,18,0.0,1.2192478595426466,-5.456107845644922,-0.9297757450317705,11.426362440776414
asd lead,0,11,0.0,0.7450959141649507,-4.6371312615499605,-0.9303263866186874,6.982777047141141
asd identification,0,11,0.0,0.7450959141649507,-4.6371312615499605,-0.9303263866186874,6.982777047141141
autism children,0,7,0.0,0.4741519453776959,-3.771476703563314,-0.9305338448997874,4.443585393635272
perspectives autism,0,10,0.0,0.677359921968137,-4.465540949197749,-0.9307301174133147,6.3479791337646745
culturally competent,0,10,0.0,0.677359921968137,-4.465540949197749,-0.9307301174133147,6.3479791337646745
range issues,0,8,0.0,0.5418879375745096,-4.044003187842323,-0.9307743648391874,5.078383307011739
community integration,4,18,0.7253209545223761,1.2192478595426466,-0.5096296766722972,-0.9327332978119453,0.9810420039519823
urban development,0,6,0.0,0.4064159531808822,-3.408602388223734,-0.9335484531780441,3.8087874802588044
help individuals,2,11,0.36266047726118805,0.7450959141649507,-0.7091857074232237,-0.9335519313787819,1.0287831458053227
ethnic group,0,9,0.0,0.6096239297713233,-4.255831583087545,-0.9345313003483215,5.713181220388207
committee include,0,9,0.0,0.6096239297713233,-4.255831583087545,-0.9345313003483215,5.713181220388207
research include,0,9,0.0,0.6096239297713233,-4.255831583087545,-0.9345313003483215,5.713181220388207
population studies,2,11,0.36266047726118805,0.7450959141649507,-0.7117513013292864,-0.9356424345673345,1.0287831458053227
families affected,0,7,0.0,0.4741519453776959,-3.74573001047664,-0.9361574591181858,4.443585393635272
autism-related research,0,7,0.0,0.4741519453776959,-3.74573001047664,-0.9361574591181858,4.443585393635272
asd years,0,7,0.0,0.4741519453776959,-3.74573001047664,-0.9361574591181858,4.443585393635272
recognize signs,0,7,0.0,0.4741519453776959,-3.74573001047664,-0.9361574591181858,4.443585393635272
clinical studies,2,11,0.36266047726118805,0.7450959141649507,-0.7123941995529748,-0.9361651773647245,1.0287831458053227
support lifespan,2,11,0.36266047726118805,0.7450959141649507,-0.7130376996253212,-0.9366879666100019,1.0287831458053227
families functioning,2,11,0.36266047726118805,0.7450959141649507,-0.7130376996253212,-0.9366879666100019,1.0287831458053227
vice president,0,12,0.0,0.8128319063617644,-4.764532191975908,-0.9367777047982914,7.617574960517609
housing urban,0,6,0.0,0.4064159531808822,-3.3878148782551456,-0.9375524602254528,3.8087874802588044
behavioral science,0,8,0.0,0.5418879375745096,-4.014350838374488,-0.937751469576708,5.078383307011739
stakeholders including,0,8,0.0,0.5418879375745096,-4.014350838374488,-0.937751469576708,5.078383307011739
population autism,2,11,0.36266047726118805,0.7450959141649507,-0.7162642620624009,-0.9393026033254794,1.0287831458053227
adaptive skills,2,11,0.36266047726118805,0.7450959141649507,-0.7169113938668445,-0.9398256675109452,1.0287831458053227
new interventions,0,11,0.0,0.7450959141649507,-4.598056883483272,-0.9406875907163671,6.982777047141141
kennedy center,0,11,0.0,0.7450959141649507,-4.598056883483272,-0.9406875907163671,6.982777047141141
early brain,0,11,0.0,0.7450959141649507,-4.598056883483272,-0.9406875907163671,6.982777047141141
vanderbilt kennedy,0,11,0.0,0.7450959141649507,-4.598056883483272,-0.9406875907163671,6.982777047141141
protective effects,0,11,0.0,0.7450959141649507,-4.598056883483272,-0.9406875907163671,6.982777047141141
pharmacological treatment,0,13,0.0,0.8805678985585782,-4.886769489627499,-0.9407552953469149,8.252372873894076
screening children,0,7,0.0,0.4741519453776959,-3.7206409434663357,-0.9416274271074965,4.443585393635272
diagnosis early,2,11,0.36266047726118805,0.7450959141649507,-0.7195060185579649,-0.9419183743522592,1.0287831458053227
objectives conduct,0,15,0.0,1.0160398829522055,-5.120260483470258,-0.9421524312155771,9.521968700647012
behavioral developmental,2,11,0.36266047726118805,0.7450959141649507,-0.720156204094339,-0.9424416626715819,1.0287831458053227
asd cases,0,14,0.0,0.9483038907553918,-5.005017200047131,-0.9424898093626953,8.887170787270543
new opportunities,0,14,0.0,0.9483038907553918,-5.005017200047131,-0.9424898093626953,8.887170787270543
research conducted,0,9,0.0,0.6096239297713233,-4.223220310438457,-0.9426164625226809,5.713181220388207
iacc required,0,9,0.0,0.6096239297713233,-4.223220310438457,-0.9426164625226809,5.713181220388207
candidate genes,0,9,0.0,0.6096239297713233,-4.223220310438457,-0.9426164625226809,5.713181220388207
molecular pathways,0,5,0.0,0.3386799609840685,-2.8377181933807787,-0.9440085010128298,3.1739895668823372
disorder children,0,5,0.0,0.3386799609840685,-2.8377181933807787,-0.9440085010128298,3.1739895668823372
verbal children,0,8,0.0,0.5418879375745096,-3.9855638749381193,-0.9445257586590871,5.078383307011739
chapel hill,0,8,0.0,0.5418879375745096,-3.9855638749381193,-0.9445257586590871,5.078383307011739
needs challenges,2,11,0.36266047726118805,0.7450959141649507,-0.7227630938462131,-0.9445352568366959,1.0287831458053227
autism foundation,0,6,0.0,0.4064159531808822,-3.34752447015158,-0.9452606493082626,3.8087874802588044
underlying asd,0,7,0.0,0.4741519453776959,-3.696177019531291,-0.9469505110473422,4.443585393635272
disabilities center,0,7,0.0,0.4741519453776959,-3.696177019531291,-0.9469505110473422,4.443585393635272
social determinants,0,12,0.0,0.8128319063617644,-4.723844396206983,-0.9478667600409934,7.617574960517609
support autistic,0,12,0.0,0.8128319063617644,-4.723844396206983,-0.9478667600409934,7.617574960517609
long terms,0,10,0.0,0.677359921968137,-4.394403676435244,-0.9490684182859849,6.3479791337646745
estimates asd,0,10,0.0,0.677359921968137,-4.394403676435244,-0.9490684182859849,6.3479791337646745
infants siblings,0,10,0.0,0.677359921968137,-4.394403676435244,-0.9490684182859849,6.3479791337646745
psychiatry behavioral,0,9,0.0,0.6096239297713233,-4.19165013041691,-0.9504562166470154,5.713181220388207
education social,0,11,0.0,0.7450959141649507,-4.5604628691709514,-0.950700401756972,6.982777047141141
studies identify,0,11,0.0,0.7450959141649507,-4.5604628691709514,-0.950700401756972,6.982777047141141
needed develop,0,17,0.0,1.1515118673458329,-5.2938668121511405,-0.9507917965159568,10.791564527399945
added strategic,0,17,0.0,1.1515118673458329,-5.2938668121511405,-0.9507917965159568,10.791564527399945
act public,0,8,0.0,0.5418879375745096,-3.957593531179489,-0.9511072995567281,5.078383307011739
studies explore,0,8,0.0,0.5418879375745096,-3.957593531179489,-0.9511072995567281,5.078383307011739
folic acid,0,8,0.0,0.5418879375745096,-3.957593531179489,-0.9511072995567281,5.078383307011739
provide support,0,8,0.0,0.5418879375745096,-3.957593531179489,-0.9511072995567281,5.078383307011739
professionals development,0,7,0.0,0.4741519453776959,-3.672308104312826,-0.9521330269927486,4.443585393635272
wide variety,0,13,0.0,0.8805678985585782,-4.844333796306824,-0.9525851881661703,8.252372873894076
minority group,0,13,0.0,0.8805678985585782,-4.844333796306824,-0.9525851881661703,8.252372873894076
surveillance efforts,0,13,0.0,0.8805678985585782,-4.844333796306824,-0.9525851881661703,8.252372873894076
associated autism,7,28,1.2693116704141583,1.8966077815107836,-0.3998587128512998,-0.9532548153645691,0.9755882678786527
specific asd,0,14,0.0,0.9483038907553918,-4.960680542987863,-0.9550806738627283,8.887170787270543
high priority,0,14,0.0,0.9483038907553918,-4.960680542987863,-0.9550806738627283,8.887170787270543
tissue donation,0,14,0.0,0.9483038907553918,-4.960680542987863,-0.9550806738627283,8.887170787270543
plan revision,0,19,0.0,1.2869838517394603,-5.456114556603783,-0.9552549453351801,12.06116035415288
ethnic disparities,0,6,0.0,0.4064159531808822,-3.29005241211134,-0.956126142326099,3.8087874802588044
start denver,0,7,0.0,0.4741519453776959,-3.649006190992404,-0.9571808839543551,4.443585393635272
private research,0,8,0.0,0.5418879375745096,-3.9303950499867515,-0.9575054077497954,5.078383307011739
asd receive,0,8,0.0,0.5418879375745096,-3.9303950499867515,-0.9575054077497954,5.078383307011739
implement evidence-based,0,10,0.0,0.677359921968137,-4.360662931562098,-0.9578050579513822,6.3479791337646745
health nimh,0,10,0.0,0.677359921968137,-4.360662931562098,-0.9578050579513822,6.3479791337646745
siblings children,0,10,0.0,0.677359921968137,-4.360662931562098,-0.9578050579513822,6.3479791337646745
objectives address,0,9,0.0,0.6096239297713233,-4.161056958173704,-0.9580637688753466,5.713181220388207
iacc members,0,9,0.0,0.6096239297713233,-4.161056958173704,-0.9580637688753466,5.713181220388207
nonverbal individuals,0,12,0.0,0.8128319063617644,-4.684757863793337,-0.9585760778214346,7.617574960517609
well-being people,0,12,0.0,0.8128319063617644,-4.684757863793337,-0.9585760778214346,7.617574960517609
living community,0,12,0.0,0.8128319063617644,-4.684757863793337,-0.9585760778214346,7.617574960517609
surveillance question,0,6,0.0,0.4064159531808822,-3.2716257547327334,-0.9595749529068266,3.8087874802588044
direct care,0,11,0.0,0.7450959141649507,-4.524241517260807,-0.9603867319435241,6.982777047141141
improving outcomes,0,11,0.0,0.7450959141649507,-4.524241517260807,-0.9603867319435241,6.982777047141141
needs population,0,11,0.0,0.7450959141649507,-4.524241517260807,-0.9603867319435241,6.982777047141141
biology question,0,5,0.0,0.3386799609840685,-2.7073419698508054,-0.9613736875766632,3.1739895668823372
health bureau,0,7,0.0,0.4741519453776959,-3.6262452046105462,-0.9620996187419965,4.443585393635272
los angeles,0,7,0.0,0.4741519453776959,-3.6262452046105462,-0.9620996187419965,4.443585393635272
comparison group,0,8,0.0,0.5418879375745096,-3.9039272557034064,-0.96372872121507,5.078383307011739
services public,0,8,0.0,0.5418879375745096,-3.9039272557034064,-0.96372872121507,5.078383307011739
studies demonstrated,0,13,0.0,0.8805678985585782,-4.803635707525716,-0.9640009573060552,8.252372873894076
brain circuits,0,17,0.0,1.1515118673458329,-5.24517149894999,-0.9652642836930454,10.791564527399945
screening asd,0,9,0.0,0.6096239297713233,-4.131382449589461,-0.9654512536765287,5.713181220388207
nationally representative,0,9,0.0,0.6096239297713233,-4.131382449589461,-0.9654512536765287,5.713181220388207
toddlers asd,0,9,0.0,0.6096239297713233,-4.131382449589461,-0.9654512536765287,5.713181220388207
needs asd,0,9,0.0,0.6096239297713233,-4.131382449589461,-0.9654512536765287,5.713181220388207
areas identified,0,10,0.0,0.677359921968137,-4.328033889681215,-0.9662753576970861,6.3479791337646745
needs assessment,0,10,0.0,0.677359921968137,-4.328033889681215,-0.9662753576970861,6.3479791337646745
characteristics asd,0,10,0.0,0.677359921968137,-4.328033889681215,-0.9662753576970861,6.3479791337646745
high levels,0,10,0.0,0.677359921968137,-4.328033889681215,-0.9662753576970861,6.3479791337646745
health challenges,0,14,0.0,0.9483038907553918,-4.918236020828756,-0.96721941366114,8.887170787270543
spectrum asd,0,16,0.0,1.0837758751490192,-5.1382453923306155,-0.9677303593068284,10.156766614023478
gap areas,0,16,0.0,1.0837758751490192,-5.1382453923306155,-0.9677303593068284,10.156766614023478
heterogeneity asd,0,16,0.0,1.0837758751490192,-5.1382453923306155,-0.9677303593068284,10.156766614023478
proportion funding,0,5,0.0,0.3386799609840685,-2.6482912068351876,-0.968623156456416,3.1739895668823372
multiple studies,0,12,0.0,0.8128319063617644,-4.647151698543265,-0.968930361635051,7.617574960517609
planning group,0,12,0.0,0.8128319063617644,-4.647151698543265,-0.968930361635051,7.617574960517609
asd identify,0,12,0.0,0.8128319063617644,-4.647151698543265,-0.968930361635051,7.617574960517609
prenatal early,0,11,0.0,0.7450959141649507,-4.489296468306732,-0.9697664121827462,6.982777047141141
years iacc,0,11,0.0,0.7450959141649507,-4.489296468306732,-0.9697664121827462,6.982777047141141
health act,0,8,0.0,0.5418879375745096,-3.8781521819185123,-0.9697852658018596,5.078383307011739
important note,0,9,0.0,0.6096239297713233,-4.102573335434906,-0.9726298490381562,5.713181220388207
administration fda,0,9,0.0,0.6096239297713233,-4.102573335434906,-0.9726298490381562,5.713181220388207
younger children,0,9,0.0,0.6096239297713233,-4.102573335434906,-0.9726298490381562,5.713181220388207
mental illness,0,8,0.0,0.5418879375745096,-3.853034746388243,-0.975682512813297,5.078383307011739
department justice,0,8,0.0,0.5418879375745096,-3.853034746388243,-0.975682512813297,5.078383307011739
information iacc,0,8,0.0,0.5418879375745096,-3.853034746388243,-0.975682512813297,5.078383307011739
autism studies,3,15,0.543990715891782,1.0160398829522055,-0.6077408476617734,-0.9757801729614517,1.1143721847503492
children disabilities,1,8,0.18133023863059403,0.5418879375745096,-0.9596793951095925,-0.9761047261912815,1.4036079162672683
cross-cutting objectives,0,5,0.0,0.3386799609840685,-2.5713531349903924,-0.97742520991891,3.1739895668823372
efforts increase,0,11,0.0,0.7450959141649507,-4.455541166090972,-0.97885745316153,6.982777047141141
budget objectives,0,11,0.0,0.7450959141649507,-4.455541166090972,-0.97885745316153,6.982777047141141
professor pediatrics,0,12,0.0,0.8128319063617644,-4.610918199103136,-0.9789518864735345,7.617574960517609
tissue samples,0,12,0.0,0.8128319063617644,-4.610918199103136,-0.9789518864735345,7.617574960517609
asd asd,0,12,0.0,0.8128319063617644,-4.610918199103136,-0.9789518864735345,7.617574960517609
novo mutations,0,9,0.0,0.6096239297713233,-4.074580849351532,-0.9796098764029864,5.713181220388207
lifespan question,0,7,0.0,0.4741519453776959,-3.540147433000268,-0.9805827024639618,4.443585393635272
african american,0,7,0.0,0.4741519453776959,-3.540147433000268,-0.9805827024639618,4.443585393635272
ages years,0,5,0.0,0.3386799609840685,-2.540205876825656,-0.980767135070325,3.1739895668823372
identification asd,0,8,0.0,0.5418879375745096,-3.828542466103638,-0.9814274298913825,5.078383307011739
center birth,0,8,0.0,0.5418879375745096,-3.828542466103638,-0.9814274298913825,5.078383307011739
years old,0,5,0.0,0.3386799609840685,-2.5300480657038555,-0.9818280936771849,3.1739895668823372
largest portion,0,5,0.0,0.3386799609840685,-2.5300480657038555,-0.9818280936771849,3.1739895668823372
youth autism,1,8,0.18133023863059403,0.5418879375745096,-0.9714426003216889,-0.9820308667970712,1.4036079162672683
funded area,0,10,0.0,0.677359921968137,-4.265835017036062,-0.9824745896378598,6.3479791337646745
portion funding,0,5,0.0,0.3386799609840685,-2.5100554612868216,-0.9838737202975659,3.1739895668823372
autism society,0,13,0.0,0.8805678985585782,-4.726922431806184,-0.9856989418077005,8.252372873894076
cognitive impairment,0,13,0.0,0.8805678985585782,-4.726922431806184,-0.9856989418077005,8.252372873894076
research indicate,0,13,0.0,0.8805678985585782,-4.726922431806184,-0.9856989418077005,8.252372873894076
protection agencies,1,8,0.18133023863059403,0.5418879375745096,-0.9809879018976364,-0.9867638615076654,1.4036079162672683
improve lives,0,8,0.0,0.5418879375745096,-3.8046452066981775,-0.9870265261266421,5.078383307011739
advice secretary,0,8,0.0,0.5418879375745096,-3.8046452066981775,-0.9870265261266421,5.078383307011739
early life,0,11,0.0,0.7450959141649507,-4.42289757133689,-0.9876762662028844,6.982777047141141
public policy,0,11,0.0,0.7450959141649507,-4.42289757133689,-0.9876762662028844,6.982777047141141
years develop,0,11,0.0,0.7450959141649507,-4.42289757133689,-0.9876762662028844,6.982777047141141
medical interventions,0,11,0.0,0.7450959141649507,-4.42289757133689,-0.9876762662028844,6.982777047141141
asd example,0,11,0.0,0.7450959141649507,-4.42289757133689,-0.9876762662028844,6.982777047141141
autistic traits,0,12,0.0,0.8128319063617644,-4.575961006025411,-0.9886608139125899,7.617574960517609
services community,3,15,0.543990715891782,1.0160398829522055,-0.6198260478304931,-0.9886673087426955,1.1143721847503492
areas iacc,0,7,0.0,0.4741519453776959,-3.4997819283081206,-0.9891708428936837,4.443585393635272
iacc membership,0,10,0.0,0.677359921968137,-4.236142757297079,-0.9902294112685939,6.3479791337646745
interventions community,0,14,0.0,0.9483038907553918,-4.838423457931171,-0.990263725473287,8.887170787270543
genetic variants,3,15,0.543990715891782,1.0160398829522055,-0.6215104419214033,-0.9904477402199398,1.1143721847503492
birth defects,0,8,0.0,0.5418879375745096,-3.7813149613454904,-0.9924858921679657,5.078383307011739
defects developmental,0,8,0.0,0.5418879375745096,-3.7813149613454904,-0.9924858921679657,5.078383307011739
public awareness,0,17,0.0,1.1515118673458329,-5.154389395684788,-0.992606274423962,10.791564527399945
community engagement,0,17,0.0,1.1515118673458329,-5.154389395684788,-0.992606274423962,10.791564527399945
services lifespan,0,6,0.0,0.4064159531808822,-3.0891381206877533,-0.99265632583965,3.8087874802588044
improved outcomes,0,7,0.0,0.4741519453776959,-3.4802074677939014,-0.9933152931413478,4.443585393635272
human subjects,0,16,0.0,1.0837758751490192,-5.051435500609836,-0.993585075609284,10.156766614023478
network sites,0,6,0.0,0.4064159531808822,-3.0741352810348825,-0.9952778587930378,3.8087874802588044
differences brain,0,11,0.0,0.7450959141649507,-4.391295079706458,-0.9962378511783861,6.982777047141141
students autism,0,7,0.0,0.4741519453776959,-3.461017496662386,-0.997364665626724,4.443585393635272
research center,0,7,0.0,0.4741519453776959,-3.461017496662386,-0.997364665626724,4.443585393635272
children special,0,10,0.0,0.677359921968137,-4.20731589800733,-0.9977699251634758,6.3479791337646745
percent children,0,8,0.0,0.5418879375745096,-3.7585256550782677,-0.9978112359886331,5.078383307011739
outcomes research,0,6,0.0,0.4064159531808822,-3.059361966126964,-0.9978429613390845,3.8087874802588044
children years,0,6,0.0,0.4064159531808822,-3.059361966126964,-0.9978429613390845,3.8087874802588044
factors including,0,12,0.0,0.8128319063617644,-4.542193563090903,-0.9980754570352451,7.617574960517609
critical needs,0,12,0.0,0.8128319063617644,-4.542193563090903,-0.9980754570352451,7.617574960517609
identified iacc,0,9,0.0,0.6096239297713233,-3.99507312342924,-0.999450670077218,5.713181220388207
monitoring network,0,6,0.0,0.4064159531808822,-3.044811372814193,-1.0003531877710605,3.8087874802588044
living acl,0,6,0.0,0.4064159531808822,-3.044811372814193,-1.0003531877710605,3.8087874802588044
families living,0,14,0.0,0.9483038907553918,-4.800798182470681,-1.0012230001655655,8.887170787270543
high quality,0,14,0.0,0.9483038907553918,-4.800798182470681,-1.0012230001655655,8.887170787270543
induced pluripotent,0,18,0.0,1.2192478595426466,-5.2114333384042535,-1.0036520707787344,11.426362440776414
dissemination research,0,15,0.0,1.0160398829522055,-4.907223571320163,-1.0044444152636578,9.521968700647012
health programs,1,8,0.18133023863059403,0.5418879375745096,-1.0191614113244292,-1.0050249902197659,1.4036079162672683
effectiveness interventions,0,10,0.0,0.677359921968137,-4.179305672805247,-1.005106679886223,6.3479791337646745
significant progress,0,10,0.0,0.677359921968137,-4.179305672805247,-1.005106679886223,6.3479791337646745
urgent needs,0,17,0.0,1.1515118673458329,-5.111924605241647,-1.0055540764167308,10.791564527399945
treatment asd,0,9,0.0,0.6096239297713233,-3.9699335791002763,-1.0057253375717796,5.713181220388207
prevalence studies,1,8,0.18133023863059403,0.5418879375745096,-1.0229597813366826,-1.0067845244620541,1.4036079162672683
potential risk,0,12,0.0,0.8128319063617644,-4.509537831021543,-1.0072125045618212,7.617574960517609
early start,0,8,0.0,0.5418879375745096,-3.714474196186515,-1.0080809640475725,5.078383307011739
denver model,0,8,0.0,0.5418879375745096,-3.714474196186515,-1.0080809640475725,5.078383307011739
diagnosis autism,1,8,0.18133023863059403,0.5418879375745096,-1.0280539491665088,-1.0091282033884243,1.4036079162672683
develop interventions,0,14,0.0,0.9483038907553918,-4.764545577582485,-1.0118384088196448,8.887170787270543
needs services,0,11,0.0,0.7450959141649507,-4.330962807129053,-1.0126432210887373,6.982777047141141
projects supported,0,11,0.0,0.7450959141649507,-4.330962807129053,-1.0126432210887373,6.982777047141141
committee members,1,8,0.18133023863059403,0.5418879375745096,-1.0396418269039867,-1.014391102966186,1.4036079162672683
asd young,0,15,0.0,1.0160398829522055,-4.869590646335514,-1.015674461661494,9.521968700647012
asd needs,0,13,0.0,0.8805678985585782,-4.621933449176055,-1.0157530297673694,8.252372873894076
community iacc,0,12,0.0,0.8128319063617644,-4.477923205477868,-1.0160872115644997,7.617574960517609
autism question,0,9,0.0,0.6096239297713233,-3.9214998469168716,-1.0178100151207103,5.713181220388207
involved asd,0,9,0.0,0.6096239297713233,-3.9214998469168716,-1.0178100151207103,5.713181220388207
increase funding,0,7,0.0,0.4741519453776959,-3.353185801195675,-1.0198363515277784,4.443585393635272
race ethnicity,4,19,0.7253209545223761,1.2869838517394603,-0.5520646008555783,-1.0216539469123689,1.2242718564162671
sensory integration,1,8,0.18133023863059403,0.5418879375745096,-1.0566960929752405,-1.0219656819857266,1.4036079162672683
develop test,1,8,0.18133023863059403,0.5418879375745096,-1.0566960929752405,-1.0219656819857266,1.4036079162672683
common genetic,0,14,0.0,0.9483038907553918,-4.729569283817257,-1.022130698820672,8.887170787270543
adults children,1,8,0.18133023863059403,0.5418879375745096,-1.0580238058681832,-1.0225469105973692,1.4036079162672683
institute neurological,0,8,0.0,0.5418879375745096,-3.6518954497344556,-1.0226043789026156,5.078383307011739
congress activities,0,8,0.0,0.5418879375745096,-3.6518954497344556,-1.0226043789026156,5.078383307011739
systems care,1,8,0.18133023863059403,0.5418879375745096,-1.0593538176436432,-1.023127926005227,1.4036079162672683
autism diagnostic,0,9,0.0,0.6096239297713233,-3.8981475178600267,-1.023632955175268,5.713181220388207
research address,0,12,0.0,0.8128319063617644,-4.44728560160412,-1.0247135626236719,7.617574960517609
security administration,0,6,0.0,0.4064159531808822,-2.897776034323453,-1.0247314828704508,3.8087874802588044
organizations autism,0,6,0.0,0.4064159531808822,-2.897776034323453,-1.0247314828704508,3.8087874802588044
biomedical research,1,8,0.18133023863059403,0.5418879375745096,-1.0633577179829992,-1.0248696751086013,1.4036079162672683
studies indicate,1,8,0.18133023863059403,0.5418879375745096,-1.0633577179829992,-1.0248696751086013,1.4036079162672683
issues people,0,13,0.0,0.8805678985585782,-4.589267440018249,-1.025182862788511,8.252372873894076
provide important,0,13,0.0,0.8805678985585782,-4.589267440018249,-1.025182862788511,8.252372873894076
quality care,0,10,0.0,0.677359921968137,-4.099744765595123,-1.0259885536254527,6.3479791337646745
mechanisms underlying,0,10,0.0,0.677359921968137,-4.099744765595123,-1.0259885536254527,6.3479791337646745
plan provide,0,10,0.0,0.677359921968137,-4.099744765595123,-1.0259885536254527,6.3479791337646745
treatment approaches,0,15,0.0,1.0160398829522055,-4.833330393624825,-1.026555676293149,9.521968700647012
health promotion,0,8,0.0,0.5418879375745096,-3.6318927141110624,-1.0272276712981783,5.078383307011739
addition research,0,19,0.0,1.2869838517394603,-5.222924080149209,-1.0275110771417613,12.06116035415288
sex gender,0,19,0.0,1.2869838517394603,-5.222924080149209,-1.0275110771417613,12.06116035415288
federal activities,4,19,0.7253209545223761,1.2869838517394603,-0.5566296987487167,-1.027521853180865,1.2242718564162671
prevalence children,1,8,0.18133023863059403,0.5418879375745096,-1.070077537234523,-1.027768157663647,1.4036079162672683
evaluate model,1,8,0.18133023863059403,0.5418879375745096,-1.0727819646005692,-1.0289259562752844,1.4036079162672683
secondary conditions,1,8,0.18133023863059403,0.5418879375745096,-1.0741377436969568,-1.0295045064379604,1.4036079162672683
members public,1,8,0.18133023863059403,0.5418879375745096,-1.0741377436969568,-1.0295045064379604,1.4036079162672683
air pollution,1,8,0.18133023863059403,0.5418879375745096,-1.0754959097637773,-1.0300828213125692,1.4036079162672683
research potential,0,17,0.0,1.1515118673458329,-5.032071518538732,-1.0301675377966335,10.791564527399945
objectives revised,0,17,0.0,1.1515118673458329,-5.032071518538732,-1.0301675377966335,10.791564527399945
area research,0,14,0.0,0.9483038907553918,-4.695782744954029,-1.0321187189674201,8.887170787270543
gastrointestinal disorder,1,8,0.18133023863059403,0.5418879375745096,-1.08095259557542,-1.0323936896150678,1.4036079162672683
total reflect,0,10,0.0,0.677359921968137,-4.074587506182789,-1.0326011629486973,6.3479791337646745
sequencing studies,1,8,0.18133023863059403,0.5418879375745096,-1.0823228106879856,-1.0329707992187132,1.4036079162672683
asd remains,1,8,0.18133023863059403,0.5418879375745096,-1.0823228106879856,-1.0329707992187132,1.4036079162672683
symptoms co-occurring,1,8,0.18133023863059403,0.5418879375745096,-1.0823228106879856,-1.0329707992187132,1.4036079162672683
interventions target,1,8,0.18133023863059403,0.5418879375745096,-1.0823228106879856,-1.0329707992187132,1.4036079162672683
advances research,1,8,0.18133023863059403,0.5418879375745096,-1.0823228106879856,-1.0329707992187132,1.4036079162672683
funding allocated,0,12,0.0,0.8128319063617644,-4.417566675274365,-1.03310441211208,7.617574960517609
needs studies,1,8,0.18133023863059403,0.5418879375745096,-1.0836954587005199,-1.0335476619262982,1.4036079162672683
epigenetics mechanisms,1,8,0.18133023863059403,0.5418879375745096,-1.0850705473950555,-1.0341242757649536,1.4036079162672683
communication difficulties,1,8,0.18133023863059403,0.5418879375745096,-1.0850705473950555,-1.0341242757649536,1.4036079162672683
increase risk,0,13,0.0,0.8805678985585782,-4.5576425400364915,-1.0343456579736798,8.252372873894076
adults high,1,8,0.18133023863059403,0.5418879375745096,-1.0864480845905522,-1.0347006387507018,1.4036079162672683
needed address,1,8,0.18133023863059403,0.5418879375745096,-1.0864480845905522,-1.0347006387507018,1.4036079162672683
lifespan including,1,8,0.18133023863059403,0.5418879375745096,-1.0878280781431329,-1.0352767488883852,1.4036079162672683
state programs,0,11,0.0,0.7450959141649507,-4.246843782730084,-1.0356320369606447,6.982777047141141
twins studies,1,8,0.18133023863059403,0.5418879375745096,-1.0892105359463233,-1.0358526041715976,1.4036079162672683
limited number,1,8,0.18133023863059403,0.5418879375745096,-1.090595465931278,-1.0364282025825988,1.4036079162672683
years projects,0,7,0.0,0.4741519453776959,-3.27163232189276,-1.0364614889057757,4.443585393635272
core indicators,1,8,0.18133023863059403,0.5418879375745096,-1.0919828760670303,-1.0370035420922494,1.4036079162672683
national core,1,8,0.18133023863059403,0.5418879375745096,-1.0919828760670303,-1.0370035420922494,1.4036079162672683
genetic mutations,0,15,0.0,1.0160398829522055,-4.798346453738205,-1.0371090687364148,9.521968700647012
response environmental,1,8,0.18133023863059403,0.5418879375745096,-1.0933727743607307,-1.0375786206599347,1.4036079162672683
research update,0,20,0.0,1.354719843936274,-5.2741222484559085,-1.0376359773581907,12.695958267529349
autism including,2,12,0.36266047726118805,0.8128319063617644,-0.775851195711823,-1.0389459493630653,1.3427227173023595
rehabilitation services,0,6,0.0,0.4064159531808822,-2.803423068355194,-1.0393024314336485,3.8087874802588044
related disabilities,0,8,0.0,0.5418879375745096,-3.574223481206346,-1.0404968260715841,5.078383307011739
institute child,0,8,0.0,0.5418879375745096,-3.574223481206346,-1.0404968260715841,5.078383307011739
coordination oarc,0,8,0.0,0.5418879375745096,-3.574223481206346,-1.0404968260715841,5.078383307011739
case-control studies,0,12,0.0,0.8128319063617644,-4.388713157252779,-1.0412716053830593,7.617574960517609
reducing disparities,0,14,0.0,0.9483038907553918,-4.663107921712948,-1.0418196494032181,8.887170787270543
asd diagnostic,0,14,0.0,0.9483038907553918,-4.663107921712948,-1.0418196494032181,8.887170787270543
women autism,0,14,0.0,0.9483038907553918,-4.663107921712948,-1.0418196494032181,8.887170787270543
genetic data,0,17,0.0,1.1515118673458329,-4.994425987554264,-1.0418887765609879,10.791564527399945
number studies,0,17,0.0,1.1515118673458329,-4.994425987554264,-1.0418887765609879,10.791564527399945
agencies epa,0,7,0.0,0.4741519453776959,-3.2408347104330133,-1.0426438969473106,4.443585393635272
objectives projects,0,7,0.0,0.4741519453776959,-3.2408347104330133,-1.0426438969473106,4.443585393635272
accelerate research,0,11,0.0,0.7450959141649507,-4.220321614154736,-1.0429039115549739,6.982777047141141
addm sites,2,12,0.36266047726118805,0.8128319063617644,-0.7841440155022408,-1.0454380210890584,1.3427227173023595
accountability research,0,9,0.0,0.6096239297713233,-3.8099123879231094,-1.0455948547941745,5.713181220388207
collaboration accountability,0,9,0.0,0.6096239297713233,-3.8099123879231094,-1.0455948547941745,5.713181220388207
iacc summary,0,7,0.0,0.4741519453776959,-3.2257946267245305,-1.0456424264891204,4.443585393635272
objectives remaining,0,15,0.0,1.0160398829522055,-4.764552270454118,-1.047353727560184,9.521968700647012
compared typically,0,15,0.0,1.0160398829522055,-4.764552270454118,-1.047353727560184,9.521968700647012
support autism,0,7,0.0,0.4741519453776959,-3.2109840860804137,-1.0485814487271035,4.443585393635272
research funders,0,8,0.0,0.5418879375745096,-3.537581793279328,-1.0488757206095796,5.078383307011739
significant improvement,0,12,0.0,0.8128319063617644,-4.360676281174301,-1.0492260839267447,7.617574960517609
government agencies,0,11,0.0,0.7450959141649507,-4.1944921849172445,-1.0499951136271317,6.982777047141141
state university,0,11,0.0,0.7450959141649507,-4.1944921849172445,-1.0499951136271317,6.982777047141141
autism collaboration,0,9,0.0,0.6096239297713233,-3.789036988468215,-1.0507780046246824,5.713181220388207
community living,5,23,0.9066511931529703,1.557927820526715,-0.5053635341482678,-1.0512587319166928,1.3450241670797336
psychiatric disorder,0,10,0.0,0.677359921968137,-4.002748335687389,-1.0514976251185917,6.3479791337646745
asd addition,0,10,0.0,0.677359921968137,-4.002748335687389,-1.0514976251185917,6.3479791337646745
office disabilities,0,8,0.0,0.5418879375745096,-3.5197630197833387,-1.0529341495365574,5.078383307011739
healthcare needs,0,19,0.0,1.2869838517394603,-5.14305107193171,-1.0530233177506676,12.06116035415288
programs department,0,7,0.0,0.4741519453776959,-3.182024719303323,-1.0542873831307846,4.443585393635272
high rates,2,12,0.36266047726118805,0.8128319063617644,-0.7964422032542107,-1.0549323586589188,1.3427227173023595
genes associated,2,12,0.36266047726118805,0.8128319063617644,-0.7964422032542107,-1.0549323586589188,1.3427227173023595
combined federal,0,9,0.0,0.6096239297713233,-3.7685956793202156,-1.055847281263229,5.713181220388207
increase awareness,0,9,0.0,0.6096239297713233,-3.7685956793202156,-1.055847281263229,5.713181220388207
rehabilitative services,0,8,0.0,0.5418879375745096,-3.502263134798566,-1.0569089498803863,5.078383307011739
asd activities,0,11,0.0,0.7450959141649507,-4.169320412763913,-1.0569136363903215,6.982777047141141
disabilities asd,0,12,0.0,0.8128319063617644,-4.333411289915775,-1.0569779769959933,7.617574960517609
studies research,0,10,0.0,0.677359921968137,-3.979919262974457,-1.0575040075632385,6.3479791337646745
years funding,0,10,0.0,0.677359921968137,-3.979919262974457,-1.0575040075632385,6.3479791337646745
employment support,2,12,0.36266047726118805,0.8128319063617644,-0.8003706318975983,-1.0579318333657781,1.3427227173023595
adults including,2,12,0.36266047726118805,0.8128319063617644,-0.8016849553926111,-1.0589317773694518,1.3427227173023595
treatment co-occurring,2,12,0.36266047726118805,0.8128319063617644,-0.8016849553926111,-1.0589317773694518,1.3427227173023595
natural history,2,12,0.36266047726118805,0.8128319063617644,-0.8023430304301726,-1.059431770704041,1.3427227173023595
studies participants,0,14,0.0,0.9483038907553918,-4.600817524215966,-1.0604217642629081,8.887170787270543
asd co-occurring,0,14,0.0,0.9483038907553918,-4.600817524215966,-1.0604217642629081,8.887170787270543
studies examined,0,9,0.0,0.6096239297713233,-3.7485709183805067,-1.060806773888278,5.713181220388207
diagnostic instruments,0,16,0.0,1.0837758751490192,-4.8288961615521995,-1.061604145937088,10.156766614023478
priority research,2,12,0.36266047726118805,0.8128319063617644,-0.8069666964308482,-1.062932101255424,1.3427227173023595
hyperactivity disorder,0,10,0.0,0.677359921968137,-3.957606826889787,-1.063373860292007,6.3479791337646745
affordable care,0,11,0.0,0.7450959141649507,-4.1447738146759185,-1.0636669370120464,6.982777047141141
state state,0,11,0.0,0.7450959141649507,-4.1447738146759185,-1.0636669370120464,6.982777047141141
behavioral biological,0,12,0.0,0.8128319063617644,-4.306877007809382,-1.0645366817570048,7.617574960517609
health quality,0,12,0.0,0.8128319063617644,-4.306877007809382,-1.0645366817570048,7.617574960517609
previous studies,0,8,0.0,0.5418879375745096,-3.4681762233441837,-1.0646180261873404,5.078383307011739
autism phenotypes,0,19,0.0,1.2869838517394603,-5.10539558287433,-1.0651810063965201,12.06116035415288
task force,0,6,0.0,0.4064159531808822,-2.6017512538452934,-1.0670089380828363,3.8087874802588044
national health,0,8,0.0,0.5418879375745096,-3.451568677561797,-1.068357182813661,5.078383307011739
brain disorder,0,13,0.0,0.8805678985585782,-4.440354544463705,-1.0685940064463277,8.252372873894076
public stakeholders,0,10,0.0,0.677359921968137,-3.9357883142022843,-1.0691124733150132,6.3479791337646745
collaborative efforts,0,14,0.0,0.9483038907553918,-4.5710795209748145,-1.0693505903537113,8.887170787270543
supported autism,0,14,0.0,0.9483038907553918,-4.5710795209748145,-1.0693505903537113,8.887170787270543
insurance coverage,0,14,0.0,0.9483038907553918,-4.5710795209748145,-1.0693505903537113,8.887170787270543
asd include,0,11,0.0,0.7450959141649507,-4.120822256276885,-1.0702619844725827,6.982777047141141
million million,0,6,0.0,0.4064159531808822,-2.5748846865092734,-1.0702949364435532,3.8087874802588044
promising practices,0,9,0.0,0.6096239297713233,-3.7097060029971587,-1.070411673045897,5.713181220388207
features asd,0,16,0.0,1.0837758751490192,-4.796207005275724,-1.071793572949433,10.156766614023478
survey children's,0,12,0.0,0.8128319063617644,-4.281035468432881,-1.0719109336622412,7.617574960517609
neurological disorder,0,8,0.0,0.5418879375745096,-3.4352389083161814,-1.0720224870087265,5.078383307011739
objectives core,0,8,0.0,0.5418879375745096,-3.419177880337493,-1.0756161114433804,5.078383307011739
asd genetic,0,20,0.0,1.354719843936274,-5.156581047748858,-1.0759216057496128,12.695958267529349
biological samples,0,18,0.0,1.2192478595426466,-4.980169000455188,-1.0766858624236448,11.426362440776414
studies focus,0,14,0.0,0.9483038907553918,-4.542206930791711,-1.078047878439928,8.887170787270543
address issues,0,12,0.0,0.8128319063617644,-4.255851589531153,-1.0791088684554606,7.617574960517609
sclerosis complex,0,12,0.0,0.8128319063617644,-4.255851589531153,-1.0791088684554606,7.617574960517609
broad range,0,8,0.0,0.5418879375745096,-3.4033769920875248,-1.0791401331566126,5.078383307011739
projects aligned,0,7,0.0,0.4741519453776959,-3.0489528694420702,-1.0797385276982105,4.443585393635272
disabilities autism,0,10,0.0,0.677359921968137,-3.893549410670687,-1.0802156144497514,6.3479791337646745
premature mortality,0,16,0.0,1.0837758751490192,-4.76455896337132,-1.0817037980157487,10.156766614023478
white children,0,7,0.0,0.4741519453776959,-3.0366007539642084,-1.0820306163203977,4.443585393635272
substance abuse,0,7,0.0,0.4741519453776959,-3.0366007539642084,-1.0820306163203977,4.443585393635272
deletions duplication,0,22,0.0,1.4901918283299014,-5.289373818917294,-1.0831447196831874,13.965554094282282
communication disorder,0,9,0.0,0.6096239297713233,-3.6541499957057013,-1.0840859596054195,5.713181220388207
average age,0,7,0.0,0.4741519453776959,-3.024404849320371,-1.0842809966059208,4.443585393635272
differences autism,0,17,0.0,1.1515118673458329,-4.8566547471938595,-1.0854006812676127,10.791564527399945
studies environmental,0,15,0.0,1.0160398829522055,-4.639818485785453,-1.0855716620450566,9.521968700647012
higher risk,0,15,0.0,1.0160398829522055,-4.639818485785453,-1.0855716620450566,9.521968700647012
collect data,0,10,0.0,0.677359921968137,-3.8730904403403805,-1.0855892670720555,6.3479791337646745
autism brain,0,12,0.0,0.8128319063617644,-4.231292888083946,-1.0861380769856126,7.617574960517609
iacc federal,0,12,0.0,0.8128319063617644,-4.231292888083946,-1.0861380769856126,7.617574960517609
effective treatment,0,14,0.0,0.9483038907553918,-4.514150987299823,-1.0865249021717724,8.887170787270543
years note,0,24,0.0,1.6256638127235288,-5.415393318500426,-1.0875380852945364,15.235149921035218
research quality,1,9,0.18133023863059403,0.6096239297713233,-1.0527061527866035,-1.0906550155300667,1.8157240869893454
office special,0,7,0.0,0.4741519453776959,-2.9887167432007065,-1.090791270966981,4.443585393635272
challenges faced,0,10,0.0,0.677359921968137,-3.8530480241921694,-1.0908499706799157,6.3479791337646745
shriver national,0,10,0.0,0.677359921968137,-3.8530480241921694,-1.0908499706799157,6.3479791337646745
children's hospital,0,12,0.0,0.8128319063617644,-4.207329229713462,-1.0930056538165027,7.617574960517609
biological signatures,0,15,0.0,1.0160398829522055,-4.610938259675649,-1.094506244240401,9.521968700647012
increase number,0,15,0.0,1.0160398829522055,-4.610938259675649,-1.094506244240401,9.521968700647012
services provided,0,10,0.0,0.677359921968137,-3.833405662370417,-1.0960016852898218,6.3479791337646745
social behavior,0,9,0.0,0.6096239297713233,-3.6015733452668925,-1.0969549149079378,5.713181220388207
support programs,0,9,0.0,0.6096239297713233,-3.6015733452668925,-1.0969549149079378,5.713181220388207
academy pediatrics,0,13,0.0,0.8805678985585782,-4.335488823875162,-1.0995258618343475,8.252372873894076
asd phenotypes,0,19,0.0,1.2869838517394603,-5.000289540797363,-1.099544752658367,12.06116035415288
critically important,0,19,0.0,1.2869838517394603,-5.000289540797363,-1.099544752658367,12.06116035415288
understanding genetic,0,16,0.0,1.0837758751490192,-4.704135623974381,-1.1007445050352758,10.156766614023478
vanderbilt university,0,11,0.0,0.7450959141649507,-4.009073919132861,-1.1010781629220716,6.982777047141141
issues question,0,8,0.0,0.5418879375745096,-3.2994115351318065,-1.102016214824738,5.078383307011739
health safety,5,23,0.9066511931529703,1.557927820526715,-0.5401154534995225,-1.1021717121049983,1.3450241670797336
development new,0,14,0.0,0.9483038907553918,-4.460313593345296,-1.1028591577474458,8.887170787270543
people families,5,23,0.9066511931529703,1.557927820526715,-0.5421029400253659,-1.1050171339815815,1.3450241670797336
disorder autism,0,8,0.0,0.5418879375745096,-3.2854260354340052,-1.1050483920971708,5.078383307011739
studies focused,0,10,0.0,0.677359921968137,-3.795259835439767,-1.1059929531509474,6.3479791337646745
disabilities research,0,10,0.0,0.677359921968137,-3.795259835439767,-1.1059929531509474,6.3479791337646745
interventions strategies,0,12,0.0,0.8128319063617644,-4.161076946711164,-1.1062820639617588,7.617574960517609
increase access,0,12,0.0,0.8128319063617644,-4.161076946711164,-1.1062820639617588,7.617574960517609
differences asd,0,12,0.0,0.8128319063617644,-4.161076946711164,-1.1062820639617588,7.617574960517609
medicare medicaid,4,20,0.7253209545223761,1.354719843936274,-0.5925513071535118,-1.10771218560816,1.4858295796671324
behavioral medical,0,21,0.0,1.4224558361330877,-5.133968847333284,-1.110141497862101,13.330756180905816
eunice kennedy,0,10,0.0,0.677359921968137,-3.7767278908667947,-1.110839435242062,6.3479791337646745
brain activities,0,10,0.0,0.677359921968137,-3.7767278908667947,-1.110839435242062,6.3479791337646745
objectives added,0,20,0.0,1.354719843936274,-5.051462308544382,-1.1108677805824374,12.695958267529349
types services,0,20,0.0,1.354719843936274,-5.051462308544382,-1.1108677805824374,12.695958267529349
parents training,0,8,0.0,0.5418879375745096,-3.2580446229687237,-1.1109508998904467,5.078383307011739
research suggest,0,15,0.0,1.0160398829522055,-4.555582995495586,-1.1117150718026607,9.521968700647012
medical home,0,15,0.0,1.0160398829522055,-4.555582995495586,-1.1117150718026607,9.521968700647012
include studies,0,8,0.0,0.5418879375745096,-3.244637987292151,-1.1138239233758327,5.078383307011739
life adults,0,13,0.0,0.8805678985585782,-4.286945965435763,-1.1139273551387483,8.252372873894076
behavioral cognitive,0,13,0.0,0.8805678985585782,-4.286945965435763,-1.1139273551387483,8.252372873894076
brain function,0,17,0.0,1.1515118673458329,-4.764565656334085,-1.1149963199895234,10.791564527399945
kennedy shriver,0,10,0.0,0.677359921968137,-3.7585389149758175,-1.1155908119286215,6.3479791337646745
studies children,0,10,0.0,0.677359921968137,-3.7585389149758175,-1.1155908119286215,6.3479791337646745
services utilization,0,8,0.0,0.5418879375745096,-3.231413943732452,-1.116646505238681,5.078383307011739
policy analyst,0,9,0.0,0.6096239297713233,-3.51976962284939,-1.1168074110440835,5.713181220388207
language skills,0,9,0.0,0.6096239297713233,-3.51976962284939,-1.1168074110440835,5.713181220388207
united kingdom,0,9,0.0,0.6096239297713233,-3.51976962284939,-1.1168074110440835,5.713181220388207
joint attention,1,9,0.18133023863059403,0.6096239297713233,-1.1114711388842942,-1.1171009992071352,1.8157240869893454
reflect funding,0,11,0.0,0.7450959141649507,-3.9476360477141768,-1.1180303148584527,6.982777047141141
significantly recommended,0,18,0.0,1.2192478595426466,-4.851315292680434,-1.1186264208010779,11.426362440776414
screening instruments,0,16,0.0,1.0837758751490192,-4.647178452033053,-1.1188308512649934,10.156766614023478
understand underlying,0,13,0.0,0.8805678985585782,-4.263539097952677,-1.1208877508328814,8.252372873894076
interventions asd,0,11,0.0,0.7450959141649507,-3.92797922197669,-1.1234520464191295,6.982777047141141
asd compared,0,10,0.0,0.677359921968137,-3.7231410809751573,-1.1248202889798844,6.3479791337646745
care needs,1,9,0.18133023863059403,0.6096239297713233,-1.1367961492126053,-1.1277410333275015,1.8157240869893454
improve social,0,15,0.0,1.0160398829522055,-4.503153802931848,-1.128110225436253,9.521968700647012
treatment network,0,18,0.0,1.2192478595426466,-4.82155181542436,-1.1284324835478503,11.426362440776414
families individuals,0,12,0.0,0.8128319063617644,-4.074600819982841,-1.131161595788277,7.617574960517609
needed better,0,21,0.0,1.4224558361330877,-5.067430979104154,-1.1328218318101027,13.330756180905816
wide array,0,11,0.0,0.7450959141649507,-3.889804480491824,-1.1339753519314368,6.982777047141141
state agencies,1,9,0.18133023863059403,0.6096239297713233,-1.1523937995422244,-1.134073859535721,1.8157240869893454
university center,0,12,0.0,0.8128319063617644,-4.054115300580925,-1.1370627292020667,7.617574960517609
developmental screening,1,9,0.18133023863059403,0.6096239297713233,-1.160310207154092,-1.1372246581325536,1.8157240869893454
time period,0,13,0.0,0.8805678985585782,-4.196468615232201,-1.1408824313372525,8.252372873894076
large-scale studies,0,19,0.0,1.2869838517394603,-4.87546559520716,-1.1411412702840817,12.06116035415288
training programs,3,17,0.543990715891782,1.1515118673458329,-0.6867971825322456,-1.1412275343108347,1.6958080184506148
diverse community,0,20,0.0,1.354719843936274,-4.9563938467257085,-1.1430235317547286,12.695958267529349
years support,0,15,0.0,1.0160398829522055,-4.453357877245573,-1.1437623344236236,9.521968700647012
affected autism,0,11,0.0,0.7450959141649507,-3.853054663163114,-1.1440950725979,6.982777047141141
restricted repetitive,1,9,0.18133023863059403,0.6096239297713233,-1.1804558317609857,-1.1450528154234776,1.8157240869893454
research identify,1,9,0.18133023863059403,0.6096239297713233,-1.1804558317609857,-1.1450528154234776,1.8157240869893454
maternal infection,1,9,0.18133023863059403,0.6096239297713233,-1.183181102227584,-1.1460910386706544,1.8157240869893454
autism surveillance,1,9,0.18133023863059403,0.6096239297713233,-1.1845472599007056,-1.1466096437689217,1.8157240869893454
efforts improve,1,9,0.18133023863059403,0.6096239297713233,-1.1859157756707042,-1.1471279083753565,1.8157240869893454
language social,1,9,0.18133023863059403,0.6096239297713233,-1.1859157756707042,-1.1471279083753565,1.8157240869893454
copy number,1,9,0.18133023863059403,0.6096239297713233,-1.1859157756707042,-1.1471279083753565,1.8157240869893454
mental disorder,0,13,0.0,0.8805678985585782,-4.175085978813426,-1.1472704817884751,8.252372873894076
budget allocated,0,18,0.0,1.2192478595426466,-4.7645723493424175,-1.1473233596003913,11.426362440776414
met significantly,0,18,0.0,1.2192478595426466,-4.7645723493424175,-1.1473233596003913,11.426362440776414
opportunities research,0,18,0.0,1.2192478595426466,-4.7645723493424175,-1.1473233596003913,11.426362440776414
minimum budget,0,18,0.0,1.2192478595426466,-4.7645723493424175,-1.1473233596003913,11.426362440776414
outcomes iacc,1,9,0.18133023863059403,0.6096239297713233,-1.1872866569331073,-1.1476458303697996,1.8157240869893454
needs older,1,9,0.18133023863059403,0.6096239297713233,-1.1872866569331073,-1.1476458303697996,1.8157240869893454
services adults,1,9,0.18133023863059403,0.6096239297713233,-1.1886599111179184,-1.1481634076208453,1.8157240869893454
research including,1,9,0.18133023863059403,0.6096239297713233,-1.1886599111179184,-1.1481634076208453,1.8157240869893454
american academy,0,12,0.0,0.8128319063617644,-4.014377447884984,-1.1485139159884523,7.617574960517609
state federal,1,9,0.18133023863059403,0.6096239297713233,-1.1900355456898382,-1.1486806379857784,1.8157240869893454
services needed,1,9,0.18133023863059403,0.6096239297713233,-1.1900355456898382,-1.1486806379857784,1.8157240869893454
seizures epilepsy,1,9,0.18133023863059403,0.6096239297713233,-1.1900355456898382,-1.1486806379857784,1.8157240869893454
analysis aba,0,11,0.0,0.7450959141649507,-3.83518185298,-1.149011675516989,6.982777047141141
recommendations progress,1,9,0.18133023863059403,0.6096239297713233,-1.1914135681484765,-1.1491975193104975,1.8157240869893454
studies researchers,0,8,0.0,0.5418879375745096,-3.0741483437746506,-1.1492527628157647,5.078383307011739
support help,1,9,0.18133023863059403,0.6096239297713233,-1.194176806900213,-1.1502302261655282,1.8157240869893454
develop strategies,0,19,0.0,1.2869838517394603,-4.846562839692993,-1.1508889529632567,12.06116035415288
short-term objectives,0,24,0.0,1.6256638127235288,-5.233407698653675,-1.151110363546069,15.235149921035218
eye tracking,1,9,0.18133023863059403,0.6096239297713233,-1.1969496880765327,-1.1512615107226503,1.8157240869893454
act arra,0,15,0.0,1.0160398829522055,-4.4293675558543875,-1.1513292769881216,9.521968700647012
administration children,0,8,0.0,0.5418879375745096,-3.063047212448973,-1.1514802416448349,5.078383307011739
act early,0,8,0.0,0.5418879375745096,-3.063047212448973,-1.1514802416448349,5.078383307011739
housing services,1,9,0.18133023863059403,0.6096239297713233,-1.1983397637001225,-1.15177661413119,1.8157240869893454
factors interact,1,9,0.18133023863059403,0.6096239297713233,-1.1983397637001225,-1.15177661413119,1.8157240869893454
heterogeneity autism,1,9,0.18133023863059403,0.6096239297713233,-1.1997322729535238,-1.152291355331717,1.8157240869893454
life skills,0,16,0.0,1.0837758751490192,-4.542220298675062,-1.1524850511278775,10.156766614023478
small samples,1,9,0.18133023863059403,0.6096239297713233,-1.2011272235869104,-1.1528057320883671,1.8157240869893454
mission statement,1,9,0.18133023863059403,0.6096239297713233,-1.2011272235869104,-1.1528057320883671,1.8157240869893454
knowledge base,1,9,0.18133023863059403,0.6096239297713233,-1.2025246233871645,-1.1533197421533046,1.8157240869893454
healthcare education,1,9,0.18133023863059403,0.6096239297713233,-1.2025246233871645,-1.1533197421533046,1.8157240869893454
culturally responsive,1,9,0.18133023863059403,0.6096239297713233,-1.2025246233871645,-1.1533197421533046,1.8157240869893454
department labor,0,12,0.0,0.8128319063617644,-3.9950930761543955,-1.1540719906125978,7.617574960517609
progress strategic,1,9,0.18133023863059403,0.6096239297713233,-1.2053268018206715,-1.1543466531562911,1.8157240869893454
adults needs,1,9,0.18133023863059403,0.6096239297713233,-1.2053268018206715,-1.1543466531562911,1.8157240869893454
years conduct,0,14,0.0,0.9483038907553918,-4.292041243069503,-1.1544099267192318,8.887170787270543
california davis,0,10,0.0,0.677359921968137,-3.6084293284101996,-1.154531615783706,6.3479791337646745
decades ago,1,9,0.18133023863059403,0.6096239297713233,-1.2067315962132792,-1.1548595495380511,1.8157240869893454
causal factors,1,9,0.18133023863059403,0.6096239297713233,-1.2095486350305293,-1.1558842125792967,1.8157240869893454
epidemiological studies,0,18,0.0,1.2192478595426466,-4.737262837021568,-1.1564309306951648,11.426362440776414
research participants,0,26,0.0,1.7611357971171564,-5.347148322337626,-1.1564848910706398,16.504745747788153
youth young,0,7,0.0,0.4741519453776959,-2.5698591731983473,-1.1567057365523565,4.443585393635272
disorder including,2,13,0.36266047726118805,0.8805678985585782,-0.8656167431435104,-1.1594067394400425,1.6805435259277162
improve early,0,12,0.0,0.8128319063617644,-3.976178577428346,-1.159523386224682,7.617574960517609
interventions studies,0,13,0.0,0.8805678985585782,-4.133660374205645,-1.159661579035886,8.252372873894076
services individuals,0,8,0.0,0.5418879375745096,-3.019877391183538,-1.1600385206823198,5.078383307011739
interventions address,0,16,0.0,1.0837758751490192,-4.517628251359572,-1.1604271100429626,10.156766614023478
funding federal,0,9,0.0,0.6096239297713233,-3.334476107551449,-1.1607528836470213,5.713181220388207
environmental protection,0,8,0.0,0.5418879375745096,-3.0093803292944035,-1.162093705920755,5.078383307011739
asd identified,0,20,0.0,1.354719843936274,-4.897714459558447,-1.1631214757798392,12.695958267529349
little known,0,20,0.0,1.354719843936274,-4.897714459558447,-1.1631214757798392,12.695958267529349
deputy director,0,11,0.0,0.7450959141649507,-3.783433058417348,-1.1632236061012162,6.982777047141141
advances autism,0,8,0.0,0.5418879375745096,-2.998996407898133,-1.1641164743477603,5.078383307011739
widely used,2,13,0.36266047726118805,0.8805678985585782,-0.8728428025660264,-1.1646525208357073,1.6805435259277162
funding associated,0,12,0.0,0.8128319063617644,-3.957620122783755,-1.1648716141519715,7.617574960517609
applied behavior,0,11,0.0,0.7450959141649507,-3.766771550540625,-1.1677905978449146,6.982777047141141
behavior analysis,0,11,0.0,0.7450959141649507,-3.766771550540625,-1.1677905978449146,6.982777047141141
behavioral therapy,0,11,0.0,0.7450959141649507,-3.766771550540625,-1.1677905978449146,6.982777047141141
real-world settings,0,17,0.0,1.1515118673458329,-4.602614943043129,-1.1679459644044847,10.791564527399945
asd projects,0,9,0.0,0.6096239297713233,-3.2962927873181336,-1.1695867939077487,5.713181220388207
sensitivity specificity,2,13,0.36266047726118805,0.8805678985585782,-0.8828136156473505,-1.171803505790083,1.6805435259277162
maximize positive,0,25,0.0,1.6933998049203425,-5.2414304548915,-1.1719414911051347,15.869947834411684
well-being individuals,0,9,0.0,0.6096239297713233,-3.2838910063962423,-1.172436919055423,5.713181220388207
participants discussed,0,28,0.0,1.8966077815107836,-5.421141235992101,-1.172563212721963,17.774341574541086
socioeconomic status,0,15,0.0,1.0160398829522055,-4.360696305935404,-1.1730758105965235,9.521968700647012
contribute asd,0,18,0.0,1.2192478595426466,-4.684798003254366,-1.1740211941920604,11.426362440776414
expand enhance,0,14,0.0,0.9483038907553918,-4.227847086853982,-1.1742371165006975,8.887170787270543
activities iacc,0,14,0.0,0.9483038907553918,-4.227847086853982,-1.1742371165006975,8.887170787270543
efforts needed,0,21,0.0,1.4224558361330877,-4.946377063931543,-1.1747564353104651,13.330756180905816
studies shown,0,21,0.0,1.4224558361330877,-4.946377063931543,-1.1747564353104651,13.330756180905816
data needed,2,13,0.36266047726118805,0.8805678985585782,-0.8875137250006517,-1.175139484971831,1.6805435259277162
new technology,0,22,0.0,1.4901918283299014,-5.021696002054679,-1.1755975460511225,13.965554094282282
exposure measures,2,13,0.36266047726118805,0.8805678985585782,-0.8881876445338133,-1.1756159857303579,1.6805435259277162
prevalence autism,0,8,0.0,0.5418879375745096,-2.9292867028476106,-1.177419253083587,5.078383307011739
progress projects,0,19,0.0,1.2869838517394603,-4.764579042396317,-1.178764353181078,12.06116035415288
funding objectives,0,8,0.0,0.5418879375745096,-2.9197284020496177,-1.1792040736634921,5.078383307011739
developing asd,0,12,0.0,0.8128319063617644,-3.903953829401443,-1.1803298430702616,7.617574960517609
services programs,0,12,0.0,0.8128319063617644,-3.903953829401443,-1.1803298430702616,7.617574960517609
iacc iacc,0,11,0.0,0.7450959141649507,-3.7184180904876847,-1.1810149737965117,6.982777047141141
age diagnosis,3,17,0.543990715891782,1.1515118673458329,-0.7269874655889641,-1.1822681266877326,1.6958080184506148
department psychiatry,0,16,0.0,1.0837758751490192,-4.447312319282645,-1.1832444109065374,10.156766614023478
research progress,0,17,0.0,1.1515118673458329,-4.554014112522671,-1.1840398681824993,10.791564527399945
asd researchers,0,10,0.0,0.677359921968137,-3.491924830074291,-1.1842873276681736,6.3479791337646745
research needs,0,21,0.0,1.4224558361330877,-4.918282907697323,-1.1846083094742543,13.330756180905816
institute environmental,0,11,0.0,0.7450959141649507,-3.7028152591781254,-1.185271702816574,6.982777047141141
monitoring addm,0,11,0.0,0.7450959141649507,-3.7028152591781254,-1.185271702816574,6.982777047141141
minimally verbal,3,17,0.543990715891782,1.1515118673458329,-0.7320740308460039,-1.1873090304419056,1.6958080184506148
plan iacc,0,19,0.0,1.2869838517394603,-4.738688308598231,-1.1876345371459467,12.06116035415288
projects question,0,7,0.0,0.4741519453776959,-1.744994315880012,-1.1884739898206564,4.443585393635272
research resources,0,13,0.0,0.8805678985585782,-4.037114088175709,-1.1885950986638198,8.252372873894076
child asd,0,13,0.0,0.8805678985585782,-4.037114088175709,-1.1885950986638198,8.252372873894076
data repository,0,20,0.0,1.354719843936274,-4.815717981923759,-1.191511569072254,12.695958267529349
recovery reinvestment,0,14,0.0,0.9483038907553918,-4.167566711376228,-1.192915394613258,8.887170787270543
recommendations iacc,0,11,0.0,0.7450959141649507,-3.672334588295149,-1.1935705225856974,6.982777047141141
services interagency,0,10,0.0,0.677359921968137,-3.4515818658337576,-1.1944642064815445,6.3479791337646745
committee website,0,10,0.0,0.677359921968137,-3.438496264852441,-1.1977490703205778,6.3479791337646745
public law,0,14,0.0,0.9483038907553918,-4.14826334796094,-1.1989066331995775,8.887170787270543
challenging behavior,0,17,0.0,1.1515118673458329,-4.507683394682747,-1.1994613874162787,10.791564527399945
funding years,0,10,0.0,0.677359921968137,-3.4255837835717564,-1.2009823408367921,6.3479791337646745
lived experience,3,17,0.543990715891782,1.1515118673458329,-0.7475614959861385,-1.2024494362862446,1.6958080184506148
criminal justice,0,12,0.0,0.8128319063617644,-3.8205385682415276,-1.2043118652644653,7.617574960517609
members roster,0,13,0.0,0.8805678985585782,-3.983417161384713,-1.2047028139270537,8.252372873894076
repetitive behavior,0,13,0.0,0.8805678985585782,-3.983417161384713,-1.2047028139270537,8.252372873894076
provide services,0,14,0.0,0.9483038907553918,-4.12932986226822,-1.2047869903204247,8.887170787270543
services use,0,11,0.0,0.7450959141649507,-3.6283191486589423,-1.2055104641450887,6.982777047141141
asd adults,0,20,0.0,1.354719843936274,-4.764585735495784,-1.2093884074739067,12.695958267529349
healthcare providers,0,19,0.0,1.2869838517394603,-4.664834551152316,-1.2131050929046563,12.06116035415288
students asd,0,10,0.0,0.677359921968137,-3.3755781972419268,-1.213422966140859,6.3479791337646745
females asd,0,17,0.0,1.1515118673458329,-4.46342089406645,-1.2142623514244775,10.791564527399945
broader autism,0,18,0.0,1.2192478595426466,-4.564617124732983,-1.214750446580223,11.426362440776414
agencies healthcare,0,8,0.0,0.5418879375745096,-2.7150075728138,-1.2148361128128975,5.078383307011739
director division,0,13,0.0,0.8805678985585782,-3.949177772122896,-1.2149728174408283,8.252372873894076
developmental behavioral,0,10,0.0,0.677359921968137,-3.3634675776485246,-1.2164155282046225,6.3479791337646745
research data,0,24,0.0,1.6256638127235288,-5.051489117206874,-1.2169011418544684,15.235149921035218
medical center,0,16,0.0,1.0837758751490192,-4.340184178148592,-1.2182840771174592,10.156766614023478
interventions children,0,9,0.0,0.6096239297713233,-3.074154875214724,-1.2189692226845488,5.713181220388207
reinvestment act,0,15,0.0,1.0160398829522055,-4.216865125291127,-1.2189731775844734,9.521968700647012
medical research,1,10,0.18133023863059403,0.677359921968137,-1.1917016505602653,-1.219025794104148,2.2501873265115386
asd progress,0,11,0.0,0.7450959141649507,-3.5725476799625095,-1.2205532254687217,6.982777047141141
evidence-based services,0,19,0.0,1.2869838517394603,-4.64138877761288,-1.2212411849075995,12.06116035415288
education services,0,14,0.0,0.9483038907553918,-4.074614133966286,-1.2217981573301595,8.887170787270543
needs additional,0,21,0.0,1.4224558361330877,-4.81322921609476,-1.2218286476264262,13.330756180905816
aspects asd,0,13,0.0,0.8805678985585782,-3.916088077758282,-1.2248938222763837,8.252372873894076
advances understanding,0,15,0.0,1.0160398829522055,-4.197924034133697,-1.2250456604686173,9.521968700647012
interventions programs,0,12,0.0,0.8128319063617644,-3.7436477440927494,-1.2263330704642492,7.617574960517609
long-term objectives,0,25,0.0,1.6933998049203425,-5.09222111581418,-1.226772507328592,15.869947834411684
research ndar,0,17,0.0,1.1515118673458329,-4.421050505775325,-1.22848860665366,10.791564527399945
disabilities employment,0,13,0.0,0.8805678985585782,-3.899950897007489,-1.2297297393600672,8.252372873894076
research network,0,8,0.0,0.5418879375745096,-2.6063170368895836,-1.2314270505194935,5.078383307011739
outcomes children,0,11,0.0,0.7450959141649507,-3.519782829120283,-1.234681681048851,6.982777047141141
education support,1,10,0.18133023863059403,0.677359921968137,-1.234530357057869,-1.2354053233241271,2.2501873265115386
time likely,0,15,0.0,1.0160398829522055,-4.161096935660833,-1.2368668902768136,9.521968700647012
american recovery,0,16,0.0,1.0837758751490192,-4.281062150300125,-1.2377438464755335,10.156766614023478
gene-environment interactions,4,21,0.7253209545223761,1.4224558361330877,-0.6699358371769666,-1.2378866186358486,1.7640715485590732
funding autism,0,10,0.0,0.677359921968137,-3.2716520236520275,-1.2388158841138306,6.3479791337646745
quality life,51,166,9.247842170160297,11.244174704671074,-0.1971802695245799,-1.2388619969122179,1.541481512122962
transition services,1,10,0.18133023863059403,0.677359921968137,-1.2462618945679473,-1.2396754283959077,2.2501873265115386
health national,0,10,0.0,0.677359921968137,-3.2607614318558564,-1.2414365459179193,6.3479791337646745
studies assess,0,17,0.0,1.1515118673458329,-4.380417701569431,-1.2421809220197821,10.791564527399945
risk developing,0,15,0.0,1.0160398829522055,-4.143185499557287,-1.2426224592170747,9.521968700647012
results studies,0,12,0.0,0.8128319063617644,-3.686194093985291,-1.2427096246048674,7.617574960517609
diagnosis interventions,1,10,0.18133023863059403,0.677359921968137,-1.2555062795763998,-1.2429758593514615,2.2501873265115386
public members,1,10,0.18133023863059403,0.677359921968137,-1.258167142499179,-1.2439153943612546,2.2501873265115386
studies asd,0,24,0.0,1.6256638127235288,-4.971647836294872,-1.2464468288084938,15.235149921035218
language development,1,10,0.18133023863059403,0.677359921968137,-1.2743192602066724,-1.2495192220466051,2.2501873265115386
cdc autism,1,10,0.18133023863059403,0.677359921968137,-1.277042946426775,-1.250447469310798,2.2501873265115386
suggested citation,0,12,0.0,0.8128319063617644,-3.658681226882596,-1.2505223903385674,7.617574960517609
symptoms severity,0,20,0.0,1.354719843936274,-4.647205206252467,-1.2508981208664496,12.695958267529349
support activities,1,10,0.18133023863059403,0.677359921968137,-1.2784082346009988,-1.2509109632087,2.2501873265115386
recommended minimum,0,22,0.0,1.4901918283299014,-4.810972734558002,-1.2514105140733003,13.965554094282282
brain imaging,0,22,0.0,1.4901918283299014,-4.810972734558002,-1.2514105140733003,13.965554094282282
treatment studies,1,10,0.18133023863059403,0.677359921968137,-1.2811457365662342,-1.2518366803353322,2.2501873265115386
research initiative,2,14,0.36266047726118805,0.9483038907553918,-0.9229203531961403,-1.2529046477428496,2.038930295924771
meeting needs,1,10,0.18133023863059403,0.677359921968137,-1.2866486437646305,-1.253682968468623,2.2501873265115386
unique needs,1,10,0.18133023863059403,0.677359921968137,-1.2866486437646305,-1.253682968468623,2.2501873265115386
secondary school,1,10,0.18133023863059403,0.677359921968137,-1.2866486437646305,-1.253682968468623,2.2501873265115386
identified asd,0,15,0.0,1.0160398829522055,-4.108308284147347,-1.2538393442827136,9.521968700647012
protective factors,1,10,0.18133023863059403,0.677359921968137,-1.2880302259657572,-1.2541434550414796,2.2501873265115386
delivery model,1,10,0.18133023863059403,0.677359921968137,-1.2894141649374014,-1.2546035028055418,2.2501873265115386
important role,1,10,0.18133023863059403,0.677359921968137,-1.2908004680438996,-1.2550631094278326,2.2501873265115386
behavioral characteristics,1,10,0.18133023863059403,0.677359921968137,-1.2935801962903621,-1.2559809898554557,2.2501873265115386
cellular animal,1,10,0.18133023863059403,0.677359921968137,-1.2935801962903621,-1.2559809898554557,2.2501873265115386
supportive services,0,10,0.0,0.677359921968137,-3.197864893925045,-1.2564045852169934,6.3479791337646745
determinants health,1,10,0.18133023863059403,0.677359921968137,-1.2949736363311946,-1.2564392589348712,2.2501873265115386
surveillance data,1,10,0.18133023863059403,0.677359921968137,-1.2963694703090525,-1.256897077420535,2.2501873265115386
health concerns,1,10,0.18133023863059403,0.677359921968137,-1.2977677057617623,-1.257354442919057,2.2501873265115386
population-based studies,1,10,0.18133023863059403,0.677359921968137,-1.2991683502624944,-1.2578113530247312,2.2501873265115386
play important,1,10,0.18133023863059403,0.677359921968137,-1.3005714114199982,-1.25826780531947,2.2501873265115386
social services,0,18,0.0,1.2192478595426466,-4.437320020494939,-1.2584809030429258,11.426362440776414
education programs,0,9,0.0,0.6096239297713233,-2.877357299449846,-1.2590028477986699,5.713181220388207
needs better,1,10,0.18133023863059403,0.677359921968137,-1.3104611526204604,-1.2614499469187967,2.2501873265115386
challenges associated,1,10,0.18133023863059403,0.677359921968137,-1.3104611526204604,-1.2614499469187967,2.2501873265115386
participate research,1,10,0.18133023863059403,0.677359921968137,-1.3118838252898648,-1.2619026481620548,2.2501873265115386
progress objectives,0,14,0.0,0.9483038907553918,-3.941999626568114,-1.263074946630808,8.887170787270543
early postnatal,0,21,0.0,1.4224558361330877,-4.695829578107244,-1.2640947149819781,13.330756180905816
services provision,0,24,0.0,1.6256638127235288,-4.921771677678997,-1.265101819739807,15.235149921035218
life outcomes,2,14,0.36266047726118805,0.9483038907553918,-0.9426184987726653,-1.2665407685299368,2.038930295924771
parents caregivers,0,22,0.0,1.4901918283299014,-4.764599121831424,-1.268420826313108,13.965554094282282
symptoms autism,2,14,0.36266047726118805,0.9483038907553918,-0.9459529559955797,-1.2688104517102894,2.038930295924771
research objectives,0,11,0.0,0.7450959141649507,-3.3878478040530347,-1.269464369869235,6.982777047141141
question genetic,0,15,0.0,1.0160398829522055,-4.058198501166929,-1.269972235531185,9.521968700647012
iacc portfolio,0,10,0.0,0.677359921968137,-3.1388009070204266,-1.2701798399489563,6.3479791337646745
conduct research,0,14,0.0,0.9483038907553918,-3.911457057871093,-1.2725770038735893,8.887170787270543
research practices,0,16,0.0,1.0837758751490192,-4.172465371106977,-1.2736640464454303,10.156766614023478
adolescents asd,0,13,0.0,0.8805678985585782,-3.751651728022214,-1.2740314657270682,8.252372873894076
self-injurious behavior,2,14,0.36266047726118805,0.9483038907553918,-0.9540171158250139,-1.2742537439728494,2.038930295924771
employment outcomes,0,9,0.0,0.6096239297713233,-2.784905020548532,-1.2762594382013093,5.713181220388207
healthcare research,0,9,0.0,0.6096239297713233,-2.784905020548532,-1.2762594382013093,5.713181220388207
tools developed,2,14,0.36266047726118805,0.9483038907553918,-0.9587617978130112,-1.2774262696416143,2.038930295924771
center autism,0,11,0.0,0.7450959141649507,-3.354760042956501,-1.2780428362609757,6.982777047141141
services cms,0,13,0.0,0.8805678985585782,-3.737981578848455,-1.2780966620484469,8.252372873894076
maximize quality,0,18,0.0,1.2192478595426466,-4.379319138158754,-1.2785794700543358,11.426362440776414
biology asd,0,15,0.0,1.0160398829522055,-4.0261516287712915,-1.28029651067446,9.521968700647012
needed understand,0,24,0.0,1.6256638127235288,-4.874277872615057,-1.283002806490816,15.235149921035218
co-occurring physical,0,22,0.0,1.4901918283299014,-4.720293740727746,-1.2847748170633568,13.965554094282282
advances asd,0,16,0.0,1.0837758751490192,-4.138764576348667,-1.2848469921452896,10.156766614023478
national survey,0,16,0.0,1.0837758751490192,-4.138764576348667,-1.2848469921452896,10.156766614023478
resonance imaging,0,20,0.0,1.354719843936274,-4.542247034989421,-1.2885250431294415,12.695958267529349
launch studies,0,20,0.0,1.354719843936274,-4.542247034989421,-1.2885250431294415,12.695958267529349
maternal child,0,12,0.0,0.8128319063617644,-3.519789432325121,-1.2895853766219743,7.617574960517609
act caa,0,16,0.0,1.0837758751490192,-4.122335637739017,-1.2903032633248812,10.156766614023478
research training,0,14,0.0,0.9483038907553918,-3.853074580351864,-1.2907199874868387,8.887170787270543
research education,0,14,0.0,0.9483038907553918,-3.853074580351864,-1.2907199874868387,8.887170787270543
conditions including,3,18,0.543990715891782,1.2192478595426466,-0.7971177071322337,-1.2926713366840819,2.014084075953539
pluripotent stem,0,28,0.0,1.8966077815107836,-5.100190976646903,-1.2951675282411192,17.774341574541086
cross-cutting recommendations,0,20,0.0,1.354719843936274,-4.522524857141477,-1.2956444236227538,12.695958267529349
objectives support,0,16,0.0,1.0837758751490192,-4.106175470133413,-1.2956728258334718,10.156766614023478
brain structure,0,23,0.0,1.557927820526715,-4.7646058150676005,-1.2969300464271947,14.600352007658751
areas research,0,13,0.0,0.8805678985585782,-3.6723478305630586,-1.2975526356576088,8.252372873894076
asd interventions,0,18,0.0,1.2192478595426466,-4.324527314916148,-1.2976519442773191,11.426362440776414
health disparities,0,17,0.0,1.1515118673458329,-4.215754176679978,-1.2980837065160482,10.791564527399945
interventions question,0,11,0.0,0.7450959141649507,-3.271658590998177,-1.2992836686223483,6.982777047141141
living asd,0,22,0.0,1.4901918283299014,-4.677880486341216,-1.300520622966586,13.965554094282282
members autism,0,22,0.0,1.4901918283299014,-4.677880486341216,-1.300520622966586,13.965554094282282
genetic studies,0,34,0.0,2.3030237346916658,-5.399151672670278,-1.3011137132156,21.58312905479989
person autism,0,21,0.0,1.4224558361330877,-4.59085231311221,-1.3024369796025834,13.330756180905816
developing children,0,14,0.0,0.9483038907553918,-3.811453760468938,-1.3036299241242606,8.887170787270543
research institute,0,10,0.0,0.677359921968137,-2.988736283801357,-1.3037534579179946,6.3479791337646745
research iacc,0,18,0.0,1.2192478595426466,-4.306917039837462,-1.3037979599603238,11.426362440776414
early signs,0,13,0.0,0.8805678985585782,-3.647276171366835,-1.3049536540890805,8.252372873894076
new york,0,12,0.0,0.8128319063617644,-3.462635316928287,-1.305432137624047,7.617574960517609
years objectives,0,23,0.0,1.557927820526715,-4.722186216593197,-1.3129378698324843,14.600352007658751
parents children,0,15,0.0,1.0160398829522055,-3.9215397169683275,-1.3140004387496331,9.521968700647012
human development,0,15,0.0,1.0160398829522055,-3.9215397169683275,-1.3140004387496331,9.521968700647012
services hhs,0,12,0.0,0.8128319063617644,-3.429882170394203,-1.3144408642626537,7.617574960517609
living skills,0,13,0.0,0.8805678985585782,-3.6108313078256415,-1.315676506440505,8.252372873894076
skills training,0,18,0.0,1.2192478595426466,-4.272609443877132,-1.3157918092297463,11.426362440776414
disorder developmental,0,11,0.0,0.7450959141649507,-3.2043522764155252,-1.3161277363030375,6.982777047141141
question areas,0,10,0.0,0.677359921968137,-2.910277317432813,-1.320361084116483,6.3479791337646745
workshop participants,0,34,0.0,2.3030237346916658,-5.345179302467972,-1.3233417680077768,21.58312905479989
agencies organizations,0,9,0.0,0.6096239297713233,-2.474496808285343,-1.3247114217965188,5.713181220388207
aged years,1,11,0.18133023863059403,0.7450959141649507,-1.3030866630867486,-1.3271936783616753,2.702915788223388
federal department,1,11,0.18133023863059403,0.7450959141649507,-1.3068988286567134,-1.3284879630586945,2.702915788223388
iacc autism,1,11,0.18133023863059403,0.7450959141649507,-1.3145770942333286,-1.331065615235883,2.702915788223388
social security,0,10,0.0,0.677359921968137,-2.810211499786485,-1.3404378597257716,6.3479791337646745
administration hrsa,0,12,0.0,0.8128319063617644,-3.3280269874953703,-1.3420650675269892,7.617574960517609
studies conducted,1,11,0.18133023863059403,0.7450959141649507,-1.3500509246284569,-1.342474224261648,2.702915788223388
children diagnosed,0,14,0.0,0.9483038907553918,-3.684216340121063,-1.34289605865881,8.887170787270543
brain regions,0,18,0.0,1.2192478595426466,-4.1917101151716505,-1.3441673075016882,11.426362440776414
federal advisory,0,18,0.0,1.2192478595426466,-4.1917101151716505,-1.3441673075016882,11.426362440776414
play role,0,25,0.0,1.6933998049203425,-4.7847574965049535,-1.3442577005641658,15.869947834411684
magnetic resonance,0,22,0.0,1.4901918283299014,-4.560536402235073,-1.3445150805772845,13.965554094282282
investment autism,1,11,0.18133023863059403,0.7450959141649507,-1.3567919408606688,-1.3445505347010975,2.702915788223388
asd intellectual,1,11,0.18133023863059403,0.7450959141649507,-1.3635886466207463,-1.346614790278787,2.702915788223388
funded research,1,11,0.18133023863059403,0.7450959141649507,-1.366323112172834,-1.3474370523097938,2.702915788223388
school medicine,0,19,0.0,1.2869838517394603,-4.277062898884768,-1.3502510017699596,12.06116035415288
private insurance,1,11,0.18133023863059403,0.7450959141649507,-1.3773525539599003,-1.3507059675627775,2.702915788223388
improve services,1,11,0.18133023863059403,0.7450959141649507,-1.3787416536364994,-1.351112277092946,2.702915788223388
asd lifespan,0,22,0.0,1.4901918283299014,-4.542260403420439,-1.3514204437195607,13.965554094282282
scientific evidence,1,11,0.18133023863059403,0.7450959141649507,-1.3801330926594186,-1.3515180662420863,2.702915788223388
factors contributing,1,11,0.18133023863059403,0.7450959141649507,-1.3815268782935046,-1.3519233325208175,2.702915788223388
white matter,1,11,0.18133023863059403,0.7450959141649507,-1.3857223880171023,-1.353135969054859,2.702915788223388
studies early,1,11,0.18133023863059403,0.7450959141649507,-1.3899392820291414,-1.354343808942017,2.702915788223388
effectiveness research,0,20,0.0,1.354719843936274,-4.360729681451415,-1.354561637401528,12.695958267529349
data provide,1,11,0.18133023863059403,0.7450959141649507,-1.3927625243484165,-1.3551463365752638,2.702915788223388
infants toddlers,0,19,0.0,1.2869838517394603,-4.261147138028699,-1.3559749130490104,12.06116035415288
appropriate interventions,1,11,0.18133023863059403,0.7450959141649507,-1.397015508448236,-1.3563460276480577,2.702915788223388
people affected,1,11,0.18133023863059403,0.7450959141649507,-1.4027203009963483,-1.3579378509812847,2.702915788223388
warning signs,1,11,0.18133023863059403,0.7450959141649507,-1.405587471499631,-1.3587303867768268,2.702915788223388
needed ensure,1,11,0.18133023863059403,0.7450959141649507,-1.405587471499631,-1.3587303867768268,2.702915788223388
approaches used,1,11,0.18133023863059403,0.7450959141649507,-1.407024777808033,-1.3591258012325182,2.702915788223388
update strategic,2,15,0.36266047726118805,1.0160398829522055,-1.0045807017164154,-1.3603038494906416,2.415214426901951
research infrastructure,3,19,0.543990715891782,1.2869838517394603,-0.8237431333835836,-1.3603655727150699,2.348254350010687
funded projects,0,13,0.0,0.8805678985585782,-3.456681648842377,-1.360450049699376,8.252372873894076
center excellence,3,19,0.543990715891782,1.2869838517394603,-0.8258663559503692,-1.3623433295117042,2.348254350010687
programs provide,0,12,0.0,0.8128319063617644,-3.2446642386773963,-1.364161174714252,7.617574960517609
understanding asd,0,22,0.0,1.4901918283299014,-4.506688584471263,-1.364899199294192,13.965554094282282
understanding autism,2,15,0.36266047726118805,1.0160398829522055,-1.0133029277827763,-1.3659134339149905,2.415214426901951
person asd,0,25,0.0,1.6933998049203425,-4.725527301049336,-1.367523544045018,15.869947834411684
universal screening,2,15,0.36266047726118805,1.0160398829522055,-1.0166845211696778,-1.3680682118326197,2.415214426901951
projects objectives,0,14,0.0,0.9483038907553918,-3.593111497207124,-1.3707397631889235,8.887170787270543
assistant professor,0,25,0.0,1.6933998049203425,-4.706543506116445,-1.3750198957205029,15.869947834411684
annually update,0,18,0.0,1.2192478595426466,-4.102633266472468,-1.3755264172917163,11.426362440776414
develop annually,0,18,0.0,1.2192478595426466,-4.102633266472468,-1.3755264172917163,11.426362440776414
infrastructure prevalence,0,14,0.0,0.9483038907553918,-3.571599893994465,-1.3772707611240784,8.887170787270543
adults disabilities,0,17,0.0,1.1515118673458329,-3.9773144561603253,-1.379742177895571,10.791564527399945
previous years,0,12,0.0,0.8128319063617644,-3.1761316512871858,-1.3819202149596028,7.617574960517609
males females,0,21,0.0,1.4224558361330877,-4.376660135975079,-1.3820352475549196,13.330756180905816
fragile syndrome,0,19,0.0,1.2869838517394603,-4.185196954375938,-1.3833573751165011,12.06116035415288
health insurance,0,16,0.0,1.0837758751490192,-3.828595560517078,-1.3879672299675938,10.156766614023478
research asd,0,16,0.0,1.0837758751490192,-3.828595560517078,-1.3879672299675938,10.156766614023478
evidence base,6,30,1.087981431783564,2.032079765904411,-0.614636372808258,-1.3904300196824948,2.2287443695006983
transitioning youth,0,16,0.0,1.0837758751490192,-3.8165743421340697,-1.3919517278113775,10.156766614023478
technology-based interventions,0,17,0.0,1.1515118673458329,-3.9383767918864656,-1.3930969820321426,10.791564527399945
related disorder,0,16,0.0,1.0837758751490192,-3.8046982832056546,-1.3958857726313947,10.156766614023478
better understanding,0,31,0.0,2.0998157581012244,-5.019865306204505,-1.3963055222089722,19.67873531467049
outcomes individuals,0,23,0.0,1.557927820526715,-4.499882349290724,-1.398222296436936,14.600352007658751
autism families,4,23,0.7253209545223761,1.557927820526715,-0.7463899026635517,-1.3995056825203147,2.3650594028453993
community-based services,4,23,0.7253209545223761,1.557927820526715,-0.7476711127222639,-1.4009508571993512,2.3650594028453993
iacc asd,0,21,0.0,1.4224558361330877,-4.314445992065506,-1.4054376896764176,13.330756180905816
individuals families,14,57,2.5386233408283165,3.8609515552183806,-0.41618877117918807,-1.4067292950061885,2.1432209669792446
families children,0,16,0.0,1.0837758751490192,-3.7699072995831813,-1.4073956079416579,10.156766614023478
rett syndrome,0,18,0.0,1.2192478595426466,-4.007947252884447,-1.408934425437396,11.426362440776414
national database,0,25,0.0,1.6933998049203425,-4.616714347080775,-1.4107385736712197,15.869947834411684
early diagnosis,0,20,0.0,1.354719843936274,-4.207382558369124,-1.4110821170072,12.695958267529349
interventions support,1,12,0.18133023863059403,0.8128319063617644,-1.363823164223131,-1.4124196518129117,3.1708535958597643
research autism,0,17,0.0,1.1515118673458329,-3.8767165808799913,-1.41422662285216,10.791564527399945
research focused,0,22,0.0,1.4901918283299014,-4.375937423080323,-1.4148405024609985,13.965554094282282
factors question,0,14,0.0,0.9483038907553918,-3.442243514869883,-1.4161024673472782,8.887170787270543
covid pandemic,0,17,0.0,1.1515118673458329,-3.8648346771637154,-1.418294166874186,10.791564527399945
risk autism,0,17,0.0,1.1515118673458329,-3.8648346771637154,-1.418294166874186,10.791564527399945
interventions individuals,1,12,0.18133023863059403,0.8128319063617644,-1.4110740321378223,-1.4266285157047967,3.1708535958597643
drug administration,1,12,0.18133023863059403,0.8128319063617644,-1.4150258707355903,-1.4277518329241539,3.1708535958597643
food drug,1,12,0.18133023863059403,0.8128319063617644,-1.4163473336713377,-1.4281252555950654,3.1708535958597643
question question,0,10,0.0,0.677359921968137,-2.106956733765779,-1.4296147509427366,6.3479791337646745
healthcare services,0,31,0.0,2.0998157581012244,-4.940030489863609,-1.4300596385989737,19.67873531467049
diagnosis question,0,14,0.0,0.9483038907553918,-3.379092537608722,-1.4347309897124438,8.887170787270543
receive services,1,12,0.18133023863059403,0.8128319063617644,-1.4445933242116418,-1.4358453528360369,3.1708535958597643
years new,0,30,0.0,2.032079765904411,-4.86969109859141,-1.4364102289869074,19.043937401294023
database autism,0,24,0.0,1.6256638127235288,-4.4780033786108575,-1.4369900426845246,15.235149921035218
services interventions,1,12,0.18133023863059403,0.8128319063617644,-1.451461718581598,-1.437647824179921,3.1708535958597643
biology autism,1,12,0.18133023863059403,0.8128319063617644,-1.4528421855808613,-1.4380066073567688,3.1708535958597643
care settings,1,12,0.18133023863059403,0.8128319063617644,-1.4583869117714041,-1.4394359520997877,3.1708535958597643
services state,1,12,0.18133023863059403,0.8128319063617644,-1.4611730881828429,-1.440147115763007,3.1708535958597643
autism co-occurring,7,34,1.2693116704141583,2.3030237346916658,-0.5938229796185563,-1.4410813557245534,2.3348936867307204
factors influence,1,12,0.18133023863059403,0.8128319063617644,-1.472411217389416,-1.44296789120004,3.1708535958597643
biological pathways,1,12,0.18133023863059403,0.8128319063617644,-1.4752443969247082,-1.4436670086757035,3.1708535958597643
core features,1,12,0.18133023863059403,0.8128319063617644,-1.4809395481869991,-1.4450577998212208,3.1708535958597643
structure function,1,12,0.18133023863059403,0.8128319063617644,-1.485236343195547,-1.4460942924735993,3.1708535958597643
sex differences,0,20,0.0,1.354719843936274,-4.112634484168419,-1.4462257408254002,12.695958267529349
office autism,0,13,0.0,0.8805678985585782,-3.1454546344522107,-1.4464892446185038,8.252372873894076
allocated projects,0,27,0.0,1.8288717893139697,-4.659629836440676,-1.4483066276581393,17.13954366116462
high risk,0,24,0.0,1.6256638127235288,-4.4473657568320455,-1.4491899366759196,15.235149921035218
symptoms asd,0,31,0.0,2.0998157581012244,-4.884096913335069,-1.4539678078450802,19.67873531467049
budget met,0,29,0.0,1.9643437737075973,-4.764645975441642,-1.456314901459517,18.409139487917553
development autism,0,23,0.0,1.557927820526715,-4.346430867671575,-1.4582458254456845,14.600352007658751
foundation autism,0,17,0.0,1.1515118673458329,-3.742811158495808,-1.4599369657698853,10.791564527399945
services children,0,14,0.0,0.9483038907553918,-3.287451108899358,-1.4612905603858892,8.887170787270543
research field,0,15,0.0,1.0160398829522055,-3.456015976404503,-1.461572511282623,9.521968700647012
cell line,2,16,0.36266047726118805,1.0837758751490192,-1.0844184379164563,-1.4621130811439127,2.8072158325345367
reduce disparities,0,28,0.0,1.8966077815107836,-4.6794046040354065,-1.466574554505257,17.774341574541086
studies include,3,20,0.543990715891782,1.354719843936274,-0.8954236985992043,-1.4678288768911736,2.696796012247063
conduct studies,0,25,0.0,1.6933998049203425,-4.47304396536239,-1.4686398378787608,15.869947834411684
question screening,0,13,0.0,0.8805678985585782,-3.0470813746896432,-1.4719388042794495,8.252372873894076
transition adulthood,4,24,0.7253209545223761,1.6256638127235288,-0.7784364854889994,-1.4721991586879668,2.685445434604719
autism related,0,19,0.0,1.2869838517394603,-3.9290572395520584,-1.4761537817931583,12.06116035415288
asd question,0,19,0.0,1.2869838517394603,-3.9290572395520584,-1.4761537817931583,12.06116035415288
disabilities monitoring,0,14,0.0,0.9483038907553918,-3.233331465020294,-1.4766730616030017,8.887170787270543
causes asd,0,22,0.0,1.4901918283299014,-4.194565503117936,-1.4849432859328386,13.965554094282282
asd services,0,21,0.0,1.4224558361330877,-4.0986054018725415,-1.4872870161142537,13.330756180905816
research coordination,0,14,0.0,0.9483038907553918,-3.1892297413330013,-1.4890213228283427,8.887170787270543
studies examine,0,24,0.0,1.6256638127235288,-4.333491373523419,-1.494820214711978,15.235149921035218
question interventions,0,24,0.0,1.6256638127235288,-4.306957073511951,-1.5055102001990108,15.235149921035218
conditions asd,0,31,0.0,2.0998157581012244,-4.764659362597573,-1.5056996920068146,19.67873531467049
asd funding,0,18,0.0,1.2192478595426466,-3.719338611928846,-1.510472994766549,11.426362440776414
asd early,0,24,0.0,1.6256638127235288,-4.293951958748764,-1.5107566321064172,15.235149921035218
tuberous sclerosis,0,23,0.0,1.557927820526715,-4.213598184468356,-1.5107648720260445,14.600352007658751
asd population,0,27,0.0,1.8288717893139697,-4.491950089165034,-1.5182954205675085,17.13954366116462
projects coded,1,13,0.18133023863059403,0.8805678985585782,-1.5186635504565285,-1.5184346716706039,3.651653273096891
outcomes quality,1,13,0.18133023863059403,0.8805678985585782,-1.533862165754952,-1.5218637618024464,3.651653273096891
scientific advances,1,13,0.18133023863059403,0.8805678985585782,-1.5366550310160836,-1.522478898356687,3.651653273096891
children youth,0,16,0.0,1.0837758751490192,-3.4112981495968295,-1.523678420985873,10.156766614023478
genetic testing,1,13,0.18133023863059403,0.8805678985585782,-1.546502961340778,-1.52461111507922,3.651653273096891
budget recommendations,0,28,0.0,1.8966077815107836,-4.542300509808895,-1.5246213403367919,17.774341574541086
biological differences,1,13,0.18133023863059403,0.8805678985585782,-1.5578990537943689,-1.5270074410603631,3.651653273096891
evidence suggest,1,13,0.18133023863059403,0.8805678985585782,-1.560772047503919,-1.5275996120774968,3.651653273096891
did changes,1,13,0.18133023863059403,0.8805678985585782,-1.5636547501365357,-1.5281889722169948,3.651653273096891
needed improve,1,13,0.18133023863059403,0.8805678985585782,-1.5636547501365357,-1.5281889722169948,3.651653273096891
services question,0,18,0.0,1.2192478595426466,-3.64524860638231,-1.5362635262106354,11.426362440776414
law enforcement,0,27,0.0,1.8288717893139697,-4.437380134289633,-1.5413389124748273,17.13954366116462
affected asd,0,28,0.0,1.8966077815107836,-4.5005086791103235,-1.5424923205373127,17.774341574541086
autism genetic,2,17,0.36266047726118805,1.1515118673458329,-1.1345326476487632,-1.542974522005056,3.2131304080865415
adolescents adults,8,39,1.4506419090447522,2.641703695675734,-0.5953634450684948,-1.5468613055782707,2.7057358013673483
develop new,2,17,0.36266047726118805,1.1515118673458329,-1.1420972356112493,-1.5472247828875072,3.2131304080865415
diagnosis asd,0,22,0.0,1.4901918283299014,-4.030507430555772,-1.5488524689733476,13.965554094282282
related asd,0,19,0.0,1.2869838517394603,-3.725949370935991,-1.549495923581525,12.06116035415288
question strategic,0,17,0.0,1.1515118673458329,-3.4633216275169705,-1.553575271724818,10.791564527399945
intellectual developmental,1,14,0.18133023863059403,0.9483038907553918,-1.4274898783161412,-1.5559201636753905,4.143472317861588
years age,0,16,0.0,1.0837758751490192,-3.3065330261807926,-1.5563374737616886,10.156766614023478
prevention cdc,0,16,0.0,1.0837758751490192,-3.2994641102714706,-1.5585111109746372,10.156766614023478
years question,0,26,0.0,1.7611357971171564,-4.3232148867176186,-1.5601753744300624,16.504745747788153
asd community,0,29,0.0,1.9643437737075973,-4.521911878140157,-1.560476154248755,18.409139487917553
daily living,0,20,0.0,1.354719843936274,-3.8047248225639674,-1.560658624383575,12.695958267529349
sleep problems,3,21,0.543990715891782,1.4224558361330877,-0.9556243978336934,-1.5619787141562345,3.0583954438871563
question does,0,27,0.0,1.8288717893139697,-4.385658620179775,-1.5632843212547631,17.13954366116462
national center,1,14,0.18133023863059403,0.9483038907553918,-1.489865266689062,-1.573279869691097,4.143472317861588
budget partially,0,34,0.0,2.3030237346916658,-4.7646794436732876,-1.5768805758819449,21.58312905479989
administration community,1,14,0.18133023863059403,0.9483038907553918,-1.5121472221314622,-1.5788670092623132,4.143472317861588
associate professor,0,34,0.0,2.3030237346916658,-4.750127998989157,-1.5835445906544214,21.58312905479989
spectrum lifespan,0,42,0.0,2.8449116722661754,-5.100284833149567,-1.5862789788420413,26.66151236181163
services including,1,14,0.18133023863059403,0.9483038907553918,-1.566535730143368,-1.5912022274302458,4.143472317861588
year-old children,1,14,0.18133023863059403,0.9483038907553918,-1.5678740043260007,-1.5914829888119397,4.143472317861588
met progress,0,35,0.0,2.3707597268884797,-4.779028871526409,-1.5932531610442031,22.21792696817636
health issues,0,41,0.0,2.7771756800693614,-5.0435255013787685,-1.5944483090459487,26.026714448435165
question turn,0,30,0.0,2.032079765904411,-4.503254040334852,-1.595424293025755,19.043937401294023
communication skills,0,24,0.0,1.6256638127235288,-4.08508512484139,-1.5954978415796783,15.235149921035218
support needed,1,14,0.18133023863059403,0.9483038907553918,-1.5950889387722338,-1.5969612381159364,4.143472317861588
independent living,2,18,0.36266047726118805,1.2192478595426466,-1.1407082600777425,-1.5971693254774604,3.631448173978691
autistic youth,1,14,0.18133023863059403,0.9483038907553918,-1.6034248905017208,-1.598552005535984,4.143472317861588
interventions autism,1,14,0.18133023863059403,0.9483038907553918,-1.606221625798776,-1.5990766542826824,4.143472317861588
investment research,1,14,0.18133023863059403,0.9483038907553918,-1.6118425552298454,-1.6001174070201805,4.143472317861588
changes time,1,14,0.18133023863059403,0.9483038907553918,-1.6203434430354768,-1.6016568317068471,4.143472317861588
receiving services,1,14,0.18133023863059403,0.9483038907553918,-1.6231958333477703,-1.6021640925712575,4.143472317861588
employment housing,1,14,0.18133023863059403,0.9483038907553918,-1.633254225154582,-1.6039158829869644,4.143472317861588
human brain,1,14,0.18133023863059403,0.9483038907553918,-1.634700764874621,-1.6041630987430286,4.143472317861588
housing options,1,14,0.18133023863059403,0.9483038907553918,-1.6405112937759139,-1.60514423872641,4.143472317861588
hold particularly,0,29,0.0,1.9643437737075973,-4.419701421048174,-1.605179080186041,18.409139487917553
months age,3,22,0.543990715891782,1.4901918283299014,-0.9574259635479319,-1.6063001451729948,3.431911533937109
university california,0,20,0.0,1.354719843936274,-3.6806824244838605,-1.6063965004556262,12.695958267529349
question concerned,0,30,0.0,2.032079765904411,-4.465674560976204,-1.6121200856925768,19.043937401294023
social interactions,0,20,0.0,1.354719843936274,-3.6641753758763294,-1.612448182666606,12.695958267529349
asd spectrum,0,35,0.0,2.3707597268884797,-4.73660726090033,-1.6129630881653896,22.21792696817636
seven question,0,20,0.0,1.354719843936274,-3.6560248690749155,-1.6154326163761195,12.695958267529349
asd children,0,21,0.0,1.4224558361330877,-3.7458228150778137,-1.6215124568453123,13.330756180905816
support people,0,30,0.0,2.032079765904411,-4.441390325886882,-1.622940924396489,19.043937401294023
care providers,0,24,0.0,1.6256638127235288,-4.014457280821372,-1.6242762575049485,15.235149921035218
diagnostic services,2,18,0.36266047726118805,1.2192478595426466,-1.1900778631041966,-1.6245375032335336,3.631448173978691
health science,0,21,0.0,1.4224558361330877,-3.7373883662787684,-1.6246996830960614,13.330756180905816
population including,2,18,0.36266047726118805,1.2192478595426466,-1.191455903470077,-1.6252684673898958,3.631448173978691
activities related,0,20,0.0,1.354719843936274,-3.624083912196065,-1.627103543184532,12.695958267529349
research budget,2,18,0.36266047726118805,1.2192478595426466,-1.1956044274123663,-1.6274583670046057,3.631448173978691
new research,0,38,0.0,2.5739677034789206,-4.846690070086273,-1.627645493365103,24.12232070830576
research portfolio,8,41,1.4506419090447522,2.7771756800693614,-0.6143051696465989,-1.6298694823446707,3.2459180456651904
health bethesda,0,19,0.0,1.2869838517394603,-3.4905401175667805,-1.6329590620493684,12.06116035415288
neurodevelopmental disorder,0,24,0.0,1.6256638127235288,-3.9856702815742295,-1.6360102801126999,15.235149921035218
asd screening,0,31,0.0,2.0998157581012244,-4.462118985145553,-1.6403829527816296,19.67873531467049
prevalence asd,0,22,0.0,1.4901918283299014,-3.7919439039587655,-1.6418048211650773,13.965554094282282
risk genes,3,22,0.543990715891782,1.4901918283299014,-1.0029323942861907,-1.6432607541027726,3.431911533937109
advisory committee,0,29,0.0,1.9643437737075973,-4.3270544980434735,-1.6460454865235026,18.409139487917553
life people,0,33,0.0,2.2352877424948523,-4.560609940820992,-1.6467145022659109,20.948331141423424
lifespan issues,0,15,0.0,1.0160398829522055,-2.787885720866033,-1.6469802875735837,9.521968700647012
early screening,0,35,0.0,2.3707597268884797,-4.656840503645736,-1.6503267393324719,22.21792696817636
research community,0,36,0.0,2.438495719085293,-4.69777712334548,-1.6542463347020857,22.852724881552827
signs asd,0,32,0.0,2.1675517502980384,-4.481953975957559,-1.657523974337192,20.313533228046957
particularly adults,0,32,0.0,2.1675517502980384,-4.481953975957559,-1.657523974337192,20.313533228046957
objectives objectives,1,15,0.18133023863059403,1.0160398829522055,-1.6203335128154883,-1.6621209061990552,4.644837956470416
research workforce,0,27,0.0,1.8288717893139697,-4.151186036186036,-1.6637697198927097,17.13954366116462
recent years,0,37,0.0,2.5062317112821066,-4.725089732212451,-1.663940954696844,23.487522794929294
autism act,0,19,0.0,1.2869838517394603,-3.400977810867035,-1.6639499940603155,12.06116035415288
autism researchers,1,15,0.18133023863059403,1.0160398829522055,-1.6471897240658517,-1.6668877938619713,4.644837956470416
services activities,1,15,0.18133023863059403,1.0160398829522055,-1.6623244473611045,-1.669389426502717,4.644837956470416
findings suggest,1,15,0.18133023863059403,1.0160398829522055,-1.6678942388680635,-1.6702770252347967,4.644837956470416
contribute autism,1,15,0.18133023863059403,1.0160398829522055,-1.66929229695908,-1.6704970469810012,4.644837956470416
access care,1,15,0.18133023863059403,1.0160398829522055,-1.677728297543398,-1.6718011810378652,4.644837956470416
outcomes autistic,1,15,0.18133023863059403,1.0160398829522055,-1.680558617351215,-1.6722297283588479,4.644837956470416
provide opportunities,1,15,0.18133023863059403,1.0160398829522055,-1.6891053258146744,-1.6734965451036914,4.644837956470416
scientific research,1,15,0.18133023863059403,1.0160398829522055,-1.6919730032687177,-1.6739124614802285,4.644837956470416
exposure assessment,1,15,0.18133023863059403,1.0160398829522055,-1.7108467593744336,-1.6765363312670911,4.644837956470416
medicaid services,0,21,0.0,1.4224558361330877,-3.596789447148545,-1.67747551094484,13.330756180905816
older adults,6,34,1.087981431783564,2.3030237346916658,-0.7319210953170412,-1.6789484752823818,3.3916160369012296
center medicare,0,22,0.0,1.4901918283299014,-3.695178735237418,-1.679231923109169,13.965554094282282
question objectives,0,15,0.0,1.0160398829522055,-2.6146129096705124,-1.6845932102390406,9.521968700647012
professor department,0,29,0.0,1.9643437737075973,-4.232243020660411,-1.688142910844872,18.409139487917553
factors asd,0,32,0.0,2.1675517502980384,-4.4140472618541935,-1.6887902554514875,20.313533228046957
stem cell,0,49,0.0,3.3190636176438715,-5.144035730620168,-1.690722099829959,31.105097755446902
summary advances,1,16,0.18133023863059403,1.0837758751490192,-1.5137230317363723,-1.6963966927184757,5.154554362215235
age group,2,19,0.36266047726118805,1.2869838517394603,-1.2363377360261847,-1.6988519146713819,4.06089256919384
evidence-based interventions,0,26,0.0,1.7611357971171564,-3.966235257030119,-1.711069893447183,16.504745747788153
health nih,1,16,0.18133023863059403,1.0837758751490192,-1.6117310886621414,-1.7187899604881018,5.154554362215235
issues related,0,31,0.0,2.0998157581012244,-4.2885953508924946,-1.719495325144295,19.67873531467049
projects projects,0,16,0.0,1.0837758751490192,-2.707412831874956,-1.7198025467297513,10.156766614023478
partially met,0,43,0.0,2.912647664462989,-4.86207859065072,-1.7236322774312183,27.296310275188098
children families,0,19,0.0,1.2869838517394603,-3.2157154158174475,-1.7260709086438957,12.06116035415288
needs autism,4,27,0.7253209545223761,1.8288717893139697,-0.9164742569094795,-1.728319117583057,3.7146919739988578
developmental disorder,0,29,0.0,1.9643437737075973,-4.1365688106449525,-1.7308347066774157,18.409139487917553
support individuals,1,16,0.18133023863059403,1.0837758751490192,-1.7017853049039715,-1.7341065444501615,5.154554362215235
does future,0,33,0.0,2.2352877424948523,-4.370920120481582,-1.7352432719237645,20.948331141423424
high school,2,20,0.36266047726118805,1.354719843936274,-1.21413707400648,-1.7363607812484174,4.500374653023077
question understand,0,34,0.0,2.3030237346916658,-4.421164042458729,-1.7373898653901234,21.58312905479989
girls women,0,38,0.0,2.5739677034789206,-4.618611045339769,-1.7384160680255483,24.12232070830576
early development,0,35,0.0,2.3707597268884797,-4.4709900434939005,-1.7387629862798017,22.21792696817636
help people,1,16,0.18133023863059403,1.0837758751490192,-1.7420120258780258,-1.7394306176271597,5.154554362215235
needs adults,1,16,0.18133023863059403,1.0837758751490192,-1.7520055373013612,-1.7406141066982408,5.154554362215235
central nervous,1,16,0.18133023863059403,1.0837758751490192,-1.7650239416374216,-1.7420743648664068,5.154554362215235
question lifespan,0,22,0.0,1.4901918283299014,-3.5198554669180933,-1.7461396129120756,13.965554094282282
projects specific,0,29,0.0,1.9643437737075973,-4.100750317085096,-1.7468560904115762,18.409139487917553
institute mental,0,25,0.0,1.6933998049203425,-3.7916248958335803,-1.750319199249614,15.869947834411684
future hold,0,33,0.0,2.2352877424948523,-4.331109628116135,-1.754008968300126,20.948331141423424
youth asd,0,21,0.0,1.4224558361330877,-3.3879136591287544,-1.754051186743989,13.330756180905816
children's health,0,29,0.0,1.9643437737075973,-4.08331671049781,-1.7546593732699425,18.409139487917553
evidence-based practices,0,31,0.0,2.0998157581012244,-4.21204892798303,-1.7546969282945728,19.67873531467049
disabilities including,0,18,0.0,1.2192478595426466,-2.961917564770925,-1.7569376108806074,11.426362440776414
development asd,0,29,0.0,1.9643437737075973,-4.074713994688183,-1.7585110048068084,18.409139487917553
turn services,0,36,0.0,2.438495719085293,-4.478083558319783,-1.7599776972710797,22.852724881552827
question caused,0,38,0.0,2.5739677034789206,-4.574328658805397,-1.76029625274383,24.12232070830576
genes expression,0,33,0.0,2.2352877424948523,-4.311788949138224,-1.7631357999192816,20.948331141423424
director national,0,22,0.0,1.4901918283299014,-3.451660999357424,-1.7717173469732503,13.965554094282282
research areas,1,17,0.18133023863059403,1.1515118673458329,-1.6237970191417315,-1.777575161718955,5.671637275479469
interventions improve,4,28,0.7253209545223761,1.8966077815107836,-0.9311218627465099,-1.7800247895181065,4.077860591849542
improve quality,3,24,0.543990715891782,1.6256638127235288,-1.0701486446451707,-1.7802649594824318,4.210823748801797
private funders,0,21,0.0,1.4224558361330877,-3.2981563159329,-1.785988331965993,13.330756180905816
child health,0,23,0.0,1.557927820526715,-3.5076551319302176,-1.7900904101405126,14.600352007658751
research efforts,0,41,0.0,2.7771756800693614,-4.639277906092289,-1.7951855641410477,26.026714448435165
research question,1,17,0.18133023863059403,1.1515118673458329,-1.7579403015306418,-1.7984031952973072,5.671637275479469
children risk,1,17,0.18133023863059403,1.1515118673458329,-1.7579403015306418,-1.7984031952973072,5.671637275479469
asd developmental,0,31,0.0,2.0998157581012244,-4.115626481314889,-1.7992186092683258,19.67873531467049
asd surveillance,1,17,0.18133023863059403,1.1515118673458329,-1.781286178897746,-1.8009639360354195,5.671637275479469
public private,1,17,0.18133023863059403,1.1515118673458329,-1.788272195375118,-1.8016719610472511,5.671637275479469
effective interventions,1,17,0.18133023863059403,1.1515118673458329,-1.7953140413147999,-1.8023588050654709,5.671637275479469
life health,1,17,0.18133023863059403,1.1515118673458329,-1.803839147590498,-1.803154518896065,5.671637275479469
question iacc,0,36,0.0,2.438495719085293,-4.370094230413866,-1.8128266562821223,22.852724881552827
research area,0,31,0.0,2.0998157581012244,-4.0667469107670495,-1.8218390846401864,19.67873531467049
number projects,3,26,0.543990715891782,1.7611357971171564,-1.0193888127116892,-1.8220293035488946,5.026888320988684
typically developing,0,29,0.0,1.9643437737075973,-3.9240804171106713,-1.8259908593721066,18.409139487917553
combating autism,0,23,0.0,1.557927820526715,-3.40415750771429,-1.8295668432060719,14.600352007658751
future research,0,43,0.0,2.912647664462989,-4.655113128215772,-1.8301881691798725,27.296310275188098
asd including,0,36,0.0,2.438495719085293,-4.333571463715533,-1.8308072273852554,22.852724881552827
positive outcomes,0,54,0.0,3.6577435786279393,-5.0394499464086735,-1.8321804215449469,34.27908732232924
objectives iacc,0,30,0.0,2.032079765904411,-3.9725585245335147,-1.8351268778502206,19.043937401294023
children adolescents,4,29,0.7253209545223761,1.9643437737075973,-0.9555054841974489,-1.8407272196453532,4.4499627970248845
years life,2,21,0.36266047726118805,1.4224558361330877,-1.338045525481082,-1.845323389650557,4.948958023648682
understand happening,0,40,0.0,2.709439687872548,-4.4937916300690635,-1.8471466227552558,25.391916535058698
asd iacc,0,41,0.0,2.7771756800693614,-4.5375408407987425,-1.8474472340334334,26.026714448435165
developmental delays,1,18,0.18133023863059403,1.2192478595426466,-1.7761371992463495,-1.8558412124050279,6.195266851143709
spectrum families,0,41,0.0,2.7771756800693614,-4.5089484337998105,-1.8622403146271096,26.026714448435165
anxiety depression,1,18,0.18133023863059403,1.2192478595426466,-1.8565157478826428,-1.862845255373051,6.195266851143709
outcomes people,1,18,0.18133023863059403,1.2192478595426466,-1.857942975003688,-1.8629381857078329,6.195266851143709
needed determine,3,25,0.543990715891782,1.6933998049203425,-1.1272355440966564,-1.8636424413590877,4.614567243309269
question biology,0,27,0.0,1.8288717893139697,-3.678573244042626,-1.8674064169497324,17.13954366116462
surveillance needs,0,47,0.0,3.183591633250244,-4.733453022325497,-1.8709079462845533,29.835501928693983
samples size,4,29,0.7253209545223761,1.9643437737075973,-0.9934967534893193,-1.8764241191317732,4.4499627970248845
objectives question,0,23,0.0,1.557927820526715,-3.2669873460334227,-1.8805414656443957,14.600352007658751
agencies private,0,24,0.0,1.6256638127235288,-3.3726285677602625,-1.8810438095620245,15.235149921035218
autism science,2,22,0.36266047726118805,1.4901918283299014,-1.3374485368252795,-1.8929986265646628,5.405831576446776
services delivery,7,41,1.2693116704141583,2.7771756800693614,-0.7612325226006487,-1.894395987055355,4.376485298815977
including autism,2,22,0.36266047726118805,1.4901918283299014,-1.3588804400878178,-1.9024367222709255,5.405831576446776
health resources,1,19,0.18133023863059403,1.2869838517394603,-1.7321127980991076,-1.9041244040849556,6.724752954748083
associated asd,0,41,0.0,2.7771756800693614,-4.427808413027892,-1.9044485116169236,26.026714448435165
including asd,1,19,0.18133023863059403,1.2869838517394603,-1.800185504491088,-1.9121890918631885,6.724752954748083
asd studies,0,30,0.0,2.032079765904411,-3.8016482954471087,-1.9128670794124742,19.043937401294023
plan question,0,20,0.0,1.354719843936274,-2.7447144695165964,-1.9132515016161842,12.695958267529349
services people,1,19,0.18133023863059403,1.2869838517394603,-1.8509022093444862,-1.916470971675651,6.724752954748083
improve access,1,19,0.18133023863059403,1.2869838517394603,-1.8767019099121391,-1.9181086637364047,6.724752954748083
projects funded,0,32,0.0,2.1675517502980384,-3.923870628276445,-1.9182325696056324,20.313533228046957
future studies,1,19,0.18133023863059403,1.2869838517394603,-1.8976116049605665,-1.9191767044292012,6.724752954748083
large number,1,19,0.18133023863059403,1.2869838517394603,-1.910396669175757,-1.9197175574517715,6.724752954748083
core value,1,19,0.18133023863059403,1.2869838517394603,-1.9394795375176663,-1.9206370785662041,6.724752954748083
biological mechanisms,4,30,0.7253209545223761,2.032079765904411,-1.019805631111188,-1.9376043048611018,4.830428853803902
total funding,1,20,0.18133023863059403,1.354719843936274,-1.6271548029034513,-1.9377981269361786,7.259509159735326
science foundation,0,25,0.0,1.6933998049203425,-3.3257941777971904,-1.938050458874797,15.869947834411684
model systems,0,36,0.0,2.438495719085293,-4.117052696615692,-1.9382166573773594,22.852724881552827
diagnosed asd,0,28,0.0,1.8966077815107836,-3.5823891833584582,-1.943215692077506,17.774341574541086
activities core,0,34,0.0,2.3030237346916658,-3.977427509434941,-1.9513055639155805,21.58312905479989
resources services,1,20,0.18133023863059403,1.354719843936274,-1.7721619131487785,-1.9615211112955746,7.259509159735326
question services,0,30,0.0,2.032079765904411,-3.683527034880841,-1.966212566784506,19.043937401294023
environmental health,1,20,0.18133023863059403,1.354719843936274,-1.8740900813679584,-1.9705216208986573,7.259509159735326
research develop,1,20,0.18133023863059403,1.354719843936274,-1.9058842751304965,-1.9721420955426336,7.259509159735326
state local,3,27,0.543990715891782,1.8288717893139697,-1.1639382461125507,-1.9722925738567765,5.447172260968037
physical health,1,20,0.18133023863059403,1.354719843936274,-1.9153749231067376,-1.9725213277312774,7.259509159735326
children identified,1,20,0.18133023863059403,1.354719843936274,-1.933271987149464,-1.973108225667307,7.259509159735326
studies autism,1,20,0.18133023863059403,1.354719843936274,-1.955801197276143,-1.9736125430452351,7.259509159735326
studies examining,1,20,0.18133023863059403,1.354719843936274,-1.974531513155286,-1.9738366397263254,7.259509159735326
supported nih,1,20,0.18133023863059403,1.354719843936274,-1.984780872804457,-1.9738854986600316,7.259509159735326
early detection,0,35,0.0,2.3707597268884797,-3.973658829164185,-1.981654933906235,22.21792696817636
happen prevented,0,50,0.0,3.386799609840685,-4.608329987308413,-1.999995885171505,31.73989566882337
caused happen,0,50,0.0,3.386799609840685,-4.608329987308413,-1.999995885171505,31.73989566882337
asd symptoms,0,45,0.0,3.0481196488566167,-4.413891033076943,-2.0028313982676895,28.56590610194103
current research,1,21,0.18133023863059403,1.4224558361330877,-2.000146590549946,-2.025146336262645,7.799032951953787
disparities access,1,21,0.18133023863059403,1.4224558361330877,-1.9973051640867752,-2.0251595873874426,7.799032951953787
diverse population,0,61,0.0,4.131895524005635,-4.895656516442307,-2.0328203197119175,38.722672715964514
improve outcomes,2,24,0.36266047726118805,1.6256638127235288,-1.461933398540637,-2.037013327081844,6.341707191719529
committee iacc,0,35,0.0,2.3707597268884797,-3.858898904906498,-2.038090257349339,22.21792696817636
funding question,0,23,0.0,1.557927820526715,-2.7452849347781143,-2.051594030149379,14.600352007658751
control prevention,2,25,0.36266047726118805,1.6933998049203425,-1.3850353108847795,-2.051907908969772,6.819541704687937
related autism,0,38,0.0,2.5739677034789206,-3.9932578417431355,-2.0548051151326954,24.12232070830576
studies suggest,1,22,0.18133023863059403,1.4901918283299014,-2.0267529337790897,-2.074839359109564,8.342890443737392
plan asd,0,45,0.0,3.0481196488566167,-4.2428978560919735,-2.097093611509595,28.56590610194103
ethnic minority,2,25,0.36266047726118805,1.6933998049203425,-1.506089226313188,-2.0981713325256934,6.819541704687937
meet needs,0,48,0.0,3.2513276254470576,-4.3609166054618225,-2.0985678171220017,30.470299842070435
people disabilities,0,31,0.0,2.0998157581012244,-3.453847464825923,-2.1022140555280973,19.67873531467049
data sharing,0,78,0.0,5.283407391351468,-5.188742446204365,-2.1043300104291607,49.514237243364455
improve health,4,33,0.7253209545223761,2.2352877424948523,-1.0876950590268528,-2.1072127864685393,6.017068889218036
services administration,1,23,0.18133023863059403,1.557927820526715,-1.8094132592698084,-2.115009821285927,8.89070441812835
analysis report,0,27,0.0,1.8288717893139697,-3.061129437571404,-2.1162405703180043,17.13954366116462
physical mental,0,54,0.0,3.6577435786279393,-4.5351240014263166,-2.1217260675990453,34.27908732232924
lives people,1,23,0.18133023863059403,1.557927820526715,-2.080859204501129,-2.1219014064952155,8.89070441812835
new objectives,0,67,0.0,4.538311477186518,-4.908717472505375,-2.122272336919343,42.531460196223335
objectives progress,1,23,0.18133023863059403,1.557927820526715,-2.0516387846044264,-2.1230371254668334,8.89070441812835
autism interventions,1,23,0.18133023863059403,1.557927820526715,-1.9692406024271083,-2.1239276917411782,8.89070441812835
private organizations,0,31,0.0,2.0998157581012244,-3.348962978570432,-2.1481600778697874,19.67873531467049
randomized controlled,0,51,0.0,3.454535602037499,-4.380644716530851,-2.151631971587989,32.37469358219985
appropriate services,1,24,0.18133023863059403,1.6256638127235288,-2.150591679002625,-2.165156882950541,9.442144868756666
address question,1,24,0.18133023863059403,1.6256638127235288,-2.137545715458657,-2.1661613739044365,9.442144868756666
research understand,1,24,0.18133023863059403,1.6256638127235288,-2.106418045621881,-2.168237834815713,9.442144868756666
center disease,2,27,0.36266047726118805,1.8288717893139697,-1.4577730034482137,-2.1698814726984104,7.792569677282881
increased risk,1,24,0.18133023863059403,1.6256638127235288,-2.04068818939224,-2.171083290960561,9.442144868756666
working group,8,49,1.4506419090447522,3.3190636176438715,-0.8243609528143416,-2.178699922115323,5.700325779467775
question treatment,0,41,0.0,2.7771756800693614,-3.907975715152846,-2.179818239791743,26.026714448435165
families members,0,55,0.0,3.7254795708247532,-4.4624948709391115,-2.184919923060678,34.91388523570573
asd prevalence,0,44,0.0,2.9803836566598028,-4.019915835969858,-2.196414062209841,27.931108188564565
recent research,1,25,0.18133023863059403,1.6933998049203425,-2.1825896615025684,-2.2088808195020317,9.996921435134759
asd risk,0,71,0.0,4.809255445973773,-4.815320733680182,-2.2456239597376793,45.07065184972921
underserved community,1,26,0.18133023863059403,1.7611357971171564,-2.214485182663706,-2.251066784798009,10.554777295101545
department health,0,35,0.0,2.3707597268884797,-3.413004688301765,-2.252895590650069,22.21792696817636
simons foundation,0,41,0.0,2.7771756800693614,-3.7609446997829767,-2.257859466223346,26.026714448435165
services systems,2,28,0.36266047726118805,1.8966077815107836,-1.616866989228317,-2.2642883649303034,8.286944635723176
core activities,0,43,0.0,2.912647664462989,-3.844082326901363,-2.267160240390009,27.296310275188098
services providers,0,52,0.0,3.522271594234313,-4.202147318645552,-2.2786700794951518,33.009491495576306
needs autistic,1,27,0.18133023863059403,1.8288717893139697,-2.255013250590764,-2.2906221326027034,11.115484190017074
aspirational goal,0,82,0.0,5.554351360138723,-4.973909539577513,-2.3028511105863148,52.05342889687033
social skills,0,45,0.0,3.0481196488566167,-3.8710756921585894,-2.304272596211107,28.56590610194103
early identification,1,27,0.18133023863059403,1.8288717893139697,-2.0648931350313298,-2.307509264358066,11.115484190017074
disorder research,0,49,0.0,3.3190636176438715,-4.025413076483481,-2.3146899183755822,31.105097755446902
funding recommended,0,72,0.0,4.876991438170586,-4.730912592059985,-2.317525860300972,45.705449763105655
genetic variation,2,29,0.36266047726118805,1.9643437737075973,-1.6604061825064367,-2.317990593181977,8.786084340153966
services policy,2,29,0.36266047726118805,1.9643437737075973,-1.667616581403827,-2.31959272881192,8.786084340153966
disease control,2,30,0.36266047726118805,2.032079765904411,-1.555504804544455,-2.3318919583085322,9.289675912940831
federal private,0,38,0.0,2.5739677034789206,-3.441421204118317,-2.3336283195519716,24.12232070830576
underserved population,2,30,0.36266047726118805,2.032079765904411,-1.663795790358222,-2.361305295086766,9.289675912940831
data collection,2,30,0.36266047726118805,2.032079765904411,-1.6728796986377699,-2.363329140421536,9.289675912940831
adults services,1,29,0.18133023863059403,1.9643437737075973,-2.289325789236882,-2.3721033545448305,12.244657061833827
funding projects,0,32,0.0,2.1675517502980384,-2.8666983901996943,-2.378032251500548,20.313533228046957
better understand,0,62,0.0,4.199631516202449,-4.345087494977609,-2.3953924497149335,39.35747062934098
underlying biology,2,31,0.36266047726118805,2.0998157581012244,-1.6839695044746783,-2.4075918294619085,9.797436327061842
address needs,1,30,0.18133023863059403,2.032079765904411,-2.3161490108434375,-2.4097539091265596,12.812775957374372
genetic factors,1,30,0.18133023863059403,2.032079765904411,-2.30787276594055,-2.411127864561522,12.812775957374372
needs individuals,2,31,0.36266047726118805,2.0998157581012244,-1.7020155321420187,-2.4113239676152127,9.797436327061842
data collected,1,30,0.18133023863059403,2.032079765904411,-2.299669712525482,-2.4124602893675626,12.812775957374372
support studies,1,30,0.18133023863059403,2.032079765904411,-2.298309565335188,-2.4126783733750115,12.812775957374372
risk asd,0,61,0.0,4.131895524005635,-4.287654585372154,-2.412890171720272,38.722672715964514
question infrastructure,0,57,0.0,3.8609515552183806,-4.088061203978862,-2.4572295571955074,36.18348106245864
needs research,2,32,0.36266047726118805,2.1675517502980384,-1.7658423292882084,-2.463901813931251,10.30910872443047
health well-being,0,55,0.0,3.7254795708247532,-4.000950345355504,-2.4674592714831847,34.91388523570573
past years,0,107,0.0,7.247751165059066,-5.1672315062060665,-2.4812330716912414,67.92337673128202
gaps needs,0,84,0.0,5.689823344532351,-4.74737208149734,-2.491435085077971,53.32302472362326
interventions research,2,34,0.36266047726118805,2.3030237346916658,-1.7459226438275781,-2.5414165456166757,11.343274550958938
needs opportunities,0,87,0.0,5.893031321122791,-4.736796246002803,-2.543325288846635,55.22741846375266
factors contribute,1,34,0.18133023863059403,2.3030237346916658,-2.4353084750651934,-2.546154698599654,15.105482758870004
objectives strategic,1,34,0.18133023863059403,2.3030237346916658,-2.401342689870507,-2.553742813436115,15.105482758870004
individuals disabilities,1,34,0.18133023863059403,2.3030237346916658,-2.205925685635677,-2.587434582421004,15.105482758870004
prevalence estimates,2,35,0.36266047726118805,2.3707597268884797,-1.8193404203859043,-2.5916518037988294,11.865359127862696
disorder asd,1,35,0.18133023863059403,2.3707597268884797,-2.347183394216966,-2.603415148327185,15.683130038025501
wide range,1,36,0.18133023863059403,2.438495719085293,-2.467643648784323,-2.6143080702447317,16.262365249150243
plan objectives,0,62,0.0,4.199631516202449,-3.9941943779245754,-2.6242657702936114,39.35747062934098
plan update,3,39,0.543990715891782,2.641703695675734,-1.5647565004608381,-2.647474762214425,10.954959819290673
best practices,1,37,0.18133023863059403,2.5062317112821066,-2.446210911231079,-2.6567494418023467,16.84310252582669
work needed,1,38,0.18133023863059403,2.5739677034789206,-2.564388699315204,-2.661220742124372,17.425262783828757
animal model,4,43,0.7253209545223761,2.912647664462989,-1.3671920778998459,-2.6617071893426676,10.352809890768507
health outcomes,5,47,0.9066511931529703,3.183591633250244,-1.229653624867181,-2.6651286140806985,9.935420553462553
racial ethnic,4,44,0.7253209545223761,2.9803836566598028,-1.3569579957154048,-2.6894301827127935,10.811663152893551
environmental exposure,13,78,2.3572931021977226,5.283407391351468,-0.8040085919893727,-2.704605185811612,8.727697662465367
young children,1,38,0.18133023863059403,2.5739677034789206,-2.364889713731083,-2.7121776130888344,17.425262783828757
autism developmental,1,38,0.18133023863059403,2.5739677034789206,-2.334493938834175,-2.718425379601108,17.425262783828757
research projects,2,39,0.36266047726118805,2.641703695675734,-1.7143852081698743,-2.726474432845927,13.983010941141387
research opportunities,1,41,0.18133023863059403,2.7771756800693614,-2.666074953703875,-2.7339356067759186,19.179578316815572
youth adults,2,39,0.36266047726118805,2.641703695675734,-1.888279055250985,-2.751080231352976,13.983010941141387
studies needed,2,39,0.36266047726118805,2.641703695675734,-1.9544922510313913,-2.7542607592635506,13.983010941141387
services research,2,40,0.36266047726118805,2.709439687872548,-1.9306108581196888,-2.7904502041791313,14.519018319470652
services needs,2,40,0.36266047726118805,2.709439687872548,-1.9466962517167499,-2.791028054229306,14.519018319470652
infrastructure surveillance,0,64,0.0,4.335103500596077,-3.805016804119046,-2.7920052661931725,40.627066456093914
autism risk,1,43,0.18133023863059403,2.912647664462989,-2.632518621528167,-2.813078194987083,20.355034774457597
addm network,4,47,0.7253209545223761,3.183591633250244,-1.3979781988203523,-2.8134028610348927,12.210326178237795
asd families,0,100,0.0,6.77359921968137,-4.625841947444716,-2.8148884465532733,63.47979133764674
human services,4,48,0.7253209545223761,3.2513276254470576,-1.3959588394817697,-2.8447472496035684,12.683414383439057
additional research,1,46,0.18133023863059403,3.11585564105343,-2.7521617503403135,-2.8671878715162573,22.12604026599884
specific objectives,1,44,0.18133023863059403,2.9803836566598028,-2.5382601735753063,-2.87712288122121,20.94437422847287
social communication,2,43,0.36266047726118805,2.912647664462989,-1.9551545259744216,-2.8993720926842856,16.14088953660567
portfolio analysis,5,54,0.9066511931529703,3.6577435786279393,-1.258311755517929,-2.9029086888657303,13.055336766887505
genetic risk,1,48,0.18133023863059403,3.2513276254470576,-2.6911058626668947,-2.954151692864834,23.31141000881666
projects funding,3,47,0.543990715891782,3.183591633250244,-1.6535155302334896,-2.957221201307162,14.951356681923835
health conditions,10,73,1.8133023863059405,4.9447274303674,-0.9814164991781613,-2.9613474038843766,11.313510394093907
young adults,4,51,0.7253209545223761,3.454535602037499,-1.4421093377761922,-2.9669190242958923,14.121421971188811
needs people,2,45,0.36266047726118805,3.0481196488566167,-2.056978775518571,-2.9680597457619333,17.232649011624304
research findings,1,51,0.18133023863059403,3.454535602037499,-2.8326533432518612,-2.9878880754119854,25.095763722042722
asd diagnosis,1,48,0.18133023863059403,3.2513276254470576,-2.5966041993724094,-2.988532044567052,23.31141000881666
health services,3,48,0.543990715891782,3.2513276254470576,-1.6502111002538964,-2.989656754694283,15.463663086645706
general population,2,46,0.36266047726118805,3.11585564105343,-2.072550089901366,-3.0015429784920995,17.7814088362567
environmental risk,2,48,0.36266047726118805,3.2513276254470576,-2.0879719960419347,-3.068003036949898,18.88428973751333
needs met,3,50,0.543990715891782,3.386799609840685,-1.78810417881395,-3.0881701274910838,16.495534110412027
support services,2,49,0.36266047726118805,3.3190636176438715,-2.088249223051733,-3.101161218437088,19.438265823507084
institute health,3,52,0.543990715891782,3.522271594234313,-1.649315271361039,-3.1194570742098575,17.536468587771918
controlled trials,5,58,0.9066511931529703,3.9286875474151945,-1.4338115096392139,-3.1457703639034524,14.910083470378147
health human,4,56,0.7253209545223761,3.793215563021567,-1.535255905325707,-3.1690213973823793,16.57388927144635
longitudinal studies,1,59,0.18133023863059403,3.996423539612008,-2.901738517353534,-3.1845943621365134,29.885350137864503
core symptoms,6,63,1.087981431783564,4.267367508399263,-1.3541942122610413,-3.2085933879425426,14.846874070946047
treatment interventions,0,84,0.0,5.689823344532351,-3.7851183464710134,-3.2139497858841564,53.32302472362326
children autism,5,62,0.9066511931529703,4.199631516202449,-1.3983989087754631,-3.2395906469946407,16.80871417303441
brain development,1,62,0.18133023863059403,4.199631516202449,-2.9421915728908514,-3.245118289554642,31.69136118402932
interventions services,0,110,0.0,7.4509591416495065,-4.266502184730376,-3.2590092024213217,69.82777047141145
mental health,48,217,8.703851454268513,14.698710306708573,-0.5137487602424642,-3.260408801229012,12.006799966357562
access services,4,58,0.7253209545223761,3.9286875474151945,-1.6375368317034624,-3.270820057630202,17.572168680307932
research studies,2,56,0.36266047726118805,3.793215563021567,-2.242779627042302,-3.303728199296815,23.357676679134215
children adults,2,57,0.36266047726118805,3.8609515552183806,-2.2707804179158435,-3.3287369674724707,23.922900605822463
interventions help,3,58,0.543990715891782,3.9286875474151945,-1.9104612780091,-3.3560784179961476,20.707337505374753
diagnostic tools,1,69,0.18133023863059403,4.673783461580145,-3.0655905454267325,-3.3562857881503954,35.92262210491788
interagency autism,5,65,0.9066511931529703,4.40283949279289,-1.4822243161679989,-3.376131956698114,18.25826636548446
recent studies,1,72,0.18133023863059403,4.876991438170586,-3.1506399918215644,-3.3778782669168526,37.742494828182615
support research,2,60,0.36266047726118805,4.064159531808822,-2.277660925112924,-3.416894737791536,25.625551914748744
brain tissue,1,74,0.18133023863059403,5.012463422564213,-3.15378464823101,-3.4231753658169763,38.95766468805925
community settings,6,69,1.087981431783564,4.673783461580145,-1.4335941753081025,-3.429682500424212,17.610864264268777
behavioral interventions,1,71,0.18133023863059403,4.809255445973773,-3.0177579744618743,-3.433364608728699,37.135475585714126
research funding,1,62,0.18133023863059403,4.199631516202449,-2.4183970850757284,-3.4672521590022605,31.69136118402932
plan autism,2,63,0.36266047726118805,4.267367508399263,-2.3852960153090343,-3.4769991412375525,27.337892372717725
screening diagnostic,2,63,0.36266047726118805,4.267367508399263,-2.3747157051336636,-3.479981858292607,27.337892372717725
autism coordinating,5,68,0.9066511931529703,4.6060474693833315,-1.5240475147812926,-3.4825067054734267,19.727618402376713
people autism,0,148,0.0,10.024926845128427,-4.511315649436268,-3.537072032884804,93.95009117971718
remaining gaps,1,80,0.18133023863059403,5.418879375745096,-3.169774698661624,-3.5506857451398335,42.611533895433475
screening tools,2,66,0.36266047726118805,4.470575484989705,-2.3859366929244192,-3.5613197342595053,29.059033717484507
coordinating committee,5,72,0.9066511931529703,4.876991438170586,-1.5791248846987367,-3.618833353381951,21.714726732441832
autism speaks,1,83,0.18133023863059403,5.622087352335537,-3.126263800856706,-3.6463657006368186,44.442747833235465
clinical trials,3,69,0.543990715891782,4.673783461580145,-2.075960928064023,-3.676122759708716,26.672113254385046
united state,4,79,0.7253209545223761,5.3511433835482825,-1.8655392694628876,-3.914644592933407,28.501419178974615
early interventions,7,88,1.2693116704141583,5.9607673133196055,-1.4779821781876636,-3.920150252636351,24.10904474897582
research needed,1,113,0.18133023863059403,7.654167118239948,-3.5257046205227063,-3.9360121708508737,62.872767341014914
screening diagnosis,4,81,0.7253209545223761,5.48661536794191,-1.8719065398569148,-3.9673222926009095,29.57584466375468
budget years,0,197,0.0,13.343990462772298,-4.485498167682533,-4.110845468869544,125.05518893516408
genetic environmental,4,87,0.7253209545223761,5.893031321122791,-2.018201404554387,-4.125978259420889,32.82616515026308
iacc recommended,0,199,0.0,13.479462447165925,-4.4471719343960485,-4.175643262190017,126.32478476191702
adults autism,3,92,0.543990715891782,6.23171128210686,-2.299935582992739,-4.226985219002758,39.578177538854625
adults asd,0,245,0.0,16.595318088219354,-4.547825736915691,-4.506188777542123,155.5254887772345
developmental disabilities,4,109,0.7253209545223761,7.383223149452693,-2.0435625018146357,-4.639824590170897,45.02432808167885
national institute,3,111,0.543990715891782,7.518695133846321,-2.258309556082973,-4.668819668067004,50.52930757748004
children asd,0,170,0.0,11.51511867345833,-3.636231869958828,-4.7332043649836555,107.91564527399946
risk factors,1,148,0.18133023863059403,10.024926845128427,-3.2816506105899617,-4.742575050969408,84.55312737657852
spectrum disorder,1,129,0.18133023863059403,8.737942993388966,-2.812224836682125,-4.7961318344513515,72.76577636685438
research services,6,123,1.087981431783564,8.331527040208085,-1.9670726463743673,-4.899402627561531,45.17222207892606
autism community,4,125,0.7253209545223761,8.466999024601712,-2.365053890095762,-4.905914735215889,54.10373739900186
recommended budget,0,306,0.0,20.72721361222499,-4.549382085786389,-5.034848242751264,194.24816149319904
individuals asd,1,203,0.18133023863059403,13.75040641595318,-3.6910415652017923,-5.096196204437459,118.83684875237837
environmental factors,9,156,1.6319721476753464,10.566814782702936,-1.8178020703176019,-5.471386240728258,52.60940576331575
autism research,38,277,6.890549067962573,18.762869838517396,-0.9530600304590315,-5.68714403796189,42.84019482046736
asd research,0,278,0.0,18.83060583071421,-3.8941421384421018,-5.699768236382455,176.47381991865794
people asd,1,363,0.18133023863059403,24.588165167443375,-4.1540850538225484,-6.094309924728668,219.24428692682233
individuals autism,14,202,2.5386233408283165,13.682670423756367,-1.6316605358548246,-6.101538760607037,61.00149404382251
iacc strategic,12,235,2.175962863567128,15.91795816625122,-1.8706254687183534,-6.754300591157276,84.43305060507709
services support,19,261,3.4452745339812867,17.679093963368373,-1.5863128600598735,-6.887392514598875,76.24825580142084
autism spectrum,1,508,0.18133023863059403,34.409884035981364,-3.79203611403571,-7.894135854026193,310.61861222098105
strategic plan,37,489,6.709218829331979,33.1229001842419,-1.5331143147813462,-9.3511322614285,139.01323045703305
