stem,rho_prior_plans,pred_per10k,target_per10k,ratio,verdict,target
impact,-0.7999999999999999,5.74657599846758,10.638750585131282,1.8439766144629226,held,SP-2013
development,-1.0,39.2682693228618,46.81050257457764,1.191825158675801,held,SP-2013
identifying,-1.0,7.662101331290106,7.659900421294523,0.9997146160428866,held,SP-2013
goal,-1.0,6.7043386648788434,26.38410145112558,3.913647621576545,reverses,SP-2013
administration,0.7999999999999999,7.662101331290106,4.681050257457764,0.6134579998660804,held,SP-2013
long-term,-1.0,0.9577626664112633,4.255500234052513,4.272335518624439,reverses,SP-2013
concern,0.7999999999999999,11.49315199693516,5.532150304268267,0.48358977736327063,reverses,SP-2013
discovery,-0.7999999999999999,3.831050665645053,2.553300140431508,0.6707720060126616,held,SP-2013
difference,-0.7999999999999999,12.450914663346422,10.213200561726032,0.8209959701443664,held,SP-2013
improvement,0.7999999999999999,6.7043386648788434,5.106600280863016,0.7634500632425,held,SP-2013
training,0.7999999999999999,9.577626664112634,11.915400655347035,1.242819344039227,held,SP-2013
affect,-1.0,2.87328799923379,4.681050257457764,1.6184003282255457,held,SP-2013
need,-0.7999999999999999,53.63470931903075,105.11085578109707,1.9588604858817498,held,SP-2013
review,0.7999999999999999,11.49315199693516,5.532150304268267,0.48358977736327063,reverses,SP-2013
research,-0.7999999999999999,175.27056795326118,151.49580833226946,0.8643926385903002,held,SP-2013
funding,-0.7999999999999999,5.74657599846758,92.76990510234478,16.012885042287593,reverses,SP-2013
course,-1.0,0.9577626664112633,2.1277501170262565,2.160975187522502,reverses,SP-2013
private,-0.7999999999999999,3.831050665645053,9.362100514915529,2.4251423971944424,reverses,SP-2013
process,-0.7999999999999999,5.74657599846758,3.8299502106472616,0.6693520815862658,held,SP-2013
practice,-1.0,5.74657599846758,15.745350865994297,2.724945014120415,reverses,SP-2013
determine,-1.0,5.74657599846758,8.511000468105026,1.4769064479389675,held,SP-2013
large-scale,-1.0,1.9155253328225266,2.553300140431508,1.3244805838717562,held,SP-2013
identified,1.0,19.155253328225267,20.426401123452063,1.0661875047156308,held,SP-2013
evidence,0.6000000000000001,10.535389330523897,9.362100514915529,0.8891595973494252,held,SP-2013
sleep,0.7999999999999999,9.577626664112634,6.80880037448402,0.7124082199874321,held,SP-2013
older,-0.7999999999999999,6.7043386648788434,3.8299502106472616,0.5744382097424572,held,SP-2013
databas,-1.0,0.9577626664112633,5.957700327673518,5.961423783505989,reverses,SP-2013
significant,-0.7999999999999999,5.74657599846758,10.638750585131282,1.8439766144629226,held,SP-2013
ideas,-1.0,0.9577626664112633,0.4255500234052513,0.47188692264095194,continues,SP-2013
known,-0.7999999999999999,8.61986399770137,5.957700327673518,0.6929405500785631,held,SP-2013
appropriate,-1.0,3.831050665645053,5.106600280863016,1.3286609027058291,held,SP-2013
marker,-0.7999999999999999,1.9155253328225266,7.234350397889272,3.706057752727524,reverses,SP-2013
test,-0.7999999999999999,10.535389330523897,5.106600280863016,0.4871431857488233,continues,SP-2013
necessary,-0.7999999999999999,0.9577626664112633,5.532150304268267,5.539151717285603,reverses,SP-2013
population,-0.7999999999999999,22.028541327459056,37.022852036256864,1.6791350246562438,held,SP-2013
trajectory,-1.0,0.0,2.553300140431508,52.06600280863015,reverses,SP-2013
sign,-1.0,0.0,1.702200093621005,35.044001872420104,reverses,SP-2013
implementation,1.0,7.662101331290106,9.362100514915529,1.2204326824296332,held,SP-2013
lifespan,-1.0,0.9577626664112633,10.213200561726032,10.184144445709867,reverses,SP-2013
live,-1.0,1.9155253328225266,2.1277501170262565,1.1079735685212317,held,SP-2013
address,-0.7999999999999999,6.7043386648788434,23.83080131069407,3.535623914576459,reverses,SP-2013
concerned,-0.7999999999999999,6.7043386648788434,3.40440018724201,0.5114342585757763,held,SP-2013
human,1.0,24.901829326692845,13.19205072556279,0.5307046049484145,held,SP-2013
intervention,-0.7999999999999999,76.62101331290107,77.45010425975573,1.0108136166594157,held,SP-2013
influence,-1.0,1.9155253328225266,2.553300140431508,1.3244805838717562,held,SP-2013
stem,1.0,10.535389330523897,2.978850163836759,0.28613497994852244,reverses,SP-2013
testing,-1.0,3.831050665645053,5.106600280863016,1.3286609027058291,held,SP-2013
used,-0.7999999999999999,17.23972799540274,17.873100983020553,1.036632906416239,held,SP-2013
develop,-1.0,8.61986399770137,20.00085110004681,2.312706532116636,reverses,SP-2013
associated,-0.7999999999999999,20.11301599463653,20.426401123452063,1.0155425720486904,held,SP-2013
science,0.7999999999999999,13.408677329757687,20.426401123452063,1.521427449499655,held,SP-2013
subpopulation,-0.7999999999999999,0.0,0.4255500234052513,9.511000468105024,reverses,SP-2013
form,-1.0,3.831050665645053,4.681050257457764,1.219012753256968,held,SP-2013
animal,-1.0,3.831050665645053,9.362100514915529,2.4251423971944424,reverses,SP-2013
increasing,-0.7999999999999999,2.87328799923379,1.702200093621005,0.599393591763886,held,SP-2013
studied,-1.0,1.9155253328225266,2.1277501170262565,1.1079735685212317,held,SP-2013
met,0.7999999999999999,16.281965328991475,46.81050257457764,2.8692506768547825,continues,SP-2013
imaging,1.0,11.49315199693516,6.383250351078769,0.5573218088774081,held,SP-2013
estimate,-0.7999999999999999,6.7043386648788434,5.957700327673518,0.8894579655758617,held,SP-2013
based,1.0,14.36643999616895,11.064300608536534,0.7709462676978552,held,SP-2013
short-term,-1.0,0.0,1.702200093621005,35.044001872420104,reverses,SP-2013
theme,-1.0,0.9577626664112633,0.0,0.049614856420564436,continues,SP-2013
feature,-0.7999999999999999,1.9155253328225266,2.1277501170262565,1.1079735685212317,held,SP-2013
limited,-1.0,6.7043386648788434,8.936550491510276,1.3304856237426281,held,SP-2013
happen,-0.7999999999999999,9.577626664112634,4.255500234052513,0.4472026579615346,continues,SP-2013
significantly,-0.6000000000000001,2.87328799923379,9.78765053832078,3.365269019302677,reverses,SP-2013
scientific,-1.0,4.788813332056317,12.340950678752288,2.560741617508645,reverses,SP-2013
priority,-1.0,3.831050665645053,3.8299502106472616,0.9997164543592454,held,SP-2013
community,-0.7999999999999999,28.7328799923379,49.36380271500915,1.716777568060016,held,SP-2013
turn,-0.7999999999999999,7.662101331290106,2.978850163836759,0.3927399334793339,continues,SP-2013
enhance,-1.0,2.87328799923379,5.106600280863016,1.76397271914864,held,SP-2013
report,1.0,15.324202662580213,10.213200561726032,0.6675598590036789,held,SP-2013
assessment,-1.0,4.788813332056317,8.085450444699774,1.6812904087049187,held,SP-2013
disorder,-1.0,39.2682693228618,33.61845184901485,0.8563055401179158,held,SP-2013
method,-1.0,5.74657599846758,13.61760074896804,2.35787484759646,reverses,SP-2013
currently,-1.0,4.788813332056317,11.064300608536534,2.2969062548675274,reverses,SP-2013
efficacy,-1.0,3.831050665645053,11.064300608536534,2.8637349949898874,reverses,SP-2013
use,-1.0,20.11301599463653,22.55415124047832,1.121069945413481,held,SP-2013
opportunity,-1.0,13.408677329757687,53.61930294906166,3.987710057540099,reverses,SP-2013
prevalence,0.7999999999999999,27.775117325926637,16.5964509128048,0.5982526764512192,held,SP-2013
pediatric,1.0,12.450914663346422,4.255500234052513,0.3444148168354871,reverses,SP-2013
inform,-1.0,0.0,3.40440018724201,69.0880037448402,reverses,SP-2013
wide,-0.7999999999999999,2.87328799923379,5.106600280863016,1.76397271914864,held,SP-2013
environmental,-1.0,23.94406666028158,22.12860121707307,0.9243369009133524,held,SP-2013
safety,-1.0,2.87328799923379,9.78765053832078,3.365269019302677,reverses,SP-2013
rate,1.0,15.324202662580213,3.40440018724201,0.22468808711945695,reverses,SP-2013
advance,0.7999999999999999,8.61986399770137,20.00085110004681,2.312706532116636,continues,SP-2013
developmental,-0.7999999999999999,16.281965328991475,15.319800842589046,0.9410870359432827,held,SP-2013
educational,-1.0,2.87328799923379,3.8299502106472616,1.3272555463793572,held,SP-2013
speak,0.7999999999999999,20.11301599463653,8.936550491510276,0.4456947558788203,reverses,SP-2013
know,-1.0,1.9155253328225266,0.8511000468105026,0.4584525224696586,continues,SP-2013
facilitate,-1.0,0.9577626664112633,4.681050257457764,4.694607584844827,reverses,SP-2013
lead,-1.0,3.831050665645053,5.106600280863016,1.3286609027058291,held,SP-2013
diverse,-1.0,2.87328799923379,11.489850631941785,3.947558582995054,reverses,SP-2013
promising,-0.7999999999999999,4.788813332056317,6.383250351078769,1.3295099251834284,held,SP-2013
mechanism,0.7999999999999999,15.324202662580213,10.213200561726032,0.6675598590036789,held,SP-2013
addm,0.7999999999999999,10.535389330523897,10.213200561726032,0.9695628796695455,held,SP-2013
biological,-1.0,9.577626664112634,14.894250819183796,1.552225833069441,held,SP-2013
best,-1.0,2.87328799923379,11.064300608536534,3.80198619207196,reverses,SP-2013
defined,-1.0,2.87328799923379,1.276650070215754,0.45382120084079175,continues,SP-2013
instrument,0.6000000000000001,5.74657599846758,2.1277501170262565,0.37569594836710163,reverses,SP-2013
effort,-0.7999999999999999,16.281965328991475,25.95855142772033,1.5924936713863571,held,SP-2013
controlled,-1.0,1.9155253328225266,3.8299502106472616,1.9740016299233292,held,SP-2013
autism,1.0,218.36988794176804,127.66500702157539,0.5847224271794559,held,SP-2013
effective,-1.0,11.49315199693516,14.043150772373293,1.2209100925046459,held,SP-2013
interaction,-1.0,3.831050665645053,7.659900421294523,1.986549799398997,held,SP-2013
early,-0.7999999999999999,24.901829326692845,42.12945231711988,1.6904352688881752,held,SP-2013
recent,0.7999999999999999,26.817354659515374,23.83080131069407,0.8888408112123691,held,SP-2013
unique,-1.0,3.831050665645053,1.276650070215754,0.3418275576660778,continues,SP-2013
knowledge,-0.7999999999999999,3.831050665645053,6.383250351078769,1.657605351052413,held,SP-2013
functioning,-1.0,3.831050665645053,3.8299502106472616,0.9997164543592454,held,SP-2013
cell,1.0,27.775117325926637,7.234350397889272,0.2617904648007333,reverses,SP-2013
general,0.7999999999999999,8.61986399770137,12.340950678752288,1.4291978146413238,held,SP-2013
evaluation,-1.0,3.831050665645053,8.936550491510276,2.3154942477455807,reverses,SP-2013
strategy,-1.0,4.788813332056317,8.936550491510276,1.857180650465664,held,SP-2013
agency,-1.0,1.9155253328225266,8.511000468105026,4.3555787987790975,reverses,SP-2013
public,-1.0,13.408677329757687,13.61760074896804,1.0155233247734097,held,SP-2013
child,0.7999999999999999,14.36643999616895,6.383250351078769,0.4462440347817042,reverses,SP-2013
possible,-1.0,7.662101331290106,11.489850631941785,1.4963302654130661,held,SP-2013
continue,1.0,17.23972799540274,8.936550491510276,0.5197623984541434,held,SP-2013
little,-1.0,1.9155253328225266,3.8299502106472616,1.9740016299233292,held,SP-2013
different,0.7999999999999999,15.324202662580213,8.936550491510276,0.5845214017753873,held,SP-2013
prevented,-1.0,7.662101331290106,3.8299502106472616,0.5030989666727071,held,SP-2013
director,0.7999999999999999,23.94406666028158,11.489850631941785,0.48094601033363804,reverses,SP-2013
medication,-1.0,5.74657599846758,7.234350397889272,1.256664348024594,held,SP-2013
common,0.7999999999999999,11.49315199693516,4.681050257457764,0.4098577458491331,reverses,SP-2013
compared,0.7999999999999999,9.577626664112634,7.234350397889272,0.7566091469917483,held,SP-2013
identify,-1.0,13.408677329757687,16.5964509128048,1.236856379341142,held,SP-2013
heterogeneity,-1.0,3.831050665645053,3.8299502106472616,0.9997164543592454,held,SP-2013
people,-1.0,14.36643999616895,26.38410145112558,1.8336081208779855,held,SP-2013
randomized,-1.0,1.9155253328225266,5.106600280863016,2.623522675974902,reverses,SP-2013
existing,-1.0,6.7043386648788434,16.170900889399547,2.401552793576203,reverses,SP-2013
caus,-1.0,4.788813332056317,5.532150304268267,1.1536196834226833,held,SP-2013
symptom,-1.0,10.535389330523897,18.298651006425807,1.7333940617106889,held,SP-2013
designed,-1.0,2.87328799923379,3.40440018724201,1.1816831554562628,held,SP-2013
current,-1.0,7.662101331290106,14.894250819183796,1.9377663981865592,held,SP-2013
period,0.7999999999999999,5.74657599846758,10.638750585131282,1.8439766144629226,held,SP-2013
sibling,0.7999999999999999,10.535389330523897,6.80880037448402,0.647949750389064,held,SP-2013
center,0.7999999999999999,27.775117325926637,14.894250819183796,0.5370777288784035,held,SP-2013
national,0.7999999999999999,32.56393065798295,18.298651006425807,0.5626016440289018,held,SP-2013
age,-0.7999999999999999,15.324202662580213,14.894250819183796,0.9720342021740814,held,SP-2013
developing,-0.7999999999999999,12.450914663346422,12.766500702157538,1.0252450358481717,held,SP-2013
cas,-1.0,6.7043386648788434,6.80880037448402,1.0154658679092234,held,SP-2013
setting,-0.7999999999999999,9.577626664112634,24.681901357504575,2.5688471541687146,reverses,SP-2013
activity,0.7999999999999999,15.324202662580213,26.38410145112558,1.7193803172287059,held,SP-2013
progress,0.7999999999999999,14.36643999616895,78.30120430656623,5.434851067766204,continues,SP-2013
family,-1.0,22.028541327459056,25.95855142772033,1.1780013471892514,held,SP-2013
outcome,-1.0,16.281965328991475,30.639601685178093,1.8791125909813098,held,SP-2013
assess,-1.0,0.0,7.659900421294523,154.19800842589046,reverses,SP-2013
using,0.7999999999999999,15.324202662580213,8.936550491510276,0.5845214017753873,held,SP-2013
scientist,-1.0,2.87328799923379,3.40440018724201,1.1816831554562628,held,SP-2013
behavioral,-1.0,27.775117325926637,21.277501170262564,0.7664837822764621,held,SP-2013
year,-0.7999999999999999,68.95891198161095,53.19375292565641,0.7715489405171967,held,SP-2013
vaccine,-1.0,0.0,0.0,1.0,held,SP-2013
finding,0.7999999999999999,30.648405325160425,17.873100983020553,0.5838446913830658,held,SP-2013
past,0.7999999999999999,35.43721865721674,17.447550959615302,0.49306628193745394,reverses,SP-2013
vary,-1.0,0.0,0.0,1.0,held,SP-2013
critical,-0.7999999999999999,7.662101331290106,5.532150304268267,0.7238170330594537,held,SP-2013
asd,-1.0,220.28541327459055,218.73271203029915,0.9929530109517332,held,SP-2013
received,-1.0,4.788813332056317,4.681050257457764,0.977729441661938,held,SP-2013
foundation,0.6000000000000001,10.535389330523897,9.362100514915529,0.8891595973494252,held,SP-2013
attention,0.6000000000000001,8.61986399770137,7.659900421294523,0.8892758206286326,held,SP-2013
focus,-1.0,7.662101331290106,20.00085110004681,2.5999205973467983,reverses,SP-2013
gene,0.7999999999999999,27.775117325926637,23.40525128728882,0.8429524667424816,held,SP-2013
project,0.7999999999999999,9.577626664112634,129.79275713860164,13.486476124234828,continues,SP-2013
spectrum,-0.7999999999999999,19.155253328225267,31.490701731988594,1.6422955320060455,held,SP-2013
pathway,1.0,14.36643999616895,8.085450444699774,0.5643175740239409,held,SP-2013
happening,-0.7999999999999999,7.662101331290106,2.978850163836759,0.3927399334793339,continues,SP-2013
sample,0.7999999999999999,25.859591993104107,25.107451380909826,0.9709705728907477,held,SP-2013
improve,-0.7999999999999999,9.577626664112634,10.638750585131282,1.1102165630262784,held,SP-2013
affected,-0.7999999999999999,7.662101331290106,4.681050257457764,0.6134579998660804,held,SP-2013
health,0.7999999999999999,59.381285317498325,55.321503042682664,0.931689475448374,held,SP-2013
increased,0.7999999999999999,11.49315199693516,12.340950678752288,1.0734460294763708,held,SP-2013
multiple,-1.0,2.87328799923379,9.362100514915529,3.219696628379583,reverses,SP-2013
disability,0.7999999999999999,16.281965328991475,19.149751053236308,1.1755934247027895,held,SP-2013
environment,-1.0,2.87328799923379,6.80880037448402,2.346262282841017,reverses,SP-2013
exposure,-1.0,18.197490661814,23.40525128728882,1.285395987974004,held,SP-2013
help,-0.7999999999999999,18.197490661814,11.915400655347035,0.6557285534271672,held,SP-2013
hold,-1.0,4.788813332056317,4.255500234052513,0.8897843207815653,held,SP-2013
syndrome,0.7999999999999999,7.662101331290106,6.80880037448402,0.8893555828495133,held,SP-2013
female,-1.0,1.9155253328225266,7.659900421294523,3.922564768078048,reverses,SP-2013
response,-1.0,5.74657599846758,7.234350397889272,1.256664348024594,held,SP-2013
adulthood,-0.7999999999999999,2.87328799923379,8.085450444699774,2.7829794556103,reverses,SP-2013
education,0.7999999999999999,19.155253328225267,12.766500702157538,0.6673434858222667,held,SP-2013
factor,-1.0,28.7328799923379,21.277501170262564,0.7409787059508992,held,SP-2013
dna,1.0,17.23972799540274,6.383250351078769,0.3720851104649733,reverses,SP-2013
targeted,-1.0,4.788813332056317,5.532150304268267,1.1536196834226833,held,SP-2013
cost,-1.0,2.87328799923379,9.78765053832078,3.365269019302677,reverses,SP-2013
program,1.0,22.98630399387032,21.703051193667815,0.9442943277470222,held,SP-2013
cdc,0.7999999999999999,10.535389330523897,3.8299502106472616,0.3665382622686428,reverses,SP-2013
reported,1.0,17.23972799540274,4.255500234052513,0.2490207038073315,reverses,SP-2013
parent,0.7999999999999999,21.070778661047793,10.638750585131282,0.5060774868515675,held,SP-2013
professor,0.7745966692414834,25.859591993104107,10.638750585131282,0.4125402896338976,reverses,SP-2013
researcher,-0.7999999999999999,21.070778661047793,12.340950678752288,0.5866711108338265,held,SP-2013
skill,0.7999999999999999,16.281965328991475,4.681050257457764,0.2896804005002081,reverses,SP-2013
mandell,-0.7999999999999999,4.788813332056317,0.4255500234052513,0.09827823285821197,continues,SP-2013
caregiver,-0.7999999999999999,3.831050665645053,0.8511000468105026,0.2321794082172165,continues,SP-2013
department,1.0,25.859591993104107,10.213200561726032,0.3961158695381079,reverses,SP-2013
budget,-0.7999999999999999,1.9155253328225266,63.406953487382445,32.28498377899674,reverses,SP-2013
potential,0.7999999999999999,22.98630399387032,18.724201029831057,0.8149832123602225,held,SP-2013
technology,0.7999999999999999,8.61986399770137,11.064300608536534,1.2819463617287716,held,SP-2013
specific,-1.0,14.36643999616895,36.597302012851614,2.5420493563314057,reverses,SP-2013
analysis,0.7999999999999999,10.535389330523897,16.170900889399547,1.5323858559103878,held,SP-2013
medical,-0.7999999999999999,18.197490661814,13.61760074896804,0.7490126178044764,held,SP-2013
approache,-0.7999999999999999,9.577626664112634,17.022000936210052,1.773230468091022,held,SP-2013
recommended,-0.7999999999999999,1.9155253328225266,69.79020383846121,35.53258900925461,reverses,SP-2013
member,1.0,27.775117325926637,7.234350397889272,0.2617904648007333,reverses,SP-2013
date,0.6000000000000001,4.788813332056317,7.659900421294523,1.5933452878245462,held,SP-2013
network,1.0,19.155253328225267,16.170900889399547,0.8446074942193174,held,SP-2013
act,0.7999999999999999,10.535389330523897,4.255500234052513,0.406739903428703,reverses,SP-2013
effect,0.7999999999999999,29.690642658749162,6.383250351078769,0.2163117463497791,reverses,SP-2013
allow,-1.0,0.9577626664112633,2.1277501170262565,2.160975187522502,reverses,SP-2013
target,-1.0,2.87328799923379,9.362100514915529,3.219696628379583,reverses,SP-2013
sharing,-0.7999999999999999,7.662101331290106,5.957700327673518,0.7789965496561401,held,SP-2013
challenge,-0.7999999999999999,11.49315199693516,16.170900889399547,1.4052401712899893,held,SP-2013
genetic,-1.0,31.606167991571688,34.895101919230605,1.1038955166188964,held,SP-2013
diagnosed,-1.0,8.61986399770137,4.255500234052513,0.4966052795284937,continues,SP-2013
complex,-1.0,4.788813332056317,3.8299502106472616,0.8018391999011928,held,SP-2013
experience,-0.7999999999999999,3.831050665645053,4.681050257457764,1.219012753256968,held,SP-2013
study,-0.7999999999999999,113.01599463652907,136.60155751308565,1.2085999681192972,held,SP-2013
plan,-0.7999999999999999,40.22603198927306,58.300353206519425,1.448761219130529,held,SP-2013
emerged,0.7999999999999999,15.324202662580213,3.40440018724201,0.22468808711945695,reverses,SP-2013
data,1.0,62.25457331673211,66.3858036512192,1.066307015914956,held,SP-2013
include,0.6000000000000001,17.23972799540274,27.23520149793608,1.578116295709863,held,SP-2013
range,-1.0,3.831050665645053,7.659900421294523,1.986549799398997,held,SP-2013
variation,-1.0,5.74657599846758,4.681050257457764,0.8161801481958479,held,SP-2013
individual,1.0,48.845895986974426,26.38410145112558,0.5406200442296316,held,SP-2013
area,1.0,14.36643999616895,34.469551895825354,2.3944574322786094,continues,SP-2013
conduct,-0.7999999999999999,2.87328799923379,10.213200561726032,3.5108414102257717,reverses,SP-2013
severity,-1.0,0.9577626664112633,3.8299502106472616,3.850063452404052,reverses,SP-2013
risk,-1.0,46.9303706541519,50.21490276181965,1.0699128606678516,held,SP-2013
insight,-0.7999999999999999,6.7043386648788434,3.40440018724201,0.5114342585757763,held,SP-2013
core,-1.0,6.7043386648788434,28.086301544746586,4.165663426243269,reverses,SP-2013
likely,0.7999999999999999,13.408677329757687,7.234350397889272,0.5412382078425548,held,SP-2013
link,-1.0,4.788813332056317,4.255500234052513,0.8897843207815653,held,SP-2013
recently,0.7999999999999999,9.577626664112634,2.553300140431508,0.2703989499442696,reverses,SP-2013
mental,0.7999999999999999,15.324202662580213,11.064300608536534,0.7229188304892067,held,SP-2013
prevention,-1.0,3.831050665645053,6.80880037448402,1.7672535005012742,held,SP-2013
university,0.9486832980505139,28.7328799923379,13.19205072556279,0.4600669123134262,reverses,SP-2013
nih,0.7999999999999999,11.49315199693516,14.043150772373293,1.2209100925046459,held,SP-2013
neurodevelopmental,-0.7999999999999999,4.788813332056317,1.702200093621005,0.36211359549932975,continues,SP-2013
iacc,-0.7999999999999999,53.63470931903075,52.76820290225116,0.9838593441638992,held,SP-2013
play,0.7999999999999999,8.61986399770137,3.40440018724201,0.39843764425345896,reverses,SP-2013
policy,-0.7999999999999999,7.662101331290106,8.511000468105026,1.11007364923626,held,SP-2013
model,0.6000000000000001,15.324202662580213,25.107451380909826,1.6363418600004143,held,SP-2013
value,-1.0,1.9155253328225266,4.255500234052513,2.1905086452738534,reverses,SP-2013
require,-1.0,5.74657599846758,4.681050257457764,0.8161801481958479,held,SP-2013
ages,-0.7999999999999999,2.87328799923379,2.978850163836759,1.0361107645331686,held,SP-2013
aspirational,-1.0,0.0,11.489850631941785,230.7970126388357,reverses,SP-2013
evidence-based,-1.0,1.9155253328225266,5.106600280863016,2.623522675974902,reverses,SP-2013
work,1.0,7.662101331290106,29.362951614962338,3.8138699624739036,continues,SP-2013
ndar,0.6,14.468700795778544,4.322143783316525,0.30113877576344633,reverses,SP-2017
impact,-0.7999999999999999,10.638750585131282,14.407145944388416,1.352557142132141,held,SP-2017
identifying,-0.9999999999999999,7.659900421294523,7.203572972194208,0.9408127959941024,held,SP-2017
administration,0.6,4.681050257457764,2.1610718916582625,0.46735328760730277,reverses,SP-2017
support,-0.6,46.81050257457764,59.06929837199251,1.2616018848262505,held,SP-2017
long-term,-0.8999999999999998,4.255500234052513,7.9239302694136295,1.8520334074882259,held,SP-2017
discovery,-0.8999999999999998,2.553300140431508,6.123037026365077,2.371235237340659,reverses,SP-2017
site,0.8999999999999998,7.659900421294523,2.8814291888776835,0.3802162192369126,reverses,SP-2017
difference,-0.8999999999999998,10.213200561726032,16.20803918743697,1.5841100531609162,held,SP-2017
provide,-0.6,17.022000936210052,30.975363780435096,1.8173243954450404,held,SP-2017
training,0.8999999999999998,11.915400655347035,16.568217836046678,1.3888559451304638,held,SP-2017
affect,-0.8999999999999998,4.681050257457764,3.241607837487394,0.6957456924704375,held,SP-2017
review,0.6,5.532150304268267,4.322143783316525,0.7832364850465353,held,SP-2017
research,-0.8999999999999998,151.49580833226946,157.39806944244344,1.038947042977481,held,SP-2017
characteristic,-0.6,5.532150304268267,8.284108918023339,1.4929925680522877,held,SP-2017
benefit,0.6,10.213200561726032,9.36464486385247,0.9173205577762914,held,SP-2017
function,0.9999999999999999,8.511000468105026,15.847860538827259,1.8570096565298102,held,SP-2017
process,-0.8999999999999998,3.8299502106472616,11.165538106901023,2.8906396984486107,reverses,SP-2017
additional,-0.7,5.957700327673518,15.487681890217548,2.5862944292753225,reverses,SP-2017
determine,-0.7,8.511000468105026,6.843394323584498,0.8052089646842815,held,SP-2017
large-scale,-0.8999999999999998,2.553300140431508,5.042501080535946,1.9561713232542761,held,SP-2017
identified,0.9999999999999999,20.426401123452063,17.2885751332661,0.8467589118191212,held,SP-2017
sleep,0.6,6.80880037448402,4.322143783316525,0.6374502164520914,held,SP-2017
resource,-0.6,17.873100983020553,18.72928972770494,1.0477701233450338,held,SP-2017
older,-0.8999999999999998,3.8299502106472616,2.521250540267973,0.6627019422084366,held,SP-2017
databas,-0.8999999999999998,5.957700327673518,1.800893243048552,0.30808681227369256,continues,SP-2017
gaps,0.7,41.27835227030938,11.165538106901023,0.27137636733120757,reverses,SP-2017
committee,0.6,17.447550959615302,9.724823512462182,0.5586395224693256,held,SP-2017
tissue,-0.7,14.894250819183796,10.085002161071891,0.6781873700929647,held,SP-2017
known,-0.8999999999999998,5.957700327673518,9.004466215242761,1.5071434528008665,held,SP-2017
appropriate,-0.8999999999999998,5.106600280863016,11.885895404120443,2.3146830768358173,reverses,SP-2017
identification,-0.7,8.085450444699774,7.563751620803918,0.9358733941725695,held,SP-2017
test,-0.8999999999999998,5.106600280863016,3.601786486097104,0.7081771491285603,held,SP-2017
necessary,-0.7999999999999999,5.532150304268267,10.805359458291312,1.9446555299650394,held,SP-2017
trajectory,-0.8999999999999998,2.553300140431508,3.241607837487394,1.2643981331103051,held,SP-2017
sign,-0.8999999999999998,1.702200093621005,5.042501080535946,2.9063467688853097,reverses,SP-2017
implementation,0.9999999999999999,9.362100514915529,8.64428756663305,0.9237350953546504,held,SP-2017
lifespan,-0.7,10.213200561726032,18.008932430485523,1.7595809729989755,held,SP-2017
live,-0.8999999999999998,2.1277501170262565,6.843394323584498,3.1653743327528825,reverses,SP-2017
disparity,0.8999999999999998,7.234350397889272,12.606252701339864,1.7374579763498426,held,SP-2017
concerned,-0.8999999999999998,3.40440018724201,0.0,0.014474292869906298,continues,SP-2017
therapy,-0.7,5.106600280863016,8.64428756663305,1.6860503225155863,held,SP-2017
human,0.8999999999999998,13.19205072556279,14.046967295778707,1.0645607382069278,held,SP-2017
intervention,-0.6,77.45010425975573,78.51894539691688,1.0137914799905137,held,SP-2017
mean,-0.6,2.1277501170262565,4.322143783316525,2.007642543161352,reverses,SP-2017
influence,-0.8999999999999998,2.553300140431508,3.601786486097104,1.4027527711390992,held,SP-2017
number,0.7,34.469551895825354,17.64875378187581,0.5127167883084898,held,SP-2017
testing,-0.8999999999999998,5.106600280863016,5.042501080535946,0.9875694843819962,held,SP-2017
federal,-0.6,4.681050257457764,14.407145944388416,3.0558005427228294,reverses,SP-2017
used,-0.6,17.873100983020553,12.966431349949575,0.7262376841083856,held,SP-2017
develop,-0.8999999999999998,20.00085110004681,26.29304134850886,1.3138116290957527,held,SP-2017
associated,-0.6,20.426401123452063,12.966431349949575,0.6356796427005709,held,SP-2017
science,0.8999999999999998,20.426401123452063,10.805359458291312,0.5301400081412957,held,SP-2017
form,-0.8999999999999998,4.681050257457764,3.241607837487394,0.6957456924704375,held,SP-2017
studied,-0.8999999999999998,2.1277501170262565,1.4407145944388418,0.6845204979138885,held,SP-2017
criteria,0.6,5.532150304268267,2.1610718916582625,0.3960968034070339,reverses,SP-2017
met,0.8999999999999998,46.81050257457764,1.4407145944388418,0.031811750035467434,reverses,SP-2017
update,0.6,14.043150772373293,5.042501080535946,0.36134581704176044,reverses,SP-2017
imaging,0.8999999999999998,6.383250351078769,9.36464486385247,1.4634351766325653,held,SP-2017
estimate,-0.8999999999999998,5.957700327673518,3.9619651347068148,0.6678038044318446,held,SP-2017
based,0.8999999999999998,11.064300608536534,10.445180809681602,0.9442952084290931,held,SP-2017
short-term,-0.8999999999999998,1.702200093621005,0.7203572972194209,0.43965144164981795,continues,SP-2017
theme,-0.9999999999999999,0.0,0.0,1.0,held,SP-2017
feature,-0.7999999999999999,2.1277501170262565,7.563751620803918,3.496154844064748,reverses,SP-2017
limited,-0.7,8.936550491510276,6.843394323584498,0.7670790177050455,held,SP-2017
happen,-0.8999999999999998,4.255500234052513,0.7203572972194209,0.17892399380834062,continues,SP-2017
scientific,-0.8999999999999998,12.340950678752288,6.483215674974788,0.5272570155716778,held,SP-2017
priority,-0.9999999999999999,3.8299502106472616,7.563751620803918,1.9623323000152046,held,SP-2017
turn,-0.8999999999999998,2.978850163836759,1.0805359458291313,0.3732558181078984,continues,SP-2017
enhance,-0.8999999999999998,5.106600280863016,6.483215674974788,1.2669618196354322,held,SP-2017
report,0.8999999999999998,10.213200561726032,14.046967295778707,1.3735449493552452,held,SP-2017
greater,0.9999999999999999,8.936550491510276,11.885895404120443,1.3281954422218465,held,SP-2017
assessment,-0.8999999999999998,8.085450444699774,8.284108918023339,1.0244188658850464,held,SP-2017
disorder,-0.9999999999999999,33.61845184901485,29.534649185996255,0.8787053624760567,held,SP-2017
method,-0.7,13.61760074896804,13.326609998559285,0.9787094490281532,held,SP-2017
currently,-0.8999999999999998,11.064300608536534,9.004466215242761,0.8146681050077338,held,SP-2017
cognitive,-0.7,2.553300140431508,7.9239302694136295,3.0630084274846303,reverses,SP-2017
use,-0.7,22.55415124047832,21.610718916582623,0.9582628733165505,held,SP-2017
inform,-0.8999999999999998,3.40440018724201,5.042501080535946,1.474207041599831,held,SP-2017
wide,-0.7999999999999999,5.106600280863016,3.9619651347068148,0.7780252329419194,held,SP-2017
environmental,-0.9999999999999999,22.12860121707307,24.49214810546031,1.1065687986926689,held,SP-2017
safety,-0.7,9.78765053832078,6.843394323584498,0.7007155109578789,held,SP-2017
advance,0.8999999999999998,20.00085110004681,14.407145944388416,0.7210240539043585,held,SP-2017
developmental,-0.8999999999999998,15.319800842589046,21.970897565192335,1.4327379899532198,held,SP-2017
educational,-0.8999999999999998,3.8299502106472616,4.682322431926235,1.21968638126848,held,SP-2017
speak,0.6,8.936550491510276,1.4407145944388418,0.16588284857990185,reverses,SP-2017
know,-0.9999999999999999,0.8511000468105026,2.521250540267973,2.8534573373612258,reverses,SP-2017
facilitate,-0.8999999999999998,4.681050257457764,7.563751620803918,1.6093153119229762,held,SP-2017
lead,-0.8999999999999998,5.106600280863016,11.525716755510734,2.2448349930224585,reverses,SP-2017
diverse,-0.7,11.489850631941785,11.525716755510734,1.003108023206962,held,SP-2017
remaining,0.6708203932499368,36.171751989446356,1.0805359458291313,0.03121152025331427,reverses,SP-2017
addm,0.7999999999999999,10.213200561726032,3.9619651347068148,0.39090779826211397,reverses,SP-2017
institute,0.6,17.022000936210052,3.601786486097104,0.21390500737096332,reverses,SP-2017
funded,0.8999999999999998,24.681901357504575,6.483215674974788,0.26416148037046766,reverses,SP-2017
biological,-0.8999999999999998,14.894250819183796,14.767324592998127,0.9915066852315718,held,SP-2017
best,-0.7,11.064300608536534,9.36464486385247,0.8470748808630736,held,SP-2017
dissemination,0.7,7.234350397889272,7.203572972194208,0.9957748565055324,held,SP-2017
phenotype,-0.6,5.957700327673518,9.004466215242761,1.5071434528008665,held,SP-2017
controlled,-0.8999999999999998,3.8299502106472616,1.4407145944388418,0.3842097226784149,continues,SP-2017
autism,0.7,127.66500702157539,138.3086010661288,1.0833386325755388,held,SP-2017
interaction,-0.8999999999999998,7.659900421294523,7.9239302694136295,1.0342455587869674,held,SP-2017
recent,0.7999999999999999,23.83080131069407,26.29304134850886,1.103105419528455,held,SP-2017
unique,-0.9999999999999999,1.276650070215754,5.402679729145656,4.110111514379133,reverses,SP-2017
functioning,-0.9999999999999999,3.8299502106472616,3.601786486097104,0.9411941617384583,held,SP-2017
general,0.8999999999999998,12.340950678752288,9.004466215242761,0.7307321649475329,held,SP-2017
strategy,-0.8999999999999998,8.936550491510276,16.92839648465639,1.8893118667386473,held,SP-2017
language,-0.7,2.1277501170262565,11.885895404120443,5.480837911935944,reverses,SP-2017
agency,-0.7,8.511000468105026,11.525716755510734,1.3521453244439565,held,SP-2017
public,-0.8999999999999998,13.61760074896804,9.724823512462182,0.715182107818025,held,SP-2017
possible,-0.7,11.489850631941785,10.445180809681602,0.9094728471295301,held,SP-2017
continue,0.8999999999999998,8.936550491510276,10.085002161071891,1.127796719180132,held,SP-2017
little,-0.8999999999999998,3.8299502106472616,7.203572972194208,1.869501560171864,held,SP-2017
does,-0.7,3.40440018724201,5.042501080535946,1.474207041599831,held,SP-2017
prevented,-0.9999999999999999,3.8299502106472616,1.4407145944388418,0.3842097226784149,continues,SP-2017
director,0.7999999999999999,11.489850631941785,0.36017864860971044,0.03554453707350028,reverses,SP-2017
medication,-0.7,7.234350397889272,1.800893243048552,0.2540917366612225,continues,SP-2017
person,-0.7,3.8299502106472616,7.563751620803918,1.9623323000152046,held,SP-2017
compared,0.7999999999999999,7.234350397889272,7.203572972194208,0.9957748565055324,held,SP-2017
approach,0.6,6.383250351078769,9.004466215242761,1.407448136030405,held,SP-2017
identify,-0.8999999999999998,16.5964509128048,10.085002161071891,0.6088386175623678,held,SP-2017
heterogeneity,-0.9999999999999999,3.8299502106472616,8.64428756663305,2.2408245195452268,reverses,SP-2017
people,-0.8999999999999998,26.38410145112558,23.771790808240887,0.9011764917481824,held,SP-2017
randomized,-0.8999999999999998,5.106600280863016,2.521250540267973,0.49863289768848335,continues,SP-2017
existing,-0.7,16.170900889399547,8.64428756663305,0.5359928912650479,held,SP-2017
caus,-0.8999999999999998,5.532150304268267,6.483215674974788,1.1703761666860366,held,SP-2017
symptom,-0.8999999999999998,18.298651006425807,23.051433511021468,1.2590262631803946,held,SP-2017
designed,-0.8999999999999998,3.40440018724201,4.322143783316525,1.2656737917812704,held,SP-2017
collection,-0.7,7.234350397889272,8.64428756663305,1.1935570217973486,held,SP-2017
period,0.8999999999999998,10.638750585131282,12.606252701339864,1.1840722262661363,held,SP-2017
sibling,0.7999999999999999,6.80880037448402,3.241607837487394,0.479910138474473,reverses,SP-2017
center,0.6,14.894250819183796,5.042501080535946,0.3407665691744647,reverses,SP-2017
subject,0.6,15.319800842589046,7.203572972194208,0.47193669238022096,reverses,SP-2017
age,-0.8999999999999998,14.894250819183796,14.767324592998127,0.9915066852315718,held,SP-2017
youth,-0.6,4.681050257457764,11.165538106901023,2.3706233281334255,reverses,SP-2017
developing,-0.6,12.766500702157538,12.246074052730155,0.9593940138949335,held,SP-2017
cas,-0.8999999999999998,6.80880037448402,9.36464486385247,1.3726372470143111,held,SP-2017
information,-0.6,13.19205072556279,19.80982567353407,1.4997545384111963,held,SP-2017
activity,0.8999999999999998,26.38410145112558,15.487681890217548,0.5877892962976408,held,SP-2017
progress,0.8999999999999998,78.30120430656623,19.089468376314652,0.24427790926387416,reverses,SP-2017
improving,0.6,7.659900421294523,10.445180809681602,1.3612602285619948,held,SP-2017
family,-0.8999999999999998,25.95855142772033,42.50108053594583,1.6360419246799807,held,SP-2017
assess,-0.7,7.659900421294523,2.8814291888776835,0.3802162192369126,continues,SP-2017
using,0.7999999999999999,8.936550491510276,13.686788647168996,1.528594165263561,held,SP-2017
scientist,-0.8999999999999998,3.40440018724201,4.682322431926235,1.3699404166905507,held,SP-2017
behavioral,-0.9999999999999999,21.277501170262564,21.610718916582623,1.0156238531490351,held,SP-2017
year,-0.8999999999999998,53.19375292565641,32.05589972626423,0.602998435724343,held,SP-2017
vaccine,-0.9746794344808964,0.0,0.0,1.0,held,SP-2017
past,0.7999999999999999,17.447550959615302,3.9619651347068148,0.22928723819501998,reverses,SP-2017
relationship,-0.6,4.681050257457764,3.9619651347068148,0.8480072957125273,held,SP-2017
critical,-0.8999999999999998,5.532150304268267,11.885895404120443,2.1382253707847902,reverses,SP-2017
asd,-0.9999999999999999,218.73271203029915,308.3129232099121,1.4094483076304816,held,SP-2017
received,-0.9999999999999999,4.681050257457764,5.042501080535946,1.0763997005756618,held,SP-2017
project,0.8999999999999998,129.79275713860164,12.606252701339864,0.09747369033322244,reverses,SP-2017
pathway,0.8999999999999998,8.085450444699774,5.762858377755367,0.7145097148913776,held,SP-2017
investment,0.8999999999999998,25.533001404315076,12.606252701339864,0.4947133646017444,reverses,SP-2017
happening,-0.8999999999999998,2.978850163836759,0.0,0.016507914652556837,continues,SP-2017
sample,0.7999999999999999,25.107451380909826,17.2885751332661,0.6892023707307289,held,SP-2017
improve,-0.7999999999999999,10.638750585131282,23.771790808240887,2.228678704635365,reverses,SP-2017
affected,-0.8999999999999998,4.681050257457764,3.9619651347068148,0.8480072957125273,held,SP-2017
health,0.7999999999999999,55.321503042682664,43.22143783316525,0.7814748644227667,held,SP-2017
screening,0.7,25.533001404315076,39.25947269845844,1.5365465559419513,held,SP-2017
increased,0.8999999999999998,12.340950678752288,10.445180809681602,0.8470036788765928,held,SP-2017
multiple,-0.7,9.362100514915529,14.046967295778707,1.4977493359148666,held,SP-2017
caused,-0.7,7.659900421294523,1.4407145944388418,0.1933506936511827,continues,SP-2017
disability,0.7,19.149751053236308,24.131969456850598,1.259493906447005,held,SP-2017
environment,-0.8999999999999998,6.80880037448402,6.483215674974788,0.9525303724073284,held,SP-2017
exposure,-0.7,23.40525128728882,26.29304134850886,1.1231191269643328,held,SP-2017
help,-0.8999999999999998,11.915400655347035,15.127503241607837,1.2684492294727627,held,SP-2017
hold,-0.9999999999999999,4.255500234052513,1.0805359458291313,0.2625794644923349,continues,SP-2017
response,-0.8999999999999998,7.234350397889272,15.487681890217548,2.1330223069334746,reverses,SP-2017
education,0.7999999999999999,12.766500702157538,15.487681890217548,1.21231857675488,held,SP-2017
factor,-0.9999999999999999,21.277501170262564,38.178936752629305,1.7924714408611921,held,SP-2017
targeted,-0.8999999999999998,5.532150304268267,6.483215674974788,1.1703761666860366,held,SP-2017
cost,-0.7,9.78765053832078,12.966431349949575,1.3231239816098805,held,SP-2017
program,0.7,21.703051193667815,21.250540267972916,0.9791978181972641,held,SP-2017
parent,0.6,10.638750585131282,23.411612159631176,2.194981721462164,continues,SP-2017
remain,0.6,17.873100983020553,7.563751620803918,0.4248010223240278,reverses,SP-2017
professor,0.7826237921249264,10.638750585131282,0.0,0.004677815204103753,reverses,SP-2017
researcher,-0.8999999999999998,12.340950678752288,20.170004322143782,1.6318363978977475,held,SP-2017
life,-0.6,21.277501170262564,28.814291888776832,1.3533836738934513,held,SP-2017
caregiver,-0.8999999999999998,0.8511000468105026,5.402679729145656,6.051136883685381,reverses,SP-2017
importance,-0.6,2.978850163836759,3.9619651347068148,1.3245835606554757,held,SP-2017
department,0.8999999999999998,10.213200561726032,3.9619651347068148,0.39090779826211397,reverses,SP-2017
budget,-0.6,63.406953487382445,6.123037026365077,0.09727912682717273,continues,SP-2017
emerging,-0.6,2.978850163836759,3.601786486097104,1.2056675928370284,held,SP-2017
technology,0.8999999999999998,11.064300608536534,13.686788647168996,1.2359561911271513,held,SP-2017
analysis,0.8999999999999998,16.170900889399547,9.724823512462182,0.6026066973166753,held,SP-2017
medical,-0.8999999999999998,13.61760074896804,14.407145944388416,1.0577676513911916,held,SP-2017
date,0.6,7.659900421294523,2.8814291888776835,0.3802162192369126,reverses,SP-2017
network,0.7,16.170900889399547,9.36464486385247,0.5804020952994661,held,SP-2017
effect,0.6,6.383250351078769,14.407145944388416,2.2472537450628125,continues,SP-2017
target,-0.7,9.362100514915529,5.402679729145656,0.5793265510185206,held,SP-2017
biomarker,0.6,13.61760074896804,13.326609998559285,0.9787094490281532,held,SP-2017
sharing,-0.8999999999999998,5.957700327673518,12.606252701339864,2.106671773064453,reverses,SP-2017
communication,-0.6,9.78765053832078,13.686788647168996,1.3963485075689397,held,SP-2017
genetic,-0.8999999999999998,34.895101919230605,41.78072323872641,1.1970410999347119,held,SP-2017
diagnosed,-0.9999999999999999,4.255500234052513,5.762858377755367,1.3501005833842603,held,SP-2017
complex,-0.9999999999999999,3.8299502106472616,8.64428756663305,2.2408245195452268,reverses,SP-2017
future,0.6,22.55415124047832,12.966431349949575,0.5758425172204846,held,SP-2017
emerged,0.6,3.40440018724201,1.4407145944388418,0.43154079250702765,reverses,SP-2017
data,0.9999999999999999,66.3858036512192,78.87912404552658,1.1880510162847726,held,SP-2017
include,0.7999999999999999,27.23520149793608,21.970897565192335,0.8070637692324921,held,SP-2017
range,-0.8999999999999998,7.659900421294523,9.724823512462182,1.26782746576913,held,SP-2017
variation,-0.9999999999999999,4.681050257457764,7.563751620803918,1.6093153119229762,held,SP-2017
individual,0.7,26.38410145112558,73.83662296499064,2.7951251946884126,continues,SP-2017
area,0.9999999999999999,34.469551895825354,10.445180809681602,0.30403583573026755,reverses,SP-2017
severity,-0.8999999999999998,3.8299502106472616,4.682322431926235,1.21968638126848,held,SP-2017
risk,-0.8999999999999998,50.21490276181965,54.02679729145656,1.0758361067104731,held,SP-2017
insight,-0.8999999999999998,3.40440018724201,2.521250540267973,0.7443406672348686,held,SP-2017
likely,0.7999999999999999,7.234350397889272,14.767324592998127,2.0341312242875667,continues,SP-2017
link,-0.9999999999999999,4.255500234052513,3.241607837487394,0.7645122885963004,held,SP-2017
including,-0.6,28.511851568151837,34.21697161792249,1.199746155677533,held,SP-2017
mental,0.7999999999999999,11.064300608536534,12.606252701339864,1.1387358635611318,held,SP-2017
prevention,-0.8999999999999998,6.80880037448402,3.9619651347068148,0.5849368571262187,held,SP-2017
university,0.8720815992723809,13.19205072556279,2.1610718916582625,0.1669735252856231,reverses,SP-2017
nih,0.7,14.043150772373293,4.322143783316525,0.31023181784780224,reverses,SP-2017
iacc,-0.8999999999999998,52.76820290225116,33.85679296931278,0.6419527947980911,held,SP-2017
policy,-0.6,8.511000468105026,10.085002161071891,1.1838572137486718,held,SP-2017
model,0.7999999999999999,25.107451380909826,18.36911107909523,0.732153301231148,held,SP-2017
value,-0.7,4.255500234052513,5.762858377755367,1.3501005833842603,held,SP-2017
published,0.8999999999999998,6.80880037448402,5.042501080535946,0.742476935103837,held,SP-2017
require,-0.9999999999999999,4.681050257457764,9.004466215242761,1.913838518407156,held,SP-2017
areas,0.7,17.447550959615302,11.525716755510734,0.661562111305046,held,SP-2017
related,0.7,20.851951146857314,14.046967295778707,0.6744330802772084,held,SP-2017
question,0.7,75.32235414272948,32.05589972626423,0.42596387085729903,reverses,SP-2017
ages,-0.7999999999999999,2.978850163836759,2.8814291888776835,0.9678356572001342,held,SP-2017
evidence-based,-0.8999999999999998,5.106600280863016,14.767324592998127,2.8734677473426893,reverses,SP-2017
work,0.9999999999999999,29.362951614962338,16.92839648465639,0.5772421859225952,held,SP-2017
identifying,-1.0,7.203572972194208,5.91910555738244,0.8229193502656366,held,SP-2019
long-term,-0.6,7.9239302694136295,6.576783952647156,0.8310561703889169,held,SP-2019
discovery,-0.6,6.123037026365077,3.288391976323578,0.5408021954291358,held,SP-2019
improvement,0.6,7.9239302694136295,1.3153567905294312,0.17122758092915127,reverses,SP-2019
training,0.942857142857143,16.568217836046678,24.334100624794477,1.4673114088023793,held,SP-2019
affect,-0.8285714285714287,3.241607837487394,4.603748766853009,1.4138223617809187,held,SP-2019
research,-0.8857142857142858,157.39806944244344,197.96119697467938,1.2576286116170141,held,SP-2019
characteristic,-0.6,8.284108918023339,2.6307135810588624,0.32165569317933346,continues,SP-2019
benefit,0.6,9.36464486385247,7.2344623479118715,0.7737373478505349,held,SP-2019
function,1.0,15.847860538827259,3.946070371588293,0.25135900279340806,reverses,SP-2019
determine,-0.7142857142857143,6.843394323584498,3.288391976323578,0.4842885550449182,continues,SP-2019
identified,0.8285714285714287,17.2885751332661,5.91910555738244,0.3442673640425047,reverses,SP-2019
resource,-0.6,18.72928972770494,16.44195988161789,0.8781993419744427,held,SP-2019
databas,-0.8285714285714287,1.800893243048552,0.6576783952647156,0.3823442534692705,continues,SP-2019
gaps,0.6571428571428573,11.165538106901023,5.261427162117725,0.4735775592300431,reverses,SP-2019
tissue,-0.8285714285714287,10.085002161071891,0.0,0.0049333980600465835,continues,SP-2019
genomic,0.6,9.004466215242761,0.6576783952647156,0.07815793647486065,reverses,SP-2019
sign,-0.7714285714285715,5.042501080535946,5.261427162117725,1.042989893987168,held,SP-2019
implementation,0.942857142857143,8.64428756663305,8.549819138441302,0.9891344256251313,held,SP-2019
live,-0.6,6.843394323584498,7.2344623479118715,1.0567308362136496,held,SP-2019
concerned,-0.942857142857143,0.0,0.6576783952647156,14.153567905294313,reverses,SP-2019
human,0.8285714285714287,14.046967295778707,9.865175928970734,0.7033552480425916,held,SP-2019
influence,-0.7714285714285715,3.601786486097104,1.3153567905294312,0.3738873550596532,continues,SP-2019
number,0.7714285714285715,17.64875378187581,1.9730351857941466,0.11430382108969787,reverses,SP-2019
testing,-0.8285714285714287,5.042501080535946,3.288391976323578,0.6555505680859351,held,SP-2019
used,-0.7714285714285715,12.966431349949575,8.549819138441302,0.6606894706569952,held,SP-2019
develop,-0.6,26.29304134850886,16.44195988161789,0.6260461601010778,held,SP-2019
form,-0.942857142857143,3.241607837487394,1.3153567905294312,0.4147993497219458,continues,SP-2019
imaging,0.8285714285714287,9.36464486385247,0.6576783952647156,0.07516782688020945,reverses,SP-2019
feature,-0.7142857142857143,7.563751620803918,1.3153567905294312,0.17932772942037034,continues,SP-2019
limited,-0.7142857142857143,6.843394323584498,3.288391976323578,0.4842885550449182,continues,SP-2019
functional,0.6,8.64428756663305,0.6576783952647156,0.08139578888334045,reverses,SP-2019
scientific,-0.8285714285714287,6.483215674974788,1.9730351857941466,0.3096538192583017,continues,SP-2019
enhance,-0.7714285714285715,6.483215674974788,5.261427162117725,0.8129881862714141,held,SP-2019
intellectual,0.942857142857143,12.246074052730155,7.2344623479118715,0.5924218020055326,held,SP-2019
report,0.8285714285714287,14.046967295778707,32.22624136797106,2.289587589355909,continues,SP-2019
assessment,-0.7714285714285715,8.284108918023339,4.603748766853009,0.5583978818405906,held,SP-2019
disorder,-1.0,29.534649185996255,30.91088457744163,1.0465185638265675,held,SP-2019
currently,-0.8285714285714287,9.004466215242761,9.207497533706018,1.0224233338152462,held,SP-2019
use,-0.5428571428571429,21.610718916582623,9.865175928970734,0.45774916184245634,continues,SP-2019
longitudinal,0.7142857142857143,9.004466215242761,1.9730351857941466,0.22342953606568913,reverses,SP-2019
ability,0.5428571428571429,11.885895404120443,1.9730351857941466,0.16949169855290164,reverses,SP-2019
inform,-0.7714285714285715,5.042501080535946,7.2344623479118715,1.430429219888401,held,SP-2019
environmental,-0.8285714285714287,24.49214810546031,8.549819138441302,0.35041020457895267,continues,SP-2019
safety,-0.7142857142857143,6.843394323584498,5.261427162117725,0.770509695629284,held,SP-2019
rate,0.7142857142857143,11.525716755510734,3.288391976323578,0.2883961353610612,reverses,SP-2019
developmental,-0.7714285714285715,21.970897565192335,32.88391976323578,1.4955757214589325,held,SP-2019
educational,-0.7714285714285715,4.682322431926235,3.946070371588293,0.8444205628570707,held,SP-2019
particular,0.7142857142857143,6.123037026365077,1.9730351857941466,0.3277212135864002,reverses,SP-2019
know,-0.8285714285714287,2.521250540267973,0.0,0.019445790760938084,continues,SP-2019
funded,0.6,6.483215674974788,13.811246300559027,2.121657540505506,continues,SP-2019
best,-0.5428571428571429,9.36464486385247,3.288391976323578,0.3545956352683396,continues,SP-2019
dissemination,0.7714285714285715,7.203572972194208,5.261427162117725,0.7322497729709909,held,SP-2019
controlled,-0.942857142857143,1.4407145944388418,0.6576783952647156,0.47472426841779936,continues,SP-2019
autism,0.5428571428571429,138.3086010661288,205.85333771785596,1.4881860334757504,held,SP-2019
recent,0.7714285714285715,26.29304134850886,9.207497533706018,0.35142098481464956,reverses,SP-2019
unique,-0.6571428571428573,5.402679729145656,1.3153567905294312,0.2504010611940636,continues,SP-2019
functioning,-1.0,3.601786486097104,2.6307135810588624,0.7340827814727775,held,SP-2019
general,0.8857142857142858,9.004466215242761,9.865175928970734,1.0950591336106605,held,SP-2019
developed,-0.6,9.724823512462182,7.2344623479118715,0.7452269944950635,held,SP-2019
little,-0.7714285714285715,7.203572972194208,0.6576783952647156,0.09756273190847113,continues,SP-2019
compared,0.7142857142857143,7.203572972194208,3.946070371588293,0.5509106183816995,held,SP-2019
identify,-0.942857142857143,10.085002161071891,10.52285432423545,1.043201980246766,held,SP-2019
heterogeneity,-0.6571428571428573,8.64428756663305,0.6576783952647156,0.08139578888334045,continues,SP-2019
collection,-0.5428571428571429,8.64428756663305,2.6307135810588624,0.3083304480687881,continues,SP-2019
period,0.942857142857143,12.606252701339864,5.261427162117725,0.4196682294084904,reverses,SP-2019
developing,-0.6,12.246074052730155,7.2344623479118715,0.5924218020055326,held,SP-2019
increase,0.7142857142857143,19.089468376314652,13.153567905294311,0.6898607445980006,held,SP-2019
using,0.7714285714285715,13.686788647168996,3.288391976323578,0.24302564901233914,reverses,SP-2019
children,-0.5428571428571429,58.34894107477309,40.118382111147646,0.6878272340540675,held,SP-2019
scientist,-0.7714285714285715,4.682322431926235,3.288391976323578,0.7054447418462831,held,SP-2019
behavioral,-0.942857142857143,21.610718916582623,22.361065439000328,1.0346408872811357,held,SP-2019
vaccine,-0.9411239481143202,0.0,0.0,1.0,held,SP-2019
relationship,-0.6571428571428573,3.9619651347068148,4.603748766853009,1.1599674001636344,held,SP-2019
received,-0.6571428571428573,5.042501080535946,1.3153567905294312,0.26811124218470234,continues,SP-2019
attention,0.7142857142857143,9.36464486385247,3.288391976323578,0.3545956352683396,reverses,SP-2019
gene,0.7142857142857143,29.174470537386544,2.6307135810588624,0.09172838829122515,reverses,SP-2019
improve,-0.7142857142857143,23.771790808240887,24.99177902005919,1.0512131191831415,held,SP-2019
barrier,0.6571428571428573,10.445180809681602,14.468924695823743,1.3833896679922193,held,SP-2019
health,0.5428571428571429,43.22143783316525,132.85103584347254,3.071333944480371,continues,SP-2019
screening,0.8285714285714287,39.25947269845844,19.730351857941468,0.5031955531348854,held,SP-2019
environment,-0.8285714285714287,6.483215674974788,1.9730351857941466,0.3096538192583017,continues,SP-2019
disease,-0.6571428571428573,3.601786486097104,4.603748766853009,1.274375921092464,held,SP-2019
help,-0.8857142857142858,15.127503241607837,12.495889510029595,0.8266108931300442,held,SP-2019
education,0.7714285714285715,15.487681890217548,31.568562972706346,2.0349601179963175,continues,SP-2019
targeted,-0.7714285714285715,6.483215674974788,3.288391976323578,0.5109875660635467,held,SP-2019
improved,-0.6571428571428573,5.762858377755367,7.892140743176586,1.3663055638116959,held,SP-2019
researcher,-0.8857142857142858,20.170004322143782,11.83821111476488,0.5879430550737121,held,SP-2019
caregiver,-0.7714285714285715,5.402679729145656,5.91910555738244,1.094710464191833,held,SP-2019
potential,0.6,20.170004322143782,13.811246300559027,0.6855214311393094,held,SP-2019
technology,0.942857142857143,13.686788647168996,6.576783952647156,0.4824114371165537,reverses,SP-2019
organization,0.6,6.843394323584498,21.703387043735614,3.1556858671656642,continues,SP-2019
effect,0.6571428571428573,14.407145944388416,5.91910555738244,0.41288270730222276,reverses,SP-2019
target,-0.7142857142857143,5.402679729145656,0.6576783952647156,0.12978543219438218,continues,SP-2019
biomarker,0.6,13.326609998559285,1.9730351857941466,0.151236762229895,reverses,SP-2019
control,0.7714285714285715,6.123037026365077,5.261427162117725,0.8604236681932391,held,SP-2019
include,0.8285714285714287,21.970897565192335,19.730351857941468,0.8982536610681837,held,SP-2019
range,-0.7714285714285715,9.724823512462182,5.261427162117725,0.5433783183242178,held,SP-2019
individual,0.8285714285714287,73.83662296499064,86.15586977967774,1.1667317617226094,held,SP-2019
severity,-0.7714285714285715,4.682322431926235,0.0,0.010565636792345129,continues,SP-2019
core,-0.5428571428571429,11.885895404120443,3.946070371588293,0.33479435235405897,continues,SP-2019
likely,0.8857142857142858,14.767324592998127,3.288391976323578,0.22530328976535496,reverses,SP-2019
mental,0.7714285714285715,12.606252701339864,45.37980927326537,3.589515028287631,continues,SP-2019
prevention,-0.8285714285714287,3.9619651347068148,6.576783952647156,1.6517551200333216,held,SP-2019
model,0.8285714285714287,18.36911107909523,23.67642222952976,1.2881415464429258,held,SP-2019
published,0.6,5.042501080535946,4.603748766853009,0.9138434520200904,held,SP-2019
require,-0.6571428571428573,9.004466215242761,3.288391976323578,0.3687011356565177,continues,SP-2019
million,0.8857142857142858,7.203572972194208,7.2344623479118715,1.004258504854928,held,SP-2019
difference,-0.7714285714285715,16.20803918743697,8.549819138441302,0.5289579536188237,held,SP-2019
tool,0.5428571428571429,28.093934591557414,14.468924695823743,0.5158811270183634,held,SP-2019
large-scale,-0.6,5.042501080535946,1.9730351857941466,0.3972576841517799,continues,SP-2019
infant,0.5428571428571429,6.843394323584498,0.6576783952647156,0.10266036759909736,reverses,SP-2019
older,-0.942857142857143,2.521250540267973,1.3153567905294312,0.5310088492532258,held,SP-2019
known,-0.6,9.004466215242761,1.9730351857941466,0.22342953606568913,continues,SP-2019
identification,-0.8285714285714287,7.563751620803918,3.288391976323578,0.43846872640311907,continues,SP-2019
test,-0.942857142857143,3.601786486097104,1.3153567905294312,0.3738873550596532,continues,SP-2019
trajectory,-0.7714285714285715,3.241607837487394,0.6576783952647156,0.21499474731015128,continues,SP-2019
disparity,0.942857142857143,12.606252701339864,7.2344623479118715,0.5755623342713989,held,SP-2019
associated,-0.7714285714285715,12.966431349949575,9.865175928970734,0.7617430355831858,held,SP-2019
science,0.7714285714285715,10.805359458291312,21.0457086484709,1.9433450112384827,held,SP-2019
estimate,-0.942857142857143,3.9619651347068148,1.3153567905294312,0.3403212003808225,continues,SP-2019
based,0.6,10.445180809681602,9.207497533706018,0.8820712764820741,held,SP-2019
happen,-0.942857142857143,0.7203572972194209,0.6576783952647156,0.9186365830752267,held,SP-2019
turn,-0.942857142857143,1.0805359458291313,0.6576783952647156,0.62596717766962,held,SP-2019
greater,1.0,11.885895404120443,1.9730351857941466,0.16949169855290164,reverses,SP-2019
method,-0.5428571428571429,13.326609998559285,3.288391976323578,0.24956935850586479,continues,SP-2019
drug,0.5428571428571429,4.322143783316525,1.9730351857941466,0.4627101225521812,reverses,SP-2019
wide,-0.7714285714285715,3.9619651347068148,3.288391976323578,0.8321089202505095,held,SP-2019
advance,0.8857142857142858,14.407145944388416,5.91910555738244,0.41288270730222276,reverses,SP-2019
lead,-0.6,11.525716755510734,2.6307135810588624,0.23158078568073825,continues,SP-2019
remaining,0.7589709258986453,1.0805359458291313,1.3153567905294312,1.2077075439897518,held,SP-2019
young,0.6,9.724823512462182,11.180532719500164,1.1489243468367547,held,SP-2019
biological,-0.8285714285714287,14.767324592998127,2.6307135810588624,0.18091751747988458,continues,SP-2019
understanding,0.6571428571428573,24.85232675407002,14.468924695823743,0.5830348641397848,held,SP-2019
phenotype,-0.6,9.004466215242761,0.6576783952647156,0.07815793647486065,continues,SP-2019
effective,-0.6571428571428573,10.085002161071891,6.576783952647156,0.6538512619267461,held,SP-2019
interaction,-0.7714285714285715,7.9239302694136295,1.9730351857941466,0.25370615461162194,continues,SP-2019
coordination,0.6,10.445180809681602,9.207497533706018,0.8820712764820741,held,SP-2019
mutation,0.5428571428571429,9.724823512462182,0.0,0.005115181868629513,reverses,SP-2019
public,-0.942857142857143,9.724823512462182,21.703387043735614,2.225450619747931,reverses,SP-2019
possible,-0.5428571428571429,10.445180809681602,3.946070371588293,0.3807528849719287,continues,SP-2019
continue,0.8285714285714287,10.085002161071891,12.495889510029595,1.2378773394067757,held,SP-2019
does,-0.7714285714285715,5.042501080535946,1.9730351857941466,0.3972576841517799,continues,SP-2019
prevented,-1.0,1.4407145944388418,1.9730351857941466,1.3570908833529527,held,SP-2019
diagnosis,-0.5428571428571429,23.771790808240887,15.126603091088457,0.6370890926402678,held,SP-2019
medication,-0.8285714285714287,1.800893243048552,8.549819138441302,4.64630749004021,reverses,SP-2019
common,0.6,11.885895404120443,5.91910555738244,0.5000970061552164,held,SP-2019
approach,0.7714285714285715,9.004466215242761,6.576783952647156,0.731880134633589,held,SP-2019
access,0.6571428571428573,21.970897565192335,14.468924695823743,0.6593248369118841,held,SP-2019
people,-0.8285714285714287,23.771790808240887,65.11016113120684,2.7353174937908276,reverses,SP-2019
randomized,-0.8285714285714287,2.521250540267973,0.6576783952647156,0.27522732000708194,continues,SP-2019
existing,-0.7142857142857143,8.64428756663305,7.892140743176586,0.9134895392299819,held,SP-2019
caus,-0.6,6.483215674974788,3.288391976323578,0.5109875660635467,held,SP-2019
symptom,-0.7714285714285715,23.051433511021468,9.207497533706018,0.40073260082710266,continues,SP-2019
designed,-0.6,4.322143783316525,5.261427162117725,1.214833597738796,held,SP-2019
subject,0.7142857142857143,7.203572972194208,1.3153567905294312,0.18823230920311682,reverses,SP-2019
age,-0.942857142857143,14.767324592998127,3.946070371588293,0.2696890620508254,continues,SP-2019
group,-0.5428571428571429,11.165538106901023,40.118382111147646,3.581493970978679,reverses,SP-2019
school,0.6,12.246074052730155,22.361065439000328,1.8226195892195602,held,SP-2019
information,-0.6,19.80982567353407,25.649457415323905,1.294042447188846,held,SP-2019
activity,0.8857142857142858,15.487681890217548,47.35284445905952,3.0508311853716172,continues,SP-2019
progress,0.8857142857142858,19.089468376314652,13.811246300559027,0.72422316168993,held,SP-2019
brain,0.6,51.14536810257888,3.288391976323578,0.06520886752165793,reverses,SP-2019
improving,0.7714285714285715,10.445180809681602,7.892140743176586,0.7567416786045376,held,SP-2019
family,-0.7714285714285715,42.50108053594583,52.614271621177245,1.2376717807832895,held,SP-2019
assess,-0.7142857142857143,2.8814291888776835,3.288391976323578,1.1388274323630183,held,SP-2019
year,-0.942857142857143,32.05589972626423,16.44195988161789,0.5136738114249652,held,SP-2019
finding,0.6,23.411612159631176,11.180532719500164,0.47867694014752277,reverses,SP-2019
critical,-0.6,11.885895404120443,6.576783952647156,0.5551978907556021,held,SP-2019
asd,-0.8285714285714287,308.3129232099121,232.16047352844458,0.7530427818988205,held,SP-2019
project,0.8857142857142858,12.606252701339864,23.018743834265045,1.8227151731746676,held,SP-2019
pathway,0.7714285714285715,5.762858377755367,1.9730351857941466,0.3480276060975256,reverses,SP-2019
investment,0.8857142857142858,12.606252701339864,9.207497533706018,0.7314564391343076,held,SP-2019
happening,-0.942857142857143,0.0,0.6576783952647156,14.153567905294313,reverses,SP-2019
sample,0.7142857142857143,17.2885751332661,0.0,0.0028837433073764583,reverses,SP-2019
affected,-0.942857142857143,3.9619651347068148,4.603748766853009,1.1599674001636344,held,SP-2019
increased,0.6,10.445180809681602,9.207497533706018,0.8820712764820741,held,SP-2019
caused,-0.8285714285714287,1.4407145944388418,1.9730351857941466,1.3570908833529527,held,SP-2019
disability,0.6571428571428573,24.131969456850598,63.13712594541269,2.6129851027295947,continues,SP-2019
focused,0.6,13.326609998559285,7.892140743176586,0.5937334454717591,held,SP-2019
factor,-0.8285714285714287,38.178936752629305,21.0457086484709,0.5518256703024832,held,SP-2019
parent,0.7714285714285715,23.411612159631176,10.52285432423545,0.4506448343062909,reverses,SP-2019
importance,-0.6,3.9619651347068148,8.549819138441302,2.143542839903009,reverses,SP-2019
department,0.7714285714285715,3.9619651347068148,40.118382111147646,10.012146357818002,continues,SP-2019
budget,-0.6571428571428573,6.123037026365077,11.180532719500164,1.819288086485549,held,SP-2019
level,0.7142857142857143,17.64875378187581,7.892140743176586,0.44874011136928954,reverses,SP-2019
analysis,0.6,9.724823512462182,24.99177902005919,2.561865080032674,continues,SP-2019
employment,0.6,12.246074052730155,24.99177902005919,2.0365670304741736,continues,SP-2019
medical,-0.8857142857142858,14.407145944388416,25.649457415323905,1.777630074025726,held,SP-2019
result,0.6,16.568217836046678,7.892140743176586,0.4779177178643813,reverses,SP-2019
type,0.6,11.885895404120443,1.3153567905294312,0.1143908139525159,reverses,SP-2019
examine,-0.6,4.682322431926235,0.6576783952647156,0.14954145780313274,continues,SP-2019
genetic,-0.7714285714285715,41.78072323872641,5.91910555738244,0.1426966854796407,continues,SP-2019
diagnosed,-0.942857142857143,5.762858377755367,1.3153567905294312,0.2348856107959512,continues,SP-2019
future,0.6,12.966431349949575,21.703387043735614,1.6712251199189003,held,SP-2019
plan,-0.5428571428571429,33.136435672093356,64.45248273594213,1.9436399670417934,held,SP-2019
data,1.0,78.87912404552658,32.88391976323578,0.4172594104077398,reverses,SP-2019
variation,-0.8285714285714287,7.563751620803918,0.6576783952647156,0.09294739709278743,continues,SP-2019
area,0.6571428571428573,10.445180809681602,7.2344623479118715,0.6940768796657695,held,SP-2019
risk,-0.6,54.02679729145656,18.414995067412036,0.3414587400191555,continues,SP-2019
month,0.5428571428571429,7.563751620803918,0.6576783952647156,0.09294739709278743,reverses,SP-2019
insight,-0.942857142857143,2.521250540267973,3.288391976323578,1.2983534369916572,held,SP-2019
link,-1.0,3.241607837487394,1.3153567905294312,0.4147993497219458,continues,SP-2019
lack,0.942857142857143,9.724823512462182,10.52285432423545,1.0816414547798063,held,SP-2019
university,0.5797710356524484,2.1610718916582625,49.325879644853664,22.331195937651163,continues,SP-2019
iacc,-0.942857142857143,33.85679296931278,115.09371917132522,3.39588940999332,reverses,SP-2019
areas,0.6,11.525716755510734,25.649457415323905,2.2201180244920407,continues,SP-2019
work,0.942857142857143,16.92839648465639,20.388030253206182,1.2037668145914906,held,SP-2019
identifying,-1.0,5.91910555738244,7.699327021786244,1.298239233213437,held,SP-2023
long-term,-0.5714285714285715,6.576783952647156,9.980609102315501,1.5136466156118829,held,SP-2023
discovery,-0.6785714285714287,3.288391976323578,2.2812820805292575,0.6983248513245572,held,SP-2023
training,0.9642857142857145,24.334100624794477,27.37538496635109,1.1247240728027568,held,SP-2023
affect,-0.7500000000000002,4.603748766853009,4.277403900992358,0.9298748423668486,held,SP-2023
characteristic,-0.7500000000000002,2.6307135810588624,8.554807801984715,3.209894508232349,reverses,SP-2023
benefit,0.5357142857142858,7.2344623479118715,11.691570662712444,1.6118651043722159,held,SP-2023
funding,0.5714285714285715,54.58730680697139,19.10573742443253,0.3505981268825713,reverses,SP-2023
private,0.642857142857143,21.703387043735614,9.980609102315501,0.46110562378855136,reverses,SP-2023
determine,-0.8214285714285715,3.288391976323578,12.261891182844758,3.6879705169922246,reverses,SP-2023
sleep,0.642857142857143,19.07267346267675,7.414166761720087,0.39033071271590225,reverses,SP-2023
resource,-0.642857142857143,16.44195988161789,18.820577164366373,1.14422890304261,held,SP-2023
databas,-0.8928571428571429,0.6576783952647156,0.8554807801984715,1.2795088648421513,held,SP-2023
significant,0.5714285714285715,10.52285432423545,13.402532223109388,1.2723652299145978,held,SP-2023
gaps,0.5714285714285715,5.261427162117725,7.1290065016539295,1.3516153535637643,held,SP-2023
service,0.5714285714285715,138.77014140085498,166.5335918786358,1.1999958377625586,held,SP-2023
tissue,-0.8928571428571429,0.0,6.843846241587772,137.87692483175542,reverses,SP-2023
sign,-0.642857142857143,5.261427162117725,3.9922436409262003,0.7610466109290508,held,SP-2023
implementation,0.8571428571428573,8.549819138441302,6.273525721455458,0.7353091523970796,held,SP-2023
concerned,-0.9285714285714288,0.6576783952647156,0.2851602600661572,0.4736053302019859,continues,SP-2023
human,0.5357142857142858,9.865175928970734,11.12125014258013,1.1266819895690732,held,SP-2023
intervention,-0.642857142857143,32.88391976323578,107.2202577848751,3.2571360638529634,reverses,SP-2023
influence,-0.8571428571428573,1.3153567905294312,9.695448842249345,7.137657284782278,reverses,SP-2023
testing,-0.8928571428571429,3.288391976323578,1.710961560396943,0.5274879561435477,held,SP-2023
used,-0.8571428571428573,8.549819138441302,15.11349378350633,1.7632340331118497,held,SP-2023
develop,-0.642857142857143,16.44195988161789,24.523782365689517,1.4900462129476624,held,SP-2023
form,-0.9642857142857145,1.3153567905294312,1.9961218204631002,1.4985986334529415,held,SP-2023
feature,-0.8214285714285715,1.3153567905294312,3.136762860727729,2.3340147299461766,reverses,SP-2023
limited,-0.8214285714285715,3.288391976323578,10.550929622447816,3.175459831449196,reverses,SP-2023
scientific,-0.8928571428571429,1.9730351857941466,4.562564161058515,2.2800217185781886,reverses,SP-2023
working,0.9642857142857145,38.80302532061822,3.421923120793886,0.0893604318362162,reverses,SP-2023
enhance,-0.6785714285714287,5.261427162117725,8.554807801984715,1.6200556911249977,held,SP-2023
intellectual,0.9285714285714288,7.2344623479118715,17.965096384167904,2.473085249638503,continues,SP-2023
report,0.8928571428571429,32.22624136797106,11.691570662712444,0.36378370482642536,reverses,SP-2023
assessment,-0.8571428571428573,4.603748766853009,7.984487281852401,1.726454882798828,held,SP-2023
disorder,-0.9642857142857145,30.91088457744163,16.254134823770958,0.5266042959137638,held,SP-2023
currently,-0.7500000000000002,9.207497533706018,7.414166761720087,0.8062834188768058,held,SP-2023
use,-0.7142857142857144,9.865175928970734,21.9573400250941,2.2195612244046807,reverses,SP-2023
inform,-0.642857142857143,7.2344623479118715,3.136762860727729,0.4374739971909157,continues,SP-2023
medicaid,0.7142857142857144,13.153567905294311,7.414166761720087,0.5653143767850155,held,SP-2023
environmental,-0.8928571428571429,8.549819138441302,26.51990418615262,3.0895887179051016,reverses,SP-2023
safety,-0.7142857142857144,5.261427162117725,7.699327021786244,1.4589914885882576,held,SP-2023
addition,-0.6071428571428572,7.892140743176586,20.816698984829475,2.6273393609596885,reverses,SP-2023
educational,-0.6785714285714287,3.946070371588293,7.414166761720087,1.8678767057731647,held,SP-2023
know,-0.8928571428571429,0.0,1.425801300330786,29.516026006615718,reverses,SP-2023
facilitate,-0.5,2.6307135810588624,9.410288582183187,3.5290187840382568,reverses,SP-2023
funded,0.6785714285714287,13.811246300559027,3.9922436409262003,0.2916219474985576,reverses,SP-2023
best,-0.6071428571428572,3.288391976323578,9.695448842249345,2.919204488677682,reverses,SP-2023
controlled,-0.9642857142857145,0.6576783952647156,3.9922436409262003,5.7119783053630595,reverses,SP-2023
autism,0.6071428571428572,205.85333771785596,303.98083723052355,1.4765707083735047,held,SP-2023
provided,0.9285714285714288,13.153567905294311,6.843846241587772,0.5221199520489841,held,SP-2023
functioning,-1.0,2.6307135810588624,3.7070833808600434,1.4015236119988703,held,SP-2023
general,0.8571428571428573,9.865175928970734,6.273525721455458,0.6377623318794591,held,SP-2023
noted,0.7387687194103585,17.099638276882605,3.7070833808600434,0.21907653795383672,reverses,SP-2023
developed,-0.7500000000000002,7.2344623479118715,7.984487281852401,1.1029622912603192,held,SP-2023
language,-0.5,1.9730351857941466,15.398654043572488,7.636374370576303,reverses,SP-2023
care,0.5,44.722130878000655,36.215353028401964,0.8099983699060747,held,SP-2023
child,0.5357142857142858,16.44195988161789,8.554807801984715,0.521757745213516,held,SP-2023
little,-0.8571428571428573,0.6576783952647156,1.1406410402646288,1.682460632162234,held,SP-2023
indicate,-0.5357142857142858,2.6307135810588624,6.273525721455458,2.3588964394165943,reverses,SP-2023
identify,-0.9285714285714288,10.52285432423545,18.535416904300217,1.7578428997832782,held,SP-2023
heterogeneity,-0.7857142857142859,0.6576783952647156,2.5664423405954144,3.6972194687626465,reverses,SP-2023
collection,-0.7142857142857144,2.6307135810588624,3.9922436409262003,1.5078983706008395,held,SP-2023
developing,-0.7500000000000002,7.2344623479118715,9.695448842249345,1.3378405126965793,held,SP-2023
increase,0.6785714285714287,13.153567905294311,23.09798106535873,1.7531610570258778,held,SP-2023
healthcare,0.5714285714285715,24.99177902005919,25.949583666020303,1.0382482668341528,held,SP-2023
children,-0.7142857142857144,40.118382111147646,46.48112239078362,1.158401706646536,held,SP-2023
scientist,-0.7500000000000002,3.288391976323578,3.421923120793886,1.0399986416865763,held,SP-2023
behavioral,-0.8571428571428573,22.361065439000328,12.261891182844758,0.5493666160743648,held,SP-2023
vaccine,-0.9063269671749657,0.0,3.9922436409262003,80.844872818524,reverses,SP-2023
relationship,-0.642857142857143,4.603748766853009,6.558685981521615,1.4200779441711433,held,SP-2023
barrier,0.7857142857142859,14.468924695823743,9.695448842249345,0.6712238713554695,held,SP-2023
health,0.7142857142857144,132.85103584347254,79.55971255845785,0.5990149892602803,held,SP-2023
screening,0.642857142857143,19.730351857941468,38.21147484886506,1.9343172014153902,held,SP-2023
environment,-0.8928571428571429,1.9730351857941466,9.410288582183187,4.676284747103661,reverses,SP-2023
disease,-0.6785714285714287,4.603748766853009,5.418044941256986,1.174976393268996,held,SP-2023
exposure,-0.5357142857142858,3.288391976323578,13.11737196304323,3.9442258597637387,reverses,SP-2023
help,-0.8571428571428573,12.495889510029595,18.535416904300217,1.4813949134050977,held,SP-2023
education,0.8571428571428573,31.568562972706346,16.539295083837118,0.5246694828654062,held,SP-2023
targeted,-0.8571428571428573,3.288391976323578,4.277403900992358,1.2962539844580907,held,SP-2023
program,0.6785714285714287,60.50641236435383,23.668301585491047,0.39167283297404665,reverses,SP-2023
reported,-0.6071428571428572,2.6307135810588624,7.699327021786244,2.890770232426441,reverses,SP-2023
improved,-0.5357142857142858,7.892140743176586,7.414166761720087,0.9398179915324283,held,SP-2023
researcher,-0.9285714285714288,11.83821111476488,25.094102885821833,2.1150451184866195,reverses,SP-2023
caregiver,-0.642857142857143,5.91910555738244,26.805064446218775,4.499009807760077,reverses,SP-2023
technology,0.7500000000000002,6.576783952647156,13.972852743241702,2.1160872066215606,continues,SP-2023
specific,-0.5714285714285715,3.288391976323578,11.406410402646287,3.4317151742207104,reverses,SP-2023
organization,0.7500000000000002,21.703387043735614,7.414166761720087,0.34312664720731684,reverses,SP-2023
target,-0.8214285714285715,0.6576783952647156,3.9922436409262003,5.7119783053630595,reverses,SP-2023
control,0.7142857142857144,5.261427162117725,4.847724421124672,0.9221108134657908,held,SP-2023
complex,-0.642857142857143,3.288391976323578,5.988365461389301,1.8087646700011195,held,SP-2023
include,0.642857142857143,19.730351857941468,24.808942625755673,1.25674926332391,held,SP-2023
range,-0.7500000000000002,5.261427162117725,8.839968062050872,1.6737437586372443,held,SP-2023
individual,0.8928571428571429,86.15586977967774,141.1543287327478,1.6379897226677653,held,SP-2023
discussed,0.7500000000000002,69.71390989805985,3.7070833808600434,0.05385425481957582,reverses,SP-2023
conduct,-0.642857142857143,0.6576783952647156,5.703205201323144,8.129688909283557,reverses,SP-2023
severity,-0.8571428571428573,0.0,2.851602600661572,58.03205201323143,reverses,SP-2023
core,-0.7142857142857144,3.946070371588293,3.7070833808600434,0.9401944989689305,held,SP-2023
mental,0.8571428571428573,45.37980927326537,29.941827306946504,0.6601794677706507,held,SP-2023
prevention,-0.7500000000000002,6.576783952647156,3.136762860727729,0.4808913167381494,continues,SP-2023
portfolio,0.9189562119494703,17.75731667214732,2.2812820805292575,0.13091709006195465,reverses,SP-2023
model,0.8214285714285715,23.67642222952976,10.550929622447816,0.4467984898816293,reverses,SP-2023
require,-0.7857142857142859,3.288391976323578,11.976730922778602,3.60255206940172,reverses,SP-2023
related,0.6071428571428572,30.91088457744163,10.550929622447816,0.34239750469441516,reverses,SP-2023
million,0.8571428571428573,7.2344623479118715,4.847724421124672,0.6723522186271758,held,SP-2023
difference,-0.8571428571428573,8.549819138441302,32.22310938747576,3.7527660603017265,reverses,SP-2023
large-scale,-0.642857142857143,1.9730351857941466,3.7070833808600434,1.8571517723678113,held,SP-2023
older,-0.9642857142857145,1.3153567905294312,11.12125014258013,8.181927405398822,reverses,SP-2023
known,-0.7500000000000002,1.9730351857941466,5.703205201323144,2.8438483135253585,reverses,SP-2023
identification,-0.8928571428571429,3.288391976323578,5.418044941256986,1.6379277748201098,held,SP-2023
test,-0.9642857142857145,1.3153567905294312,1.9961218204631002,1.4985986334529415,held,SP-2023
necessary,-0.5357142857142858,0.6576783952647156,9.695448842249345,13.771013651764715,reverses,SP-2023
trajectory,-0.7500000000000002,0.6576783952647156,4.847724421124672,6.920833607323308,reverses,SP-2023
disparity,0.8214285714285715,7.2344623479118715,22.812820805292574,3.138573543707906,continues,SP-2023
address,0.642857142857143,43.40677408747123,19.676057944564846,0.4539236599766837,reverses,SP-2023
associated,-0.8571428571428573,9.865175928970734,14.258013003307859,1.4430417680741174,held,SP-2023
science,0.8571428571428573,21.0457086484709,3.136762860727729,0.15106213845813224,reverses,SP-2023
estimate,-0.9642857142857145,1.3153567905294312,3.7070833808600434,2.7517227781927938,reverses,SP-2023
housing,0.6785714285714287,55.24498520223611,8.839968062050872,0.16077349563503213,reverses,SP-2023
happen,-0.9642857142857145,0.6576783952647156,0.0,0.07065356288190329,continues,SP-2023
turn,-0.9642857142857145,0.6576783952647156,1.425801300330786,2.0854123994823164,reverses,SP-2023
method,-0.7142857142857144,3.288391976323578,12.832211702977073,3.8588074121732343,reverses,SP-2023
efficacy,-0.6071428571428572,1.3153567905294312,7.699327021786244,5.675679115919116,reverses,SP-2023
ensure,0.9285714285714288,8.549819138441302,14.258013003307859,1.6637574317523558,held,SP-2023
wide,-0.7500000000000002,3.288391976323578,4.847724421124672,1.4670908796391005,held,SP-2023
provider,0.6785714285714287,19.07267346267675,23.953461845557204,1.2552356704938081,held,SP-2023
lead,-0.7500000000000002,2.6307135810588624,12.832211702977073,4.805515887261889,reverses,SP-2023
remaining,0.7783117824941563,1.3153567905294312,0.8554807801984715,0.6631825369597071,held,SP-2023
young,0.642857142857143,11.180532719500164,7.414166761720087,0.664631584996824,held,SP-2023
biological,-0.8928571428571429,2.6307135810588624,10.550929622447816,3.9545178184461345,reverses,SP-2023
effort,0.6785714285714287,32.22624136797106,29.656667046880347,0.9203880559760407,held,SP-2023
phenotype,-0.7500000000000002,0.6576783952647156,5.988365461389301,8.53264067660364,reverses,SP-2023
effective,-0.7857142857142859,6.576783952647156,17.965096384167904,2.7185277976312383,reverses,SP-2023
interaction,-0.8571428571428573,1.9730351857941466,8.269647541918559,4.112458152156491,reverses,SP-2023
coordination,0.7142857142857144,9.207497533706018,7.699327021786244,0.8370865877707651,held,SP-2023
public,-0.6071428571428572,21.703387043735614,14.543173263374015,0.670846026599635,held,SP-2023
possible,-0.7142857142857144,3.946070371588293,6.843846241587772,1.7251563662648208,held,SP-2023
continue,0.7857142857142859,12.495889510029595,12.261891182844758,0.9813486060914397,held,SP-2023
does,-0.8571428571428573,1.9730351857941466,1.710961560396943,0.870455231210264,held,SP-2023
prevented,-0.9642857142857145,1.9730351857941466,0.0,0.02471533878950919,continues,SP-2023
diagnosis,-0.7142857142857144,15.126603091088457,29.08634652674803,1.9198200250658588,held,SP-2023
medication,-0.5357142857142858,8.549819138441302,5.132884681190829,0.6026736839177543,held,SP-2023
approach,0.7142857142857144,6.576783952647156,3.7070833808600434,0.5669542583109605,held,SP-2023
people,-0.6785714285714287,65.11016113120684,43.629519790122046,0.6703408805599597,held,SP-2023
randomized,-0.8928571428571429,0.6576783952647156,4.277403900992358,6.114930072683142,reverses,SP-2023
existing,-0.7142857142857144,7.892140743176586,9.410288582183187,1.1911509614471265,held,SP-2023
caus,-0.7500000000000002,3.288391976323578,3.421923120793886,1.0399986416865763,held,SP-2023
symptom,-0.8571428571428573,9.207497533706018,10.836089882513972,1.175921445604316,held,SP-2023
age,-0.9642857142857145,3.946070371588293,14.258013003307859,3.5805207798732894,reverses,SP-2023
school,0.7500000000000002,22.361065439000328,9.980609102315501,0.44757395089570223,reverses,SP-2023
cas,-0.6071428571428572,0.0,6.843846241587772,137.87692483175542,reverses,SP-2023
biology,0.9642857142857145,8.549819138441302,10.836089882513972,1.2658510263143803,held,SP-2023
activity,0.9285714285714288,47.35284445905952,19.961218204631002,0.42215226602939665,reverses,SP-2023
meet,0.5714285714285715,11.180532719500164,12.261891182844758,1.0962873703637384,held,SP-2023
progress,0.7142857142857144,13.811246300559027,8.839968062050872,0.6413541660891156,held,SP-2023
improving,0.8214285714285715,7.892140743176586,9.410288582183187,1.1911509614471265,held,SP-2023
family,-0.5,52.614271621177245,52.46948785217292,0.997250816074211,held,SP-2023
outcome,0.6071428571428572,36.172311739559355,43.9146800501882,1.2137458361657576,held,SP-2023
assess,-0.6785714285714287,3.288391976323578,1.9961218204631002,0.6129064037340525,held,SP-2023
year,-0.9642857142857145,16.44195988161789,19.676057944564846,1.196101499528368,held,SP-2023
critical,-0.6785714285714287,6.576783952647156,17.394775864035587,2.632464856058427,reverses,SP-2023
asd,-0.7142857142857144,232.16047352844458,35.35987224820349,0.1524904183267425,continues,SP-2023
foundation,0.6071428571428572,15.784281486353173,2.851602600661572,0.18324813810859225,reverses,SP-2023
regarding,-0.642857142857143,1.3153567905294312,2.5664423405954144,1.9163066816995589,held,SP-2023
project,0.8571428571428573,23.018743834265045,9.12512832211703,0.397729862884376,reverses,SP-2023
investment,0.8214285714285715,9.207497533706018,6.558685981521615,0.7138739121949281,held,SP-2023
happening,-0.9285714285714288,0.6576783952647156,0.0,0.07065356288190329,continues,SP-2023
affected,-0.9285714285714288,4.603748766853009,1.425801300330786,0.31712096511147997,continues,SP-2023
caused,-0.8571428571428573,1.9730351857941466,1.1406410402646288,0.5885419337366791,held,SP-2023
disability,0.7857142857142859,63.13712594541269,51.043686551842136,0.8086091238899191,held,SP-2023
focused,0.642857142857143,7.892140743176586,6.558685981521615,0.8321038615689861,held,SP-2023
factor,-0.8928571428571429,21.0457086484709,38.78179536899738,1.840743822171248,held,SP-2023
dna,-0.5,0.0,1.710961560396943,35.21923120793886,reverses,SP-2023
parent,0.5,10.52285432423545,13.402532223109388,1.2723652299145978,held,SP-2023
professor,0.6304883249912806,42.0914172969418,0.0,0.0011864812150878586,reverses,SP-2023
department,0.8571428571428573,40.118382111147646,9.980609102315501,0.2497140431138196,reverses,SP-2023
budget,-0.642857142857143,11.180532719500164,4.562564161058515,0.4107164171339332,continues,SP-2023
analysis,0.7500000000000002,24.99177902005919,4.562564161058515,0.1841947474004829,reverses,SP-2023
employment,0.7500000000000002,24.99177902005919,11.976730922778602,0.4802666341374885,reverses,SP-2023
medical,-0.7142857142857144,25.649457415323905,13.687692483175544,0.5345518491368664,held,SP-2023
act,0.5,18.414995067412036,10.265769362381658,0.5586662398078542,held,SP-2023
initiative,0.9285714285714288,17.75731667214732,3.9922436409262003,0.22699903165358606,reverses,SP-2023
presentation,0.6306562238868914,32.88391976323578,3.7070833808600434,0.11407944781155645,reverses,SP-2023
examine,-0.7500000000000002,0.6576783952647156,1.425801300330786,2.0854123994823164,reverses,SP-2023
problem,0.5714285714285715,13.153567905294311,3.7070833808600434,0.28455061600081166,reverses,SP-2023
epilepsy,0.642857142857143,8.549819138441302,5.418044941256986,0.6358325510375857,held,SP-2023
challenge,0.5357142857142858,39.460703715882936,25.949583666020303,0.6580389924963224,held,SP-2023
genetic,-0.8571428571428573,5.91910555738244,35.07471198813733,5.884417966892204,reverses,SP-2023
diagnosed,-0.9642857142857145,1.3153567905294312,3.9922436409262003,2.9605768023161025,reverses,SP-2023
future,0.6785714285714287,21.703387043735614,17.394775864035587,0.8019337783565622,held,SP-2023
study,-0.5357142857142858,17.75731667214732,95.81384738222881,5.383396563737805,reverses,SP-2023
variation,-0.8928571428571429,0.6576783952647156,3.421923120793886,4.906074770722895,reverses,SP-2023
risk,-0.7500000000000002,18.414995067412036,11.12125014258013,0.604996107596894,held,SP-2023
insight,-0.9285714285714288,3.288391976323578,1.710961560396943,0.5274879561435477,held,SP-2023
link,-1.0,1.3153567905294312,2.2812820805292575,1.7074526575762505,held,SP-2023
lack,0.9642857142857145,10.52285432423545,7.699327021786244,0.732945596727175,held,SP-2023
university,0.7387687194103585,49.325879644853664,1.710961560396943,0.03566440887864737,reverses,SP-2023
play,-0.642857142857143,0.6576783952647156,7.414166761720087,10.547399513204052,reverses,SP-2023
areas,0.7500000000000002,25.649457415323905,15.683814303638645,0.6122235987074571,held,SP-2023
aspirational,-0.5,0.6576783952647156,3.421923120793886,4.906074770722895,reverses,SP-2023
work,0.8928571428571429,20.388030253206182,15.968974563704801,0.7837827014270052,held,SP-2023
identifying,-0.7619047619047621,7.699327021786244,2.175923407496056,0.28724086636660917,continues,SP-2026-DRAFT
training,0.9761904761904763,27.37538496635109,9.066347531233568,0.3324054536488239,reverses,SP-2026-DRAFT
affect,-0.6904761904761906,4.277403900992358,4.8958276668661265,1.142908723110397,held,SP-2026-DRAFT
benefit,0.5952380952380953,11.691570662712444,12.14890569185298,1.0389500725480356,held,SP-2026-DRAFT
funding,0.5714285714285715,19.10573742443253,15.050136901847722,0.7882827252887681,held,SP-2026-DRAFT
function,0.5952380952380953,10.836089882513972,28.649658198698074,2.636360576518622,continues,SP-2026-DRAFT
private,0.7380952380952381,9.980609102315501,0.7253078024986854,0.07729418967385646,reverses,SP-2026-DRAFT
contribute,0.6190476190476191,13.402532223109388,2.3572503581207274,0.17894403211206883,reverses,SP-2026-DRAFT
sleep,0.6428571428571429,7.414166761720087,52.40348873053002,7.02737363794406,continues,SP-2026-DRAFT
resource,-0.523809523809524,18.820577164366373,8.15971277811021,0.4350536131779132,continues,SP-2026-DRAFT
databas,-0.9047619047619048,0.8554807801984715,0.18132695062467136,0.255474169837119,continues,SP-2026-DRAFT
significant,0.6666666666666669,13.402532223109388,3.626539012493427,0.2732971719761203,reverses,SP-2026-DRAFT
gaps,0.5000000000000001,7.1290065016539295,6.346443271863497,0.8909928233648845,held,SP-2026-DRAFT
service,0.7142857142857144,166.5335918786358,38.44131353243033,0.23106305428011845,reverses,SP-2026-DRAFT
tissue,-0.9047619047619048,6.843846241587772,0.3626539012493427,0.059858297790276994,continues,SP-2026-DRAFT
sign,-0.5952380952380953,3.9922436409262003,1.2692886543726993,0.32637534289506864,continues,SP-2026-DRAFT
implementation,0.6666666666666669,6.273525721455458,49.32093056991061,7.80750055343289,continues,SP-2026-DRAFT
testing,-0.9285714285714287,1.710961560396943,7.978385827485539,4.559092037009507,reverses,SP-2026-DRAFT
federal,0.5952380952380953,26.23474392608646,105.16963136230937,4.003068535047948,continues,SP-2026-DRAFT
used,-0.7142857142857144,15.11349378350633,9.247674481858239,0.6131617564265781,held,SP-2026-DRAFT
animal,-0.6190476190476191,3.421923120793886,1.2692886543726993,0.37998786507433735,continues,SP-2026-DRAFT
feature,-0.6904761904761906,3.136762860727729,7.071751074362182,2.2347916633921923,reverses,SP-2026-DRAFT
scientific,-0.9047619047619048,4.562564161058515,14.687483000598379,3.1950738214157104,reverses,SP-2026-DRAFT
working,0.9523809523809524,3.421923120793886,3.082558160619413,0.902254471551526,held,SP-2026-DRAFT
intellectual,0.9523809523809524,17.965096384167904,11.786251790603638,0.6570185103758656,held,SP-2026-DRAFT
report,0.7619047619047621,11.691570662712444,11.786251790603638,1.0080637531903522,held,SP-2026-DRAFT
assessment,-0.7857142857142858,7.984487281852401,25.023119186204646,3.1206868972009727,reverses,SP-2026-DRAFT
disorder,-0.9761904761904763,16.254134823770958,6.527770222488169,0.40344184426750257,continues,SP-2026-DRAFT
currently,-0.7380952380952381,7.414166761720087,1.2692886543726993,0.1767496220929387,continues,SP-2026-DRAFT
additionally,0.8333333333333335,15.968974563704801,0.0,0.0031212984202676833,reverses,SP-2026-DRAFT
use,-0.523809523809524,21.9573400250941,31.550889408692814,1.4359249856029654,held,SP-2026-DRAFT
inform,-0.6666666666666669,3.136762860727729,1.8132695062467135,0.5846903543432214,held,SP-2026-DRAFT
medicaid,0.6904761904761906,7.414166761720087,9.610328383107582,1.294227298437448,held,SP-2026-DRAFT
environmental,-0.6904761904761906,26.51990418615262,12.511559593102323,0.472773989138019,continues,SP-2026-DRAFT
safety,-0.6428571428571429,7.699327021786244,40.07325608805237,5.177643939306078,reverses,SP-2026-DRAFT
rate,0.5000000000000001,9.12512832211703,5.43980851874014,0.5983358843610641,held,SP-2026-DRAFT
know,-0.8333333333333335,1.425801300330786,1.6319425556220422,1.139680900975661,held,SP-2026-DRAFT
controlled,-0.7380952380952381,3.9922436409262003,4.351846814992112,1.0889612814094294,held,SP-2026-DRAFT
autism,0.7380952380952381,303.98083723052355,106.62024696730676,0.35085338033137337,reverses,SP-2026-DRAFT
provided,0.7857142857142858,6.843846241587772,0.9066347531233567,0.13876647659362754,reverses,SP-2026-DRAFT
early,-0.5476190476190477,25.664423405954146,6.165116321238826,0.24169767383544452,continues,SP-2026-DRAFT
functioning,-0.9285714285714287,3.7070833808600434,2.9012312099947417,0.7855112359308799,held,SP-2026-DRAFT
general,0.523809523809524,6.273525721455458,3.626539012493427,0.5814065087169779,held,SP-2026-DRAFT
noted,0.6107893935757621,3.7070833808600434,0.18132695062467136,0.06157088549142546,reverses,SP-2026-DRAFT
developed,-0.8095238095238096,7.984487281852401,3.082558160619413,0.38988899362563706,continues,SP-2026-DRAFT
agency,0.523809523809524,10.836089882513972,72.71210720049321,6.683952455451335,continues,SP-2026-DRAFT
care,0.6428571428571429,36.215353028401964,54.57941213802607,1.506380265903986,held,SP-2026-DRAFT
little,-0.880952380952381,1.1406410402646288,0.9066347531233567,0.803461934178531,held,SP-2026-DRAFT
compared,0.6428571428571429,11.12125014258013,0.9066347531233567,0.08563363463477247,reverses,SP-2026-DRAFT
identify,-0.7142857142857144,18.535416904300217,17.22606030934378,0.9295492481175667,held,SP-2026-DRAFT
heterogeneity,-0.8333333333333335,2.5664423405954144,5.802462419989483,2.236801602384121,reverses,SP-2026-DRAFT
collection,-0.7857142857142858,3.9922436409262003,2.9012312099947417,0.7300973103438478,held,SP-2026-DRAFT
developing,-0.8095238095238096,9.695448842249345,1.087961703748028,0.11676852674190175,continues,SP-2026-DRAFT
increase,0.7857142857142858,23.09798106535873,5.258481568115469,0.22932805902712974,reverses,SP-2026-DRAFT
healthcare,0.7142857142857144,25.949583666020303,2.71990425937007,0.10653648515880457,reverses,SP-2026-DRAFT
children,-0.7142857142857144,46.48112239078362,10.154309234981595,0.21930073272856954,continues,SP-2026-DRAFT
scientist,-0.6428571428571429,3.421923120793886,0.0,0.014401240540305242,continues,SP-2026-DRAFT
behavioral,-0.9047619047619048,12.261891182844758,12.330232642477652,1.0055508498749663,held,SP-2026-DRAFT
vaccine,-0.6849174907329854,3.9922436409262003,0.0,0.012369368212684848,continues,SP-2026-DRAFT
barrier,0.7857142857142858,9.695448842249345,10.335636185606267,1.0656909038998312,held,SP-2026-DRAFT
health,0.7857142857142858,79.55971255845785,46.96368021178988,0.5905520658332672,held,SP-2026-DRAFT
screening,0.7142857142857144,38.21147484886506,8.703693629984224,0.2287861004982636,reverses,SP-2026-DRAFT
disease,-0.5000000000000001,5.418044941256986,12.14890569185298,2.230944665397851,reverses,SP-2026-DRAFT
exposure,-0.6666666666666669,13.11737196304323,10.87961703748028,0.8300530332215388,held,SP-2026-DRAFT
help,-0.5476190476190477,18.535416904300217,4.533173765616784,0.24660053574350263,continues,SP-2026-DRAFT
syndrome,-0.5000000000000001,3.9922436409262003,1.8132695062467135,0.46094933204466176,continues,SP-2026-DRAFT
condition,0.6190476190476191,41.91855822972511,38.259986581805656,0.9128258915187563,held,SP-2026-DRAFT
education,0.7857142857142858,16.539295083837118,19.03932981559049,1.1507016855821166,held,SP-2026-DRAFT
targeted,-0.880952380952381,4.277403900992358,5.621135469364812,1.3105167900006538,held,SP-2026-DRAFT
program,0.7619047619047621,23.668301585491047,19.401983716839833,0.8201254902981331,held,SP-2026-DRAFT
topic,0.6666666666666669,5.988365461389301,0.3626539012493427,0.06833867606853987,reverses,SP-2026-DRAFT
physical,0.9285714285714287,17.679936124101744,2.71990425937007,0.15622753742494952,reverses,SP-2026-DRAFT
technology,0.8333333333333335,13.972852743241702,7.978385827485539,0.5725215813419142,held,SP-2026-DRAFT
specific,-0.6904761904761906,11.406410402646287,7.434404975611526,0.6532940696575187,held,SP-2026-DRAFT
organization,0.8095238095238096,7.414166761720087,0.9066347531233567,0.12816363616491658,reverses,SP-2026-DRAFT
recommended,-0.6428571428571429,1.1406410402646288,3.082558160619413,2.6309845324357193,reverses,SP-2026-DRAFT
effect,0.523809523809524,16.254134823770958,13.962175198099693,0.8594246397956883,held,SP-2026-DRAFT
target,-0.7619047619047621,3.9922436409262003,7.071751074362182,1.7618312271573946,held,SP-2026-DRAFT
participant,0.5714285714285715,14.258013003307859,1.8132695062467135,0.13022559497366584,reverses,SP-2026-DRAFT
control,0.5714285714285715,4.847724421124672,5.802462419989483,1.1949350181375809,held,SP-2026-DRAFT
sharing,-0.523809523809524,6.273525721455458,0.0,0.00790698135857218,continues,SP-2026-DRAFT
receive,0.5476190476190477,9.695448842249345,3.9891929137427695,0.4144696646738011,reverses,SP-2026-DRAFT
include,0.6904761904761906,24.808942625755673,16.31942555622042,0.6584924307786327,held,SP-2026-DRAFT
range,-0.6428571428571429,8.839968062050872,4.8958276668661265,0.5563380691971966,held,SP-2026-DRAFT
individual,0.9285714285714287,141.1543287327478,40.25458303867704,0.2854344721609776,reverses,SP-2026-DRAFT
discussed,0.8095238095238096,3.7070833808600434,0.0,0.013308195462128494,reverses,SP-2026-DRAFT
conduct,-0.6428571428571429,5.703205201323144,3.626539012493427,0.6390418703730371,held,SP-2026-DRAFT
severity,-0.7857142857142858,2.851602600661572,0.9066347531233567,0.32969185818390223,continues,SP-2026-DRAFT
transition,0.5476190476190477,11.691570662712444,13.780848247475022,1.177938509657611,held,SP-2026-DRAFT
core,-0.8095238095238096,3.7070833808600434,9.610328383107582,2.571230767014868,reverses,SP-2026-DRAFT
mental,0.880952380952381,29.941827306946504,8.703693629984224,0.2918692996060548,reverses,SP-2026-DRAFT
prevention,-0.8333333333333335,3.136762860727729,5.077154617490797,1.6088911668563755,held,SP-2026-DRAFT
portfolio,0.6826469692905576,2.2812820805292575,11.786251790603638,5.07714269734211,continues,SP-2026-DRAFT
million,0.7619047619047621,4.847724421124672,5.983789370614154,1.2319577117465923,held,SP-2026-DRAFT
large-scale,-0.5714285714285715,3.7070833808600434,0.3626539012493427,0.10983357552072243,continues,SP-2026-DRAFT
immune,-0.5476190476190477,4.847724421124672,28.830985149322743,5.896817106482025,reverses,SP-2026-DRAFT
known,-0.8095238095238096,5.703205201323144,1.2692886543726993,0.22931367962840687,continues,SP-2026-DRAFT
identification,-0.9047619047619048,5.418044941256986,2.5385773087453987,0.4734008839639018,continues,SP-2026-DRAFT
treatment,-0.523809523809524,8.554807801984715,30.462927704944786,3.5460324515216852,reverses,SP-2026-DRAFT
test,-0.9523809523809524,1.9961218204631002,5.802462419989483,2.8602707626982307,reverses,SP-2026-DRAFT
trajectory,-0.5952380952380953,4.847724421124672,8.885020580608895,1.8243208094907744,held,SP-2026-DRAFT
disparity,0.880952380952381,22.812820805292574,1.2692886543726993,0.05770454422961202,reverses,SP-2026-DRAFT
address,0.6190476190476191,19.676057944564846,8.15971277811021,0.41618618383772144,reverses,SP-2026-DRAFT
associated,-0.8333333333333335,14.258013003307859,5.258481568115469,0.3710145892995907,continues,SP-2026-DRAFT
estimate,-0.9523809523809524,3.7070833808600434,7.253078024986854,1.943815796634007,held,SP-2026-DRAFT
housing,0.7619047619047621,8.839968062050872,13.599521296850352,1.5353847394701972,held,SP-2026-DRAFT
recommendation,0.6190476190476191,27.660545226417245,19.764637618089175,0.7150576596810994,held,SP-2026-DRAFT
happen,-0.9761904761904763,0.0,0.543980851874014,11.87961703748028,reverses,SP-2026-DRAFT
turn,-0.9047619047619048,1.425801300330786,0.9066347531233567,0.6482137892878511,held,SP-2026-DRAFT
professional,0.5000000000000001,7.699327021786244,2.71990425937007,0.357438039662391,reverses,SP-2026-DRAFT
greater,0.523809523809524,7.1290065016539295,1.8132695062467135,0.2595442009722997,reverses,SP-2026-DRAFT
method,-0.5714285714285715,12.832211702977073,16.500752506845092,1.2847756960103536,held,SP-2026-DRAFT
ensure,0.9523809523809524,14.258013003307859,5.077154617490797,0.3583414843350683,reverses,SP-2026-DRAFT
wide,-0.6666666666666669,4.847724421124672,0.543980851874014,0.12127690347625097,continues,SP-2026-DRAFT
provider,0.7857142857142858,23.953461845557204,5.258481568115469,0.2211548318434749,reverses,SP-2026-DRAFT
young,0.5952380952380953,7.414166761720087,1.2692886543726993,0.1767496220929387,reverses,SP-2026-DRAFT
biological,-0.8095238095238096,10.550929622447816,11.242270938729623,1.0652151595099613,held,SP-2026-DRAFT
effort,0.7619047619047621,29.656667046880347,1.9945964568713848,0.06882618146440964,reverses,SP-2026-DRAFT
phenotype,-0.6428571428571429,5.988365461389301,7.615731926236196,1.2695044669377253,held,SP-2026-DRAFT
interaction,-0.6666666666666669,8.269647541918559,6.527770222488169,0.7906308758088683,held,SP-2026-DRAFT
positive,0.5714285714285715,16.824455343903274,2.3572503581207274,0.1426564774424239,reverses,SP-2026-DRAFT
reduce,0.5000000000000001,10.836089882513972,6.890424123737511,0.637549772107405,held,SP-2026-DRAFT
coordination,0.7380952380952381,7.699327021786244,13.418194346225679,1.7379824478127675,held,SP-2026-DRAFT
public,-0.523809523809524,14.543173263374015,23.935157482456617,1.643587522026798,held,SP-2026-DRAFT
possible,-0.7857142857142858,6.843846241587772,3.626539012493427,0.5333073706103802,held,SP-2026-DRAFT
continue,0.7380952380952381,12.261891182844758,3.2638851112440843,0.2691613385814855,reverses,SP-2026-DRAFT
does,-0.9047619047619048,1.710961560396943,13.418194346225679,7.648204622473291,reverses,SP-2026-DRAFT
prevented,-0.9761904761904763,0.0,0.0,1.0,held,SP-2026-DRAFT
diagnosis,-0.5476190476190477,29.08634652674803,11.423597889354294,0.3937898623913328,continues,SP-2026-DRAFT
medication,-0.6428571428571429,5.132884681190829,33.001505013690185,6.377048120255728,reverses,SP-2026-DRAFT
access,0.5714285714285715,36.215353028401964,46.60102631054053,1.2863800408617232,held,SP-2026-DRAFT
people,-0.5714285714285715,43.629519790122046,15.050136901847722,0.34570290548987587,continues,SP-2026-DRAFT
randomized,-0.7619047619047621,4.277403900992358,0.543980851874014,0.13726032176885608,continues,SP-2026-DRAFT
existing,-0.6428571428571429,9.410288582183187,22.303214926834574,2.362847045589389,reverses,SP-2026-DRAFT
caus,-0.8095238095238096,3.421923120793886,1.4506156049973709,0.43221452572205626,continues,SP-2026-DRAFT
symptom,-0.7857142857142858,10.836089882513972,20.671272371212535,1.9034632815678425,held,SP-2026-DRAFT
age,-0.9523809523809524,14.258013003307859,9.247674481858239,0.6498228985190827,held,SP-2026-DRAFT
effectiveness,-0.5000000000000001,4.277403900992358,1.4506156049973709,0.34677040538167714,continues,SP-2026-DRAFT
cas,-0.5476190476190477,6.843846241587772,1.8132695062467135,0.27028010793254514,continues,SP-2026-DRAFT
biology,0.9761904761904763,10.836089882513972,15.231463852472393,1.4037605804650382,held,SP-2026-DRAFT
activity,0.8571428571428572,19.961218204631002,18.132695062467135,0.9086250960103613,held,SP-2026-DRAFT
meet,0.7142857142857144,12.261891182844758,2.71990425937007,0.2249779679038766,reverses,SP-2026-DRAFT
improving,0.8333333333333335,9.410288582183187,2.3572503581207274,0.25445844883150454,reverses,SP-2026-DRAFT
field,-0.5952380952380953,5.988365461389301,2.3572503581207274,0.39865926855756584,continues,SP-2026-DRAFT
outcome,0.7380952380952381,43.9146800501882,52.94746958240403,1.2054555957624253,held,SP-2026-DRAFT
assess,-0.6904761904761906,1.9961218204631002,2.3572503581207274,1.1764941530098598,held,SP-2026-DRAFT
year,-0.9523809523809524,19.676057944564846,12.330232642477652,0.6276080440029732,held,SP-2026-DRAFT
past,-0.5476190476190477,2.851602600661572,0.3626539012493427,0.14221585724911356,continues,SP-2026-DRAFT
asd,-0.8095238095238096,35.35987224820349,1.8132695062467135,0.05262005728759008,continues,SP-2026-DRAFT
focus,-0.523809523809524,11.12125014258013,4.714500716241455,0.42649664589294006,continues,SP-2026-DRAFT
better,0.6190476190476191,20.816698984829475,4.714500716241455,0.22833035161456758,reverses,SP-2026-DRAFT
project,0.5476190476190477,9.12512832211703,14.324829099349037,1.5667169542139165,held,SP-2026-DRAFT
spectrum,0.6190476190476191,73.28618683700239,0.9066347531233567,0.013044511780379051,reverses,SP-2026-DRAFT
investment,0.7380952380952381,6.558685981521615,4.533173765616784,0.6935075714645368,held,SP-2026-DRAFT
surveillance,-0.5000000000000001,2.5664423405954144,14.868809951223051,5.701944858386611,reverses,SP-2026-DRAFT
affected,-0.9523809523809524,1.425801300330786,1.2692886543726993,0.893947345131756,held,SP-2026-DRAFT
repository,-0.6190476190476191,4.277403900992358,0.0,0.011554271601163468,continues,SP-2026-DRAFT
increased,0.5952380952380953,13.972852743241702,1.6319425556220422,0.11994296641477979,reverses,SP-2026-DRAFT
caused,-0.9047619047619048,1.1406410402646288,0.18132695062467136,0.19428773475946806,continues,SP-2026-DRAFT
disability,0.8333333333333335,51.043686551842136,16.682079457469765,0.3274784143925999,reverses,SP-2026-DRAFT
factor,-0.6904761904761906,38.78179536899738,8.341039728734883,0.2160868342295124,continues,SP-2026-DRAFT
dna,-0.6428571428571429,1.710961560396943,0.543980851874014,0.3373048368756688,continues,SP-2026-DRAFT
parent,0.523809523809524,13.402532223109388,0.9066347531233567,0.0711118722674386,reverses,SP-2026-DRAFT
co-occurring,0.6428571428571429,32.22310938747576,17.22606030934378,0.5353082066535588,held,SP-2026-DRAFT
department,0.7142857142857144,9.980609102315501,6.890424123737511,0.6919244936117945,held,SP-2026-DRAFT
budget,-0.6666666666666669,4.562564161058515,6.346443271863497,1.38674347901008,held,SP-2026-DRAFT
employment,0.7619047619047621,11.976730922778602,15.594117753721736,1.3007788944618202,held,SP-2026-DRAFT
medical,-0.7380952380952381,13.687692483175544,21.033926272461876,1.5347501990078183,held,SP-2026-DRAFT
initiative,0.5952380952380953,3.9922436409262003,29.91894685307077,7.4139387714403036,continues,SP-2026-DRAFT
presentation,0.6107893935757621,3.7070833808600434,12.692886543726994,3.3916964975129162,continues,SP-2026-DRAFT
examine,-0.8095238095238096,1.425801300330786,1.2692886543726993,0.893947345131756,held,SP-2026-DRAFT
epilepsy,0.5952380952380953,5.418044941256986,13.236867395601008,2.429911885937544,continues,SP-2026-DRAFT
make,0.523809523809524,9.695448842249345,14.506156049973708,1.4936362896769364,held,SP-2026-DRAFT
challenge,0.6666666666666669,25.949583666020303,3.807865963118098,0.14838183613532505,reverses,SP-2026-DRAFT
genetic,-0.7142857142857144,35.07471198813733,17.951368111842463,0.5124986681149747,held,SP-2026-DRAFT
diagnosed,-0.9523809523809524,3.9922436409262003,1.4506156049973709,0.3712333392782664,continues,SP-2026-DRAFT
future,0.6904761904761906,17.394775864035587,2.5385773087453987,0.14838696288910472,reverses,SP-2026-DRAFT
study,-0.6666666666666669,95.81384738222881,34.270793668062886,0.3580160259082743,continues,SP-2026-DRAFT
order,0.5714285714285715,13.972852743241702,0.7253078024986854,0.0552888785680463,reverses,SP-2026-DRAFT
variation,-0.9047619047619048,3.421923120793886,3.4452120618687556,1.0067077928469639,held,SP-2026-DRAFT
risk,-0.8333333333333335,11.12125014258013,12.511559593102323,1.1244542403739501,held,SP-2026-DRAFT
link,-0.9761904761904763,2.2812820805292575,1.2692886543726993,0.5659069167954094,held,SP-2026-DRAFT
lack,0.8095238095238096,7.699327021786244,3.626539012493427,0.47443332848869413,reverses,SP-2026-DRAFT
areas,0.7380952380952381,15.683814303638645,3.626539012493427,0.2336711837029359,reverses,SP-2026-DRAFT
work,0.7857142857142858,15.968974563704801,20.12729151933852,1.259586962891837,held,SP-2026-DRAFT
