term,stem,spearman_rho,mean_per10k_before_2013,mean_per10k_2018_on,draft_per10k,n_docs,draft_verdict
college,college,0.7477312852753732,0.7783496425580585,3.4548928194974797,0.543980851874014,34,reverses trend
veterans,veteran,0.7167600189006399,0.024787631963155667,2.3987185410447975,0.0,14,reverses trend
accessibility,accessibility,0.7145338322231707,0.14361607613355598,2.173032841100181,1.8132695062467135,18,reverses trend
suicide,suicide,0.6991140988734424,0.17286918430309756,6.61650921514247,2.175923407496056,21,reverses trend
prefer,prefer,0.694557672441814,0.11267796075426627,1.8070027253542436,0.0,17,reverses trend
equity,equity,0.6719491074318092,0.028737861845602963,2.4514515635198033,0.3626539012493427,13,reverses trend
arts,arts,0.6580254996099173,0.13322705365492288,2.3918383647345434,0.0,29,reverses trend
care,care,0.6551900522746059,12.247823949320178,43.31073059246903,54.57941213802608,43,continues trend
ensuring,ensuring,0.6538196943627849,0.20569933834863635,2.3674488016679853,0.7253078024986854,26,reverses trend
regulation,regulation,0.6328974052343719,0.2539957966433863,2.9129118656862745,5.258481568115469,24,continues trend
demographic,demographic,0.6300222583790845,0.4509531037646979,3.4597561471594256,0.18132695062467136,29,reverses trend
leadership,leadership,0.6241847021527861,0.7369859557268718,2.6164244999540927,0.7253078024986854,31,reverses trend
inpatient,inpatient,0.6233279348436462,0.0,2.0619320569959663,0.9066347531233567,11,reverses trend
justice,justice,0.6113024424129229,0.4458952786491492,5.110727615473177,0.0,19,reverses trend
accountability,accountability,0.6101736984217634,0.24539680248991574,1.428671690013955,17.226060309343776,30,continues trend
health,health,0.6101700017673334,60.84280204809829,111.05620331190804,46.96368021178988,45,reverses trend
living,living,0.5957061314736825,6.443530569577457,14.510979681420004,5.439808518740141,40,reverses trend
sex,sex,0.5955693593851881,0.6272442031554284,5.42701784894322,1.6319425556220422,33,reverses trend
improving,improving,0.5938915225898985,2.991330797625688,8.226369420068465,2.357250358120728,41,reverses trend
physical,physical,0.5930901859811869,3.4625037562613876,10.84769282811128,2.7199042593700704,34,reverses trend
outcomes,outcome,0.5928900457922586,15.131521615941912,35.635727469219866,52.94746958240403,43,continues trend
receipt,receipt,0.5910634712950713,0.024787631963155667,1.171070923083385,0.18132695062467136,14,reverses trend
accessible,accessible,0.5909986274361916,0.5490226470624885,3.134368182087038,3.082558160619413,26,reverses trend
legislation,legislation,0.5875787479219776,0.2878453853017997,0.9842046887652967,0.0,20,reverses trend
access,access,0.5815667002253053,9.266320171225157,22.422861971010445,46.60102631054054,40,continues trend
racial,racial,0.5808161660461387,1.5137650100509805,9.526910816237148,0.7253078024986854,35,reverses trend
emotion,emotion,0.5801555496610374,0.2877260193132896,2.8136453591583837,0.18132695062467136,23,reverses trend
spark,spark,0.5766144962230882,0.0,1.4106598901159784,0.0,12,reverses trend
eligibility,eligibility,0.5681057095679588,0.09007507757716056,2.738931272966289,2.7199042593700704,16,reverses trend
eligible,eligible,0.5651157999826143,0.3869391658797448,3.56559719572608,0.18132695062467136,19,reverses trend
disparities,disparity,0.5645236652166524,3.464575599714231,19.83220013492456,1.2692886543726996,37,reverses trend
ensure,ensure,0.5630665098068679,2.937166852484091,6.909783232856649,5.077154617490798,40,reverses trend
timely,timely,0.560588722468959,0.3868844213070002,1.8702960335288064,6.165116321238826,21,continues trend
urban,urban,0.5603776483659614,0.738413829586413,2.1107354020715596,0.543980851874014,26,reverses trend
accommodations,accommodation,0.5598360619503318,0.0985630325973389,2.026667603878735,5.439808518740141,21,continues trend
receive,receive,0.5582899362037584,4.661800343810359,11.447950786198616,3.9891929137427695,43,reverses trend
individuals,individual,0.5471127188230847,28.056774978407137,67.77963626427945,40.25458303867703,44,reverses trend
participation,participation,0.5457132780756865,1.3518812650743142,4.512508488899568,21.577907124335887,31,continues trend
experience,experience,0.5456624642776722,3.221382748865907,11.505461304882585,3.9891929137427695,35,reverses trend
foster,foster,0.544851805386667,0.7268090984637452,2.2695712463211226,0.0,24,reverses trend
in-person,in-person,0.543868697261471,0.07436289588946698,1.139253861628991,0.0,12,reverses trend
conditions,condition,0.5389706750079043,10.79082154215445,25.80326175177215,38.259986581805656,41,continues trend
visits,visit,0.5385970323486603,0.4785659798076052,3.112145395377832,0.9066347531233567,25,reverses trend
enforcement,enforcement,0.53665783479583,0.024787631963155667,2.1821778793868627,1.9945964568713848,12,reverses trend
dysregulation,dysregulation,0.5363630597873429,0.0,2.548344065120807,5.258481568115469,13,continues trend
policy,policy,0.5362686832500088,6.160356043635974,13.893010979625137,9.429001432482911,43,reverses trend
employers,employer,0.5353318303407011,0.04503753878858028,1.171782896538058,1.2692886543726996,13,continues trend
adulthood,adulthood,0.5349858636360255,3.495272526656098,11.927098298851169,2.175923407496056,40,reverses trend
primary,primary,0.5320524380972459,4.230922988237207,8.990776382360705,11.967578741228309,35,continues trend
transportation,transportation,0.5308340677730057,0.4671365561250667,3.90019095584706,5.983789370614154,19,continues trend
low-income,low-income,0.5299912845082226,0.33890379731722525,2.681669063378053,0.0,18,reverses trend
consistent,consistent,0.5297575335815816,1.1107644920863136,2.882506581967187,5.983789370614154,31,continues trend
outreach,outreach,0.5289701623761633,0.5587723724612956,2.1349556315122014,0.0,24,reverses trend
competitive,competitive,0.5280526557241464,0.3164130115053084,2.6796000011204777,1.9945964568713848,18,reverses trend
seeking,seeking,0.5254630483730143,0.34737702402620274,1.562022480510678,0.3626539012493427,25,reverses trend
barriers,barrier,0.5238986312934458,2.422322935523825,7.847896318468803,10.335636185606267,36,continues trend
daily,daily,0.520766074923234,2.9469025307391803,4.589508507702604,3.2638851112440843,35,reverses trend
employment,employment,0.5176009759761135,8.216784771188792,22.44284738432163,15.594117753721735,36,reverses trend
welfare,welfare,0.5169329387038556,0.10058855897927105,0.8018466748824236,0.0,20,reverses trend
caregivers,caregiver,0.5165530581970108,2.4113259357057686,11.13866104347905,27.743023445574718,37,continues trend
emotional,emotional,0.5152478655644561,0.8547927043451672,4.2955257889710605,1.8132695062467135,24,reverses trend
outpatient,outpatient,0.5066488244075927,0.21401323739293887,1.5558746549294666,0.3626539012493427,14,reverses trend
strengthen,strengthen,0.5064294885171423,0.2511962497082943,2.6250150890878037,3.082558160619413,18,continues trend
support,support,0.5057128063560228,37.1322421476416,70.50345580058,83.5917242379735,45,continues trend
school-based,school-based,0.5026084597820819,0.42444114975665476,3.532758704507371,0.3626539012493427,16,reverses trend
maximize,maximize,0.5023677648920168,0.47478913942123824,3.3674659401562623,0.18132695062467136,27,reverses trend
coverage,coverage,0.501617096493754,1.0003045034328375,5.519775432502344,19.583310667464506,27,continues trend
meet,meet,0.5008930880329054,2.7012623614348135,7.883905054883839,2.7199042593700704,38,reverses trend
extended,extended,0.4990433327562779,0.09461280271489161,1.1807671781386957,0.3626539012493427,15,reverses trend
self-advocates,self-advocate,0.498113142569191,0.3545843556226574,1.3683287915226043,0.0,29,reverses trend
advocates,advocate,0.49474685604755336,1.3421481450296966,2.2562594434767997,0.0,33,reverses trend
vulnerable,vulnerable,0.4941237362521225,0.28612001975146517,1.3543313921366078,0.543980851874014,26,reverses trend
transition-aged,transition-aged,0.49247179541435243,0.0,2.313248896591121,0.0,15,reverses trend
acl,acl,0.49125192920118066,0.5882057298612383,4.755130371615537,18.858002864965822,15,continues trend
low,low,0.49088565920890376,1.4648350375170545,5.501402194937771,1.9945964568713848,36,reverses trend
girls,girl,0.4904789658283367,2.2690625078485027,8.971556824670756,0.0,29,reverses trend
autistic,autistic,0.48770307141347835,6.73338881761722,54.076716728575704,36.80937097680828,43,reverses trend
workplace,workplace,0.4863514648884751,0.17891900729098453,1.2885666921660144,2.175923407496056,12,continues trend
providers,provider,0.48610179609762755,3.2309212629167545,14.467161898689072,5.258481568115469,39,reverses trend
telehealth,telehealth,0.48153750246315385,0.40163632874509786,3.94801405816532,0.0,20,reverses trend
navigation,navigation,0.48129540733666976,0.31309475226838224,3.627699848995915,11.060943988104952,13,continues trend
youth,youth,0.48078327572941854,6.5667520400926485,18.836269615498566,1.4506156049973709,38,reverses trend
independence,independence,0.4805900019656694,0.989591748243204,2.728383877092156,2.357250358120728,30,reverses trend
universal,universal,0.48051167295722197,0.0811266123402888,1.7001991007742516,3.082558160619413,13,continues trend
offered,offered,0.4773571833522618,0.024787631963155667,0.9096968671245218,1.4506156049973709,14,continues trend
uspstf,uspstf,0.47528755031828024,0.14872579177893397,0.5344526783192627,0.0,11,reverses trend
students,student,0.47497579314406424,3.2852012609921815,13.351572053683617,3.2638851112440843,36,reverses trend
indicators,indicator,0.4746612767379506,0.7527705851530255,1.5032842995372775,15.231463852472393,27,continues trend
learning,learning,0.46917896210007637,3.196652966319219,7.123922123625873,2.357250358120728,39,reverses trend
cross-cutting,cross-cutting,0.46841518474451255,0.0,5.618143601256874,0.543980851874014,11,reverses trend
anxiety,anxiety,0.46807586760773534,1.6708759284725985,9.44125465744684,6.7090971731128395,27,reverses trend
readiness,readiness,0.4657888029965758,0.049575263926311335,1.2324830331438759,9.066347531233568,11,continues trend
experienced,experienced,0.4652369176274797,1.1889386626551195,4.33577926664684,0.7253078024986854,28,reverses trend
transition,transition,0.4647086560263023,5.681150479431797,12.895771585436497,13.780848247475022,38,continues trend
socialization,socialization,0.464351889234501,0.08313663397458415,1.927889553213998,0.0,17,reverses trend
ssa,ssa,0.46234819105481306,0.4620858555519616,3.727262068475765,4.351846814992112,10,continues trend
lend,lend,0.46172866297540605,2.068201925147586,1.8130014433593502,2.175923407496056,25,continues trend
background,background,0.4600102992065115,0.6666020353725708,9.373442437342414,0.18132695062467136,28,reverses trend
co-occurring,co-occurring,0.45849049037982936,6.865353023487981,17.864032142932214,17.226060309343776,38,reverses trend
sociodemographic,sociodemographic,0.45646514779140046,0.06982517075173596,1.1090390305097215,0.0,11,reverses trend
federally,federally,0.45411466798325606,0.049575263926311335,0.9748717554348275,4.17051986436744,12,continues trend
ethnic,ethnic,0.45281574365368626,2.0550525791692458,8.636982415911906,0.7253078024986854,34,reverses trend
chip,chip,0.4521547479328906,0.191451596742874,1.5357065243715609,1.4506156049973709,16,reverses trend
premature,premature,0.45131851375337595,0.07377540063418324,0.8540696055315781,0.18132695062467136,17,reverses trend
geographic,geographic,0.45074610491653316,0.5548190698306043,2.3848133060339194,1.2692886543726996,24,reverses trend
regulatory,regulatory,0.4504822714710122,0.09915052785262267,1.127121090961951,9.791655333732253,13,continues trend
reconstituted,reconstituted,0.44955706236457516,0.2762557251031063,0.9133444528060883,0.0,28,reverses trend
culturally,culturally,0.4490328861870538,0.23818025655241476,1.7892885490558241,0.3626539012493427,22,reverses trend
transition-age,transition-age,0.4483745768616209,0.16845801673521824,1.9697779804097526,1.087961703748028,16,reverses trend
negative,negative,0.4482454835400348,0.2959954340895279,1.66997399265182,0.3626539012493427,20,reverses trend
intellectual,intellectual,0.4477046081261837,5.4053699179254195,13.560220309874293,11.786251790603638,40,reverses trend
administered,administered,0.4456284353045742,0.2714322169004365,2.2622739338349813,0.18132695062467136,22,reverses trend
questionnaire,questionnaire,0.4440386489048694,0.3804829961151728,1.9833619986301376,0.0,20,reverses trend
screening,screening,0.4421272948635499,13.746336474504787,30.709447888652868,8.703693629984224,44,reverses trend
independent,independent,0.44149878329929765,2.001562233798232,4.4956054660688345,5.983789370614154,36,continues trend
reduce,reduce,0.44148039114618043,3.3568307908356925,7.653011938601443,6.890424123737511,41,reverses trend
adolescence,adolescence,0.4414108616050475,0.7373659272968444,2.690204065937366,0.18132695062467136,18,reverses trend
stable,stable,0.4385029184289332,0.3620257767557014,1.3505852615766245,1.6319425556220422,18,continues trend
improve,improve,0.4364488379701411,14.050265081295983,23.74031985165599,11.967578741228309,44,reverses trend
traits,trait,0.436041327124695,0.39522682116763064,4.401930928832514,0.543980851874014,21,reverses trend
nation,nation,0.435876868421913,0.19123562706407854,1.0343050248882693,0.18132695062467136,16,reverses trend
devices,device,0.4358070422863726,0.2488287197400647,1.2650587178410206,3.082558160619413,15,continues trend
analytic,analytic,0.4357545993080751,0.38480590382151436,1.552400568941126,2.175923407496056,21,continues trend
insurance,insurance,0.43569569038491324,1.4993547539550742,5.337954114513305,1.087961703748028,32,reverses trend
autism-related,autism-related,0.4350101421277544,1.672171261694741,3.389053091467232,2.175923407496056,26,reverses trend
neurotypical,neurotypical,0.43467625261844767,0.026797653597451006,2.4918628746869853,0.0,10,reverses trend
ssi,ssi,0.4328616992783581,0.024787631963155667,1.9038531695466576,0.9066347531233567,10,reverses trend
aims,aims,0.43264896631512056,0.6854747368897727,2.2810922368921833,0.18132695062467136,22,reverses trend
lives,live,0.43113955501504014,2.6927584362381403,4.947428537204365,2.7199042593700704,37,reverses trend
income,income,0.4310942024879083,1.7291781000922846,4.2826897716678065,0.18132695062467136,28,reverses trend
lived,lived,0.429628014202059,0.18544618351754322,1.1058601479054309,1.2692886543726996,16,continues trend
services,service,0.4256201527315476,83.75464622857339,130.33987242345032,38.44131353243033,45,reverses trend
dsm,dsm,0.42180826431258744,1.1378012518786647,2.7718156920661823,0.0,25,reverses trend
solutions,solution,0.42093410953191346,0.6376050950202443,0.9941111547985527,0.0,19,reverses trend
respect,respect,0.41956590399802807,0.6414997321094489,1.3769915475539358,0.18132695062467136,30,reverses trend
inclusive,inclusive,0.416464288979248,0.15621364589346934,1.628708544720393,1.6319425556220422,23,continues trend
supportive,supportive,0.4162816959300252,0.265814492632341,3.3183058169476194,0.9066347531233567,16,reverses trend
charged,charged,0.41583490442462495,0.5613256655509461,1.1624025904032151,0.3626539012493427,34,reverses trend
domain,domain,0.41555868713981936,1.5235957068209176,2.362159776988527,36.80937097680828,38,continues trend
achieving,achieving,0.4130415492975083,0.19139417829231756,0.7120570441466879,0.0,16,reverses trend
specialists,specialist,0.4129238969097165,1.544700916845896,2.5995141267593564,1.6319425556220422,21,reverses trend
minimally,minimally,0.41196062534501443,0.10518059275550869,2.099357053145306,4.351846814992112,15,continues trend
empower,empower,0.4101405755183843,0.3086260401078305,0.8550745721219613,0.0,13,reverses trend
depression,depression,0.4099162161587905,1.0554171776649606,3.9145573739178494,1.4506156049973709,28,reverses trend
hcbs,hcbs,0.4097610886091903,0.5912894577419378,4.793842777408033,5.802462419989483,14,continues trend
digital,digital,0.40777991860904117,0.2967736720751159,1.7495628767521145,2.357250358120728,19,continues trend
thousands,thousand,0.407726955233481,0.25451305104378813,0.7389544550995727,0.0,21,reverses trend
connect,connect,0.4069024535047888,0.44234892416191113,1.0112865755836202,2.7199042593700704,20,continues trend
positive,positive,0.40297379057874766,2.8912600730778086,6.036407544779269,2.357250358120728,40,reverses trend
experiencing,experiencing,0.40163346293174956,0.4058353808847543,1.2197807846629687,0.18132695062467136,14,reverses trend
well-being,well-being,0.4014851522660616,1.2985858276333335,7.482876006586557,0.9066347531233567,25,reverses trend
respite,respite,0.40128847116080024,0.23873185637891522,1.077527995500591,6.890424123737511,10,continues trend
bias,bias,0.40116101164494644,0.3471274176904739,2.2868415874911205,0.3626539012493427,16,reverses trend
challenges,challenge,0.39996721524290413,5.281036577829173,12.990281891468195,3.807865963118098,39,reverses trend
programs,program,0.39887858247770386,33.37499081067466,55.828884533518185,19.401983716839833,45,reverses trend
patient-centered,patient-centered,0.39700742660290866,0.024787631963155667,1.073997474709021,0.0,15,reverses trend
datasets,dataset,0.3968223995712944,0.4379450811637125,1.2072009288981393,1.087961703748028,18,reverses trend
preference,preference,0.39674802507507934,0.5560204831753336,1.124005196657527,1.087961703748028,20,reverses trend
train,train,0.3952973924422637,0.41373681947719587,0.860730167803106,0.18132695062467136,20,reverses trend
job,job,0.39518687474006275,1.2196358870384352,2.728307938421634,3.4452120618687556,29,continues trend
consider,consider,0.394984197481456,0.5133996260697921,2.079150974081176,0.7253078024986854,29,reverses trend
claims,claim,0.3941358945065032,0.13746559271742192,1.4341702030905161,6.890424123737511,13,continues trend
mental,mental,0.39412452554368715,13.197514880552637,26.777157084439068,8.703693629984224,45,reverses trend
aged,aged,0.39339107665920725,1.3534913948261365,6.8297986449110075,0.3626539012493427,33,reverses trend
chronic,chronic,0.39219951554772803,0.4185463813855313,1.6928956393187848,0.7253078024986854,18,reverses trend
self-injurious,self-injurious,0.38831441477916007,0.23873185637891522,1.4449753505393719,0.3626539012493427,10,reverses trend
disseminate,disseminate,0.3879655484825753,0.31450113594396284,1.0345899817776476,1.2692886543726996,22,continues trend
participants,participant,0.38527156217170416,4.391927106057601,14.157343946827375,1.8132695062467135,41,reverses trend
equipped,equipped,0.3847516754005557,0.41173383315301065,0.9597111253482908,0.18132695062467136,27,reverses trend
military,military,0.38440880125434457,0.9890188175498317,1.5501508616458362,0.18132695062467136,17,reverses trend
naturalistic,naturalistic,0.38004735118752025,0.25452489203069617,1.1795656219881903,0.3626539012493427,15,reverses trend
directed,directed,0.37906380288122626,0.9681907784461652,2.3681700553222638,2.357250358120728,37,reverses trend
psychological,psychological,0.3789280261893672,0.6704040216848156,1.3462904052854936,0.0,30,reverses trend
kinds,kind,0.37808592291997656,0.6584127996923446,2.101118148857365,1.4506156049973709,25,reverses trend
online,online,0.3771114323138145,1.3554315350393136,2.645401248182255,0.0,30,reverses trend
disabilities,disability,0.3762968120411247,31.90807932264275,63.10040115195294,16.68207945746976,45,reverses trend
postsecondary,postsecondary,0.37614904168909713,1.0934507277924406,2.1093643281167855,1.087961703748028,20,reverses trend
beneficiaries,beneficiary,0.37589801865006683,0.337992639735758,3.6208673443897115,0.7253078024986854,12,reverses trend
mandates,mandate,0.37493125319123843,0.42588296852686863,1.4819926008370563,0.7253078024986854,16,reverses trend
housing,housing,0.3730274944657247,1.4568845423017143,12.10056915539712,13.59952129685035,29,continues trend
formal,formal,0.37281258663362116,0.3426492320279897,1.0758708387221274,2.538577308745399,20,continues trend
discrimination,discrimination,0.37277111609048397,0.09461280271489161,1.2926740768292524,0.18132695062467136,11,reverses trend
specialty,specialty,0.3721598019488541,0.19518585694652585,0.8537605611509057,3.082558160619413,20,continues trend
cultural,cultural,0.37208727031721334,0.39502593836248345,1.2681084277030172,0.18132695062467136,20,reverses trend
innovation,innovation,0.3712200862954715,0.5109268352689795,1.6610586418964917,0.18132695062467136,19,reverses trend
equal,equal,0.3699981538402367,0.8774342395603426,1.68572477404111,0.543980851874014,25,reverses trend
reducing,reducing,0.3678493616408112,1.731359926886928,3.701306690995162,0.3626539012493427,36,reverses trend
tailored,tailored,0.3659574818958914,0.43741008573085577,1.2174003978358356,0.7253078024986854,17,reverses trend
edition,edition,0.36546005925608094,0.9032547437567325,1.2259853094152808,0.0,23,reverses trend
self-care,self-care,0.36497368278461034,0.2393502798680535,0.8752675031069788,2.7199042593700704,19,continues trend
enabling,enabling,0.36450273687803286,0.28843991277622444,1.0066360666959169,0.0,21,reverses trend
promoting,promoting,0.3640875605592616,0.7309769333194662,1.7475943014902535,0.0,26,reverses trend
integrated,integrated,0.3639627009510572,1.333223511911157,2.9363213678433717,3.626539012493427,28,continues trend
routine,routine,0.3638459192411183,0.43971379690675316,1.5843304268291718,3.807865963118098,25,continues trend
waivers,waiver,0.3631365052814159,0.552005877128697,3.711317743219965,1.6319425556220422,19,reverses trend
psychosocial,psychosocial,0.363033256817856,0.4571320104375496,1.0308299976205624,0.0,21,reverses trend
minority,minority,0.36257868130939275,1.1697042135693154,3.533825828360845,0.7253078024986854,30,reverses trend
prepare,prepare,0.36099419065162575,0.4933118217535083,1.1702076345957335,0.543980851874014,17,reverses trend
representative,representative,0.3591933981190136,0.753082172205822,1.979178648857075,0.9066347531233567,16,reverses trend
investigated,investigated,0.3590783759611696,0.6879091096529742,1.7553884976742813,0.543980851874014,24,reverses trend
rural,rural,0.3583380888207053,0.6964168572834493,1.5131974899949616,3.626539012493427,21,continues trend
virtual,virtual,0.35724036934201686,0.6471042678328186,1.6565919369088695,0.18132695062467136,23,reverses trend
enrollment,enrollment,0.35693138420664905,0.34447751695639495,1.2313796724238648,6.165116321238826,18,continues trend
arp,arp,0.3558074290161066,0.404642197947672,1.097867716005329,0.0,15,reverses trend
performance,performance,0.35548141297891545,0.7741374013084467,2.0540623169206556,10.154309234981596,22,continues trend
explore,explore,0.35498888657173255,2.5843309658206834,3.9780081769052997,0.0,36,reverses trend
healthcare,healthcare,0.35495446170250955,4.573735213026258,13.081580320602884,2.7199042593700704,41,reverses trend
individual's,individual',0.35461994219486587,0.21790672309167783,0.9099583990781944,0.9066347531233567,18,reverses trend
school,school,0.354023831218977,8.741615991471821,16.430786832202596,10.335636185606267,43,reverses trend
acceptance,acceptance,0.3533787590478289,0.21263889737572206,1.0123351836954766,0.0,17,reverses trend
understood,understood,0.3532892338642936,0.14557747547181848,0.5914914623282216,1.4506156049973709,19,continues trend
way,way,0.3526246504326451,1.0718747106423625,1.3432034379314637,1.6319425556220422,29,continues trend
build,build,0.3525532699463748,1.119284080571637,3.201675451251668,5.439808518740141,32,continues trend
seed,seed,0.35251761931295195,0.8169540352755692,2.744927212126627,0.0,19,reverses trend
reduction,reduction,0.3522172255056443,0.6259914517216468,1.7731024133712563,2.7199042593700704,23,continues trend
medically,medically,0.3515601485155789,0.2903171419395219,1.4000927166985337,4.8958276668661265,17,continues trend
sensory,sensory,0.3515417489243507,2.706222572792294,7.067672357878967,13.418194346225679,36,continues trend
equitable,equitable,0.35101588518932814,0.26082650147869524,1.372032684260179,1.087961703748028,16,reverses trend
aid,aid,0.35098844019127545,0.8296729167515007,1.3659688768153948,0.0,25,reverses trend
collaboration,collaboration,0.3507310027404206,5.95534177066361,4.280647291476843,0.0,38,reverses trend
engagement,engagement,0.3490565544498451,2.848305239896612,4.856555281638269,1.8132695062467135,34,reverses trend
sets,sets,0.3476858579889167,0.2210948899292874,0.5669795528234626,1.087961703748028,23,continues trend
personal,personal,0.3465643613784263,0.7699810704788221,1.6531182663528512,0.18132695062467136,25,reverses trend
intelligence,intelligence,0.3465207055867988,0.36901710751017414,0.7680911027528367,0.18132695062467136,15,reverses trend
focused,focused,0.3451129628573897,5.317563738777495,9.988043822909734,1.087961703748028,41,reverses trend
series,sery,0.34385833408140093,0.2981118875298412,1.1164964227698069,0.9066347531233567,21,reverses trend
ados,ados,0.34313065236244844,0.20126347744804868,2.821688522545555,0.0,14,reverses trend
career,career,0.3421738081587591,0.601654657616941,2.18785741011922,0.3626539012493427,21,reverses trend
data,data,0.34025642120141536,26.151892181335434,34.325070453714446,30.825581606194127,43,reverses trend
effects,effect,0.3378021565892953,6.527131147708441,11.610565345995228,13.962175198099693,44,continues trend
technology-based,technology-based,0.33674605022162574,1.13617103128877,1.7922999114566616,0.0,17,reverses trend
expertise,expertise,0.33513931853354545,0.7061207514747687,1.2153879965592296,1.6319425556220422,27,continues trend
led,led,0.3348903903045544,0.9036746611456313,1.3038701196570603,0.18132695062467136,29,reverses trend
cover,cover,0.3337775932785006,1.5991799964071798,3.109437953303407,0.543980851874014,35,reverses trend
team,team,0.333494598479165,0.8188927908625603,2.0552140517134885,0.3626539012493427,23,reverses trend
strengths,strength,0.3332351926925993,1.5090370493687069,3.065896324145402,1.087961703748028,29,reverses trend
renewed,renewed,0.33236807102911287,0.41173383315301065,0.8705064099315,0.0,26,reverses trend
informed,informed,0.33191240765372904,0.5176526951235623,1.0893407266774906,3.4452120618687556,24,continues trend
social,social,0.33106724259943837,23.807105322883224,36.017018070305035,1.8132695062467135,45,reverses trend
aimed,aimed,0.33049962253454274,1.7599008043189286,5.012240700916798,0.0,34,reverses trend
hhs,hhs,0.3300944201827025,3.540094224117654,5.764929775294159,8.885020580608895,39,continues trend
higher,higher,0.3286350103472626,5.36794582311417,12.276594364516347,0.9066347531233567,43,reverses trend
physiological,physiological,0.32800107773658854,0.3599461822892142,1.1670040113721434,2.9012312099947417,18,continues trend
home,home,0.32799781486305846,2.316402219711703,7.158669110332693,1.6319425556220422,31,reverses trend
household,household,0.32785195244550575,0.6912471102062536,1.4472278934547278,0.3626539012493427,18,reverses trend
unmet,unmet,0.32734828751918793,0.5343634263581515,4.0730631242798445,2.357250358120728,19,reverses trend
navigate,navigate,0.3263308022976836,0.5129961563071609,0.807462703037036,0.3626539012493427,22,reverses trend
promote,promote,0.3261316347632249,2.74972327612372,5.535758333932474,0.543980851874014,33,reverses trend
waiting,waiting,0.3258026558315491,0.27039822200996144,1.9702130081049587,0.9066347531233567,11,reverses trend
institutions,institution,0.3256924677572186,3.6339501363906153,3.3381402558482263,0.18132695062467136,22,reverses trend
dbpnet,dbpnet,0.32562101007162075,0.4481873969710973,0.959724776905725,0.0,13,reverses trend
affordable,affordable,0.32554051043372256,0.677083775589094,1.365636221216476,0.3626539012493427,18,reverses trend
recorded,recorded,0.3249440840149078,0.26633800600269525,0.9375874185661135,2.357250358120728,14,continues trend
challenging,challenging,0.324132899272652,1.0161008297650995,2.4803472841273426,0.18132695062467136,25,reverses trend
especially,especially,0.3239814170589168,1.4563793404080894,2.5816072482722854,3.082558160619413,34,continues trend
diagnoses,diagnos,0.3234055102502594,1.2545033655476547,3.1736435914214858,0.3626539012493427,31,reverses trend
dod-army,dod-army,0.3218110348648787,0.0,1.731950655785968,0.0,10,reverses trend
needs,need,0.321691185868461,31.319719830453845,41.063410339730986,37.3533518286823,44,reverses trend
copyright,copyright,0.321379294509759,0.5593001391690139,0.9091377601449983,0.0,36,reverses trend
base,base,0.32076505429622293,1.0976141219059965,2.4508576501956654,2.175923407496056,26,reverses trend
education,education,0.32037061449790083,21.955962400652815,28.474919176407145,19.03932981559049,45,reverses trend
population,population,0.3197763573811488,13.698064619295709,20.517283905631626,23.028522729333258,45,continues trend
consisted,consisted,0.3192798115681413,0.1275721739574164,0.7725971855728466,0.0,17,reverses trend
community,community,0.3179935860308925,26.735008477193297,40.0095807819569,14.86880995122305,44,reverses trend
began,began,0.31669286563802407,1.3615866873573104,1.4361621736100532,0.3626539012493427,30,reverses trend
helpful,helpful,0.3161085972266082,0.9159322207690855,1.613640928998273,0.0,28,reverses trend
regardless,regardless,0.31541526418711,0.6803186327700983,0.9974096905710451,1.087961703748028,17,continues trend
make,make,0.3137277010517264,2.5076008076345904,4.355253043623053,14.506156049973708,35,continues trend
aware,aware,0.3129827354314515,0.2370314690781499,0.5269447604432419,0.18132695062467136,16,reverses trend
partners,partner,0.31228594993105047,1.9984714210225383,3.2065863005435196,14.143502148724364,41,continues trend
limit,limit,0.3120262271425462,0.3021940400136172,1.2819467679443435,1.4506156049973709,19,continues trend
despite,despite,0.31197697061687435,1.0004064464800762,1.9250629867998785,1.2692886543726996,26,reverses trend
success,success,0.31178618665484187,0.9944076474418473,1.8364454946958935,1.4506156049973709,23,reverses trend
likelihood,likelihood,0.3117593038429645,0.7221060068945747,3.0096797578019845,0.543980851874014,25,reverses trend
vision,vision,0.3103886019947569,0.9832211183196135,1.2066387771804061,0.18132695062467136,24,reverses trend
applications,application,0.30985544202841847,1.5174953170527492,3.147852811801175,0.7253078024986854,27,reverses trend
world,world,0.3095882961021481,0.9135864981558837,0.6577561260788016,0.18132695062467136,16,reverses trend
occupational,occupational,0.3094264901358132,1.8297516316571718,3.0958374558758797,2.7199042593700704,30,reverses trend
illness,illness,0.30892581908589467,0.5431241558788145,1.3384617852861402,7.434404975611525,24,continues trend
evaluation,evaluation,0.30839404932986386,6.346058843230634,10.493823086279232,39.16662133492901,42,continues trend
graduate,graduate,0.3082682438434573,0.34999800818889354,0.7578636147006781,0.0,21,reverses trend
agreement,agreement,0.30578140936525333,0.5391041126102237,1.24069800418189,2.175923407496056,18,continues trend
non-hispanic,non-hispanic,0.3054481972850396,0.49317568150714486,1.0010509899200728,0.0,11,reverses trend
sought,sought,0.30405287677868226,0.24338678085562043,3.2337326631933636,0.18132695062467136,19,reverses trend
seek,seek,0.30323591160737307,1.4766451794139772,3.4217697777162104,0.3626539012493427,27,reverses trend
race,race,0.3024272126080277,1.7453541682137341,5.025328065022948,0.7253078024986854,32,reverses trend
provide,provide,0.30161850103594623,20.700881073885995,29.16263712388025,8.15971277811021,45,reverses trend
multisite,multisite,0.30015166076003386,0.30408831497009947,1.2346314658770734,1.8132695062467135,11,continues trend
differences,difference,0.2992414725689379,9.203724721345276,15.846037562306714,5.439808518740141,44,reverses trend
responses,respons,0.29917832971892466,0.8276027923298613,2.7770325673893193,1.087961703748028,25,reverses trend
food,food,0.29833964963396775,1.8085358494963122,2.6869669988788147,1.4506156049973709,38,reverses trend
workers,worker,0.29808670346473504,0.8760100189900681,1.699682426456919,0.543980851874014,23,reverses trend
offer,offer,0.2974501739326555,1.431384199378097,2.7694939884257885,1.2692886543726996,25,reverses trend
companies,company,0.29742281686951444,0.30402371910190384,0.6952813972458486,0.0,14,reverses trend
panel,panel,0.29701774764582756,0.33147727361686746,1.698280142141069,0.9066347531233567,15,reverses trend
implementing,implementing,0.2968037948892491,1.0610305612682236,1.4897158965471864,0.0,26,reverses trend
adhd,adhd,0.2964824066923447,1.428286355938719,4.561614675271145,1.8132695062467135,25,reverses trend
guidance,guidance,0.29634790941805456,1.7988549687142374,2.9958962610613074,27.380369544325376,39,continues trend
goal,goal,0.2962818045977516,6.700241735658832,10.50684620157536,4.8958276668661265,39,reverses trend
high-quality,high-quality,0.296240464882267,0.49956126663675704,1.4588399802799117,0.543980851874014,25,reverses trend
consistently,consistently,0.29582731324600064,0.7418124784906657,0.7349164277898,4.714500716241456,17,continues trend
use,use,0.2956759298684254,14.47991992988833,22.5886720744655,31.55088940869281,44,continues trend
scores,score,0.294644269227221,0.6844399578290542,3.913695923907843,1.2692886543726996,23,reverses trend
m-chat,m-chat,0.29388206904963926,0.3440758321355713,1.896126572610087,0.0,14,reverses trend
saw,saw,0.2936298255195319,0.05359530719490201,0.9369176746217103,0.0,17,reverses trend
interview,interview,0.29359193780011,0.7678445615167833,1.2779050278623154,0.3626539012493427,17,reverses trend
beginning,beginning,0.29252109879390603,1.681791353453533,2.3042606851406844,0.543980851874014,34,reverses trend
clinics,clinic,0.29241726911445004,0.7776627478372155,1.800409304985992,1.2692886543726996,24,reverses trend
took,took,0.29095448620558784,0.7249296622990676,1.1075987055269252,0.18132695062467136,24,reverses trend
adapted,adapted,0.2906429629189298,0.19979339547040031,1.675535662783052,2.9012312099947417,15,continues trend
personalized,personalized,0.29060620456062064,0.7103479472141644,1.1325152936478367,0.18132695062467136,24,reverses trend
calculated,calculated,0.29026084968840327,0.25789633890352404,0.7497691692622832,0.18132695062467136,14,reverses trend
jama,jama,0.2902589561761389,0.14809549197322433,1.5272600626952133,0.0,11,reverses trend
discipline,discipline,0.29006421875141086,0.6012829080150404,0.48165627390145627,3.9891929137427695,13,continues trend
remained,remained,0.28986036560196177,0.7404313161329682,2.4164495940691677,1.6319425556220422,27,reverses trend
variability,variability,0.28746401315325015,0.7006785108889937,1.0028837894241522,2.7199042593700704,28,continues trend
diabetes,diabete,0.2874443457407753,0.45315572268944804,0.9714565606174764,0.543980851874014,14,reverses trend
obtain,obtain,0.28722433084942106,0.5483453223709575,1.1329718200606913,1.4506156049973709,19,continues trend
death,death,0.28654424681557394,1.4668859312614662,2.224260915025964,0.543980851874014,18,reverses trend
women,women,0.28644125831926226,1.723147490154275,4.588106271171145,0.0,35,reverses trend
require,require,0.28591013534636756,3.6093191911096074,5.135260176874371,25.023119186204646,35,continues trend
nationally,nationally,0.2856847970202316,0.2729281076353025,0.8873041147328617,0.3626539012493427,15,reverses trend
clinicians,clinician,0.28549385684094725,2.467659339016496,4.540160477896575,10.879617037480282,31,continues trend
follows,follow,0.2841154851159927,2.21234003515004,3.0429379853717013,7.434404975611525,41,continues trend
survey,survey,0.28160352294718416,3.06690627047398,5.752026187914898,0.0,38,reverses trend
requirements,requirement,0.2814115691334869,1.012916071108992,2.4522877340469473,4.351846814992112,24,continues trend
providing,providing,0.27867727798116176,4.077156516980629,6.284682244436985,0.543980851874014,42,reverses trend
eye-tracking,eye-tracking,0.2786381964826195,0.05359530719490201,1.1212889853658035,0.0,13,reverses trend
planning,planning,0.2784447737825744,3.6251762501667666,4.905948112410081,24.29781138370596,29,continues trend
high,high,0.2777821877973349,8.080797137280957,11.876798020139706,4.17051986436744,44,reverses trend
settings,setting,0.27770860331749186,7.215713642493392,11.005986644989536,8.34103972873488,41,reverses trend
systems,system,0.2771052754582463,7.435159854671746,10.845006567092875,20.852599321837204,38,continues trend
underserved,underserved,0.27699663895900245,2.2838534332678546,3.881245385551695,2.175923407496056,27,reverses trend
consistency,consistency,0.27678070634122537,0.3950051809912144,0.6977137529048265,1.2692886543726996,20,continues trend
satisfaction,satisfaction,0.2765577839763525,0.2140544799199797,1.1752038895869092,0.0,12,reverses trend
items,item,0.2756710465135631,0.48698534965716717,1.270147242211549,0.7253078024986854,17,reverses trend
referral,referral,0.2751780659559093,1.7388697107426099,2.5656447664672535,22.84719577870859,28,continues trend
managing,managing,0.27399665282642094,0.49617341120814656,0.6645714863282447,0.0,19,reverses trend
recognize,recognize,0.27363618719786587,0.48316592358755556,2.4073121282047416,3.082558160619413,25,continues trend
executive,executive,0.27305836211042395,3.0827320199445785,3.937069108214067,9.247674481858239,37,continues trend
protect,protect,0.27280667242045664,0.596015423482489,1.2429213056581239,1.2692886543726996,25,continues trend
fine,fine,0.27151098055133704,0.1314260139303137,1.3427431818912547,0.7253078024986854,14,reverses trend
teens,teen,0.27116941460230515,0.2571652134707012,1.206961375908939,0.0,16,reverses trend
supplemental,supplemental,0.2703288780750787,0.47092733692286615,0.8955073270596423,0.7253078024986854,17,reverses trend
receiving,receiving,0.2702245074641976,3.5804215691414285,5.453621642200964,1.9945964568713848,42,reverses trend
allowed,allowed,0.2697676515687605,0.6563255919055702,0.9880032740907109,0.0,18,reverses trend
socioeconomic,socioeconomic,0.26858676856320207,1.0793997279517837,2.4014786810465583,0.3626539012493427,30,reverses trend
obesity,obesity,0.26858463196581694,0.2921463754662405,1.3174946591986805,0.18132695062467136,20,reverses trend
aim,aim,0.2683298310881492,0.9008071397478858,2.811064971175274,1.8132695062467135,27,reverses trend
feasibility,feasibility,0.26780928964874023,0.35887010319961643,1.2516987634340213,2.9012312099947417,14,continues trend
displays,display,0.2677146254349693,0.3408788569936794,0.5516741282324136,0.3626539012493427,17,reverses trend
appropriations,appropriation,0.26756787502465784,0.7742536862955727,1.4186273670034302,4.8958276668661265,14,continues trend
trust,trust,0.26740693194193627,0.46417277737046564,0.5681646930039944,0.18132695062467136,14,reverses trend
work,work,0.2672396263580859,7.396674215364438,11.726750443481665,20.127291519338517,41,continues trend
assistance,assistance,0.2666037902968889,2.298253003320049,7.898522662304789,4.17051986436744,32,reverses trend
technical,technical,0.2665778921274893,1.3807375211632276,3.919976366944638,7.434404975611525,23,continues trend
ethnicity,ethnicity,0.26623192465044854,1.5128231589953367,3.5792457361189567,0.7253078024986854,30,reverses trend
platform,platform,0.2660854534998287,0.4292548203738329,0.6789147351442881,3.626539012493427,17,continues trend
aggressive,aggressive,0.2657413366561121,0.19180149529501372,2.6865811178753773,0.0,10,reverses trend
trained,trained,0.26529303620426753,1.4538360402705612,2.2595854340885686,1.4506156049973709,27,reverses trend
fit,fit,0.26514476754519406,0.8015928314172851,1.2023916020206054,1.4506156049973709,18,continues trend
publicly,publicly,0.2651382605142818,0.25478897125680733,1.0772611674430144,2.357250358120728,17,continues trend
management,management,0.26479799717380403,2.303268727590862,4.104972750946272,4.351846814992112,35,continues trend
workforce,workforce,0.2631226618528177,3.037540531882493,4.810170178689223,19.03932981559049,34,continues trend
detection,detection,0.26275057391266515,3.0959103027471766,6.742763544411668,0.3626539012493427,38,reverses trend
relevant,relevant,0.2619432111944951,2.8925134633687044,4.526748573381662,11.060943988104952,35,continues trend
exercise,exercise,0.2615316097344155,0.28914151347316025,0.6054185630092136,2.538577308745399,21,continues trend
aging,aging,0.26130886013129434,1.1843194373930732,1.465137323920015,10.516963136230938,23,continues trend
consists,consist,0.2608147901928658,0.338931620097289,0.7791756348541513,0.543980851874014,21,reverses trend
responsible,responsible,0.2607442931975848,0.8208664424635714,1.3993907816999545,3.4452120618687556,29,continues trend
taking,taking,0.2606750188008468,0.7349770339517763,0.9554721047003863,0.18132695062467136,25,reverses trend
grouped,grouped,0.26058234462979557,0.6928816249282255,1.0071678274394862,0.18132695062467136,22,reverses trend
air,air,0.26047807102539117,0.4121646026157131,1.2806092504460997,0.18132695062467136,17,reverses trend
meaningful,meaningful,0.25846877803824136,0.7719474803712707,1.5167762422601314,11.060943988104952,27,continues trend
subset,subset,0.25838363676819415,0.6655740817683415,0.7766292336858697,2.175923407496056,22,continues trend
advocacy,advocacy,0.25827587266311275,2.5330713506720803,3.483904591131766,0.543980851874014,40,reverses trend
isolated,isolated,0.2576249432329696,0.3967465419969938,0.5288677310377817,0.7253078024986854,21,continues trend
schedule,schedule,0.2564628023168675,0.2279913176593563,1.2236332585926104,0.543980851874014,14,reverses trend
advice,advice,0.2563597815126317,1.2196746224103452,1.639331472533207,0.0,40,reverses trend
demonstrate,demonstrate,0.2560964032247079,1.8287414341163735,2.4764308523279017,1.4506156049973709,31,reverses trend
generally,generally,0.2558684921920122,1.6553361248432956,1.9723064820404737,0.7253078024986854,35,reverses trend
state,state,0.2551343887922277,24.004978098208905,31.861106702765632,20.489945420587862,45,reverses trend
lifelong,lifelong,0.2541989992251462,0.3024196966944425,0.7423116822245366,1.8132695062467135,22,continues trend
training,training,0.25412863628589605,16.353647334351923,22.875294777356384,9.066347531233568,41,reverses trend
person,person,0.2537771954862394,4.045908519045343,6.066422191297268,7.071751074362182,35,continues trend
cumulative,cumulative,0.25355869634029043,0.25923708889936325,0.9957173283935004,1.2692886543726996,13,continues trend
accuracy,accuracy,0.25345671867869307,0.9004731525476092,1.2378028512233503,1.8132695062467135,15,continues trend
dbp,dbp,0.25285800794147645,1.015864213260447,1.0225818837270928,1.4506156049973709,10,continues trend
copied,copied,0.2524062207523661,0.5593001391690139,0.7273986963638899,0.0,33,reverses trend
reproduced,reproduced,0.2524062207523661,0.5593001391690139,0.7273986963638899,0.0,33,reverses trend
electronic,electronic,0.2523375464782817,0.6665312738473446,1.4763080216277693,0.3626539012493427,20,reverses trend
advisory,advisory,0.2501157905246191,1.6243264686909173,2.0724107175594426,0.3626539012493427,38,reverses trend
working,working,0.24968186285969085,1.6987841640500851,6.257149037254594,3.082558160619413,23,reverses trend
global,global,0.2495970439742135,2.37885520947658,1.3051594626273881,0.18132695062467136,29,reverses trend
nsf,nsf,0.2487198272198668,1.4245920552085083,4.367047091452274,0.0,16,reverses trend
appearing,appearing,0.24867328839738587,0.7063099594250071,0.7443790755357569,0.18132695062467136,33,reverses trend
vary,vary,0.24867151718677225,2.0932389766135757,2.496015405421625,3.082558160619413,30,continues trend
enhancing,enhancing,0.2485337818485845,0.5840637399992573,1.175219806568914,0.0,24,reverses trend
obtained,obtained,0.2482032434747571,0.49693868876383646,0.750159159542964,0.18132695062467136,20,reverses trend
spoken,spoken,0.24753647974303508,0.07377540063418324,1.849644400322193,0.7253078024986854,11,reverses trend
lowest,lowest,0.24732429526080113,0.38367976590233027,0.6983528605295286,0.18132695062467136,18,reverses trend
fewer,fewer,0.24689468052612348,1.4405765052994675,3.346195046266657,0.543980851874014,29,reverses trend
economic,economic,0.24682712143992125,0.8573681430842335,1.731727578361689,2.7199042593700704,29,continues trend
demonstrated,demonstrated,0.24665822372441562,1.9959575667815515,1.6354952108828777,1.4506156049973709,29,reverses trend
improvement,improvement,0.24654365281281546,5.250886977838913,7.915326439872166,5.802462419989483,38,reverses trend
idea,idea,0.24640962754048462,1.254165599643569,3.5334036338811203,8.522366679359553,26,continues trend
eeg,eeg,0.24566463636732974,0.5734184275007682,1.7051611585778543,10.516963136230938,20,continues trend
achieve,achieve,0.2455831876241934,1.0757264647583913,1.4499978018331146,0.18132695062467136,28,reverses trend
differ,differ,0.24474882929736957,1.484070161889273,2.258997366880763,1.6319425556220422,32,reverses trend
benefits,benefit,0.24428073553942095,6.322919358012948,10.685320645716086,12.14890569185298,43,continues trend
mission,mission,0.24392105454385105,1.7350969539065304,4.669641236688852,0.3626539012493427,23,reverses trend
cost-effective,cost-effective,0.2434319163102851,0.6474044229877076,0.9965155592438462,0.0,21,reverses trend
evidence-based,evidence-based,0.24308834565673396,5.921367867899574,6.341397215045888,0.0,35,reverses trend
preventive,preventive,0.24262684859169334,0.414302687708131,1.0416556046052328,0.9066347531233567,18,reverses trend
gather,gather,0.2420593299051955,0.42213435826990575,0.6254122821607767,0.0,23,reverses trend
fda,fda,0.24154521681929372,0.7262496090237874,1.991520619214468,23.209849679957934,16,continues trend
statistics,statistic,0.24141462408239805,0.3577433773129938,0.7569867383718347,0.18132695062467136,14,reverses trend
scale,scale,0.2411397531690086,1.265135744781886,2.2962596537576596,3.082558160619413,32,continues trend
apply,apply,0.24023372889660832,0.4091882834474262,0.7488412883367973,3.626539012493427,16,continues trend
submitted,submitted,0.239905039379313,0.40581473268795265,0.8314128726590814,0.0,17,reverses trend
overview,overview,0.23973008297460777,0.6511711108360945,2.3803533508616534,0.0,22,reverses trend
predictive,predictive,0.2390593171068318,0.31845136582641015,0.7650696173857577,0.18132695062467136,21,reverses trend
totaled,totaled,0.23845936288356337,0.15021813154408895,1.423517411764792,0.0,16,reverses trend
adverse,adverse,0.23824517861425687,0.3471892276720131,1.0782998938016213,3.626539012493427,19,continues trend
sessions,session,0.23815077748999033,0.9011220717872268,1.0806674162698868,0.0,16,reverses trend
presented,presented,0.2380853324995689,0.7031450022837603,1.3928204000203586,1.4506156049973709,24,continues trend
middle,middle,0.2376861568868437,0.47330463493080877,0.6114363362946731,1.087961703748028,20,continues trend
educational,educational,0.23669134974152267,4.701394472498553,5.906912299168521,2.7199042593700704,41,reverses trend
using,using,0.23490436996391134,10.785948132816216,12.180634602372578,9.972982284356924,43,reverses trend
divided,divided,0.2347123599895716,0.7826724638896885,1.079714404708734,0.18132695062467136,20,reverses trend
meta-analysis,meta-analysis,0.23448028064743504,0.22649266482260533,1.8580113711152568,0.0,12,reverses trend
fall,fall,0.23441062847073335,1.0435308253726547,1.1282580681726193,1.087961703748028,22,reverses trend
integration,integration,0.23361932008738132,1.883684560835169,3.7260034846489893,6.527770222488169,29,continues trend
aba,aba,0.23263207308631842,2.2254267927508926,3.9595026303058507,0.0,31,reverses trend
fully,fully,0.23189462271054048,1.3268400095996078,1.7268505445735667,1.4506156049973709,31,reverses trend
language,language,0.23123966370024387,10.095728370459014,20.544731897328173,18.67667591434115,43,reverses trend
implement,implement,0.23069404730251483,2.079050091626155,3.859847492346199,2.357250358120728,27,reverses trend
increase,increase,0.2305793562653488,12.506388624050162,16.60693591525508,5.258481568115469,43,reverses trend
membership,membership,0.23046903310969924,1.5995553949590335,2.097618085484416,0.18132695062467136,38,reverses trend
text,text,0.23043614265066442,1.2154573782638616,1.6879623488663156,3.082558160619413,16,continues trend
capture,capture,0.23041256896792042,0.7986877375590746,0.9619081505801788,3.4452120618687556,26,continues trend
relationship,relationship,0.23040835116587757,3.799441695130824,5.674348382217747,3.626539012493427,39,reverses trend
aac,aac,0.22875819652099422,1.495234376897382,2.5942019610416556,5.258481568115469,18,continues trend
presentation,presentation,0.22832957640518275,0.5244707539904043,2.989330295293228,12.692886543726994,20,continues trend
participate,participate,0.22691669326359273,1.6560531591208851,2.532159404867057,1.9945964568713848,28,reverses trend
responsiveness,responsiveness,0.22684927509609337,0.45895936438105367,0.509767682515313,0.0,14,reverses trend
timing,timing,0.2267077038941957,0.9708881498356997,1.4057591351873813,9.972982284356924,19,continues trend
displayed,displayed,0.22635033364301227,0.7651988425554099,0.9466800518760755,0.18132695062467136,11,reverses trend
video,video,0.226263183477327,1.4928017009348298,2.3921012838060633,0.3626539012493427,31,reverses trend
recommendations,recommendation,0.22602602015249237,3.143861568743942,16.132840851792157,19.764637618089175,35,continues trend
law,law,0.2258285752044826,1.2178638649892815,4.0759187936238215,1.8132695062467135,22,reverses trend
descriptive,descriptive,0.2254391462987475,0.4298002229286908,0.6554837838104992,0.7253078024986854,15,continues trend
explored,explored,0.2244100540034494,0.7221036389485028,1.0501025178002403,0.0,22,reverses trend
flat,flat,0.22429300127379517,0.12939623421101737,0.8468207809037993,0.0,11,reverses trend
considering,considering,0.2241227417700174,0.41393463628312055,0.6727907751592193,0.0,20,reverses trend
diagnostic,diagnostic,0.22383684730995135,9.71155975873357,14.697625648025927,21.215253223086545,44,continues trend
listing,listing,0.22368797167846247,0.9064734899345679,1.7403177929833882,0.0,23,reverses trend
document,document,0.22352194351990545,2.351188988241363,2.8704068977922343,2.7199042593700704,40,reverses trend
completed,completed,0.22347822168968443,2.14782697597047,2.311014669009135,7.978385827485539,26,continues trend
professionals,professional,0.2232586069877253,3.8925495134353043,5.654737466884944,2.7199042593700704,38,reverses trend
criminal,criminal,0.22260356599814382,0.5585732394034155,1.1193440095806066,0.0,12,reverses trend
standards,standard,0.22255015838208494,1.9550752610909972,2.8807482336043795,27.01771564307603,34,continues trend
focusing,focusing,0.22250493750328343,0.950018735817665,1.2947185691437333,0.18132695062467136,27,reverses trend
person-centered,person-centered,0.2220271906757992,0.23661086002318654,0.9722261968518424,1.4506156049973709,16,continues trend
face,face,0.2218245124079655,4.189905007878825,2.8660424175828476,1.087961703748028,32,reverses trend
follow-up,follow-up,0.2212981572121505,1.147244232864922,2.498478213713659,22.121887976209905,24,continues trend
coordination,coordination,0.22126173313735897,8.569023344786931,8.675716843583665,13.418194346225679,44,continues trend
broadly,broadly,0.2211499392911435,0.34292384058581593,0.9017395310946758,0.9066347531233567,15,continues trend
moderate,moderate,0.22067289586608146,0.7331013484213832,1.4190563332285602,0.0,21,reverses trend
span,span,0.22056869181961905,0.7892455755515011,1.3238800539257027,2.357250358120728,20,continues trend
directly,directly,0.22051561930871005,1.2860255233929208,1.9619191579989161,6.165116321238826,35,continues trend
characteristics,characteristic,0.22014952416448882,4.877949873176694,8.006857685575486,1.8132695062467135,38,reverses trend
decisions,decision,0.2199252426485314,1.130975635855558,1.6569053579356325,5.802462419989483,28,continues trend
versus,versus,0.21962031857755496,3.452179340667365,3.0609046120584176,0.0,38,reverses trend
following,following,0.2192272564584825,3.5120433859189983,4.971761213779135,2.7199042593700704,40,reverses trend
provided,provided,0.21875264753329463,8.440370904891799,11.001677320994977,0.9066347531233567,44,reverses trend
academic,academic,0.21844224772341955,1.5627961729529807,2.154482729494966,1.087961703748028,24,reverses trend
ages,ages,0.2181211016994733,4.847708425829409,7.758416483188777,0.9066347531233567,42,reverses trend
wandering,wandering,0.21795578253874842,1.9599989831472777,1.2450081001355013,1.2692886543726996,22,continues trend
year-old,year-old,0.21743656102839132,1.639674793845885,2.9684594386609495,0.18132695062467136,25,reverses trend
measurement,measurement,0.21703374375807685,0.8258297500510232,1.3986290748972412,12.874213494351665,22,continues trend
underrepresented,underrepresented,0.21667904794328852,0.7151202560286226,1.3733852323234252,1.6319425556220422,18,continues trend
correlation,correlation,0.21646844626055026,0.23150640492466656,0.7557143802713993,0.7253078024986854,14,reverses trend
placement,placement,0.2159865392649673,0.3085570271306512,0.5422282845735901,5.077154617490798,12,continues trend
leaders,leader,0.21577056210757858,0.5158477905998091,0.7826775530876339,0.0,17,reverses trend
utilization,utilization,0.2153282109691429,1.313601604656638,2.000570192111195,3.626539012493427,25,continues trend
report,report,0.21479093342161407,18.926645590956138,22.911698912126784,11.786251790603638,45,reverses trend
enrolled,enrolled,0.2146229193215232,1.9288243976886983,3.126456175926605,0.3626539012493427,27,reverses trend
verbal,verbal,0.2140609646318299,1.1940437645659538,4.693797292613755,1.087961703748028,29,reverses trend
alignment,alignment,0.2125982627196774,0.5970977506518573,0.4940032932433679,3.2638851112440843,13,continues trend
compared,compared,0.21188567640638167,9.422249760941076,15.898694345834764,0.9066347531233567,44,reverses trend
come,come,0.21057108254716114,0.4300459672754851,0.5946531974928022,0.3626539012493427,24,reverses trend
mentioned,mentioned,0.2105649110088943,0.4478433467000634,0.4584567439595904,0.18132695062467136,18,reverses trend
allocated,allocated,0.209752069446946,1.5510108718197126,0.3181462383958088,0.0,13,reverses trend
esdm,esdm,0.20970884723605623,1.9199333980028446,2.153293230685911,0.0,12,reverses trend
monitoring,monitoring,0.20944858438016561,5.60611715735567,7.567060003633785,11.967578741228309,40,continues trend
independently,independently,0.20895289636174352,0.7500511622550745,1.2975568847016872,2.175923407496056,21,continues trend
consumers,consumer,0.20868555857568793,0.5267287833548187,0.6393167729103401,0.0,17,reverses trend
federal,federal,0.2086502765485092,25.85975266639853,32.93537495446516,105.16963136230939,44,continues trend
counseling,counseling,0.2077576726865298,0.5593596692393786,0.5140013289826438,3.2638851112440843,12,continues trend
adequate,adequate,0.20536357942285527,0.5748776780592415,0.9286946937071332,1.9945964568713848,16,continues trend
relative,relative,0.20533143796660724,1.1179773242652,1.9724063951029076,1.2692886543726996,28,reverses trend
activities,activity,0.20508473384799672,19.066400501945733,24.598295117463188,18.132695062467135,45,reverses trend
emergency,emergency,0.20486702497491013,0.7369693824488515,1.7713762889239968,13.236867395601008,21,continues trend
different,different,0.2045174241487341,9.06866797623495,11.826097008412146,4.8958276668661265,42,reverses trend
engage,engage,0.2042159256183333,1.174875375070401,2.407389566317759,0.7253078024986854,27,reverses trend
allowing,allowing,0.2036287184083133,0.66895266283092,0.9334793512649635,0.543980851874014,22,reverses trend
district,district,0.20198623458744475,0.600897658699939,1.3767222014058296,0.3626539012493427,15,reverses trend
recognized,recognized,0.20196914009355188,0.46232452103529303,0.7796414914279441,7.797058876860867,16,continues trend
harmful,harmful,0.20174989127067172,0.149678191887442,0.2589234317852844,0.0,11,reverses trend
predictors,predictor,0.2017377010483721,0.7881667581983234,1.8348582733662409,0.3626539012493427,16,reverses trend
sensitive,sensitive,0.2004243912152648,0.7979469208251994,0.7772374349145531,0.7253078024986854,18,reverses trend
implementation,implementation,0.2003980213083749,4.900004837926112,6.7820324923827915,49.32093056991061,36,continues trend
median,median,0.19976976840345317,0.7609544465946081,1.8439690896836258,2.7199042593700704,13,continues trend
served,served,0.1994084794920608,0.598583925264335,1.3578772830180512,0.9066347531233567,14,reverses trend
likely,likely,0.19910771875243818,10.762960447931512,15.997648253056298,2.357250358120728,39,reverses trend
ability,ability,0.1989431191068387,5.229786465801948,8.93427309687002,5.077154617490798,40,reverses trend
measured,measured,0.19867937815810227,0.9754803712553209,1.6099990046166204,7.253078024986854,28,continues trend
peer,peer,0.19827882101389052,2.901594770983686,4.681446620848473,2.538577308745399,27,reverses trend
expand,expand,0.1982066562996453,3.5307222131772344,4.31881703034757,3.082558160619413,34,reverses trend
authorized,authorized,0.19802918379442805,0.3920643862727595,1.4131664760813627,1.8132695062467135,11,continues trend
hearing,hearing,0.1977863140697591,0.6134725491289535,0.5245666217403272,0.3626539012493427,10,reverses trend
enhanced,enhanced,0.19760681224359555,0.9107896903662458,1.0986943683591717,0.3626539012493427,19,reverses trend
air-b,air-b,0.19747716249940162,1.1621512861761503,0.7897150555567568,0.0,14,reverses trend
status,status,0.19726138252959907,3.328496420404766,3.7462563590190427,17.044733358719107,38,continues trend
frequency,frequency,0.1969820100178632,0.6626324682128093,0.9533285709534937,0.3626539012493427,21,reverses trend
heart,heart,0.19657799284180666,0.43472340250376285,0.544435274467691,0.9066347531233567,19,continues trend
observed,observed,0.19644910959941986,3.044846490401545,3.6219389523643426,2.175923407496056,35,reverses trend
evaluated,evaluated,0.1964179513095472,2.616339025994793,3.0697271265866295,5.983789370614154,37,continues trend
growing,growing,0.19629153510350647,1.67780448394271,1.2718152719713522,1.4506156049973709,24,continues trend
demands,demand,0.19625838660531292,1.5314929518218818,0.7469190007657118,6.527770222488169,17,continues trend
choice,choice,0.19601290978753272,1.0277843184987494,1.8114843208563352,3.082558160619413,24,continues trend
connectivity,connectivity,0.19569636123712472,1.3318282075214984,2.4029844405494147,0.0,25,reverses trend
options,option,0.19498931073918738,1.2182865424508948,3.1729051291051222,4.17051986436744,23,continues trend
citation,citation,0.194549203896563,5.075263576018189,3.1204109710298313,0.18132695062467136,38,reverses trend
facilities,facility,0.19425164625972008,0.9716103479402742,1.7015236650374037,0.0,23,reverses trend
vocational,vocational,0.1941505716593597,3.0442035219148917,2.6966308934749055,3.4452120618687556,31,continues trend
determining,determining,0.19350528194376898,0.6193781652474191,1.1124526300408268,1.087961703748028,24,reverses trend
respond,respond,0.19336596928578212,1.0078252973122521,1.4474923748568262,2.175923407496056,24,continues trend
helping,helping,0.19307534351641722,0.8799012966558896,1.37263870207013,0.3626539012493427,21,reverses trend
context,context,0.19288506863795976,1.04374065487557,1.4415181677777513,13.236867395601008,32,continues trend
plain,plain,0.19248013924118104,0.42106760423745254,0.5669647398062964,0.0,16,reverses trend
accelerate,accelerate,0.19204603776246312,1.45735995865356,1.7295353437460073,0.18132695062467136,33,reverses trend
families,family,0.19161490586828284,35.390377607439554,44.939717339056806,24.841792235579977,45,reverses trend
limitations,limitation,0.19128289232993745,0.5271625303270274,0.8417730990867847,2.7199042593700704,15,continues trend
amounts,amount,0.190791101538963,1.1682592108234124,2.7097621343760094,0.3626539012493427,22,reverses trend
website,website,0.19071246339129244,4.281966065135178,3.5943671155056625,0.18132695062467136,38,reverses trend
design,design,0.1905882209234446,2.5355261960780364,3.2915826613578387,14.324829099349035,41,continues trend
financial,financial,0.19028230882258657,0.886100775248141,1.894254981479842,2.538577308745399,23,continues trend
limited,limited,0.18953190144061313,4.334424780072777,5.903722466184255,11.060943988104952,37,continues trend
appropriate,appropriate,0.18917936390792392,4.002207749567419,4.135191978075484,16.68207945746976,35,continues trend
adults,adult,0.18884170599010644,33.00269657851475,49.90088774877358,25.023119186204646,44,reverses trend
achieved,achieved,0.18827067999201774,0.5548723000495785,0.2990167954348012,0.3626539012493427,18,continues trend
distinguish,distinguish,0.18730136559997962,0.4236512632466783,0.5314587237372292,6.165116321238826,18,continues trend
communication,communication,0.1871249632083782,14.336639833856752,22.637800123221957,47.68898801428856,45,continues trend
patients,patient,0.1870080242827554,3.5297703582254596,4.26393029974834,2.7199042593700704,38,reverses trend
based,based,0.18653070609162611,10.625888468821307,11.349026680643343,2.9012312099947417,44,reverses trend
prior,prior,0.1863164360238204,2.505507477766942,2.5436418554441995,3.2638851112440843,39,continues trend
disruptive,disruptive,0.18623128502132708,0.5266468269860072,0.35620156019232224,0.0,16,reverses trend
assigned,assigned,0.1860915029440983,2.781964110412386,5.847072308021226,2.9012312099947417,29,reverses trend
initiative,initiative,0.1857270645841085,3.714491750661746,6.466083838755016,29.91894685307077,35,continues trend
staff,staff,0.18515580472848686,2.904476359473317,4.190890852329335,0.9066347531233567,38,reverses trend
cooperative,cooperative,0.18491979709864165,0.47788533256084226,0.7204864526346503,0.7253078024986854,16,continues trend
inclusion,inclusion,0.18489706018267676,2.739668854654454,4.714506605188437,3.626539012493427,37,reverses trend
pediatrics,pediatric,0.18462195879665386,8.252158928738222,10.036824212562266,9.791655333732253,43,reverses trend
representation,representation,0.1843188597783239,0.4327831942556109,0.7114507884302568,0.18132695062467136,18,reverses trend
syndromic,syndromic,0.1842678916860921,0.9442055541660603,0.2128812815440923,1.6319425556220422,10,continues trend
autism-specific,autism-specific,0.18320201311343548,0.7312468913598302,1.070715715159406,3.9891929137427695,22,continues trend
criteria,criteria,0.18317128377748484,3.2526660584567706,5.352325738338186,6.346443271863497,38,continues trend
terms,term,0.18294380565254642,3.256876890540607,3.9400863178558123,1.8132695062467135,37,reverses trend
incorporate,incorporate,0.18207810873150326,0.9157193502490049,1.266226191695252,1.2692886543726996,26,continues trend
created,created,0.1820370865787482,1.285066344613552,1.7312593494586443,0.7253078024986854,27,reverses trend
reach,reach,0.18149870792038925,1.317433651999373,1.6451886197510233,2.357250358120728,21,continues trend
modifications,modification,0.18128366205792432,0.6832251157869785,0.7766449186322415,1.4506156049973709,21,continues trend
adaptive,adaptive,0.18121386798238667,1.912291903698483,3.4527157168639047,14.506156049973708,33,continues trend
biorepository,biorepository,0.18071264822951236,0.28131428680272447,0.8840834282994022,0.0,13,reverses trend
parental,parental,0.18012629429226087,1.1484560086675155,1.4705168256998424,0.18132695062467136,27,reverses trend
checklist,checklist,0.1800650688372898,1.1725411965586399,1.2681716946171648,0.0,21,reverses trend
screen,screen,0.17964972438434293,2.3600411377579213,1.9395369042168393,1.8132695062467135,34,reverses trend
maintained,maintained,0.17963886419027278,0.46818624470494774,0.8796687450117797,0.543980851874014,23,reverses trend
extent,extent,0.1792257345001143,1.6543800743771087,0.8594609653992494,1.087961703748028,24,continues trend
friendships,friendship,0.17900568699983244,0.13965034150347191,0.26627136820354863,0.0,10,reverses trend
records,record,0.1789947113778325,4.853280929838058,4.512220921492749,10.154309234981596,28,continues trend
awards,award,0.1785728770996061,2.137706696634308,2.1602436665042366,0.9066347531233567,20,reverses trend
delivery,delivery,0.1781814251520446,3.0955326210856975,4.377832282440982,4.17051986436744,32,reverses trend
rates,rate,0.17806433277745942,11.32486896894289,8.91395374486276,5.439808518740141,40,reverses trend
dollars,dollar,0.17777713955161725,1.0513356592756413,1.7677261662669914,2.357250358120728,23,continues trend
advancing,advancing,0.17776295159125213,0.598313663726925,1.120150003069756,1.087961703748028,24,reverses trend
weight,weight,0.17716194969401342,0.9794305694779015,0.9471097503811116,1.9945964568713848,21,continues trend
assistive,assistive,0.1768467064574982,0.35191474916393384,0.6279283736872393,3.082558160619413,19,continues trend
agencies,agency,0.17662642081242472,19.97609272524365,24.322432062704763,72.71210720049321,45,continues trend
delivered,delivered,0.17650913766937026,1.1457602379543919,1.22644157898095,4.714500716241456,24,continues trend
industry,industry,0.17632969358783165,0.4312238647322117,0.4820462982880804,0.543980851874014,15,continues trend
microbiome,microbiome,0.17612511338181014,0.5837847454007328,0.8924569460035883,5.983789370614154,16,continues trend
spending,spending,0.17611696876877064,1.1382081917981406,1.9443535772776879,0.3626539012493427,18,reverses trend
residential,residential,0.1755239386551982,0.519719873048259,0.846063059792442,5.439808518740141,19,continues trend
promotion,promotion,0.17526237790890667,0.3967549777141022,0.7849544333222289,0.0,21,reverses trend
index,index,0.17471558055379263,0.6439963721738562,0.7016228880757857,0.18132695062467136,19,reverses trend
overcome,overcome,0.17471558055379263,0.4994943728005343,0.8366623018000914,0.0,19,reverses trend
manage,manage,0.17451033971397636,0.7800858115708208,1.1039131789191303,0.543980851874014,23,reverses trend
pilot,pilot,0.17436027483819877,0.7893394433889198,1.3659901701638086,3.2638851112440843,13,continues trend
resulted,resulted,0.17426532954692642,1.092728713899258,1.1216835292668585,0.0,22,reverses trend
month-old,month-old,0.17310838864454145,0.24178516389467639,0.5750254103745465,0.0,10,reverses trend
learn,learn,0.17293271439887006,1.1223278533853793,1.9953544912495988,0.3626539012493427,21,reverses trend
expenditures,expenditure,0.17229183964150116,0.9742989469718077,1.67005432433563,1.2692886543726996,10,reverses trend
close,close,0.17226262514685803,0.5893748645803536,0.7652738699828089,0.9066347531233567,20,continues trend
assessed,assessed,0.17197088688565743,2.001200410857512,3.2923059442128695,1.9945964568713848,30,reverses trend
teacch,teacch,0.17192243501121102,0.13400802607225598,0.6445789404430393,0.0,15,reverses trend
time,time,0.1708159067819599,16.692326609945106,18.93120152644654,13.780848247475022,44,reverses trend
sensory-based,sensory-based,0.16975218580879795,0.9467797511096466,0.8087172133100047,0.0,12,reverses trend
expressive,expressive,0.16925720537896247,0.6219343112518861,1.4352293451701503,0.9066347531233567,18,reverses trend
interests,interest,0.1691080800878797,0.31515215985550826,0.5305353364921723,0.0,18,reverses trend
open,open,0.16887335609363427,0.5954303637724071,0.9529244646139324,1.087961703748028,19,continues trend
faced,faced,0.16838191301214225,1.4486317223919611,1.9788732344102722,0.0,33,reverses trend
free,free,0.16751384474127037,0.3943385639476451,2.1669049429638383,0.543980851874014,19,reverses trend
facilitate,facilitate,0.16742103151007942,2.7833739592862345,2.8223702458485094,0.3626539012493427,32,reverses trend
vital,vital,0.16709899061979885,0.4954774864102145,0.5023469118395242,0.7253078024986854,16,continues trend
symbolic,symbolic,0.16703750817467425,0.8946839922897452,0.568125401409826,0.18132695062467136,12,reverses trend
older,older,0.166612031361723,6.633375983561268,9.148240135761059,4.351846814992112,42,reverses trend
co-occur,co-occur,0.16600664482901978,0.6801619750970678,0.5995744446523261,0.18132695062467136,25,reverses trend
jan,jan,0.1657868978882676,1.107258333538356,0.9701967963046414,0.543980851874014,19,reverses trend
broad,broad,0.16557519801193377,2.5395499789009914,3.4670630133582088,9.972982284356924,38,continues trend
gathered,gathered,0.1650511966027654,0.4426124391557379,0.9158347680621143,0.18132695062467136,26,reverses trend
details,detail,0.16504494174021073,1.305722261459008,0.9461143472807476,0.0,22,reverses trend
assist,assist,0.16504091765669704,2.2372750585380365,2.995272349485441,0.18132695062467136,30,reverses trend
methods,method,0.1649606937294413,7.824556298331261,14.00636097988263,16.500752506845092,41,continues trend
raise,raise,0.16448518616316365,0.48764032766903376,0.7084502168110446,0.7253078024986854,15,continues trend
disabling,disabling,0.16443840283150588,0.48373872008261926,2.256233574531458,0.18132695062467136,21,reverses trend
lack,lack,0.16443538636484614,2.7604723349457894,3.468371449499277,3.626539012493427,30,continues trend
modules,module,0.16417038197911932,0.34386884417503394,1.2630306141699004,1.8132695062467135,15,continues trend
percentage,percentage,0.16409898009159565,6.072274708298771,2.984949936200209,5.439808518740141,30,continues trend
supporting,supporting,0.16405060825284437,2.6444161707157696,3.1081547572847503,19.03932981559049,35,continues trend
rule,rule,0.16354077361103064,0.6848007467553098,1.159333504355859,2.357250358120728,15,continues trend
increasing,increasing,0.16352846887725864,4.822785587697998,4.750251288109399,0.7253078024986854,40,reverses trend
accessing,accessing,0.16351810049679213,1.0919894492838527,2.120500289021755,0.18132695062467136,25,reverses trend
sources,source,0.16348723529682152,4.414736556886674,3.7480449561011837,4.351846814992112,34,continues trend
worldwide,worldwide,0.16343770050378348,0.6233093848939649,0.26322067298855406,0.18132695062467136,14,reverses trend
advanced,advanced,0.16337184614712535,0.7374437577007715,0.7941261987150734,2.7199042593700704,17,continues trend
best,best,0.16320870938181245,3.888601673529085,3.8979612665747267,2.357250358120728,36,reverses trend
highlighting,highlighting,0.1630678751835398,0.750242484965753,0.648156878135584,0.0,19,reverses trend
highlighted,highlighted,0.1625778718706828,0.9975144184181931,1.5655549071703518,0.18132695062467136,24,reverses trend
lifespan,lifespan,0.1625517531249155,11.460521850037832,14.934121652360488,3.807865963118098,39,reverses trend
word,word,0.16232287934361292,1.571776937805191,2.307120008793628,0.0,18,reverses trend
cognition,cognition,0.16229924655470904,0.4711103578222142,1.2019354682169723,2.7199042593700704,24,continues trend
skills,skill,0.16137913708834836,17.51808389247734,27.05121209767338,5.077154617490798,43,reverses trend
detect,detect,0.16085674058593755,1.2326899832339908,1.3487964546887818,0.543980851874014,25,reverses trend
substantially,substantially,0.16067510023836987,1.9105430932532728,0.8014586549851245,1.2692886543726996,21,continues trend
harms,harm,0.16064393034875035,0.3492888207774528,0.9268217739683969,0.7253078024986854,17,reverses trend
nsch,nsch,0.1603797819320731,0.3585549641347485,0.8481173789626851,0.0,14,reverses trend
validation,validation,0.1602188388493515,0.3631266192813424,0.5599402314064473,17.77004116121779,14,continues trend
designated,designated,0.15981040052146908,1.335950723491767,1.3567732534870238,0.3626539012493427,17,reverses trend
stress,stress,0.1593220110114385,1.5466989752159632,1.9735865644278157,5.621135469364812,30,continues trend
fellow,fellow,0.15907804597695815,0.8692864533311757,1.102802139560084,0.0,26,reverses trend
analyzing,analyzing,0.1590253990920175,0.6467038759708196,0.8750139111883825,0.0,24,reverses trend
opinions,opinion,0.15894530057576806,0.9074597157402798,0.7712104351745911,0.18132695062467136,22,reverses trend
toolkit,toolkit,0.1582290512558073,0.7838777977988846,0.9871286156795569,1.087961703748028,10,continues trend
stage,stage,0.15803583300587354,0.87883511333724,0.954844835828535,8.703693629984224,23,continues trend
robust,robust,0.15777455796558792,0.28421292905170925,0.7056017061215779,0.543980851874014,18,reverses trend
include,include,0.15754416450783007,19.847321706634762,22.284853751219185,16.31942555622042,45,reverses trend
movement,movement,0.15688844483426995,1.6191049150767178,1.2158173950026812,3.626539012493427,22,continues trend
lower,lower,0.15652482536170736,3.750859927295895,5.766024662496193,0.9066347531233567,40,reverses trend
technology,technology,0.15611564814549087,6.321896725865368,6.157058200240232,7.978385827485539,38,continues trend
align,align,0.15596052061630625,1.7398916690992707,2.752379308898123,3.082558160619413,24,continues trend
natural,natural,0.1558579664474463,0.7194398954276311,0.8798500713465305,0.3626539012493427,23,reverses trend
translational,translational,0.1556313184869168,0.48799583094624616,0.38479673766662587,16.500752506845092,15,continues trend
serving,serving,0.15511974879135954,0.8960940602843005,1.167232689809898,0.543980851874014,21,reverses trend
included,included,0.15452721101325084,11.028941835050857,16.26336390409758,1.4506156049973709,42,reverses trend
numerous,numerous,0.15428876872046374,0.8714402703080345,0.9995034829239214,0.3626539012493427,24,reverses trend
purpose,purpose,0.1518357673816123,0.748080223276615,1.0148374024071405,5.258481568115469,25,continues trend
bipolar,bipolar,0.15178738689848945,0.24007766025014085,1.0811516483990995,0.0,10,reverses trend
compare,compare,0.15161309316562221,1.1159851420162314,1.3817657246957562,1.4506156049973709,31,continues trend
categorized,categorized,0.15151298996807844,1.049625443374474,1.9747505770820915,0.18132695062467136,17,reverses trend
possibility,possibility,0.1510833887077496,0.521112587936375,0.7108856637003375,0.543980851874014,20,reverses trend
chemicals,chemical,0.15064695154972393,0.5731898703777396,0.9005053232346439,0.18132695062467136,22,reverses trend
reduced,reduced,0.1504959330088443,2.3871284603531406,2.6990120110667988,3.082558160619413,26,continues trend
dod,dod,0.15046042177128635,1.7816080532318261,3.231086712102189,5.621135469364812,21,continues trend
gap,gap,0.1503728357154502,1.5776215165375866,1.2466785207157476,3.082558160619413,31,continues trend
predicted,predicted,0.1494769372289365,0.4977042539054606,0.682230953862957,0.0,12,reverses trend
importance,importance,0.14902797904997309,2.406433625425132,3.001863560724188,0.7253078024986854,30,reverses trend
composed,composed,0.14770478229032954,0.9719583169813878,1.1217806772330583,0.0,32,reverses trend
pairs,pair,0.1472629206902628,0.7071411313028109,0.5614250464848584,0.0,14,reverses trend
achievement,achievement,0.14715590223456282,0.4529007991316451,0.4514743417290268,0.3626539012493427,17,reverses trend
administers,administer,0.1471120996531687,0.5881500808769543,1.1164698127918347,0.18132695062467136,18,reverses trend
boys,boys,0.1470240974002219,3.348484408858258,4.51736542184774,0.0,28,reverses trend
poor,poor,0.1468765540725842,0.8353242304834874,0.9186736111144846,1.087961703748028,20,continues trend
partnerships,partnership,0.14678846020661915,2.2276027681333628,4.078008838820843,0.543980851874014,26,reverses trend
baby,baby,0.14634794721521188,0.5990426976077535,0.6839172060621419,0.0,24,reverses trend
decreased,decreased,0.14623441794173803,2.335991474933647,2.5293279260779973,0.0,32,reverses trend
offering,offering,0.14561468890319249,0.3719768596351688,0.5475205055545226,0.3626539012493427,19,reverses trend
adjusted,adjusted,0.14532645671916472,0.30888141355793036,0.27778500622107055,0.3626539012493427,11,continues trend
samhsa,samhsa,0.1450655860734855,1.5952797760138944,1.5700753533444787,7.071751074362182,12,continues trend
suggested,suggested,0.1448483689083743,3.7076874689080803,3.4279272787013686,0.0,41,reverses trend
voice,voice,0.1447846143085114,0.6498021459893526,0.42854042581931956,0.0,13,reverses trend
mainstream,mainstream,0.14470211595278004,0.6336256402021703,1.041567829644113,0.0,13,reverses trend
rehabilitation,rehabilitation,0.1440942111756427,2.5228767932725384,3.740080387248433,2.9012312099947417,27,reverses trend
young,young,0.1437631360580543,10.845154748598471,15.185036552227336,1.2692886543726996,42,reverses trend
emphasize,emphasize,0.14322955156599168,1.1990798426588003,0.931205453333074,1.6319425556220422,25,continues trend
countries,country,0.1430263502720838,8.164489776911639,3.5510509758752966,0.18132695062467136,32,reverses trend
presence,presence,0.14283810362216381,1.1997632385287536,1.7547743371054068,0.0,30,reverses trend
white,white,0.14238470553995877,4.947737043544278,7.006579265519162,0.18132695062467136,33,reverses trend
proposed,proposed,0.14238125649757025,0.55531819742364,0.7434364833501881,3.626539012493427,19,continues trend
recruitment,recruitment,0.1415728983961647,0.8804460996837123,0.9698725478704183,1.8132695062467135,19,continues trend
healthy,healthy,0.14149748980305993,1.2318581798869175,1.9631690595897688,0.0,22,reverses trend
air-p,air-p,0.14133211025645037,1.1643772774892411,0.8314854068845958,0.0,16,reverses trend
issued,issued,0.14121908680460318,0.9948961654713888,1.076429307727917,1.2692886543726996,20,continues trend
secondary,secondary,0.14026163173870929,2.192361235044375,2.02099076495566,7.071751074362182,23,continues trend
respectively,respectively,0.14016840310778314,2.2966904968320985,1.892557021791022,0.0,28,reverses trend
gestures,gesture,0.14016123928155585,0.45007165478345307,0.7515684647028811,0.7253078024986854,11,reverses trend
selected,selected,0.1398810879817591,3.7996580979900747,4.40907013749495,3.2638851112440843,29,reverses trend
indicating,indicating,0.13935043940060501,1.817039080232588,2.130973314074752,0.0,32,reverses trend
increases,increas,0.13927219712570849,2.6671720364146334,2.443021983405944,0.18132695062467136,30,reverses trend
regular,regular,0.13889472001291409,0.6233619305522509,0.9431549409377227,0.0,24,reverses trend
difficulties,difficulty,0.1388001426025231,2.2180480052561493,4.627815211005558,2.538577308745399,29,reverses trend
children's,children',0.1385939653402914,6.312645006964938,8.915682991814757,0.0,44,reverses trend
perspectives,perspective,0.1383872609832063,1.512509867066854,1.9375352323413064,0.3626539012493427,38,reverses trend
expansion,expansion,0.1383647802200791,1.0314672272553855,1.3151576939260121,2.9012312099947417,23,continues trend
description,description,0.13821789978581098,1.7406368464661857,2.508618536938478,0.543980851874014,25,reverses trend
stated,stated,0.13788423261141758,0.5769485650922778,0.47894971278092174,3.082558160619413,15,continues trend
equally,equally,0.1377062318819672,0.3022159837576154,0.5189538968291186,0.543980851874014,16,continues trend
present,present,0.1375885733427403,3.540374110496675,4.120826477931705,6.165116321238826,37,continues trend
officials,official,0.1371573154327194,0.8649110878213685,0.6799323087477462,0.543980851874014,20,reverses trend
size,size,0.13676352423518431,1.329559436175009,1.924928838760254,0.7253078024986854,31,reverses trend
principal,principal,0.13655412266522177,0.7328975405278652,0.4689020239429594,2.538577308745399,21,continues trend
utilize,utilize,0.1361513907585839,0.39731373965711353,0.40794020483667215,0.18132695062467136,18,reverses trend
continue,continue,0.13610281277705555,5.66523843620537,6.25569334778164,3.2638851112440843,42,reverses trend
contribute,contribute,0.13597073823772798,6.176687558839813,6.887203330805058,2.357250358120728,42,reverses trend
randomly,randomly,0.13595729024525743,0.9275063432978825,0.8958178428005532,0.0,13,reverses trend
contributing,contributing,0.1356854251528961,1.0736633460738727,1.8503007018470163,3.9891929137427695,33,continues trend
screened,screened,0.13531459806487872,1.5709888694525214,2.1143180088311104,0.18132695062467136,25,reverses trend
visual,visual,0.13493934635483046,1.3799420640948838,2.4501130321291105,0.18132695062467136,32,reverses trend
local,local,0.13487390652550366,2.209580516243293,3.9262229910980433,0.9066347531233567,28,reverses trend
concerning,concerning,0.13449025690631988,1.371770095742166,1.5187751915537506,0.3626539012493427,39,reverses trend
funders,funder,0.13429740229934722,8.539672769855327,11.349095870539488,0.0,24,reverses trend
title,title,0.13367579711396183,1.5899816396006283,2.2524174021071928,2.357250358120728,20,continues trend
correlated,correlated,0.133555675080808,0.4431523890959903,0.517556934849459,0.0,15,reverses trend
individualized,individualized,0.13252709358422832,1.542871904235703,2.021420266309328,3.807865963118098,27,continues trend
therapy,therapy,0.13234243360046427,7.458510872156489,9.484719257762809,8.34103972873488,40,reverses trend
complexity,complexity,0.13200081446581277,0.7738845213890483,0.9347620568266893,2.538577308745399,17,continues trend
occurred,occurred,0.1310765921314589,0.8328929581362128,0.4276878794154538,0.9066347531233567,15,continues trend
external,external,0.1302502311483425,0.6596545055543231,0.361933257107113,0.543980851874014,15,continues trend
autism,autism,0.13014230856870623,212.5462848684605,243.31954576727216,106.62024696730676,45,reverses trend
mixed,mixed,0.12977802487227602,0.2481404756721469,0.6074519123436085,0.18132695062467136,15,reverses trend
network,network,0.12948628798291784,15.507608554571592,15.665127393225529,8.522366679359553,43,reverses trend
reporting,reporting,0.12862911568486635,1.6893611194494136,1.5278116048748382,18.858002864965822,28,continues trend
deliver,deliver,0.12850566426697804,0.8281083164529454,1.1683482268679783,0.7253078024986854,25,reverses trend
validated,validated,0.12847945761309315,0.5994885832596788,0.633283882600247,7.978385827485539,15,continues trend
exploring,exploring,0.12777983883674499,0.7980787072339118,0.8989422821508606,0.0,25,reverses trend
engaged,engaged,0.1276512491668651,0.5773237953424879,0.5224989389790945,0.0,18,reverses trend
events,event,0.12761362770468948,2.2731766491989336,1.9923985962586337,8.522366679359553,27,continues trend
producing,producing,0.12705474800253394,0.5245033975236908,0.41305484998495806,0.9066347531233567,18,continues trend
coordinated,coordinated,0.12693035537136907,1.2757064762560366,1.3705166635758343,7.978385827485539,20,continues trend
eye,eye,0.12680803670842486,1.7172647246161503,1.3035282635775223,0.9066347531233567,23,reverses trend
therapeutic,therapeutic,0.12648875874218934,2.554862739141219,1.8918488205579902,15.775444704346405,30,continues trend
addressing,addressing,0.1264801352771943,3.0836076144686593,4.8193175476163415,2.175923407496056,38,reverses trend
mchb,mchb,0.126428730158287,0.9051995162691315,0.2870194960539569,0.18132695062467136,13,reverses trend
approximately,approximately,0.12620010625181088,5.061338367336211,5.027166391645033,4.714500716241456,37,reverses trend
enhance,enhance,0.12619772749719757,5.138338901380234,6.507830059880567,0.0,40,reverses trend
comprised,comprised,0.12586174567387165,0.7488727837952449,0.8180747256277078,0.18132695062467136,18,reverses trend
strategies,strategy,0.1255574587452923,6.74214986033,7.725613924198347,11.604924839978967,43,continues trend
motor,motor,0.12469357528318001,3.3290481546327126,4.824539052183621,28.10567734682406,36,continues trend
awarded,awarded,0.12441366051632846,1.4347238342047615,2.0714316397724066,0.18132695062467136,19,reverses trend
provision,provision,0.12425331981576926,2.325789787862397,3.1421017229384107,0.9066347531233567,33,reverses trend
demonstrating,demonstrating,0.12359390031589308,0.8456998798319743,0.4993244593445524,0.543980851874014,20,continues trend
longitudinal,longitudinal,0.12337105245395784,3.0629542855524807,3.9627818115514017,8.15971277811021,38,continues trend
injury,injury,0.12323914222211477,0.7002857496335436,0.8737802787231194,1.8132695062467135,26,continues trend
unclear,unclear,0.12268366453623467,0.8286669061906802,0.8517611669955296,0.18132695062467136,21,reverses trend
demonstration,demonstration,0.12253752863925636,0.6980523892024845,1.3141206733986588,4.533173765616784,15,continues trend
specified,specified,0.121921897228802,0.6864480884694787,0.8707303852520963,1.2692886543726996,22,continues trend
captured,captured,0.12119691332580979,0.6964122386617764,0.4532960716983229,1.4506156049973709,16,continues trend
given,given,0.12117624724076459,3.2326017382170456,2.998899003928218,1.2692886543726996,40,reverses trend
actual,actual,0.1209635077190347,1.1122174753058744,0.7787121700590897,1.087961703748028,15,continues trend
diversity,diversity,0.12069595959283873,1.4300078855024945,1.7039972519425362,0.7253078024986854,23,reverses trend
continuing,continuing,0.1182067903018632,1.265834223004053,1.1460327352909212,0.7253078024986854,24,reverses trend
employed,employed,0.11791681458492903,0.5321702623324968,1.1542940737623988,0.0,21,reverses trend
robotics,robotic,0.1175277056466565,0.7817313099666804,0.24247101082643246,0.0,17,reverses trend
addm,addm,0.1172614838257907,6.1490223869534475,6.628111621899902,4.533173765616784,37,reverses trend
covered,covered,0.11597826753161485,1.4624794733458741,1.7105172758754605,4.351846814992112,27,continues trend
capacity,capacity,0.11569916245809946,1.142896958392304,1.6063616761408597,15.956771654971078,24,continues trend
aggression,aggression,0.11539782594048469,1.061820831758798,2.086723306887863,3.4452120618687556,20,continues trend
trajectory,trajectory,0.11514282003623974,4.07341629167398,3.377873064466269,8.885020580608895,31,continues trend
behavior,behavior,0.11469162353315206,19.07003838914185,24.713074347724554,9.972982284356924,44,reverses trend
situations,situation,0.1142722029901083,0.9619030269918454,1.5773504998503598,0.3626539012493427,27,reverses trend
linkage,linkage,0.1139515986377092,0.8302502910971334,1.3825856750724956,4.8958276668661265,23,continues trend
highly,highly,0.11333984396255126,1.4055910339066242,1.2857369848414903,0.3626539012493427,22,reverses trend
disruption,disruption,0.11302315999652285,0.5661798685425993,1.2859497214140907,9.429001432482911,19,continues trend
practices,practice,0.11221924856041246,10.752419967102938,10.612630786280047,6.527770222488169,43,reverses trend
nominated,nominated,0.11184396831208974,1.3688099147274773,1.8536402778881975,0.0,18,reverses trend
at-risk,at-risk,0.11183418638174907,0.5058436823099628,0.7153570172376751,0.0,15,reverses trend
classroom,classroom,0.11167516949231965,2.253232016941889,2.0816925106363127,0.0,29,reverses trend
trainees,trainee,0.1111729045022172,1.0437927888562812,0.7563588810669735,0.3626539012493427,18,reverses trend
early,early,0.11079593798999951,35.54925796618624,45.880910065213946,6.165116321238826,45,reverses trend
decrease,decrease,0.11054310139011547,1.4355752201926446,3.27239913521396,0.18132695062467136,30,reverses trend
accounting,accounting,0.11043187550043324,0.7759916451419693,1.2209738289138736,0.543980851874014,22,reverses trend
epa,epa,0.11012041954147561,0.9869390213028908,2.2309576917101612,0.0,19,reverses trend
experts,expert,0.10987631768565691,2.0951036183443836,1.9944379157391963,0.543980851874014,32,reverses trend
library,library,0.10965143797635771,0.4262878687766759,2.7750679052175307,0.0,11,reverses trend
code,code,0.10949974917768353,1.3862565976431087,0.8397193629154202,0.0,24,reverses trend
conference,conference,0.10899870856128598,1.8267924954089458,1.0060276100427537,0.0,23,reverses trend
safety,safety,0.10882164409830651,4.230343091909703,4.49280930413093,40.07325608805237,33,continues trend
instead,instead,0.10881320640724758,0.7811491416677477,0.7564797227758026,0.7253078024986854,21,reverses trend
moving,moving,0.10877564246020335,0.7628266615481752,0.42203905576590556,0.7253078024986854,17,continues trend
overall,overall,0.10832343469453172,7.193767405537267,9.553843346107028,0.0,43,reverses trend
delayed,delayed,0.1081825522204522,1.2946015579661552,1.321564267357655,3.807865963118098,25,continues trend
utility,utility,0.10807328004755354,0.5622479585225078,0.48593605339804,1.6319425556220422,14,continues trend
hrsa,hrsa,0.10804429975755067,4.227831417561701,6.954091607722328,32.457524161816174,25,continues trend
listed,listed,0.10782327902321356,1.4239036975010906,1.3842875628173772,0.0,27,reverses trend
tend,tend,0.10751933487068895,0.6361792114993007,1.1939079544973976,0.3626539012493427,18,reverses trend
incidence,incidence,0.1074648633118097,2.366030446762062,1.8512333500547127,2.357250358120728,16,continues trend
coded,coded,0.10741285916221187,1.3761955236797332,0.49567694589948197,0.543980851874014,13,continues trend
category,category,0.10736258344920835,6.5689282652177425,3.3024326732916927,7.978385827485539,38,continues trend
augmentative,augmentative,0.10718093553636449,0.8675233978793746,0.7345840750500177,0.7253078024986854,19,reverses trend
previous,previous,0.1071666568872947,4.7488286465282865,6.901697765157148,0.3626539012493427,41,reverses trend
frequently,frequently,0.10608711973085042,1.7317667421352976,1.4495070806128907,1.9945964568713848,34,continues trend
variety,variety,0.10604573436282834,2.808271456620222,3.412712104544133,0.18132695062467136,40,reverses trend
intended,intended,0.1058961821955422,0.726539242026158,1.1783204211055411,3.9891929137427695,20,continues trend
educators,educator,0.10505876756782297,0.8917933903779972,1.0841027643467513,0.9066347531233567,18,reverses trend
guidelines,guideline,0.10460024658067496,3.3226170183040558,2.088085710534534,1.2692886543726996,28,reverses trend
uses,uses,0.10423857846686764,0.7774266867341917,0.5952759619546693,0.543980851874014,18,reverses trend
highlights,highlight,0.10342662769998269,2.8323238821647276,3.8483177413332497,0.3626539012493427,34,reverses trend
tools,tool,0.10310700595886088,12.198665984225595,14.674057961470362,11.242270938729623,43,reverses trend
tsc,tsc,0.10244027215229758,2.1646182634942117,0.8458563044047884,0.0,14,reverses trend
physicians,physician,0.1023674434836619,0.9568989778817858,1.5367126066249717,0.0,26,reverses trend
address,address,0.10231463703698683,11.036447207666274,14.090915319073275,8.15971277811021,43,reverses trend
cloud,cloud,0.10188717004602728,0.22281074727210848,0.31881197243847054,0.0,10,reverses trend
researchers,researcher,0.10148590982755021,31.928385518230083,39.23623305365027,0.3626539012493427,44,reverses trend
ahrq,ahrq,0.10142426587387252,3.3475574083456463,2.981150170714334,31.369562458068142,22,continues trend
addressed,addressed,0.10116520947374512,3.6718196077866834,2.565746266009568,3.807865963118098,34,continues trend
minimal,minimal,0.10066989824235999,0.5168796412973488,0.47465657046911286,4.533173765616784,14,continues trend
roster,roster,0.10059543506330973,1.9297463583997199,2.0611807035662717,0.0,28,reverses trend
administrative,administrative,0.10052755690199845,1.300291773460732,1.0343288449323746,2.7199042593700704,28,continues trend
ongoing,ongoing,0.10025589753375375,3.8196545954224397,4.756106236142533,0.543980851874014,33,reverses trend
ace,ace,0.10017513015143771,0.6964369329490506,1.0178890946785246,0.0,17,reverses trend
ultimately,ultimately,0.09983889696896293,1.453845083778452,1.0061734180814677,1.087961703748028,27,continues trend
legal,legal,0.09983496345831126,1.6218526443843755,1.70667060932866,2.538577308745399,34,continues trend
progress,progress,0.09976916704582196,13.422523271425405,14.243399864770998,9.247674481858239,44,reverses trend
hormone,hormone,0.09953827712307556,0.8828652657488589,0.6357023796989886,0.18132695062467136,19,reverses trend
distinct,distinct,0.09905299365562982,1.4206004568843444,1.1914261208507342,5.077154617490798,31,continues trend
launched,launched,0.0988709277120128,1.1149407187911455,1.1579943847176781,1.087961703748028,22,reverses trend
absence,absence,0.09873858124970081,0.9522422280637909,0.4616999185320997,2.175923407496056,14,continues trend
significant,significant,0.0979235925949348,8.13914724438344,10.509890549042714,3.626539012493427,43,reverses trend
refer,refer,0.09779323384937806,1.0696508343985787,4.048631659737777,1.2692886543726996,23,reverses trend
successfully,successfully,0.09777263945177457,1.2879200432576066,0.7500942707657184,0.0,20,reverses trend
clinically,clinically,0.09759013071747255,0.2945192369295479,0.40358875071418837,22.84719577870859,16,continues trend
innovative,innovative,0.09637303646750997,2.4657825027299056,2.7070159562011784,0.3626539012493427,29,reverses trend
maintain,maintain,0.09603615120926547,1.37736168898796,1.4923008082992315,1.2692886543726996,31,reverses trend
aspirational,aspirational,0.09570047194947703,1.5934383486785666,1.3071397517179058,0.3626539012493427,15,reverses trend
discussed,discussed,0.09515054540503542,1.258123678262363,5.728496577127616,0.0,24,reverses trend
enable,enable,0.09483850048415277,2.2233557990693207,2.103788958592825,0.543980851874014,32,reverses trend
missing,missing,0.09458954881399785,1.0579468369894416,0.4121674117460582,1.9945964568713848,12,continues trend
statistical,statistical,0.09453988917525308,1.6177538155152287,1.8386569889144952,0.3626539012493427,35,reverses trend
highest,highest,0.09269004356428495,2.261219102518692,2.168053521946461,0.9066347531233567,33,reverses trend
reviewed,reviewed,0.09265369018989054,0.9141801025741552,2.140304108185713,1.4506156049973709,28,reverses trend
critically,critically,0.09259374616100051,0.49974411876715646,0.517265919493573,0.18132695062467136,19,reverses trend
accurate,accurate,0.09223194550255871,1.2209867763138196,1.2970346674676505,0.543980851874014,32,reverses trend
approaches,approache,0.09165395046339302,5.8680766190579225,5.7329510378019535,6.7090971731128395,34,continues trend
hours,hour,0.09159225667226784,3.2093090828703557,3.3784965012813064,1.2692886543726996,25,reverses trend
members,member,0.09131751027423679,13.607185988197054,13.493654702054453,0.543980851874014,45,reverses trend
updated,updated,0.09057231433418335,1.6001313812221551,1.3356903315068922,0.3626539012493427,31,reverses trend
disabled,disabled,0.09008145044889229,1.4547691601944626,1.2273115270924746,1.087961703748028,37,reverses trend
specifically,specifically,0.08985806774669566,3.528547543491901,4.697894929842637,0.7253078024986854,40,reverses trend
vitamin,vitamin,0.08969100570595327,0.47458769699070347,4.513617373942351,0.0,19,reverses trend
active,active,0.0879912380189605,2.146455608197529,2.673904341893871,1.8132695062467135,31,reverses trend
public,public,0.0878840247107803,16.640368497233485,17.009002989999882,23.935157482456617,44,continues trend
analyzed,analyzed,0.08769171743343634,2.193604315621858,3.5281596119321432,1.087961703748028,27,reverses trend
expanding,expanding,0.08747314775878348,0.8150603658010501,0.7852571537321338,0.7253078024986854,20,reverses trend
encompasses,encompass,0.0874006161271427,0.9739370578356672,1.0708625069743651,0.7253078024986854,20,reverses trend
referred,referred,0.08732542361693746,0.8510384431614016,1.175071952194859,0.543980851874014,23,reverses trend
including,including,0.08728976759402822,27.048866487822348,31.77139070693175,23.391176630582603,45,reverses trend
regional,regional,0.08664179411909885,0.8368691123622529,0.660206802058205,0.18132695062467136,18,reverses trend
account,account,0.0859132767501336,2.3906416387702376,2.34762610872021,4.714500716241456,36,continues trend
stimuli,stimuli,0.08517955229261426,0.8410451418096556,0.7437948376072928,0.0,13,reverses trend
reading,reading,0.08503648021497527,0.504146138296484,0.4195135383975962,0.18132695062467136,15,reverses trend
availability,availability,0.08492177135622855,1.923632875365559,2.3759660330612604,2.9012312099947417,29,continues trend
communicate,communicate,0.08372452245300736,1.2751373085662658,0.8768442202548982,1.2692886543726996,21,continues trend
arise,arise,0.08256275699355879,0.7934498954840251,0.3915805421331303,1.2692886543726996,19,continues trend
post-secondary,post-secondary,0.08209347274107387,0.43039566902041926,0.5619040110586864,0.0,18,reverses trend
memory,memory,0.08168592307356268,0.6333006578364719,0.6425773756084162,0.3626539012493427,17,reverses trend
search,search,0.08156895311190646,1.4103344538450262,2.2345950752022214,0.7253078024986854,25,reverses trend
chance,chance,0.08149719404170601,0.6248802305159769,0.6584002036220451,0.0,19,reverses trend
increased,increased,0.0808876607746427,11.873814862970255,12.556233673578166,1.6319425556220422,43,reverses trend
previously,previously,0.08068093317973134,3.618575583742679,2.5387927570263598,1.4506156049973709,39,reverses trend
building,building,0.08035563990495821,1.488625876319211,1.3339192050957946,1.4506156049973709,27,continues trend
targeted,targeted,0.08035040907821667,3.584553122638587,2.9542585606278364,5.621135469364812,39,continues trend
analyze,analyze,0.08013485699823761,1.2810405051283449,1.3399091240960093,0.543980851874014,32,reverses trend
acid,acid,0.0790716704334533,1.5240590270123913,0.5673286383497236,1.6319425556220422,17,continues trend
fact,fact,0.07847484098043296,0.9745828018275551,0.7268173898711207,1.087961703748028,26,continues trend
starting,starting,0.07820021336545332,0.6673105856419622,1.9977516715396402,0.0,26,reverses trend
cohort,cohort,0.07786805558782676,2.9154416701051917,3.8252019015629,13.236867395601008,31,continues trend
asf,asf,0.07770764727679107,0.6343710577177395,3.8649834836516623,0.0,12,reverses trend
chair,chair,0.07696397708866135,2.1222617471576686,2.3603899423910386,0.0,36,reverses trend
collect,collect,0.07686244143903864,2.320209148518779,1.812648863458431,0.3626539012493427,31,reverses trend
disturbances,disturbance,0.0768377629996859,0.8978089431641708,0.8209687760720643,4.17051986436744,16,continues trend
old,old,0.07662110457932038,2.5771289256832235,3.3528315886150515,0.0,26,reverses trend
contrast,contrast,0.07648464508335517,0.9510489507477279,1.0724076202275434,0.543980851874014,21,reverses trend
medicine,medicine,0.07632902521837868,3.3107682814790076,3.4715049136294316,3.807865963118098,44,continues trend
summary,summary,0.07619947798688789,9.85321157223145,10.678660975073974,0.7253078024986854,43,reverses trend
add,add,0.07605389845222102,1.0655366143918754,0.3805094437767877,0.9066347531233567,18,continues trend
worked,worked,0.07497932404610076,0.8866931517788205,0.7451965920515934,0.18132695062467136,21,reverses trend
subcategory,subcategory,0.0743991339102028,8.674415969882691,15.892130479340304,0.0,12,reverses trend
longer,longer,0.07435542675573832,1.1106679379863318,0.9951359667281852,1.8132695062467135,26,continues trend
additional,additional,0.0742821395940104,8.007453983822018,8.32767263567268,5.983789370614154,44,reverses trend
offspring,offspring,0.07403825337873653,0.9025990299645064,0.8391076343513059,0.3626539012493427,19,reverses trend
having,having,0.07402503609104122,3.9188298002610327,4.238557605195339,0.3626539012493427,37,reverses trend
preschool,preschool,0.07398226427359797,0.8224560015087166,1.4825126801313893,0.0,20,reverses trend
similarities,similarity,0.0735824619713602,0.7307609874060232,0.6963801997100103,0.0,11,reverses trend
topics,topic,0.07327396847873933,7.395959753679022,6.982509838015189,0.3626539012493427,40,reverses trend
relevance,relevance,0.07318441632554937,0.7811417792728399,0.7116055511512742,1.4506156049973709,20,continues trend
tracked,tracked,0.07278230900942204,0.921796189505917,0.7648607017590258,1.6319425556220422,17,continues trend
minutes,minute,0.07259471383805666,0.6868731151515356,0.7806807452241863,0.0,16,reverses trend
course,course,0.0724316265076931,1.995574900186621,1.3903655912140627,11.786251790603638,23,continues trend
improved,improved,0.0722046180057729,6.733014474505872,6.370649972000641,3.082558160619413,43,reverses trend
modeling,modeling,0.07157860134708006,0.76523788701347,0.5450106775716139,0.0,15,reverses trend
represented,represented,0.07144276739019094,2.32598182987777,1.952925166383686,0.9066347531233567,37,reverses trend
needed,needed,0.07137923371215409,11.507024459011305,10.089067033837123,8.34103972873488,43,reverses trend
count,count,0.07128322591537126,3.2180030658780017,1.6118073222239058,2.7199042593700704,16,continues trend
levels,level,0.07098071116760994,15.217024086224555,14.720401389681616,7.797058876860867,44,reverses trend
milestones,milestone,0.07083451326432351,0.859535136270194,1.2185401438471355,2.175923407496056,18,continues trend
long-term,long-term,0.07073894095241022,4.083553294984967,3.74589077432879,5.621135469364812,35,continues trend
alterations,alteration,0.07065784677285873,0.7370638994513086,0.7471362380814531,0.0,19,reverses trend
focus,focus,0.07063108413324828,8.26003934774605,10.180660803342908,4.714500716241456,40,reverses trend
months,month,0.0701082324220978,10.148683700889087,15.472700721039386,18.314022013091808,35,continues trend
pool,pool,0.0695064257237474,0.8453783482205219,0.7623385115783659,0.0,25,reverses trend
contains,contain,0.06869416099775283,1.6289951964372984,0.9752385347425947,0.9066347531233567,30,reverses trend
received,received,0.06761325417268146,16.254398456336993,20.7125836742062,1.4506156049973709,45,reverses trend
required,required,0.06749008959638562,3.4056377384930143,3.5565585029557782,5.802462419989483,42,continues trend
neuroimaging,neuroimaging,0.06711326549490666,0.7298838528481518,0.1584961169785739,0.543980851874014,14,continues trend
particularly,particularly,0.06674605623389167,5.975633247813034,5.336175101464955,1.2692886543726996,41,reverses trend
track,track,0.0667392590079049,2.3860321625969547,2.325133319035685,5.077154617490798,31,continues trend
biology,biology,0.06660068550637444,9.627057337630546,10.922368519099555,15.231463852472393,40,continues trend
promise,promise,0.0663824815307458,1.1328648315563983,0.6798586611332205,0.7253078024986854,24,continues trend
partially,partially,0.06582572083313387,2.4556269493274927,0.22520391464696307,0.9066347531233567,14,continues trend
dedicated,dedicated,0.06553567948773302,0.768964663589062,1.9326079729660057,0.543980851874014,22,reverses trend
products,product,0.0653649196712278,1.7495001208780818,1.4281454523206563,12.511559593102323,31,continues trend
gene-environment,gene-environment,0.0652426528444689,1.1583372319387688,1.123713610346389,1.087961703748028,17,reverses trend
cognitive,cognitive,0.06517878515815324,6.429914174822645,8.882726148665343,5.802462419989483,42,reverses trend
determined,determined,0.06489050229726136,0.9836182114661641,1.6928918510960989,0.543980851874014,29,reverses trend
entities,entity,0.06403146916640491,0.47070711804122967,0.5411900578715054,0.543980851874014,16,continues trend
functional,functional,0.06400276765718864,5.3923606529268495,5.268508420184787,28.4683312480734,41,continues trend
line,line,0.06394329901566526,3.121946790264463,1.481557260593901,3.2638851112440843,27,continues trend
shared,shared,0.06310005312590544,1.9223016828219381,2.8905464512201253,8.34103972873488,37,continues trend
iacc's,iacc',0.06284048920576997,0.6139095660113978,0.594568013046292,0.0,22,reverses trend
theory,theory,0.06240893431814608,0.7680451858101425,0.2651796030980075,1.4506156049973709,18,continues trend
difficult,difficult,0.0622556979353736,1.384543310029942,1.0877114824531182,1.9945964568713848,29,continues trend
sustained,sustained,0.06223213994779123,0.5472168808088815,0.41481607858097436,2.7199042593700704,20,continues trend
greatly,greatly,0.06213122860525338,1.3054422837710227,1.0352430905909937,0.0,22,reverses trend
territories,territory,0.06181243315381493,0.5512331242061245,0.7873597666638273,0.543980851874014,18,reverses trend
participating,participating,0.061390853612272686,1.6652605113890102,1.5717281356628192,6.165116321238826,34,continues trend
underlie,underlie,0.06125420062424759,0.7211691590807562,0.3323925371114929,0.0,16,reverses trend
person's,person',0.06124195814046037,0.9911295853521814,0.7526188873037025,1.2692886543726996,26,continues trend
diseases,diseas,0.061227913185231436,1.333182208069695,1.0344138524359126,0.0,24,reverses trend
representing,representing,0.06115822334145889,1.3321164352686163,1.0013197444558135,0.9066347531233567,28,reverses trend
neuroscience,neuroscience,0.060898673621735816,1.3911008944328085,1.2406333898312807,1.6319425556220422,26,continues trend
discover,discover,0.06056391242005324,0.5519215711069337,0.4696082556865781,0.0,20,reverses trend
wide,wide,0.06041980575688197,3.032333835462122,3.0852685806325666,0.543980851874014,39,reverses trend
determine,determine,0.05962379738079235,7.52744806539123,8.041508522926108,9.247674481858239,44,continues trend
organizations,organization,0.05955771016448263,20.5314246964078,13.77354339312753,0.9066347531233567,37,reverses trend
expressed,expressed,0.059152334083083694,1.0947097207709304,1.5657979275506364,1.8132695062467135,22,continues trend
practical,practical,0.0587855174756633,0.5918532179197505,0.47341049722331024,8.34103972873488,16,continues trend
generated,generated,0.05847693208209027,0.44197676062962854,0.5010706875094735,0.3626539012493427,16,reverses trend
interactive,interactive,0.058018065550880876,0.8027276840815704,0.532501360750896,0.0,19,reverses trend
shows,show,0.05766047298317619,3.5650184798907376,2.4233384464197836,1.2692886543726996,33,reverses trend
revised,revised,0.05739717153074537,1.8033170155367622,0.797648066219616,0.3626539012493427,26,reverses trend
instances,instance,0.057283194549603095,1.2155936889245778,0.6353739494457482,0.0,19,reverses trend
diagnose,diagnose,0.05666992198127563,0.8102491159962661,1.0559424089036031,0.0,22,reverses trend
knowledge,knowledge,0.05561809509523669,3.57621174375315,3.619381410906237,5.983789370614154,37,continues trend
processing,processing,0.05543223022894632,2.16991843767222,2.122749283800018,3.082558160619413,29,continues trend
techniques,technique,0.05543223022894632,2.625287065650712,1.8867065588202199,0.0,29,reverses trend
approach,approach,0.05542889182401043,3.686483409001856,3.2009297055045467,3.2638851112440843,39,continues trend
policymakers,policymaker,0.054542468314034066,0.8601132648744745,0.6574647362208649,0.0,16,reverses trend
certain,certain,0.05444341751711561,3.7589891288220243,4.164950759368186,0.543980851874014,40,reverses trend
sensitivity,sensitivity,0.05436325375728138,1.0673957925988107,0.9454068156144998,1.9945964568713848,30,continues trend
evaluating,evaluating,0.05433668450618475,1.491189951826563,1.4352532329273486,1.4506156049973709,31,continues trend
body,body,0.054302529049020096,1.8869043226264737,1.1906461833587227,1.9945964568713848,28,continues trend
engaging,engaging,0.05415673657206777,0.9398009764498024,0.8213210131583233,0.0,16,reverses trend
intensity,intensity,0.05406761860961408,0.5155796581397101,1.3308241676049712,1.2692886543726996,15,reverses trend
resulting,resulting,0.053963138242463723,2.0547476010499093,1.4152698617227428,1.8132695062467135,28,continues trend
read,read,0.05319071489361135,0.49671141451431805,2.196173920236981,7.434404975611525,12,continues trend
neurodevelopmental,neurodevelopmental,0.05291690865249892,4.0730373081247455,4.220129562116225,5.258481568115469,39,continues trend
examined,examined,0.05286178375462884,3.0305661157542327,3.588715006934852,0.0,31,reverses trend
varying,varying,0.05273049620284875,0.7843483847655015,0.9115490672668022,0.7253078024986854,20,reverses trend
largely,largely,0.05246680967113305,0.8856385052235065,0.5918913140300146,1.8132695062467135,25,continues trend
recently,recently,0.05215670321901518,2.6676901056067113,2.553593541475837,0.18132695062467136,39,reverses trend
clinical,clinical,0.052131271984963604,12.988567666269116,13.705679319030537,62.0138171136376,43,continues trend
useful,useful,0.05173928482592745,1.6175868046325754,1.1069872826802698,2.7199042593700704,30,continues trend
sufficient,sufficient,0.05162788618327051,0.7341927466654572,0.2875801433074283,3.082558160619413,15,continues trend
exist,exist,0.05158740259656909,1.735663829579184,1.072099572379024,3.807865963118098,28,continues trend
multiple,multiple,0.05066060143763022,7.360405724138487,6.31675997584139,2.357250358120728,41,reverses trend
adequately,adequately,0.05054221770878136,0.8594961534219169,0.43560112798723966,1.6319425556220422,17,continues trend
location,location,0.050152556875274895,0.7558357231812132,0.7658955806940523,0.18132695062467136,24,reverses trend
aspects,aspect,0.05001725018031317,3.5683582098899187,3.6715147130617196,0.0,34,reverses trend
variables,variable,0.049936014198031356,0.7129375742734397,0.6954354041807946,1.4506156049973709,17,continues trend
primarily,primarily,0.0497572669879573,0.9755925788696139,1.1566549886200008,0.7253078024986854,29,reverses trend
know,know,0.04894240868510027,2.497312987162329,0.4398930686885432,1.6319425556220422,19,continues trend
real-world,real-world,0.048726203255489806,1.075651021754334,0.9263186356540063,4.8958276668661265,22,continues trend
small,small,0.04840531866355251,3.8935150989215677,3.874698877602637,3.082558160619413,42,reverses trend
jobs,jobs,0.048216467745786834,0.5205044186413399,0.4892160214123799,0.3626539012493427,16,reverses trend
maintaining,maintaining,0.0480159401461979,0.7469635124953076,0.45418406998391153,0.3626539012493427,20,reverses trend
observation,observation,0.04763259018093062,1.7744803227675607,2.104858004478724,3.807865963118098,31,continues trend
unique,unique,0.047496201427314595,3.5110831215793565,3.364758923512727,0.9066347531233567,38,reverses trend
measuring,measuring,0.047315907325830554,0.9087155078776542,0.9852480566287068,0.3626539012493427,23,reverses trend
commonly,commonly,0.04675814744250021,2.0931751619944476,2.5358198639050706,0.9066347531233567,34,reverses trend
balance,balance,0.04600515229903958,0.3500251628227784,0.34780667410145055,1.9945964568713848,18,continues trend
initial,initial,0.045974735364879726,2.751691730703113,3.165265740749019,1.9945964568713848,38,reverses trend
science,science,0.045757797989910406,15.48141366354577,15.921385186121181,7.797058876860867,45,reverses trend
collected,collected,0.04564077652334091,3.6348997298589403,3.47053640633632,1.087961703748028,41,reverses trend
brief,brief,0.045313074222413804,1.0900935547406654,0.99558044585762,0.3626539012493427,27,reverses trend
assessment,assessment,0.045132013175076154,7.503508307845847,7.995265680997339,25.023119186204646,43,continues trend
general,general,0.045065982431586646,5.51079083998539,6.221871824668807,3.626539012493427,43,reverses trend
order,order,0.04487989120960048,4.004064759494101,3.93995721048434,0.7253078024986854,35,reverses trend
parent-mediated,parent-mediated,0.04434803942724532,0.6808184160015531,0.8548708544717935,0.0,15,reverses trend
largest,largest,0.043428668379814205,7.697015196701475,9.792956994118674,0.18132695062467136,33,reverses trend
coding,coding,0.043320897059549425,0.529993646990591,1.0143736932599203,1.2692886543726996,18,continues trend
designed,designed,0.043228689860797406,3.106325416094579,2.5165603891587143,4.533173765616784,33,continues trend
categorization,categorization,0.043132746169388454,0.8227839995225146,0.45946137351971905,0.3626539012493427,14,reverses trend
expected,expected,0.042723596702813955,1.6866473893532952,1.0691578147855592,2.175923407496056,30,continues trend
various,various,0.04260104974817632,3.220404646566872,3.3699816883327474,0.0,38,reverses trend
ranging,ranging,0.04250352476930584,1.0481191041192177,0.8158418214334701,0.0,23,reverses trend
standardized,standardized,0.04235597265823567,1.668023396230601,1.5495125643775587,9.972982284356924,28,continues trend
larger,larger,0.04137070598991583,2.6092653764639304,1.5325463903857142,1.8132695062467135,32,continues trend
definition,definition,0.040957292134580145,1.2828417200124669,1.2170009290659025,7.434404975611525,25,continues trend
examination,examination,0.040873247152361396,0.7413101663232816,0.8609286941322093,0.3626539012493427,29,reverses trend
priority,priority,0.0405645170548312,5.063336713730449,4.926420054683592,38.07865963118098,35,continues trend
considered,considered,0.04019162447822424,2.6587054616156367,2.93867953688996,1.4506156049973709,41,reverses trend
parts,part,0.040040140655728126,1.4713319778309655,0.5450395858439965,2.538577308745399,18,continues trend
phase,phase,0.03950581544877412,1.1708400292464258,1.4533039903315168,6.527770222488169,22,continues trend
projects,project,0.039111754076063904,62.23141391443976,94.64477753876265,14.324829099349035,36,reverses trend
conducting,conducting,0.03876178638302867,1.4409723367662386,1.2443919415175666,0.3626539012493427,27,reverses trend
step,step,0.038589606262364295,1.0401060115589145,1.1916294258492832,2.357250358120728,24,continues trend
government,government,0.03855215891450771,5.524427539856237,3.774580419824751,2.357250358120728,30,reverses trend
accomplish,accomplish,0.03836923313797385,0.8753131121263403,0.412002119510917,0.0,20,reverses trend
established,established,0.03826481585216771,3.5437851105962377,2.9045097047751445,15.775444704346405,43,continues trend
million,million,0.038240854048416976,12.296848172262807,29.56717747202913,5.983789370614154,35,reverses trend
elevated,elevated,0.03813065679236976,1.0919928386666027,0.24885363488452036,1.2692886543726996,15,continues trend
promising,promising,0.03811154834218012,2.5984481282454106,2.5850279340288207,1.9945964568713848,34,reverses trend
procedures,procedure,0.03754476132746273,0.8850282503542611,0.6497957061362267,1.8132695062467135,24,continues trend
life,life,0.037285410054162006,13.540116410953932,13.056605830844493,24.29781138370596,41,continues trend
counted,counted,0.037184539925550805,1.8435587768906236,0.7172479556570763,0.0,16,reverses trend
childhood,childhood,0.03677791267010115,4.733816153340662,7.003940961987835,1.8132695062467135,44,reverses trend
regulate,regulate,0.03671403796417026,1.0637369987803884,0.6801666148780534,0.3626539012493427,15,reverses trend
interested,interested,0.036637424680953205,1.0860006542103986,0.6831075179302337,0.0,17,reverses trend
infection,infection,0.036302670771251135,2.024382526823757,1.0385230435457633,2.538577308745399,31,continues trend
psychiatric,psychiatric,0.035162889593786634,2.1423901187084464,5.61818171830343,6.165116321238826,33,continues trend
cdc's,cdc',0.03475361859137286,1.708099450675743,2.0285391584660606,0.18132695062467136,28,reverses trend
personnel,personnel,0.034742651555934735,0.9306733600637266,1.044930958598459,0.0,20,reverses trend
broader,broader,0.03406760965886771,2.5180575845118294,2.1016233662100077,7.434404975611525,38,continues trend
dietary,dietary,0.033509613818041434,1.6851683128469765,1.035881055722945,1.4506156049973709,20,continues trend
paid,paid,0.033481515202674374,0.6499994911574655,0.7227443981048047,0.543980851874014,16,reverses trend
later,later,0.03275493846010396,3.955811848848951,6.337923360658555,2.9012312099947417,39,reverses trend
interdisciplinary,interdisciplinary,0.03239019298194837,1.5246546566879131,1.4250151222082126,0.9066347531233567,24,reverses trend
detecting,detecting,0.032129505203401576,1.3674357009209406,0.744596769888459,0.18132695062467136,22,reverses trend
algorithm,algorithm,0.0319822958770199,1.0609333692574223,0.40800297303448924,0.0,12,reverses trend
acf,acf,0.03191327415749419,2.0304595725267105,2.1624104231646797,4.714500716241456,15,continues trend
guardians,guardian,0.03186008013699206,1.012944325462744,0.6358392742282856,0.0,23,reverses trend
people,people,0.03149562718786041,45.11186060467183,36.94454948772389,15.05013690184772,44,reverses trend
recruit,recruit,0.031232017554305727,0.6049391803982482,0.61884514984192,0.18132695062467136,19,reverses trend
strong,strong,0.03101665839369643,2.1728673030350945,1.0495367001896279,0.18132695062467136,30,reverses trend
entire,entire,0.03089847507897327,1.2727457857014957,1.033457142894727,1.4506156049973709,20,continues trend
pay,pay,0.03089847507897327,0.6359547595475588,0.6777363806746238,0.0,20,reverses trend
rct,rct,0.030879458088157147,0.5861743579349457,0.7779820219043814,0.0,12,reverses trend
hyperactivity,hyperactivity,0.03084564691043831,1.6178523134792389,1.9060418624563462,0.18132695062467136,27,reverses trend
evaluate,evaluate,0.03006280942996068,4.898948721059288,4.52550241184841,7.797058876860867,40,continues trend
prevent,prevent,0.029891374882623344,1.3128755658162579,1.336943129004525,3.2638851112440843,21,continues trend
men,men,0.029678113751684842,0.7463310456505055,0.32190407565535556,0.0,11,reverses trend
funds,fund,0.02905185304122575,7.133151896298057,11.269961962089136,3.9891929137427695,28,reverses trend
preschoolers,preschooler,0.02858894883436527,0.5281412437339166,1.0323254964872486,0.0,12,reverses trend
able,able,0.028559441825582607,4.421425913831638,2.9758975601378848,2.538577308745399,31,reverses trend
array,array,0.02825981067950442,1.9570613871520024,2.112423177276407,0.0,39,reverses trend
diagnosis,diagnosis,0.028194198761459947,31.361378491017582,34.341643132997476,11.423597889354294,45,reverses trend
group,group,0.02806214162440393,23.74352425321885,26.629360397037853,3.9891929137427695,45,reverses trend
delays,delay,0.02803702077393385,4.140510366260862,5.739624917394513,3.807865963118098,29,reverses trend
epidemiology,epidemiology,0.027514249952407758,1.2623994759015924,0.7039960463285465,3.082558160619413,24,continues trend
antidepressants,antidepressant,0.02744079560403258,0.3058918377809114,0.24588970844707833,0.18132695062467136,14,reverses trend
nonverbal,nonverbal,0.026618279963686594,1.7567126978896745,1.0869010380978859,0.0,29,reverses trend
statement,statement,0.026526346459320505,1.1150405599851732,0.461153959955136,3.626539012493427,22,continues trend
key,key,0.026111404019659057,3.9043980185920675,3.1348992226225483,2.175923407496056,39,reverses trend
results,result,0.025886609708202706,14.75949986682962,16.35020661656876,6.7090971731128395,42,reverses trend
oarc,oarc,0.025657944975661998,2.303155698222192,1.8286809417218415,0.0,28,reverses trend
asd-related,asd-related,0.025638673213753967,2.97611369891354,3.3099983584190964,0.0,29,reverses trend
described,described,0.02493065537076057,2.7638870613530773,3.223147172309212,4.17051986436744,33,continues trend
severe,severe,0.024922456059402597,2.4084416206154544,1.881851514657575,2.175923407496056,26,continues trend
impact,impact,0.024565864314927056,12.223356925712183,10.75098778692424,0.7253078024986854,42,reverses trend
involving,involving,0.02361797488824929,0.9846792362983604,0.8578157506939822,1.2692886543726996,26,continues trend
investment,investment,0.023553721975012466,5.977463083003081,5.210907340743876,4.533173765616784,28,reverses trend
community-based,community-based,0.023458994834346457,4.4558993326455205,3.8728873131409887,0.7253078024986854,32,reverses trend
establish,establish,0.02341796565238992,1.5185205365604197,1.5694141042637249,9.066347531233568,28,continues trend
half,half,0.02334581757086426,3.2713512575025647,3.7486654694581465,0.0,34,reverses trend
value,value,0.02319750820594834,3.023429951484726,2.3208856213813815,2.175923407496056,33,reverses trend
nearly,nearly,0.02293672357681036,2.780355882215589,2.2750177634053528,0.543980851874014,36,reverses trend
totaling,totaling,0.0229124654727979,0.7783659530700209,0.4487260506816278,0.3626539012493427,16,reverses trend
concerns,concern,0.022340103599378876,4.852398437407729,4.688273800864754,10.154309234981596,36,continues trend
association,association,0.022048601984183118,4.468275649337474,4.419712780108314,1.087961703748028,37,reverses trend
twice,twice,0.021013179284959185,0.5163673634628203,0.7000967438361236,0.0,15,reverses trend
comparable,comparable,0.0206394834750328,1.0149981004678874,0.5736724920031142,3.9891929137427695,22,continues trend
outside,outside,0.02013260768827057,2.027416438463095,1.4727160426861656,0.543980851874014,29,reverses trend
unable,unable,0.01953541313184501,1.1081626090747019,0.5129819900207265,0.543980851874014,18,continues trend
fiscal,fiscal,0.019393641467952645,0.9152162600941028,0.44661089248272856,2.175923407496056,14,continues trend
mandated,mandated,0.019393641467952645,0.5703807095743615,0.9662832738160642,0.0,14,reverses trend
child's,child',0.01917370977022682,3.8747711507814224,4.365566196813348,0.7253078024986854,31,reverses trend
restricted,restricted,0.01896851518630178,0.9939798990381644,0.9608815343860352,0.9066347531233567,23,reverses trend
comments,comment,0.01888825104265994,0.7915396682320219,0.4442932819680237,1.4506156049973709,15,continues trend
elopement,elopement,0.01703877646139949,0.8337405813283268,0.3276774480884345,0.9066347531233567,15,continues trend
infrastructure,infrastructure,0.01698053191977999,11.443967790107033,10.123849669585473,14.86880995122305,40,continues trend
list,list,0.01663974735935507,6.057533339090091,5.343652276114342,1.087961703748028,43,reverses trend
interventions,intervention,0.016639199269058328,73.56981105962306,74.38901782585042,30.64425465556946,45,reverses trend
view,view,0.01636923731345778,1.5238882095077404,0.8956855637512303,0.7253078024986854,24,reverses trend
true,true,0.015881843500316743,1.2431306241721878,0.5814585620093061,2.175923407496056,18,continues trend
expanded,expanded,0.015760780770775144,1.6623189126211,1.1951126569453863,2.7199042593700704,25,continues trend
block,block,0.015737855072224822,0.6679378458555587,0.7101621257146589,0.0,16,reverses trend
grants,grant,0.015729915072690333,8.447759374157735,9.344360922170372,2.538577308745399,27,reverses trend
case,case,0.015285335061579424,2.520054628202934,1.9537037950025211,2.7199042593700704,31,continues trend
supplementation,supplementation,0.015274976981865269,0.42758911861019744,0.24841128978720378,1.4506156049973709,16,continues trend
learned,learned,0.01494151611800116,1.4241671496491075,0.6927155189176417,0.18132695062467136,20,reverses trend
environment,environment,0.014198012977713219,4.462657260991084,3.997329124852056,3.082558160619413,42,reverses trend
addition,addition,0.013667913685297914,11.01220426044225,10.159688321583655,2.538577308745399,44,reverses trend
therapists,therapist,0.012955918159088696,1.2734935382628816,1.680535441376597,0.9066347531233567,14,reverses trend
successful,successful,0.012804820161235395,2.283763971901513,1.8539134949039773,0.543980851874014,31,reverses trend
suggest,suggest,0.012745813459325076,9.742247639346218,9.72150090289434,2.357250358120728,37,reverses trend
cms,cms,0.012654498286906277,3.6638471053691926,2.5341643838251695,38.622640483054994,17,continues trend
indicate,indicate,0.012116641430324029,8.032425315492961,6.582389004781768,1.4506156049973709,43,reverses trend
gender,gender,0.011373603431959511,2.2280702112091624,2.854697271845373,0.0,34,reverses trend
opportunities,opportunity,0.011024300992091559,11.686938263171493,7.71138906386213,3.2638851112440843,37,reverses trend
outlined,outlined,0.010866387322976227,1.0361083148444898,0.6205702488931377,0.0,24,reverses trend
differently,differently,0.010662458312419222,0.6374328706702366,0.940789024409742,0.9066347531233567,18,reverses trend
seven,seven,0.010637609490601472,5.325744789672258,4.906390614183337,0.18132695062467136,40,reverses trend
meaning,meaning,0.010267571963328146,0.8383608767027537,0.5640982883383935,1.087961703748028,17,continues trend
metabolism,metabolism,0.01014121981763339,0.721598958792615,0.6875170175400146,4.8958276668661265,19,continues trend
day,day,0.010000574467283934,0.9968025694507167,0.9113412503216722,2.175923407496056,22,continues trend
beneficial,beneficial,0.009810527867058388,0.9169828743680405,0.8569117440175721,0.0,19,reverses trend
describes,describe,0.009554511353100157,1.1211450314154097,0.8666747767500935,1.2692886543726996,23,continues trend
efforts,effort,0.009247045894743457,13.405594899603523,13.08968532783894,1.9945964568713848,41,reverses trend
remains,remain,0.00893237384941689,3.1434322155073118,2.939449905504722,24.479138334330635,33,continues trend
important,important,0.008452770516964149,10.77728714866849,10.054822512972754,3.4452120618687556,42,reverses trend
process,process,0.007990509629317672,5.809858811840247,5.301971405565678,4.17051986436744,42,reverses trend
females,female,0.00773963170890781,3.4248498355403916,5.301779277161966,0.18132695062467136,38,reverses trend
generation,generation,0.00767940196335282,0.689770281670322,0.43201166336383606,0.7253078024986854,19,continues trend
materials,material,0.007400076167374937,2.548644335031383,1.9929324539603663,4.351846814992112,40,continues trend
examine,examine,0.007276576820340676,4.376924126602587,3.5268482359584272,1.2692886543726996,38,reverses trend
cancer,cancer,0.00712244466400302,0.5633598696117952,0.5497340591916877,0.9066347531233567,15,continues trend
decline,decline,0.006379693919792513,1.5415589260455558,1.40779059243626,4.714500716241456,21,continues trend
class,class,0.006356634161052813,0.47993056192440864,0.5982737044435045,0.18132695062467136,19,reverses trend
final,final,0.006272170988560055,1.6828690207058168,0.7639875898364819,0.543980851874014,21,reverses trend
funded,funded,0.005881457394366063,14.124626720259196,10.424457866302776,3.807865963118098,32,reverses trend
short,short,0.005387496362507137,1.9161102909357723,1.674606265208462,0.9066347531233567,34,reverses trend
resources,resource,0.00521625691371273,17.59354578765358,17.46500717395056,8.15971277811021,44,reverses trend
consideration,consideration,0.0051545683455143645,1.1380960500561832,0.9695835951735398,3.082558160619413,24,continues trend
signs,sign,0.004558975495972059,5.518507617947527,5.78191896413865,1.2692886543726996,40,reverses trend
substance,substance,0.0038557058638047886,2.7225895599322385,2.132530598419806,1.4506156049973709,27,reverses trend
campaign,campaign,0.0033798047371535727,0.6754193526157545,0.4671054841873446,0.0,14,reverses trend
genetically,genetically,0.0031388460144555342,0.5201783945541206,0.6018092797694573,0.543980851874014,12,reverses trend
direction,direction,0.0031106804152845682,1.539734694535024,0.6167860357718783,0.7253078024986854,25,continues trend
molecular,molecular,0.0027585314406541293,3.694072040675185,3.4730271876591208,1.6319425556220422,30,reverses trend
earliest,earliest,0.00225798155588162,0.75754846997025,0.49783757389978456,0.3626539012493427,21,reverses trend
late,late,0.0018858224226603404,0.9999214143252353,0.7486625445216909,0.3626539012493427,20,reverses trend
ratio,ratio,0.0017703739099375858,1.2212831631761736,0.7601336931383584,1.9945964568713848,14,continues trend
relatively,relatively,0.0006704094325254133,2.381762304062231,2.6663339094086593,0.3626539012493427,31,reverses trend
pregnant,pregnant,0.0004023577068039968,0.3085570271306512,0.31170568048090425,0.0,14,reverses trend
existing,existing,9.915723045440148e-05,8.142755521963673,4.982801534252924,22.303214926834574,39,continues trend
better,better,6.602856852800924e-05,8.842013758389712,9.404045492599261,4.714500716241456,44,reverses trend
closely,closely,3.584097707748603e-05,1.1488894857125667,0.8228605941113724,0.0,21,reverses trend
adolescents,adolescent,-0.00023136687106027013,6.87805394171221,9.186160801948544,1.8132695062467135,39,continues trend
cdc,cdc,-0.0006621201797051987,8.983123840502767,7.935238646557481,25.929753939328005,37,reverses trend
cortex,cortex,-0.0018822402526879767,1.3650220790740755,0.6275985523160518,0.3626539012493427,11,continues trend
illustrates,illustrate,-0.0020068766732826188,2.672722510804295,1.298654471875113,0.543980851874014,15,continues trend
underpinnings,underpinning,-0.0023210122125050343,0.5755665370454642,0.46567951024983517,0.18132695062467136,20,continues trend
quality,quality,-0.0023440913938774007,13.503894149448811,13.372575004973587,23.028522729333258,43,reverses trend
card,card,-0.0026811965612687292,0.6846799731919866,0.3707861423216752,0.0,13,continues trend
particular,particular,-0.002775028562765601,4.794901403740736,4.359439129498777,1.4506156049973709,40,continues trend
serve,serve,-0.0030457528266439144,4.845907278646141,4.082042257296212,2.7199042593700704,37,continues trend
mothers,mother,-0.003083883389616901,9.080121062268503,3.243885179316485,0.0,31,continues trend
drug,drug,-0.0032358262135253383,6.504143460535373,4.951388785025136,3.807865963118098,42,continues trend
core,core,-0.0037246888432148108,10.688997416656521,9.001764239335252,9.610328383107582,34,reverses trend
gains,gain,-0.005213109963188101,3.4092376252421603,2.3048929397460265,0.543980851874014,32,continues trend
males,male,-0.005332760507114561,2.2218146486340187,3.081171454304339,0.0,33,continues trend
far,far,-0.005367340741417892,1.2766360137513917,1.6329558378876563,0.3626539012493427,20,continues trend
socially,socially,-0.005715843021282029,0.9901761233318863,0.09241984235834792,0.0,10,continues trend
school-aged,school-aged,-0.005745010864184387,0.6425724271810151,0.6538262806277034,0.0,22,continues trend
altered,altered,-0.006241493284546001,1.4096404750556037,1.1945551838560666,2.538577308745399,22,reverses trend
hypothesis,hypothesis,-0.0062893614240312635,0.6641861179432034,0.5475953382187836,1.2692886543726996,17,reverses trend
oar,oar,-0.006362525704977434,1.0160639524773478,2.2386133677922984,0.0,12,continues trend
spectrum,spectrum,-0.006470799715744906,44.88505782970334,46.71969216562923,0.9066347531233567,45,continues trend
contained,contained,-0.006600378479311192,0.9915412290341427,0.7610201800630427,0.543980851874014,20,continues trend
exhibited,exhibited,-0.007210862465641092,0.7245627687580872,0.5786983218888563,0.0,12,continues trend
father,father,-0.007644796429275938,1.756114452373898,0.6523893113620397,0.0,14,continues trend
sectors,sector,-0.008640778931346023,1.2348169197886723,0.7632426815178341,0.0,25,continues trend
accounted,accounted,-0.008957354393531396,3.510918502455524,5.334740378627384,0.3626539012493427,23,continues trend
hospital,hospital,-0.009427432768880575,2.7649855914976498,2.958268188759118,0.3626539012493427,35,continues trend
hope,hope,-0.009501371719432968,0.44365981738619154,0.4954843155230418,0.0,12,continues trend
private,private,-0.010065585457178733,17.393528356905204,15.062907099288498,0.7253078024986854,33,continues trend
place,place,-0.010159469452165207,2.357100116364931,1.9154184013112237,1.8132695062467135,30,continues trend
area,area,-0.010672868485163202,9.914716315328583,8.31148373745363,6.346443271863497,36,continues trend
started,started,-0.012015140870891733,0.6318973509489189,0.5632177471151043,0.0,19,continues trend
concluded,concluded,-0.012153711223247085,0.9399601587089951,1.1823206254571879,0.0,18,continues trend
guide,guide,-0.012297592733674496,2.918795298392882,1.5113665406410206,1.8132695062467135,32,reverses trend
framework,framework,-0.012522513734658031,1.5184032060806771,1.27308021052383,15.594117753721735,27,reverses trend
treat,treat,-0.012570824845849987,1.6710905064369326,1.610534985115187,3.807865963118098,34,reverses trend
awareness,awareness,-0.013125639503492633,3.3769266528647632,3.013147458715266,1.9945964568713848,36,continues trend
speech,speech,-0.013344464693978842,3.1642189051818845,3.1920678030471987,9.610328383107582,35,reverses trend
combination,combination,-0.013573463683956575,1.8370852360064727,1.3948883438283255,2.357250358120728,37,reverses trend
facial,facial,-0.013942140083142065,1.1458276079941137,1.4540925626898338,0.0,21,continues trend
portion,portion,-0.014296640149675601,3.210376550579865,3.7502817073755796,1.2692886543726996,23,continues trend
conclusion,conclusion,-0.014514364214175198,1.6304377205077731,0.9773936944497379,1.2692886543726996,31,reverses trend
paternal,paternal,-0.014688841171654452,0.8010020996406877,1.0171582385347908,0.0,18,continues trend
child,child,-0.014790399350274071,16.469654481423134,14.105735972985508,1.9945964568713848,45,continues trend
actively,actively,-0.015211829726450084,0.9572795317609578,0.4591638694846132,0.9066347531233567,19,reverses trend
discuss,discuss,-0.015799178998921908,0.8132927171993046,0.668396464010745,0.0,17,continues trend
profiles,profile,-0.01622861854828041,1.6145836587344582,1.53937537653309,11.060943988104952,23,reverses trend
cure,cure,-0.01730138139257186,0.8018080665288165,0.41906990251941495,1.087961703748028,14,reverses trend
children,children,-0.01736551352286643,115.55133102039181,124.76323369192417,10.154309234981596,45,continues trend
modified,modified,-0.0174931862273672,2.468447025899582,0.9266821263341012,1.8132695062467135,23,reverses trend
investigate,investigate,-0.017798088192494847,2.2004746630658882,1.7547040373090017,1.4506156049973709,33,continues trend
vaccine,vaccine,-0.01786513744451586,4.556385750342392,2.4821085263946796,0.0,15,continues trend
added,added,-0.018350580263672846,2.0076008715997196,1.6622154615854448,0.3626539012493427,21,continues trend
translation,translation,-0.018375543919609414,1.0710455303756974,0.412444981928126,9.066347531233568,17,reverses trend
inform,inform,-0.018379554357393947,4.197646250343337,3.178239860629016,1.8132695062467135,32,continues trend
end,end,-0.018440047004789784,3.328045981793238,2.9700492511843053,1.4506156049973709,37,continues trend
age,age,-0.018686084893426616,25.327622078953787,25.271749070896256,9.247674481858239,44,continues trend
dental,dental,-0.018816512965680165,1.5178280732631715,0.914722145631366,0.18132695062467136,21,continues trend
diagnosed,diagnosed,-0.01921431344165069,11.602659609651546,12.7240366595936,1.4506156049973709,44,continues trend
exome,exome,-0.01932499307195353,1.352312968052275,0.31115953518288975,0.0,10,continues trend
yellow,yellow,-0.019851080199529594,1.8655503842469916,0.6413722712208603,0.0,12,continues trend
set,set,-0.01991136020838676,2.7479833665636058,1.7967560724312142,11.060943988104952,38,reverses trend
attention,attention,-0.0217901453515364,5.317788108433774,5.6778123847868,5.077154617490798,43,continues trend
collecting,collecting,-0.023218867663232366,0.724838682947504,0.3502894357534008,0.0,23,continues trend
fever,fever,-0.02341721853599261,1.1433556088823007,0.1301927226106514,0.9066347531233567,14,reverses trend
born,born,-0.023902082237409118,2.0470741618219037,1.6564509746877165,0.0,22,continues trend
estimated,estimated,-0.024050247543968544,3.1114813246811,3.0176586877037708,1.087961703748028,40,continues trend
productivity,productivity,-0.024778568501906302,0.8257383921748136,0.3898550306765169,0.3626539012493427,17,continues trend
skin,skin,-0.02519560179171064,0.7018521670087239,0.36273447840839795,0.3626539012493427,12,continues trend
creating,creating,-0.02533476382670654,1.063750915471734,0.8530390261258677,5.621135469364812,25,reverses trend
scope,scope,-0.02559006681435072,1.4280693970544915,1.1249101636509529,1.9945964568713848,28,reverses trend
articles,article,-0.025746338904341522,8.796871468103669,5.943423460895316,0.0,26,continues trend
extensive,extensive,-0.026044027730967468,1.358459400612331,0.8868226714361742,0.0,29,continues trend
regions,region,-0.026063375156492968,7.881782859380456,5.845391536324019,0.0,38,continues trend
practitioners,practitioner,-0.02607892692523858,2.5060671796574687,2.094749891941214,0.0,31,continues trend
complex,complex,-0.02611869678977827,4.064323169990621,2.3165810605998782,9.247674481858239,36,reverses trend
quickly,quickly,-0.026124664095425146,0.8405773959747774,0.3685509976650438,0.543980851874014,19,reverses trend
special,special,-0.02614731313709166,8.080150733355593,8.69003036111439,3.807865963118098,44,continues trend
elements,element,-0.026810050699527143,1.2697778722153776,1.2596631823864086,5.802462419989483,22,reverses trend
cerebral,cerebral,-0.026977108989104322,0.4869730808636961,0.6691107446990789,3.2638851112440843,12,reverses trend
findings,finding,-0.027006574087207236,17.02741795008913,18.34960629822334,16.863406408094434,43,continues trend
multi-site,multi-site,-0.027054298602011806,1.1019161300475022,0.9432577512600397,0.3626539012493427,20,continues trend
gaze,gaze,-0.027226824120277243,0.6555940201676558,0.47647188436974813,0.9066347531233567,11,reverses trend
antipsychotic,antipsychotic,-0.027377459179940417,1.329675216027392,0.4915999915984639,0.18132695062467136,22,continues trend
alternative,alternative,-0.027450751897241093,3.378884120149279,2.3453266683428367,1.4506156049973709,30,continues trend
identification,identification,-0.02909516940453209,7.793401846040424,7.541734993815274,2.538577308745399,41,continues trend
methodology,methodology,-0.029260691018869227,1.5767088300097403,0.5572150146753461,1.087961703748028,23,reverses trend
meeting,meeting,-0.0296746259443015,3.722208634882116,4.019812547718768,1.4506156049973709,32,continues trend
changed,changed,-0.03050067149294061,0.8739511783818994,0.552495078532948,0.9066347531233567,21,reverses trend
sleep,sleep,-0.03077193724208554,4.582942351553985,5.5964023705150066,52.40348873053002,35,reverses trend
sequencing,sequencing,-0.030946781257651608,1.7142447116511241,0.8827737758848774,7.434404975611525,23,reverses trend
self-determination,self-determination,-0.031217491034490327,1.2080141822722954,0.7056578218204596,0.543980851874014,21,continues trend
epigenetics,epigenetic,-0.03163302278303996,4.112927898638797,1.7541433434037208,2.538577308745399,22,reverses trend
mind,mind,-0.03187796851658341,1.468840930197601,1.3505181923937528,0.0,31,continues trend
funding,funding,-0.03201384195342437,90.12564260675765,81.54797432539021,15.05013690184772,32,continues trend
purposes,purpos,-0.032136500228340456,1.868618694921248,0.49679644645156334,0.7253078024986854,18,reverses trend
reflect,reflect,-0.032232525417545906,2.468763116456406,1.8115575820635117,6.165116321238826,35,reverses trend
responsibilities,responsibility,-0.03246977554454694,0.700839438369498,0.4285025473620149,4.8958276668661265,17,reverses trend
corresponding,corresponding,-0.03249417097507048,3.018083898346772,0.7619974599658568,0.543980851874014,20,continues trend
implications,implication,-0.0325245150773579,2.321681390355417,9.01680704598865,2.175923407496056,34,continues trend
revision,revision,-0.03265113011758977,1.1190374255271482,0.23173103186566651,0.7253078024986854,21,reverses trend
section,section,-0.03311822596675542,4.920964436251739,7.665944634977094,5.621135469364812,31,continues trend
prepared,prepared,-0.033156412600876185,1.5114952469133083,0.6437806331712772,0.543980851874014,24,continues trend
formed,formed,-0.03326042672790703,0.7377983176587576,0.5502009116074452,0.0,21,continues trend
gaps,gaps,-0.033285828324886774,5.461099138889396,2.6221115498086194,6.346443271863497,31,reverses trend
computer,computer,-0.0341316012067843,1.316560798369961,1.1649990566011585,0.0,24,continues trend
infancy,infancy,-0.03459758829265317,0.5400160592471619,0.3903801689907027,0.0,20,continues trend
sites,site,-0.03482000125184457,10.248405173483924,6.494384194803999,5.077154617490798,40,continues trend
pregnancy,pregnancy,-0.03486912312544003,3.0181074073656853,3.3579979859687703,1.6319425556220422,36,continues trend
shank,shank,-0.03579981130000636,2.071462270809764,1.8883563337154345,0.3626539012493427,12,continues trend
overlap,overlap,-0.03605125052963811,0.9736231143101136,0.8082241020651326,2.175923407496056,14,reverses trend
substantial,substantial,-0.036062363080302993,2.0751349434601574,1.5363428073009595,5.258481568115469,36,reverses trend
behalf,behalf,-0.03635632077374508,2.254992263050955,0.8563905886871445,0.18132695062467136,23,continues trend
areas,areas,-0.03677791267010115,17.024363813811355,16.67232433267745,3.626539012493427,44,continues trend
diverse,diverse,-0.03678077598262379,5.315289930520303,4.375858822767177,1.6319425556220422,37,continues trend
instruction,instruction,-0.036937414214761974,1.57086643480281,0.9792644849109424,1.2692886543726996,26,reverses trend
proportion,proportion,-0.037441295275571114,7.774683714056016,5.652808347410032,1.6319425556220422,38,continues trend
predict,predict,-0.03796213409090823,2.820345727177608,3.001541784838521,1.4506156049973709,32,continues trend
essential,essential,-0.03810201195941024,1.632278618817757,1.0228771327654818,1.8132695062467135,24,reverses trend
spent,spent,-0.03826458880305643,1.3509037780631579,0.591367485686006,0.0,16,continues trend
ranged,ranged,-0.038456035213203205,1.4359470153876555,0.769165433345327,0.0,17,continues trend
lead,lead,-0.03922613818028675,6.4784390280845585,4.705927286864665,31.732216359317487,42,reverses trend
means,mean,-0.03965718360072089,2.5978444718661624,1.2329657452782168,2.7199042593700704,29,reverses trend
breakthroughs,breakthrough,-0.03976362813128447,1.0300570954615345,0.7134488401417344,0.0,23,continues trend
detected,detected,-0.04012309486776571,0.7275720716449227,0.28050728664846025,0.0,17,continues trend
produce,produce,-0.04025174965758615,1.8150161017652398,0.699658943739195,4.533173765616784,28,reverses trend
maternal,maternal,-0.0406735982132537,5.244242684667818,6.144338701732422,7.615731926236196,44,reverses trend
organized,organized,-0.04119796677196436,0.7568484775553523,0.44535548597142377,3.4452120618687556,20,reverses trend
making,making,-0.041304138779221386,2.3315991241969485,1.773402549998986,1.8132695062467135,34,reverses trend
lacking,lacking,-0.041520211572194675,0.7713466774502239,0.42011976423198105,0.18132695062467136,19,continues trend
aap,aap,-0.04200690982307269,0.6349892532658017,0.2677336001376834,0.0,10,continues trend
participated,participated,-0.04310269699703565,1.7522561813339068,0.6729100787520252,0.0,29,continues trend
portfolio,portfolio,-0.04350464580841686,15.234994607692927,15.61690817409136,11.786251790603638,27,continues trend
intramural,intramural,-0.0437983116761558,1.006260880819827,0.5063014639672878,0.0,19,continues trend
joint,joint,-0.043861955171017264,3.7702372730774423,2.6869231954075317,0.543980851874014,33,continues trend
surrounding,surrounding,-0.04444073789781303,0.9215102710821076,0.6134392097237872,0.0,24,continues trend
smallest,smallest,-0.0445134430229104,1.60348243427069,0.6917935159465772,0.0,16,continues trend
total,total,-0.044521596474026266,17.34344320728612,11.949412172209522,4.17051986436744,39,continues trend
distributed,distributed,-0.04482454835400348,1.5702432266130253,0.2911960506327328,1.087961703748028,20,reverses trend
continued,continued,-0.04485864217502721,3.561408214597856,3.355968260505777,2.357250358120728,37,continues trend
second,second,-0.045024172219953515,3.870209632225368,2.314711010753204,3.082558160619413,37,reverses trend
encourage,encourage,-0.04526458775550766,1.9148260731748972,1.2441111859965823,1.2692886543726996,29,reverses trend
detailed,detailed,-0.045818534416718584,1.703131726737285,1.9510789292363273,3.807865963118098,30,reverses trend
asd-specific,asd-specific,-0.0459122916362596,0.6402663824418592,0.8562310719501394,0.0,21,continues trend
themes,theme,-0.04743568709307164,2.123399116974166,1.6998185203154756,0.18132695062467136,20,continues trend
interactions,interaction,-0.04747610456895355,7.028987400876071,6.121645298341963,6.527770222488169,43,reverses trend
environmental,environmental,-0.04793674075133471,23.06596967914788,17.487191110580763,12.511559593102323,44,continues trend
play,play,-0.04905542036658863,7.1046683932823536,5.1314247686841785,0.3626539012493427,36,continues trend
common,common,-0.04939587770850924,7.454944861763188,6.014606289612823,12.14890569185298,42,reverses trend
medication,medication,-0.049759583523070354,5.5140005797240015,6.235680563213666,33.001505013690185,35,reverses trend
younger,younger,-0.049761321482012746,2.7780572274706383,3.7082923067319467,0.0,33,continues trend
discovery,discovery,-0.04977088664455309,2.0294471921090915,0.9946492252153383,10.879617037480282,25,reverses trend
acquisition,acquisition,-0.05010568595432546,0.9922598003551437,0.9479270781772388,0.18132695062467136,21,continues trend
advances,advance,-0.05024939579551273,14.122187117059315,13.101567219212047,4.533173765616784,43,continues trend
leading,leading,-0.05075543909724788,1.889955054451185,1.5256279856619903,0.9066347531233567,35,continues trend
major,major,-0.05138052594512342,3.6911988481787166,3.0431966299567432,5.077154617490798,37,reverses trend
co-funds,co-fund,-0.052177450725676006,1.2221000287736663,0.5890855378789686,0.0,11,continues trend
oxytocin,oxytocin,-0.05279894766806113,1.9627811613739,1.7080018992490702,0.0,13,continues trend
parents,parent,-0.05328505480210346,19.92332112654834,15.217271621866228,0.9066347531233567,44,continues trend
applied,applied,-0.05370981063397454,2.503521823159631,2.011837631474772,3.807865963118098,35,reverses trend
performed,performed,-0.0543707622265463,0.913293950569098,0.492651918639234,0.9066347531233567,21,reverses trend
green,green,-0.05438817561724755,1.71060387942198,0.23144968352655157,0.0,16,continues trend
initially,initially,-0.05472917199732116,1.0049553607662047,0.7036187872696611,0.18132695062467136,21,continues trend
pathways,pathway,-0.057154203388857676,6.402314031521808,4.1064928935006515,35.72140927306025,38,reverses trend
eventually,eventually,-0.057255010973062945,0.8486777968718844,0.5643923806881712,0.18132695062467136,15,continues trend
recommends,recommend,-0.05725750243260551,1.0338744693969162,0.9835147550508627,2.7199042593700704,24,reverses trend
regarding,regarding,-0.057727316489786414,3.1107642918116705,2.0382172449240423,0.9066347531233567,30,continues trend
defined,defined,-0.05779379199585405,3.2929496000340026,1.8050336846267119,27.561696494950045,33,reverses trend
implemented,implemented,-0.058660825345973666,2.1420361374023655,1.8555375406246846,1.6319425556220422,31,continues trend
protocols,protocol,-0.06013721851657157,1.9477503679051784,1.5865688020390607,7.797058876860867,23,reverses trend
contact,contact,-0.06020747227652083,1.5686929235955391,0.8994291946262118,0.543980851874014,23,continues trend
similarly,similarly,-0.06062404600675617,1.478172177158184,1.1700225819058088,0.3626539012493427,26,continues trend
examining,examining,-0.06063427986651959,2.175135323922038,1.7649024437363452,0.18132695062467136,29,continues trend
prevalence,prevalence,-0.06127652995825994,22.15637229047789,21.086488599046245,6.165116321238826,43,continues trend
receptor,receptor,-0.06158924882418156,1.9399518274749554,0.05927828780484615,4.17051986436744,12,reverses trend
siblings,sibling,-0.06276899303605284,6.182680987868996,8.301205839211182,0.543980851874014,37,continues trend
objects,object,-0.06356859107604536,1.3444354546179358,0.5135109280406369,0.18132695062467136,16,continues trend
rapidly,rapidly,-0.06375530421224766,1.2326969019710214,0.3364488059736496,0.0,20,continues trend
severity,severity,-0.06405134564314041,3.620199071991931,3.2581498111467995,0.9066347531233567,34,continues trend
gathering,gathering,-0.06425757213950013,0.732188048603014,0.4291885092877494,0.0,17,continues trend
abuse,abuse,-0.06453748952021608,2.8972701430728933,1.7830025521665431,1.087961703748028,26,continues trend
deficiency,deficiency,-0.06459856161429701,0.41146949541511174,0.10737425750060166,3.4452120618687556,17,reverses trend
documented,documented,-0.06478038596389674,1.8072817984924727,1.4233740227668426,5.621135469364812,24,reverses trend
burden,burden,-0.06578618989818957,0.7378992403291891,0.4120352386315501,13.055540444976337,20,reverses trend
blue,blue,-0.06579243869574805,2.2067828152794364,0.4893875036752936,0.0,13,continues trend
associated,associated,-0.06622665423359327,16.59260671788016,15.964347347185104,5.258481568115469,44,continues trend
ideas,ideas,-0.06703279395354586,1.4023338090937414,0.5268853152281122,0.18132695062467136,14,continues trend
varied,varied,-0.06802134845125182,1.6346185950979926,1.3829694214907293,0.543980851874014,30,continues trend
mechanisms,mechanism,-0.06806595447369443,6.335882837020282,5.042863250429322,15.956771654971078,37,reverses trend
nichd,nichd,-0.06815939553259705,1.2049622290752966,1.217293504538423,2.357250358120728,14,reverses trend
volume,volume,-0.06827451832803416,2.480081771281243,0.6071828366552487,0.543980851874014,16,continues trend
evidence,evidence,-0.06881083498966127,10.132516645008755,7.891749695122788,46.96368021178988,42,reverses trend
input,input,-0.06961963833141888,2.3446404114926382,1.6428401137521622,2.9012312099947417,29,reverses trend
connections,connection,-0.06989249239637021,2.7208457213941912,2.0789559025484077,2.9012312099947417,33,reverses trend
forum,forum,-0.07016805636931266,0.8478354948521407,0.5359197178155234,0.0,17,continues trend
relating,relating,-0.07038713739107515,0.7710354616840834,0.22991118674977526,0.0,18,continues trend
room,room,-0.07156439459212403,1.303277596807992,1.0321491895778179,0.0,22,continues trend
systematic,systematic,-0.07218688360710437,1.8229121418475962,0.843148554235254,1.8132695062467135,29,reverses trend
structural,structural,-0.072295719643391,1.6669183202932008,1.171291273630634,0.7253078024986854,26,continues trend
revealed,revealed,-0.07375768895796965,2.560187516820871,0.9933711060249687,0.0,25,continues trend
nutrition,nutrition,-0.07383241277962121,0.7875264928284951,0.9923191800363363,7.434404975611525,21,reverses trend
insight,insight,-0.07416960837989231,3.2914629090583296,2.0411914119972057,0.3626539012493427,39,continues trend
images,image,-0.07456924109550123,0.8204289699122894,0.14997317381257155,0.0,15,continues trend
store,store,-0.07463720818693456,0.8582325058323997,0.3558782949952473,0.0,18,continues trend
rigorous,rigorous,-0.07471487370604424,1.1647407817205546,0.9803877672059753,0.7253078024986854,23,continues trend
internationally,internationally,-0.07486089612355873,0.637200659290569,0.2669570793711032,0.0,18,continues trend
suggesting,suggesting,-0.07495472954976175,2.693300365021823,1.9612454371222428,0.543980851874014,35,continues trend
completion,completion,-0.07506707278052542,1.011962570950442,0.5523084271959579,4.351846814992112,19,reverses trend
involve,involve,-0.07529460157240789,1.5370212312967335,1.043700521920349,0.543980851874014,29,continues trend
function,function,-0.07552042017240672,7.675401393631738,5.817522289049474,28.64965819869807,40,reverses trend
expression,expression,-0.07578460919490969,4.2122782697796985,5.304512959424252,1.2692886543726996,35,continues trend
bank,bank,-0.07590477316113824,0.8239542413194183,0.3064769073638986,0.0,18,continues trend
structure,structure,-0.07595566250731686,2.7358098082632876,1.5902928953961697,5.439808518740141,28,reverses trend
mice,mice,-0.07610391149271735,4.7093119347696435,1.8313489221763704,0.18132695062467136,15,continues trend
subtle,subtle,-0.07610473316216625,0.8990925420039714,0.20710087106825498,0.3626539012493427,13,reverses trend
look,look,-0.0761620762896578,0.6486940523984387,0.30841303074552306,0.543980851874014,21,reverses trend
behavioral,behavioral,-0.07632902521837868,22.575110344207655,21.85074651699559,12.330232642477652,44,continues trend
supplements,supplement,-0.07646019577952338,1.7974913702424196,1.132284777188419,3.807865963118098,31,reverses trend
molecules,molecule,-0.07648464508335517,0.8625473994042877,0.6620350807788744,0.18132695062467136,21,continues trend
answer,answer,-0.07752889063480599,1.4824604930085703,0.5324565449487183,1.9945964568713848,19,reverses trend
stakeholders,stakeholder,-0.07787333649930382,4.847005307631864,3.2075615746206427,1.4506156049973709,41,continues trend
action,action,-0.07789897238220021,1.8419144804327705,1.4482445056453381,29.7376199024461,20,reverses trend
forward,forward,-0.07844422241713497,0.9709426626981484,0.33920922088680466,1.087961703748028,22,reverses trend
believe,believe,-0.0784794319588723,0.8606699964206818,0.15794281791772383,0.18132695062467136,10,reverses trend
epilepsy,epilepsy,-0.07877310832173606,3.8373103033388,1.6228438223341333,13.236867395601008,31,reverses trend
traditional,traditional,-0.07877817133697822,1.0962903146137,0.5860916086160954,0.18132695062467136,19,continues trend
nervous,nervous,-0.07914560683761711,0.7419190537131426,0.45835281087456975,0.7253078024986854,19,reverses trend
validate,validate,-0.07919924606553827,1.4432714417820112,0.7652326956291178,1.8132695062467135,24,reverses trend
loss,loss,-0.07936738072911681,2.3675021192695627,1.5875582854300725,11.242270938729623,26,reverses trend
safe,safe,-0.08087769079739877,1.8620150940141893,1.2577781707788847,1.9945964568713848,25,reverses trend
allow,allow,-0.08094144360487124,3.9082944817803433,2.870761800786626,2.9012312099947417,36,reverses trend
taken,taken,-0.08135792748666652,2.0415534952118977,0.8711201475537611,1.6319425556220422,33,reverses trend
epidemiological,epidemiological,-0.08138049070095776,1.05533590266177,0.573752766235953,0.0,20,continues trend
develop,develop,-0.08207351068031549,17.265984271472547,14.155382292196093,7.434404975611525,44,continues trend
treating,treating,-0.08256275699355879,1.4553255180522924,0.764501651622849,2.7199042593700704,19,reverses trend
measures,measure,-0.08381786600306747,9.980575099326197,8.805470402762845,52.584815681154694,41,reverses trend
observational,observational,-0.08393181763931373,0.4847959765725521,0.1332907189899445,0.18132695062467136,14,reverses trend
contributions,contribution,-0.08464406715516008,1.8695223693147567,1.3885438299998802,1.6319425556220422,28,reverses trend
alter,alter,-0.08477772798056403,0.6466768836328334,0.30028734999776063,0.9066347531233567,18,reverses trend
discussion,discussion,-0.08490166889868778,0.9491050454844604,1.7966984793672878,0.0,23,continues trend
intensive,intensive,-0.08506923268699541,2.582565497568088,1.5152370435060873,1.4506156049973709,34,continues trend
week,week,-0.08557619740196823,2.460806099416576,3.3226554470878957,0.18132695062467136,27,continues trend
showing,showing,-0.08572412515186656,2.0828650788354515,1.5684663318313083,0.7253078024986854,33,continues trend
according,according,-0.08582766911982181,2.944653348435457,2.1209226671570143,2.538577308745399,40,reverses trend
tested,tested,-0.08605272469747881,1.876158167873727,1.2284367897752648,1.9945964568713848,30,reverses trend
slightly,slightly,-0.08645770491581253,1.736385217505476,0.7587837106089671,0.18132695062467136,20,continues trend
pharmacological,pharmacological,-0.08657635562233243,1.7595088981200468,1.0985595335142557,0.0,26,continues trend
reasons,reason,-0.08711165548932412,1.5009724546343222,1.2238959614886795,1.9945964568713848,27,reverses trend
medical,medical,-0.08728976759402822,17.569810774291927,14.848202313733735,21.033926272461876,45,reverses trend
indication,indication,-0.087593684163799,0.687389865185176,0.37713140890175806,4.17051986436744,22,reverses trend
enroll,enroll,-0.0875966233523116,0.7638931991079239,0.5059985892358806,1.4506156049973709,19,reverses trend
interfere,interfere,-0.08763429502279706,0.6850582437046252,0.5567773360278078,0.18132695062467136,17,continues trend
recovery,recovery,-0.08875808118278634,2.9368900329280714,1.0488288809171484,5.621135469364812,25,reverses trend
phenotypic,phenotypic,-0.08901220536483218,1.0280789072152101,0.7277683563974068,0.18132695062467136,22,continues trend
collection,collection,-0.09005765524487239,4.374068577076495,2.50353951750712,2.9012312099947417,34,reverses trend
called,called,-0.09075563799337849,4.542560143129393,2.106286620332254,0.0,35,continues trend
familial,familial,-0.09080298473442612,0.9341923162816383,0.33848809231725246,0.0,23,continues trend
iii,iii,-0.09107818472740546,1.8912294578357969,0.3808304454213894,1.8132695062467135,13,reverses trend
inherited,inherited,-0.09119011549712383,1.6499006463822754,1.1423442157582016,0.543980851874014,18,continues trend
trends,trend,-0.09181788393916784,5.946807531306502,4.201626872536479,2.357250358120728,35,continues trend
serotonin,serotonin,-0.09205944331675446,1.2131647645489572,0.2478526552072325,0.0,14,continues trend
comparing,comparing,-0.09208344542561518,1.235601690016555,1.1778784115341243,0.543980851874014,35,continues trend
ethnically,ethnically,-0.09213991485811526,0.5666418907873779,0.4675315293099329,1.087961703748028,14,reverses trend
effectively,effectively,-0.09241594027362823,1.6366815718987153,1.335888409758142,0.18132695062467136,31,continues trend
efficacious,efficacious,-0.09349327318496842,1.1502465733100689,0.6486865739944949,0.0,20,continues trend
transitioning,transitioning,-0.09367067301941995,2.6449804088012354,1.5547708120276023,0.18132695062467136,29,continues trend
developmental,developmental,-0.09376056730977313,34.232226687453434,30.116636202506946,22.84719577870859,45,continues trend
unaffected,unaffected,-0.09432174660986235,1.1692783895690186,0.7496785852902363,0.0,18,continues trend
metabolic,metabolic,-0.09438592649183868,2.057444817588481,1.7162581134409103,28.28700429744873,23,reverses trend
heterogeneity,heterogeneity,-0.09459329477308794,2.731974706259217,0.6522825531399309,5.802462419989483,24,reverses trend
chapter,chapter,-0.0946513849645783,2.557537508623454,1.5402379038310154,1.087961703748028,19,continues trend
effective,effective,-0.0947474037858541,8.617068770455376,5.735713639506499,1.6319425556220422,40,continues trend
operations,operation,-0.09479835916483385,1.0370976124914875,0.33895983045836287,1.087961703748028,19,reverses trend
combined,combined,-0.0954446239045044,3.920048829599028,2.7938179668161873,1.087961703748028,37,continues trend
contributed,contributed,-0.09575638085587583,2.630084225702948,2.4001206085488915,0.543980851874014,33,continues trend
indicated,indicated,-0.09630981151741154,2.6397463127690868,1.593293656792563,22.484541877459247,34,reverses trend
reached,reached,-0.09632200681895893,1.389470084477323,0.6152749844083029,0.7253078024986854,20,reverses trend
nutritional,nutritional,-0.0969498429945997,1.5045489928854912,0.5296160945226938,1.6319425556220422,21,reverses trend
exhibit,exhibit,-0.09696622861860331,0.9218755508823083,1.0019761143996337,0.0,19,continues trend
derived,derived,-0.09697681716219667,1.0669067516696167,0.1775931351760835,0.18132695062467136,13,reverses trend
irritability,irritability,-0.09714411259768771,1.017790470841124,0.5634029463335616,2.9012312099947417,17,reverses trend
indirect,indirect,-0.09718306305152502,1.231805763033411,0.12910982360823822,0.0,13,continues trend
share,share,-0.09744401101756883,3.941945032188255,2.0773094573656574,3.807865963118098,31,reverses trend
task,task,-0.09761161337570018,2.276153573853411,1.156006207416305,9.429001432482911,31,reverses trend
great,great,-0.09763665295017208,1.1308889152669344,0.2592097150193461,0.0,17,continues trend
ways,ways,-0.0983660884713326,3.0316631329569184,2.161583221092053,0.7253078024986854,38,continues trend
methylation,methylation,-0.09849716662561842,0.6690144987657064,0.13879466159299533,3.082558160619413,14,reverses trend
characterization,characterization,-0.09850487981734465,0.7547086533339815,0.43681392710986705,2.357250358120728,25,reverses trend
teachers,teacher,-0.09934653971888582,1.7261639885953879,1.9473093596792954,0.3626539012493427,26,continues trend
followed,followed,-0.09949065034356706,4.208682932971655,4.337834920758882,1.4506156049973709,38,continues trend
reported,reported,-0.0997064226691514,8.994218245763257,7.810165823470745,8.703693629984224,43,reverses trend
vaccination,vaccination,-0.09970959822956613,0.5330134417847069,2.184205938892027,0.0,21,continues trend
light,light,-0.10013968995449596,2.5224331144994054,0.5275088663770942,1.087961703748028,21,reverses trend
rights,right,-0.10153350855597384,2.7718096728096655,2.4498825114540907,4.8958276668661265,31,reverses trend
recognition,recognition,-0.10175253392298284,1.2216216023603186,0.6203781232337545,14.143502148724364,21,reverses trend
period,period,-0.1019817061534564,5.994643525297453,5.354215000557419,2.357250358120728,41,continues trend
international,international,-0.10324305260891366,5.205278332873412,2.159848548314328,0.0,31,continues trend
etiology,etiology,-0.1037166399480779,1.4016058367669308,0.28048803803232303,0.543980851874014,18,reverses trend
mortality,mortality,-0.10426085577411859,2.9946169155776037,1.1769134495200235,1.6319425556220422,28,reverses trend
earlier,earlier,-0.10444561607863623,4.386778686625418,3.156537439181295,3.2638851112440843,39,reverses trend
noted,noted,-0.10461739194559075,4.884636403425018,2.260031903502809,0.18132695062467136,31,continues trend
aligned,aligned,-0.10472733502041418,3.522966473152012,2.126429969046631,0.543980851874014,21,continues trend
correspond,correspond,-0.10505876756782297,1.1093435503522606,0.6250178022681515,0.3626539012493427,18,continues trend
onset,onset,-0.10532519917671378,3.14471201702304,1.2041959121973393,2.538577308745399,22,reverses trend
efficient,efficient,-0.10576313411967532,1.3765979775584392,0.6424130157593343,0.18132695062467136,25,continues trend
efficacy,efficacy,-0.10605877222552039,3.71495742606866,2.5171411286154997,1.2692886543726996,31,continues trend
range,range,-0.10690025244684696,7.563040655692733,5.60589576444165,4.8958276668661265,44,continues trend
grow,grow,-0.10790977528207235,0.7889141579071745,0.5182961719616229,0.18132695062467136,23,continues trend
principles,principle,-0.1079270678814841,0.9819950248103403,0.38511017004326137,2.538577308745399,20,reverses trend
publications,publication,-0.10792865268699967,32.73595299579382,1.396207529673892,0.7253078024986854,26,continues trend
exposure,exposure,-0.10812079813230548,8.229072930123339,4.0437954875314075,10.879617037480282,36,reverses trend
little,little,-0.10825553873201205,4.112272736847084,1.8963367351668698,0.9066347531233567,30,continues trend
database,database,-0.10874761176171813,3.293270561105146,2.2875554555481483,0.0,34,continues trend
recognizing,recognizing,-0.11017748807881274,0.6621406726642509,0.2663805764274047,1.8132695062467135,17,reverses trend
linked,linked,-0.11134159149181416,4.600354537997707,1.9976689143554025,3.626539012493427,34,reverses trend
cortical,cortical,-0.11214650063689759,0.9877091766242588,0.05297144234814429,0.0,11,continues trend
reliable,reliable,-0.11237088903885073,1.0013418453161524,0.49121618828920116,1.8132695062467135,23,reverses trend
authors,author,-0.11246898606915115,9.796178441808323,1.2259948551674538,0.0,21,continues trend
sharing,sharing,-0.11283910877524281,2.967881791091394,1.242023052061189,0.0,27,continues trend
classification,classification,-0.11333084727232258,1.0880466605362922,0.7462932793526673,5.621135469364812,24,reverses trend
candidate,candidate,-0.11342440755114074,1.5179679527442016,0.8765393389315465,6.346443271863497,28,reverses trend
monitor,monitor,-0.11363958901361512,2.6888301605183345,2.509884529451197,1.4506156049973709,41,continues trend
tion,tion,-0.11401646063319562,1.095238978923963,0.1757112078755372,0.0,12,continues trend
implicated,implicated,-0.11411767101471551,2.0491792912023725,0.4959399095782363,0.3626539012493427,21,continues trend
induced,induced,-0.1149202095337643,1.0186822618772262,0.19920243006751714,0.18132695062467136,13,continues trend
subsequent,subsequent,-0.1149440631968225,2.3532323456805972,1.5740805712505297,1.4506156049973709,37,continues trend
currently,currently,-0.11661185376549695,7.148595440912664,4.62454819779788,1.2692886543726996,41,continues trend
matched,matched,-0.11692099020494111,0.9118487915505347,0.2984480797043402,1.087961703748028,20,reverses trend
analysis,analysis,-0.11700262343163238,26.19732233175887,21.423232316852673,8.34103972873488,44,continues trend
ari,ari,-0.11702845541848055,1.5460381706282935,2.119430959115819,0.0,15,continues trend
completing,completing,-0.1179100521550201,0.9843187531957572,0.5230292814579811,0.7253078024986854,19,reverses trend
initiated,initiated,-0.1182019511146398,1.5350731333594945,0.9557074834497349,2.175923407496056,23,reverses trend
good,good,-0.11820400055553121,0.8914983944881143,0.4703307068635899,0.0,19,continues trend
large,large,-0.11849428810835544,7.371932821044386,5.276062148880014,2.9012312099947417,41,continues trend
classified,classified,-0.11870531608063371,2.5100036068122114,0.6579841618616693,2.7199042593700704,21,reverses trend
entirely,entirely,-0.11892137978673457,1.282025925315615,0.1596534181113448,0.18132695062467136,13,reverses trend
represent,represent,-0.11904950905600067,5.169375723110415,3.4798271048883183,2.175923407496056,44,continues trend
features,feature,-0.11932622819892086,4.223719342161556,2.860244054241702,7.071751074362182,40,reverses trend
suspected,suspected,-0.11973922953971881,2.052048322842039,0.3513035771387958,2.357250358120728,24,reverses trend
influence,influence,-0.11979891474215423,3.9183939166744515,2.5982907440788723,1.9945964568713848,38,continues trend
forms,form,-0.12057313643969558,3.2105801847863766,1.8216837002704078,1.2692886543726996,31,continues trend
single,single,-0.12146594696691872,3.5671142467274213,1.909075734994857,9.791655333732253,37,reverses trend
greater,greater,-0.12241696605092914,7.283716657481108,5.893192443456554,1.8132695062467135,44,continues trend
schizophrenia,schizophrenia,-0.12284393600947358,1.9920999539013773,2.5716914896504606,0.0,22,continues trend
protective,protective,-0.12359566479223501,1.7431153247773243,1.6076194270944697,0.3626539012493427,30,continues trend
response,response,-0.12362091526034381,5.03171717987419,4.157757511526465,14.687483000598379,40,reverses trend
average,average,-0.12507032001315174,7.994402308810391,4.872521583474432,0.3626539012493427,39,continues trend
iaccpublicinquiries,iaccpublicinquiry,-0.12526524450954052,1.1040241409942384,0.4533384592770621,0.0,18,continues trend
pervasive,pervasive,-0.12536281613904576,1.6914597372593374,0.629552605712062,0.0,16,continues trend
strongly,strongly,-0.1254434197712011,0.8638949709044924,0.5864933713863376,0.0,21,continues trend
investigation,investigation,-0.12633549119820794,1.9184262081001318,0.7835493297317904,4.8958276668661265,29,reverses trend
causal,causal,-0.1264207914778158,1.1386231430735756,0.14587427182103402,2.7199042593700704,14,reverses trend
occurrence,occurrence,-0.12792855029101555,0.9956071162675727,0.12686358781662352,1.087961703748028,15,reverses trend
emerged,emerged,-0.12803022230503178,1.856260008381463,0.271332642355725,0.0,14,continues trend
fragile,fragile,-0.12858558332188536,2.8904741774992884,0.8021461275162989,0.18132695062467136,24,continues trend
conducted,conducted,-0.1295323953835998,6.209124925783477,4.718690835210048,0.9066347531233567,39,continues trend
regression,regression,-0.1296312446254007,2.133747560934413,3.6737212592362103,30.825581606194127,19,reverses trend
lost,lost,-0.12980059621496937,1.1486683887983218,0.6855304014731552,0.9066347531233567,14,reverses trend
literature,literature,-0.13025650900259497,1.9382991187906113,0.9880898611668633,2.7199042593700704,30,reverses trend
used,used,-0.13179302278190644,19.338584426101278,18.062708199667806,9.247674481858239,45,continues trend
developed,developed,-0.13202676383321663,8.686903296011264,5.424643580866498,3.082558160619413,37,continues trend
valuable,valuable,-0.13214557261160145,1.8027606828147487,0.955594217073706,0.543980851874014,29,continues trend
repository,repository,-0.13267422566418857,2.7138779642377173,0.9423612921459185,0.0,23,continues trend
sound,sound,-0.13324510067865583,1.0777404122400727,0.26073874568591976,0.3626539012493427,11,reverses trend
prenatal,prenatal,-0.13345233169054188,2.4984605074979376,3.0025370434090703,1.8132695062467135,33,continues trend
lose,lose,-0.13381233299624243,1.0538314881614703,0.32241511444702897,0.3626539012493427,13,reverses trend
insufficient,insufficient,-0.13459162388402574,0.9975000963128889,0.49257757921025835,1.2692886543726996,19,reverses trend
atypical,atypical,-0.1352280065133548,1.8743895444248984,1.2103969559007943,0.7253078024986854,21,continues trend
twins,twin,-0.135256054221541,3.4143561943530862,0.08659598401618783,0.543980851874014,13,reverses trend
potentially,potentially,-0.13566872438878488,2.703324386262013,1.798966936715423,0.18132695062467136,35,continues trend
went,went,-0.1359448260549045,1.5582279289622427,1.8917457684778707,0.18132695062467136,21,continues trend
registry,registry,-0.13607570783056191,1.2526030362610998,0.6922269392092371,5.077154617490798,27,reverses trend
reflected,reflected,-0.13631182192110405,2.3493427222061456,0.8704612204764545,0.3626539012493427,30,continues trend
effectiveness,effectiveness,-0.1365725587458623,8.816362517978622,5.826544756284237,1.4506156049973709,39,continues trend
high-functioning,high-functioning,-0.13658221846684893,1.2050297663790064,0.06983153580339208,0.0,12,continues trend
clear,clear,-0.13684085048184164,1.461027086819748,0.8143574437203733,3.082558160619413,21,reverses trend
multidisciplinary,multidisciplinary,-0.13690646753805075,1.169035505767993,0.3089627513720463,0.0,19,continues trend
dissemination,dissemination,-0.13772472826875617,3.0225120770931526,1.9802355987769487,1.6319425556220422,30,continues trend
diagnosing,diagnosing,-0.1384496966407341,1.2232874820927322,0.7216999088334202,0.0,19,continues trend
subsequently,subsequently,-0.1390629910606458,0.940145768342263,0.8925149422397524,0.3626539012493427,21,continues trend
investigating,investigating,-0.13913763461640827,2.086916446840732,1.5012464345230883,0.0,30,continues trend
neuronal,neuronal,-0.13963489059179868,1.2922021523064544,0.5467644545653918,0.3626539012493427,16,continues trend
estimates,estimate,-0.14062114792792013,5.520996886176654,4.6508768567044845,7.253078024986854,41,reverses trend
web,web,-0.1408196659826608,2.8970295929554464,0.7989099238046783,0.3626539012493427,30,continues trend
cellular,cellular,-0.14129401708537015,2.18600587843304,1.2491569062097827,2.9012312099947417,25,reverses trend
functioning,functioning,-0.14129644634908942,5.903046169811467,3.8060653007959293,2.9012312099947417,37,continues trend
create,create,-0.14153817604216282,3.400072814467703,2.4807616259269296,7.797058876860867,34,reverses trend
typical,typical,-0.14202925481761877,1.7725252724208014,1.0428966535251882,0.18132695062467136,24,continues trend
emerging,emerging,-0.1427708223675137,3.380558553735236,1.3438089969004807,5.802462419989483,30,reverses trend
specialized,specialized,-0.1427861286884559,1.990764496484464,0.8631223576616038,0.7253078024986854,29,continues trend
breakdown,breakdown,-0.14299792899814046,2.036306255507812,0.5735910417546073,0.543980851874014,14,continues trend
left,left,-0.1430578631241964,2.387519535849554,0.28169418175903155,0.3626539012493427,22,reverses trend
enabled,enabled,-0.1433997492870216,0.7838783984883636,0.3260411214641925,0.0,21,continues trend
circuits,circuit,-0.1435400990171082,0.932742427820706,0.42289917171739105,1.6319425556220422,20,reverses trend
dose,dose,-0.14359445660890655,0.5535022496217648,0.43788446889502575,1.6319425556220422,17,reverses trend
genomics,genomic,-0.14437013438492935,2.6976293320605294,0.6924724010420956,1.8132695062467135,25,reverses trend
rise,rise,-0.14450240705921993,1.2085517632554368,0.3289724245159827,2.538577308745399,18,reverses trend
potential,potential,-0.14486667935045228,12.16488874631584,9.347870645738958,1.9945964568713848,44,continues trend
defining,defining,-0.14500971753216044,0.9442661243146726,0.2724477648486294,1.087961703748028,14,reverses trend
phenotypes,phenotype,-0.14525926520612875,4.70767872676307,1.8718734324520196,7.615731926236196,28,reverses trend
teaching,teaching,-0.14555758459749818,1.3785728960329782,0.35799015138669027,0.7253078024986854,15,reverses trend
main,main,-0.1455614266813383,1.3569967532209286,0.5719831355745318,0.18132695062467136,27,continues trend
subgroups,subgroup,-0.1459146129891562,3.2762151498226415,2.8187878462672953,29.193639050572088,31,reverses trend
development,development,-0.1465173935636525,38.273820433881035,35.748910211425404,15.412790803097064,45,continues trend
requested,requested,-0.1472425006672443,0.6615474049295932,0.28576340209980355,0.18132695062467136,22,continues trend
calls,call,-0.14737837930625916,1.6310162978322262,0.28498257128899046,0.543980851874014,19,reverses trend
rna,rna,-0.14772421802589095,0.7683332507840284,0.23743972903540925,0.0,17,continues trend
component,component,-0.14774963521162116,2.3350248647561456,1.441459927298649,6.165116321238826,30,reverses trend
infants,infant,-0.14826581178204784,7.873870839110959,8.948405654433934,0.0,40,continues trend
direct,direct,-0.14837601643658307,4.3571246798853425,2.341436801204304,4.533173765616784,38,reverses trend
genetic,genetic,-0.15010271394577743,32.41703459593531,20.74983831007372,17.951368111842463,42,continues trend
begin,begin,-0.150384312044798,1.5038530003793737,1.075080147860912,5.258481568115469,34,reverses trend
like,like,-0.15043417336956896,2.1118122507110892,0.7326924246464935,0.18132695062467136,22,continues trend
issues,issue,-0.1508752790865011,15.939360351742737,14.55769281321678,0.543980851874014,45,continues trend
met,met,-0.1514032424607898,7.104865035221373,2.2135161660232,1.8132695062467135,35,continues trend
objectives,objective,-0.15157957269399597,55.72097825981305,23.211369588624386,14.86880995122305,31,continues trend
just,just,-0.15462852564833415,1.3122565105629838,0.6491156333958957,0.7253078024986854,23,reverses trend
basic,basic,-0.1546299356119866,3.2109296022665084,2.159304622820387,2.9012312099947417,31,reverses trend
co-founder,co-founder,-0.15582939582095365,1.961693054154044,0.8068783507250943,0.0,19,continues trend
note,note,-0.15647010965704555,6.086781978252599,3.1304101828613202,1.2692886543726996,39,continues trend
looked,looked,-0.15732436437967592,1.173542380250984,0.21701654782529006,0.0,13,continues trend
arra,arra,-0.15769999532004653,5.868284483188019,1.0157536695266305,0.0,18,continues trend
clusters,cluster,-0.15829963953983855,0.5369627517314008,0.6609032784292459,0.18132695062467136,12,continues trend
window,window,-0.1585357459481471,1.0146910020993507,0.16573999180604512,2.7199042593700704,16,reverses trend
institutional,institutional,-0.15899862403850665,1.6236192305975048,0.6502458834436768,1.6319425556220422,16,reverses trend
novo,novo,-0.15938435578047294,4.027401061716878,0.8435521898945322,0.18132695062467136,16,continues trend
fulfilled,fulfilled,-0.15967556751801926,1.2242918378094185,0.13879466159299533,0.0,13,continues trend
seen,seen,-0.16016162025823685,2.9252704157174025,0.8676966425798631,0.18132695062467136,34,continues trend
contributors,contributor,-0.16041852567188625,1.1389350774545748,0.308416628168077,10.698290086855609,24,reverses trend
tuberous,tuberous,-0.16064752601700788,2.577144866415636,1.2821898577195465,0.0,22,continues trend
testing,testing,-0.16071606978316508,4.155852922777455,2.359598360579757,7.978385827485539,33,reverses trend
repetitive,repetitive,-0.161021102797897,3.077082607361236,2.403458893438639,0.3626539012493427,36,continues trend
underlying,underlying,-0.16103134225794802,6.97616817565653,5.771266343541835,3.807865963118098,39,continues trend
types,type,-0.16109674955199493,8.964293717699691,5.2347171608067775,4.351846814992112,41,continues trend
past,past,-0.1625560630860178,5.617403023031751,1.581951051979701,0.3626539012493427,34,continues trend
easily,easily,-0.16312363956011944,0.9557435728182592,0.4628172557167093,0.0,20,continues trend
analyses,analys,-0.16559625694427021,4.444581677394638,3.1721121007194473,4.351846814992112,37,reverses trend
showed,showed,-0.16569173208930488,12.1768500437412,6.185717663383099,0.0,39,continues trend
separate,separate,-0.16575016293213451,1.796124415104234,1.2936445853083,5.258481568115469,32,reverses trend
disseminating,disseminating,-0.16639603043983617,1.626100374892248,0.9178410205233651,0.0,23,continues trend
neurology,neurology,-0.16703750817467425,1.329971461236397,0.775093295956417,4.8958276668661265,12,reverses trend
replicated,replicated,-0.16730932931917664,1.044373763304182,0.34095330862070566,0.18132695062467136,23,continues trend
developer,developer,-0.16746127757182347,1.457267998780755,0.13693818950355807,0.18132695062467136,14,reverses trend
information,information,-0.16751447835555947,21.7558850522003,17.76725792255365,6.527770222488169,45,continues trend
review,review,-0.16808892454986962,7.747990103641971,4.73622884147245,25.385773087453988,38,reverses trend
mail,mail,-0.16841675128710684,1.1738493117459743,0.47662568390563087,0.0,21,continues trend
oral,oral,-0.16904984683180646,0.9345408660400273,0.20315239287565082,0.543980851874014,15,reverses trend
conduct,conduct,-0.1691407808624154,8.497282126768628,3.883935619625674,3.626539012493427,34,continues trend
cost,cost,-0.17009867416626556,9.48809985661307,4.895425459638166,8.15971277811021,37,reverses trend
model,model,-0.17035931820292094,20.290541999004855,10.544500724784642,11.423597889354294,43,reverses trend
mmwr,mmwr,-0.17038655863440716,1.4889932493072504,0.2954749029648944,0.0,10,continues trend
interact,interact,-0.170581676721327,1.7571759894946537,1.003969442869569,1.2692886543726996,33,reverses trend
responded,responded,-0.17089534389748226,1.4710945767251307,0.22735772401378082,0.0,13,continues trend
autoimmune,autoimmune,-0.17159348126167223,2.1406983317722488,0.31205506003413563,3.9891929137427695,17,reverses trend
instruments,instrument,-0.17187031529852462,2.6276961407922235,1.6378704541222129,2.175923407496056,29,reverses trend
sequence,sequence,-0.1722397112006182,1.3496062239924975,0.349517582701799,3.626539012493427,18,reverses trend
rare,rare,-0.17400150982560653,3.219831995921468,0.9291282506750412,0.7253078024986854,24,continues trend
charge,charge,-0.17458059347392565,1.1681958167099238,0.1686828501379914,0.0,23,continues trend
diet,diet,-0.17476925163193033,1.4229860347572205,0.6495901095496991,3.4452120618687556,27,reverses trend
urgent,urgent,-0.17492396644010835,1.4999820608830157,0.32880047586473815,1.4506156049973709,18,reverses trend
characterized,characterized,-0.17520043361197196,1.1566900448211745,0.826474913474226,3.807865963118098,25,reverses trend
nih,nih,-0.17523982087333653,18.717035246030573,12.613893275171257,41.1612177918004,44,reverses trend
convene,convene,-0.17568535495923476,0.7898906881373204,0.32849946592157503,1.9945964568713848,17,reverses trend
long,long,-0.1764517626406888,2.567837993867421,1.8476864218548996,0.3626539012493427,31,continues trend
current,current,-0.1783666653618763,8.903878191913204,5.565166395105736,9.610328383107582,42,reverses trend
cues,cues,-0.1785939588596964,0.69457626190642,0.19732021117062667,0.0,11,continues trend
known,known,-0.1794232616764968,7.016309820978203,3.46056577381559,1.2692886543726996,42,continues trend
characterize,characterize,-0.17963886419027278,1.8047553888905425,0.5986150519707685,0.9066347531233567,23,reverses trend
considerable,considerable,-0.18064864620350038,1.4007647164561907,0.2070750737888712,0.0,17,continues trend
remaining,remaining,-0.18111691207907452,4.74733650811912,0.7104930591988079,1.2692886543726996,26,reverses trend
neurodevelopment,neurodevelopment,-0.18203632257655153,0.79167706563198,0.39939583193220707,1.087961703748028,21,reverses trend
signals,signal,-0.1829012309297571,1.4420301266763558,0.18658873915411342,5.621135469364812,15,reverses trend
contents,content,-0.18322927766522565,2.330840818164746,1.527436206172215,2.357250358120728,44,reverses trend
rapid,rapid,-0.1836572175176362,2.264481634145306,0.6942957971173179,0.7253078024986854,26,reverses trend
understanding,understanding,-0.18389562061826933,11.848870690351033,10.135937184985853,1.2692886543726996,43,continues trend
released,released,-0.18400050203636076,2.385457791302432,1.3217029267264238,0.18132695062467136,26,continues trend
complementary,complementary,-0.18404859123767028,1.8702460643264676,0.8863386716487859,0.9066347531233567,25,reverses trend
landscape,landscape,-0.1844633486263749,2.6714508184820205,1.1140494673606447,0.0,25,continues trend
recent,recent,-0.18462195879665386,9.7903093354289,6.7331852287224,1.2692886543726996,43,continues trend
profoundly,profoundly,-0.1846914603745203,0.7887150102475042,0.3366410324466066,0.3626539012493427,22,reverses trend
collaborative,collaborative,-0.18484354289935412,3.363029969409015,1.3785565736293761,0.0,25,continues trend
capabilities,capability,-0.1851903285593703,0.5587084443728468,0.24032755286509325,0.9066347531233567,21,reverses trend
confirmed,confirmed,-0.1852588688549336,1.6044847091602668,0.31544130467697556,2.175923407496056,22,reverses trend
imitation,imitation,-0.1853259597539209,1.2875056771194562,0.15780534559740583,1.4506156049973709,14,reverses trend
billion,billion,-0.1858013760448754,1.4102967150413295,0.5709701013084276,1.6319425556220422,17,reverses trend
assessing,assessing,-0.1858039742244183,2.185124905483584,1.4855785878471752,0.3626539012493427,31,continues trend
problems,problem,-0.1862142159023546,4.561537146532549,3.569731646295069,9.247674481858239,38,reverses trend
dysfunction,dysfunction,-0.18736677778469202,1.3017976548198709,0.351990306307897,5.802462419989483,23,reverses trend
introduced,introduced,-0.187544592644411,0.7231701495812762,0.33077131546885996,0.543980851874014,15,reverses trend
degree,degree,-0.1887239192935325,1.9690961066618204,1.3814456043317584,0.18132695062467136,30,continues trend
central,central,-0.18874917497632251,1.4481125224977083,0.45585070680518747,4.714500716241456,25,reverses trend
experimental,experimental,-0.18879983716095639,1.011991641742405,0.2879980682080572,0.18132695062467136,20,continues trend
hand,hand,-0.19018107768578227,0.8866101736463367,0.2515961890736335,0.3626539012493427,15,reverses trend
biomarkers,biomarker,-0.19154837377560383,5.663155536640115,3.3678632169290577,26.836388692451358,32,reverses trend
identical,identical,-0.19252410938349945,1.3396622868312933,0.029563932002956393,0.18132695062467136,10,reverses trend
original,original,-0.19256425304025448,0.7492610281070635,0.32672466275613293,0.18132695062467136,22,continues trend
fmri,fmri,-0.19257148200627708,1.2951609652906875,0.1747857247692727,0.0,20,continues trend
held,held,-0.1928616085328402,1.2372044062554963,0.5237365918145829,0.543980851874014,20,reverses trend
comparative,comparative,-0.19354910866022743,3.0596355259162897,0.6590805084377478,2.357250358120728,23,reverses trend
growth,growth,-0.1937026193394216,11.151719495896492,2.9954008335288234,4.714500716241456,36,reverses trend
possible,possible,-0.1939216388504057,6.472366646819498,3.697034820148305,3.626539012493427,40,continues trend
occur,occur,-0.19396810664463798,3.4364994337623704,2.3100209445973,2.357250358120728,37,reverses trend
point,point,-0.1941998487075348,4.451138831471915,1.586304067366105,4.351846814992112,37,reverses trend
comprehensive,comprehensive,-0.19458235993677847,7.445002719185049,4.8589744610227585,1.087961703748028,40,continues trend
replication,replication,-0.19553274881453594,0.9929184218194032,0.17071315497053494,1.6319425556220422,15,reverses trend
cost-effectiveness,cost-effectiveness,-0.19554917344001774,1.3650782413134739,0.24624357410700817,0.0,19,continues trend
biospecimens,biospecimen,-0.19613707024104,1.4419703323300386,0.24616563880327602,2.357250358120728,19,reverses trend
newly,newly,-0.19711344898186547,2.3225563785629024,1.0973661727436448,0.3626539012493427,25,continues trend
ethical,ethical,-0.19779904866484482,1.312636246639653,0.1606127560042166,0.18132695062467136,14,reverses trend
exposed,exposed,-0.1982435488224233,2.3468828745680206,0.46711589865680525,0.18132695062467136,13,continues trend
versions,version,-0.19852540099519278,1.1528810990661467,0.13978335732340327,0.18132695062467136,19,reverses trend
define,define,-0.1994637408511916,1.6593336031432553,0.6329716104204361,7.253078024986854,25,reverses trend
devoted,devoted,-0.20008241540573035,2.4199787981127314,0.7399027059852477,0.0,22,continues trend
individually,individually,-0.20069327044896224,1.1896160979083361,0.3514046209757343,0.18132695062467136,19,continues trend
sclerosis,sclerosis,-0.20099600721484961,2.6221824052042164,1.2821898577195465,0.0,23,continues trend
short-term,short-term,-0.2017521059214848,2.611877432279992,0.46996917202412825,0.9066347531233567,17,reverses trend
concludes,conclude,-0.2019036567991723,1.1760204613049319,0.1474594178822461,0.543980851874014,17,reverses trend
web-based,web-based,-0.20253736146487353,1.9257519774431633,0.4361169958011823,0.0,21,continues trend
duplication,duplication,-0.20330550241778167,3.9911311867156742,0.38541793795017937,3.2638851112440843,17,reverses trend
help,help,-0.20455650529977265,18.457619844703842,15.295956746596438,4.533173765616784,45,continues trend
manual,manual,-0.20516665494587996,1.984050957392393,0.553464313014864,0.3626539012493427,25,continues trend
history,history,-0.20543614556224077,3.3164687193151696,2.0602319913845704,7.253078024986854,36,reverses trend
research,research,-0.20832013370586916,218.1385273483806,152.7033688064718,51.13420007615732,45,continues trend
niehs,nieh,-0.20832803164265248,1.3241954237203846,0.6279245492076466,0.7253078024986854,18,reverses trend
introduction,introduction,-0.20891439082262125,3.2091618296059803,2.26060725155249,0.0,45,continues trend
factors,factor,-0.20944261937084532,38.06183187024317,28.708476437395692,8.34103972873488,45,continues trend
performing,performing,-0.2109447209167873,0.8531555114469442,0.4622695056536134,0.0,19,continues trend
did,did,-0.2120177335434377,11.404897710888509,9.415616614334654,2.357250358120728,45,continues trend
similar,similar,-0.2130081620713578,9.274106006193508,5.64863650303863,0.3626539012493427,44,continues trend
large-scale,large-scale,-0.2133242814295865,3.3908294131042727,1.5577796694203252,0.3626539012493427,31,continues trend
blood,blood,-0.21487243772170408,4.874113087593853,1.100531599145983,0.543980851874014,35,continues trend
human,human,-0.2157153333810062,14.39429341369344,8.869761901832211,3.9891929137427695,45,continues trend
shown,shown,-0.2162720581488874,7.732377055649781,3.807274732219903,0.3626539012493427,42,continues trend
lifetime,lifetime,-0.21784449535867798,1.2943628291132534,0.31866930511942526,0.543980851874014,15,reverses trend
subjects,subject,-0.21863555758361716,5.214371115804673,1.1319527362154724,2.538577308745399,28,reverses trend
assess,assess,-0.2189629680239334,6.101350638302097,3.814586016454138,2.357250358120728,40,continues trend
population-based,population-based,-0.22086711554343716,2.072297190172793,0.917130288289115,0.7253078024986854,27,continues trend
relate,relate,-0.22271583155949817,3.262386271675563,0.525955308870394,0.18132695062467136,21,continues trend
donation,donation,-0.22395193763940402,0.8569599586749749,0.2559045433214344,0.0,19,continues trend
abnormal,abnormal,-0.22397767850673583,2.7488406333100595,0.33709737909564114,2.7199042593700704,20,reverses trend
convened,convened,-0.2250542441413207,1.3121689666343626,0.6335194935759588,0.3626539012493427,19,continues trend
thought,thought,-0.22536806386323213,1.5079772069117898,0.4099867334806998,0.18132695062467136,21,continues trend
widely,widely,-0.22553792880203175,1.7603366633945317,0.8813325963539838,1.4506156049973709,26,reverses trend
coordinating,coordinating,-0.22555359009167958,13.850139508406613,8.593912002416262,2.7199042593700704,44,continues trend
passed,passed,-0.22604455968248538,0.8716078303941013,0.23524188473040933,0.0,14,continues trend
studies,study,-0.22621387577695967,111.32434387311208,82.88373524340925,34.270793668062886,45,continues trend
update,update,-0.22628735793853105,5.598486024631089,3.8327459937730533,3.626539012493427,43,continues trend
biobanks,biobank,-0.22666134887744477,2.197537091470169,0.8045537776591121,0.0,20,continues trend
activation,activation,-0.22845870592330936,1.5027055512420309,0.11203379919391929,7.615731926236196,14,reverses trend
involved,involved,-0.22914932573332497,7.703162108328075,5.074705634513453,1.8132695062467135,42,continues trend
toddlers,toddler,-0.22947677263419825,7.828140771848151,3.4190266148491477,0.3626539012493427,38,continues trend
treated,treated,-0.2295616919771411,1.3343703396239472,0.10804737829483078,7.797058876860867,17,reverses trend
samples,sample,-0.22967762389063523,10.464398984197846,5.1143980548049575,1.2692886543726996,42,continues trend
spontaneous,spontaneous,-0.23071190908141176,1.1882374342153688,0.061308592637389726,0.0,14,continues trend
brain,brain,-0.23097554072628584,41.06038154224172,20.53330712135688,1.6319425556220422,43,continues trend
matter,matter,-0.23131050463295783,4.670932129531838,0.547162985164607,5.983789370614154,23,reverses trend
mouse,mouse,-0.23317456870544018,2.5800723221644213,0.8763640048981267,0.18132695062467136,19,continues trend
societal,societal,-0.23529601451369575,1.1099020718689583,0.4164879695590241,0.18132695062467136,21,continues trend
animal,animal,-0.2354931798450438,4.136130399712843,1.3926305277578943,1.2692886543726996,26,continues trend
iacc,iacc,-0.235655961076465,65.60661154508055,44.12080820542046,6.7090971731128395,44,continues trend
target,target,-0.2359595410741381,5.989522963978482,2.6646933784508593,7.071751074362182,38,reverses trend
related,related,-0.23671241817291314,27.38164723221612,17.749546892262703,5.802462419989483,45,continues trend
journal,journal,-0.23681096223946468,6.99540176214923,0.5649657702015716,0.0,18,continues trend
basis,basis,-0.2369412152817338,3.081831614286205,0.8917403239187734,2.175923407496056,33,reverses trend
explain,explain,-0.23696084057043584,1.7815174986646978,0.28353871045760737,1.4506156049973709,20,reverses trend
coordinate,coordinate,-0.2372243776991175,2.705748497527345,1.6937217090526153,5.621135469364812,31,reverses trend
valid,valid,-0.239531202866493,1.205379249282321,0.4643814791924013,1.6319425556220422,19,reverses trend
produced,produced,-0.2398044319541598,2.039518868059434,0.5678873387892914,2.175923407496056,27,reverses trend
example,example,-0.24008778332783742,8.464939750807357,5.434207303793053,1.4506156049973709,43,continues trend
specificity,specificity,-0.2403923450408533,0.7784940742999265,0.061308592637389726,0.7253078024986854,15,reverses trend
birth,birth,-0.24047604657900967,5.245300440477171,3.3403362226813424,2.175923407496056,44,continues trend
causes,caus,-0.24270384774222337,6.470584514140849,3.6193630730085857,1.4506156049973709,39,continues trend
hypotheses,hypothes,-0.24278264028553165,1.4266749683119881,0.28215459041184443,0.543980851874014,14,reverses trend
changing,changing,-0.2441976337246069,1.0137303401238786,0.25752841940375965,0.0,19,continues trend
subpopulations,subpopulation,-0.2443379025516724,2.1069526143113304,0.22230711360912814,0.18132695062467136,17,continues trend
baseline,baseline,-0.2443996317098443,1.6398218269309275,0.13914806487238446,12.874213494351665,16,reverses trend
role,role,-0.24674876058917056,8.150466939143175,5.023268936018266,5.258481568115469,44,reverses trend
field,field,-0.24705402676598012,10.40741685876512,4.785363536190892,2.357250358120728,43,continues trend
toxins,toxin,-0.24801301133559428,0.8029419845005933,0.40470451483898323,0.0,17,continues trend
high-risk,high-risk,-0.24971698973966547,1.3117781626307272,0.6227416217407981,0.18132695062467136,23,continues trend
trials,trial,-0.25080955018304557,13.19737940269801,8.095166665842338,33.001505013690185,42,reverses trend
accurately,accurately,-0.25084688706895514,1.7027118654088276,0.7928490252878668,0.543980851874014,29,continues trend
picture,picture,-0.2510730306255874,3.2219108360589215,0.9864732204792084,0.18132695062467136,33,continues trend
snapshot,snapshot,-0.2517149813765804,1.0229237871010124,0.15568773307098044,0.0,14,continues trend
pharmacologic,pharmacologic,-0.2520963045754503,1.509244028267138,0.6282778822989049,2.538577308745399,18,reverses trend
postmortem,postmortem,-0.25248283203498256,0.9125489954671229,0.07604273601764192,0.3626539012493427,11,reverses trend
published,published,-0.25256912377932794,8.061404191374113,3.0324972967684576,1.9945964568713848,36,continues trend
significantly,significantly,-0.25345104096959686,6.696666697528536,5.569071875595191,0.543980851874014,42,continues trend
neurological,neurological,-0.2553175421866488,3.822305471960096,2.184003227212037,0.9066347531233567,41,continues trend
ndar,ndar,-0.2556740015337577,2.292703289992899,0.6612155740950629,0.0,20,continues trend
soon,soon,-0.256722812088153,1.286047092753886,0.1918454482470106,0.0,15,continues trend
biological,biological,-0.25701705353144116,12.573480524979985,4.821207055786593,11.242270938729623,42,reverses trend
hypothesized,hypothesized,-0.25820882807223766,1.2731542676289167,0.6223986864649927,0.18132695062467136,16,continues trend
tracking,tracking,-0.25827838655120267,2.5429283043520305,1.3113773439794307,5.439808518740141,29,reverses trend
establishing,establishing,-0.2604842928081913,1.1194455530404803,0.25089396794705243,1.8132695062467135,26,reverses trend
pecs,pecs,-0.26060036487242866,1.732610396816479,0.20435399757515954,0.18132695062467136,16,continues trend
heightened,heightened,-0.2617824965739579,1.1087185719841295,0.2512560528323024,0.543980851874014,21,reverses trend
neurons,neuron,-0.2631356827916553,5.9557702423693755,3.3927701514165443,0.18132695062467136,22,continues trend
synapses,synaps,-0.2634997482059176,1.393242491486048,0.04857461600736688,0.0,13,continues trend
request,request,-0.26721266937519256,1.3965547040068196,0.6611494431187487,1.4506156049973709,26,reverses trend
ceo,ceo,-0.2684551372955297,1.1984906280542773,0.4681767114995497,0.0,22,continues trend
supported,supported,-0.26940706536461645,9.809316148558736,5.284774725719378,13.59952129685035,36,reverses trend
identify,identify,-0.27091521667042195,19.145367324351312,11.874681497745604,17.226060309343776,45,reverses trend
cases,cas,-0.27093957753536735,6.832221273719275,2.6561740605742963,1.8132695062467135,37,continues trend
signaling,signaling,-0.2723562768111376,1.78575664547999,0.25392973255913,5.077154617490798,20,reverses trend
targeting,targeting,-0.27290492871398986,1.8928178048014823,0.5627500710837453,0.0,29,continues trend
changes,change,-0.27309415943184623,15.993735893029948,10.010831993407042,24.29781138370596,44,reverses trend
reveal,reveal,-0.27456716250410784,2.4827642585281744,0.8409363086742235,0.7253078024986854,28,continues trend
recommended,recommended,-0.2751109346675101,30.259834321563524,2.044681261434593,3.082558160619413,37,reverses trend
mecp,mecp,-0.27587911456782155,4.333527377849016,0.04657444925713753,0.18132695062467136,12,reverses trend
mri,mri,-0.2771433644994293,2.4187160333592117,0.33022889126407456,0.0,20,continues trend
workshop,workshop,-0.278403744685613,6.116207626441311,3.974677115808638,0.7253078024986854,26,continues trend
typically,typically,-0.2796851526945489,9.512502022291267,3.352521817666225,0.18132695062467136,38,continues trend
caa,caa,-0.2801761540422549,5.353666739372211,1.8617424766869595,0.0,37,continues trend
test,test,-0.2805553876755113,7.945390156268851,4.760334030580292,5.802462419989483,44,reverses trend
emphasis,emphasis,-0.28142285679654666,1.9178296558423662,0.6034426619008593,0.3626539012493427,28,continues trend
annual,annual,-0.283292207408225,5.66562497255676,2.866549785052114,8.703693629984224,39,reverses trend
investigators,investigator,-0.28549758142167053,5.8157364130223845,2.144373284417013,0.543980851874014,40,continues trend
stem,stem,-0.2866122086687545,2.597787420535444,0.7052332176948531,0.0,22,continues trend
nature,nature,-0.28666707334786673,3.687530794578283,0.6993557078007101,0.543980851874014,31,continues trend
understand,understand,-0.2876204445080083,15.268473055662897,12.422242844396642,0.9066347531233567,45,continues trend
prevention,prevention,-0.28781853021359227,9.78504483503478,6.5794856984591,5.077154617490798,45,continues trend
underway,underway,-0.2887044219946881,1.3763673055534416,0.1927173843267879,0.7253078024986854,17,reverses trend
scan,scan,-0.2894012102467215,3.5002053019667425,0.4835643839016251,0.0,20,continues trend
decades,decade,-0.28950006410254747,2.1816545960137694,0.30005989665192956,2.175923407496056,17,reverses trend
budget,budget,-0.2895948199960335,31.972789012988613,2.550391832440277,6.346443271863497,26,reverses trend
necessary,necessary,-0.289862280901882,5.552919983269568,2.103273517153924,3.9891929137427695,32,reverses trend
databases,databas,-0.2906792765818849,3.8441703663373668,0.7584026894011611,0.18132695062467136,27,continues trend
leaving,leaving,-0.29213644523117843,1.2485595270798275,0.6431728103296841,1.087961703748028,18,reverses trend
pre,pre,-0.29223036771366484,1.0813185382245265,0.13879466159299533,0.0,16,continues trend
prospective,prospective,-0.29378848910415295,1.150607121721059,0.14308611003036037,7.978385827485539,21,reverses trend
variation,variation,-0.2947675119221641,7.794387480299339,2.5907010788882627,3.4452120618687556,38,reverses trend
pediatricians,pediatrician,-0.29499848905880166,2.4283850947386973,1.0248355469085522,0.18132695062467136,28,continues trend
greatest,greatest,-0.29601928493159624,2.1592621371889145,0.8736948985140639,0.3626539012493427,31,continues trend
impairment,impairment,-0.29686158257082584,4.1067953890797355,2.1770712519504234,5.802462419989483,37,reverses trend
affect,affect,-0.3007337260488651,6.100303732638122,3.471940749508834,4.8958276668661265,42,reverses trend
recurrence,recurrence,-0.30345818247157436,0.7353857559860708,0.36112037497079047,1.8132695062467135,14,reverses trend
exchange,exchange,-0.30353217145625033,1.8118497235232163,0.5528076029786345,0.0,26,continues trend
replicate,replicate,-0.3048445904684069,0.9021084661726669,0.3275668400600477,0.3626539012493427,17,reverses trend
standardize,standardize,-0.30675751566736714,0.9670526009089526,0.16373318871960402,0.7253078024986854,14,reverses trend
magnetic,magnetic,-0.3097959282246597,2.524300016315844,0.5174349547884088,0.0,28,continues trend
agre,agre,-0.3099875716605308,1.0175328820089597,0.05244388504300399,0.0,13,continues trend
distribution,distribution,-0.3114051814080545,3.6422853038839125,1.5056874616025566,0.543980851874014,31,continues trend
scientists,scientist,-0.31282665257628234,4.674172478273543,1.9959022046455033,0.0,38,continues trend
number,number,-0.31323952909687586,23.783145858503907,17.255583045486024,6.165116321238826,44,continues trend
studying,studying,-0.3138559536811708,2.962306240980365,1.1865215838295213,0.3626539012493427,32,continues trend
genes,gene,-0.3149940133716539,30.56315774125122,12.948459639817798,4.714500716241456,41,continues trend
mutations,mutation,-0.3151252323663106,11.900782528693474,2.547658803923391,0.0,24,continues trend
appeared,appeared,-0.31552891367569424,0.8365388463277048,0.1343439669430859,0.7253078024986854,14,reverses trend
randomized,randomized,-0.31733257992648584,8.07120514098834,5.9254487373750075,0.543980851874014,33,continues trend
risperidone,risperidone,-0.3182111189249381,2.712173939265796,0.12844104361693953,0.18132695062467136,12,reverses trend
signatures,signature,-0.31829473086317256,2.1830053921315464,0.13879466159299533,1.087961703748028,17,reverses trend
deficits,deficit,-0.3217941312025644,5.003936880205929,1.9920878237853663,1.087961703748028,35,continues trend
describing,describing,-0.32428916059709356,1.406934757572197,0.2827973899289893,0.7253078024986854,21,reverses trend
papers,paper,-0.3261370115980537,1.8604886835597658,0.19676355402878026,0.7253078024986854,18,reverses trend
susceptibility,susceptibility,-0.3264340956042638,1.542285196664905,0.47319630532275986,5.621135469364812,23,reverses trend
critical,critical,-0.3264622887767818,12.17597353046348,4.683250436271195,0.3626539012493427,40,continues trend
date,date,-0.3264877201304343,4.066660747796125,0.9295600364625631,3.807865963118098,32,reverses trend
synaptic,synaptic,-0.3279621016788717,1.9077253959418607,0.5291889492548089,2.538577308745399,22,reverses trend
synapse,synapse,-0.329324330489632,1.7826825199652132,0.04229790863297924,0.18132695062467136,12,reverses trend
studied,studied,-0.3294333719796732,3.5882693164727604,1.363824917385726,1.6319425556220422,39,reverses trend
scientific,scientific,-0.3299221992402569,9.416977674923032,3.096203096359695,14.687483000598379,42,reverses trend
imaging,imaging,-0.33076567173762955,4.299124062718784,1.6581590525793446,0.543980851874014,34,continues trend
new,new,-0.3329160425182226,35.513444382975905,20.617477751306193,10.698290086855609,45,continues trend
neural,neural,-0.3330258856069991,5.577866852742116,1.9632595716566958,1.4506156049973709,31,continues trend
disease,disease,-0.33311412822380665,10.234343182789198,6.962759110140196,12.14890569185298,45,reverses trend
gastrointestinal,gastrointestinal,-0.333763335982777,3.024732114882322,0.805226526751887,20.489945420587862,31,reverses trend
pluripotent,pluripotent,-0.33460066897820373,1.582132354426037,0.1526279808103796,0.0,14,continues trend
progression,progression,-0.3348151520267438,1.0947307905148407,0.09932996064621068,0.9066347531233567,16,reverses trend
patterns,pattern,-0.3364598889369714,7.985898989440049,5.3878157980808625,8.522366679359553,42,reverses trend
case-control,case-control,-0.33739597107480407,1.3980445885988346,0.07408227914816655,0.18132695062467136,18,reverses trend
resonance,resonance,-0.33821023470825723,2.336535022008397,0.3596296091910031,0.0,27,continues trend
link,link,-0.339344184941307,4.193053536313657,1.9114155747606079,1.2692886543726996,36,continues trend
tissue,tissue,-0.33945868471768686,6.417569387600831,1.0265031464670105,0.3626539012493427,28,continues trend
fibroblasts,fibroblast,-0.34026787470219316,1.21139571919351,0.01901068400441048,0.0,12,continues trend
birthday,birthday,-0.34113602793683223,1.8254318527378293,0.12569265976761101,0.0,10,continues trend
fetal,fetal,-0.3414380530886869,2.9078480511171296,0.22045934986354238,1.087961703748028,22,reverses trend
identifying,identifying,-0.34233720593704803,7.219084187924444,4.609119267542971,2.175923407496056,42,continues trend
smaller,smaller,-0.3441436175352652,1.8176419546291491,0.6204768775703945,0.18132695062467136,30,continues trend
complete,complete,-0.3465214680279817,4.057172343672823,2.201093752255726,3.4452120618687556,39,reverses trend
cause,cause,-0.3485046126370697,4.943615567583735,2.2120101319902883,2.7199042593700704,39,reverses trend
involvement,involvement,-0.34930101810782177,2.612287004165249,0.7114018581753527,0.7253078024986854,28,reverses trend
control,control,-0.35041361317814507,12.163145089848712,6.874284333526404,5.802462419989483,45,continues trend
majority,majority,-0.36409344381050074,4.314767564867158,1.9953860522310487,0.3626539012493427,38,continues trend
comparison,comparison,-0.36760890570461774,5.247898621075045,3.3072517188420836,2.9012312099947417,39,continues trend
van,van,-0.3693038894313682,1.6674969292481312,0.13038227148265177,0.0,13,continues trend
impaired,impaired,-0.3702501267977501,1.8015048113406724,0.3015493473261437,2.357250358120728,27,reverses trend
markers,marker,-0.37150250616371194,3.0421880444391967,0.5708301350730527,3.626539012493427,26,reverses trend
seizures,seizure,-0.3726599701877994,2.6081240022157868,0.6587544616306873,19.220656766215164,33,reverses trend
percent,percent,-0.37289237629332017,19.836029361296614,4.121303276617243,1.8132695062467135,29,continues trend
peer-reviewed,peer-reviewed,-0.3762172091041604,2.816860434583173,0.28496189307952224,0.543980851874014,19,reverses trend
discovered,discovered,-0.378562385486619,1.5440291155314532,0.20787842158874711,0.18132695062467136,23,continues trend
nimh,nimh,-0.38292490059435436,4.415284449578082,1.7592196124256025,2.9012312099947417,29,reverses trend
appear,appear,-0.38387072780118586,3.1866959743229946,0.6560655103546611,1.4506156049973709,29,reverses trend
variants,variant,-0.38401534174082014,6.496064201589251,1.2083814325369693,2.175923407496056,24,reverses trend
copy,copy,-0.3848135803088612,4.104618762938482,0.13158699197342555,0.18132695062467136,13,reverses trend
genome-wide,genome-wide,-0.38673694009846227,1.6477005645242613,0.14417054480451505,0.0,15,continues trend
controlled,controlled,-0.3877083448263356,7.2659479188738345,2.635237707535424,4.351846814992112,32,reverses trend
cell,cell,-0.38875824096865147,8.629805386412526,5.180087390774946,1.2692886543726996,33,continues trend
normally,normally,-0.39507042944106546,1.1318773326882487,0.13158699197342555,0.0,12,continues trend
subtypes,subtype,-0.398416012431717,3.817433327070369,1.074817969286005,0.3626539012493427,26,continues trend
looking,looking,-0.3999520526313057,2.141807506547833,0.20673336488416183,0.0,22,continues trend
regressive,regressive,-0.4027569726804288,1.3799370798409483,0.0819000819000819,1.2692886543726996,13,reverses trend
society,society,-0.40570158465340866,4.074580204746625,1.347690024663219,0.18132695062467136,36,continues trend
mitochondrial,mitochondrial,-0.40636922051305097,1.6838739065469048,0.0,13.780848247475022,10,reverses trend
initiate,initiate,-0.40656125603247456,1.4992094026394496,0.14295809724388803,1.2692886543726996,16,reverses trend
red,red,-0.40662269849611915,2.364048533763823,0.016980379171866906,1.087961703748028,14,reverses trend
genotypes,genotype,-0.40881348496381675,1.0060481769989214,0.0,0.543980851874014,12,reverses trend
immune,immune,-0.4106071266900675,7.942807666007005,2.5023307342789414,28.830985149322746,36,reverses trend
postnatal,postnatal,-0.41180162239636026,2.2384493205372773,0.10091076590449237,1.087961703748028,17,reverses trend
dna,dna,-0.41235982996599635,8.439113755360324,1.0251777316126036,0.543980851874014,28,continues trend
asked,asked,-0.41731106699968323,2.333449492314893,0.6199666585005541,0.3626539012493427,24,continues trend
symptoms,symptom,-0.42150725106525033,25.852279325679408,9.895265731308116,20.671272371212535,43,reverses trend
asd,asd,-0.42522398132037953,257.43313636970214,162.79545915111882,1.8132695062467135,45,continues trend
risk,risk,-0.4279971811985559,43.19633509760063,19.42389731632389,12.511559593102323,45,continues trend
future,future,-0.43011009539145223,14.90232746483901,7.9949797608857756,2.538577308745399,45,continues trend
surveillance,surveillance,-0.43037644357396765,16.63420261642915,5.6121466869342544,14.86880995122305,38,reverses trend
deletions,deletion,-0.43427237188915646,2.563360283758271,0.040267603800435675,0.0,15,continues trend
novel,novel,-0.4417747017255852,3.14906406325657,0.9301027735528817,0.7253078024986854,34,continues trend
chromosomal,chromosomal,-0.4431399178109225,1.275828760275436,0.023287224628568765,0.0,13,continues trend
biomedical,biomedical,-0.4473329447958547,2.687499000373053,0.6042621000327753,0.3626539012493427,24,continues trend
years,year,-0.45361626578742353,64.45144322467584,34.249480815440975,12.330232642477652,45,continues trend
identified,identified,-0.4544746371782876,16.623576162852107,9.78638513283756,9.972982284356924,45,reverses trend
genome,genome,-0.45529992345048464,2.8724789901964924,0.19204144948965035,0.3626539012493427,25,reverses trend
dimensions,dimension,-0.45740024109478356,1.5382702409614644,0.0,0.0,14,continues trend
annually,annually,-0.4632564367925129,4.714936659499995,2.0540366895733637,0.543980851874014,44,continues trend
antibodies,antibody,-0.46665194919435593,5.048756620120734,0.11643612314284384,0.3626539012493427,13,reverses trend
marked,marked,-0.4694249490811622,1.7283622883897534,0.0,0.543980851874014,10,reverses trend
proteins,protein,-0.4702112399676617,11.219396272068172,1.2139068702330946,0.543980851874014,29,continues trend
updating,updating,-0.4711327496376323,1.3472271668715852,0.07340915835393744,0.3626539012493427,16,reverses trend
does,does,-0.4801597503356832,9.37945469634715,4.939964002350908,13.418194346225679,44,reverses trend
affected,affected,-0.48570411837711963,6.6970982169359345,3.6945954345401133,1.2692886543726996,42,continues trend
specific,specific,-0.4863004072087881,30.502046991175956,9.4739042921901,7.434404975611525,44,continues trend
normal,normal,-0.48689407538529733,2.7456705171840015,0.2482239096075278,0.543980851874014,18,reverses trend
disorder,disorder,-0.49026212132046865,72.96713689153319,42.84518180053305,6.527770222488169,45,continues trend
syndrome,syndrome,-0.5228379735557899,9.424335028166048,1.797256080960315,1.8132695062467135,36,reverses trend
treatment,treatment,-0.5494897472900929,39.528870334845905,20.954381152642554,30.462927704944786,44,reverses trend
developing,developing,-0.5578607363710766,16.94760927252528,7.140380841578172,1.087961703748028,43,continues trend
prevented,prevented,-0.5592731304097184,7.0437997733716315,1.8690933333239124,0.0,32,continues trend
clues,clue,-0.5634769286643633,2.0186393686971305,0.040267603800435675,0.0,16,continues trend
abnormalities,abnormality,-0.5948434140459066,4.335909669873261,0.17730730610939813,2.538577308745399,26,reverses trend
turn,turn,-0.6096517488733385,6.236411841213344,0.5236179220033363,0.9066347531233567,34,reverses trend
caused,caused,-0.7004184205048596,10.125915799116939,0.9008338389981053,0.18132695062467136,35,continues trend
concerned,concerned,-0.7052317224467176,7.105961579312386,0.4369139131552496,0.3626539012493427,35,continues trend
happen,happen,-0.7191062042450082,7.176743145698959,0.14199991814524882,0.543980851874014,27,reverses trend
hold,hold,-0.7353168320709507,7.196502962000311,0.17926623621885154,1.6319425556220422,30,reverses trend
happening,happening,-0.7499896942723401,6.401930289339196,0.043845226350981044,0.0,24,continues trend
